[07/28/26 16:08:18.611044] [info] [00:00:08.749394] [App] App main
[07/28/26 16:08:18.611069] [info] [00:00:08.750343] [App] RBY1 Model: rby1m, Model Version: v1.3
[07/28/26 16:08:18.611072] [info] [00:00:08.750358] [App] RBY1 Version: 0.10.4
[07/28/26 16:08:18.611125] [info] [00:00:08.750410] [App] RBY1-SDK Version: 0.9.1 - a3274bb
[07/28/26 16:08:18.632649] [info] [00:00:08.771583] [RobotApp] Using default model: /root/exe/app/models/rby1m/urdf/model_v1.3.urdf
[07/28/26 16:08:18.635559] [info] [00:00:08.774329] [RobotApp] Building robot ...
[07/28/26 16:08:18.637744] [info] [00:00:08.775757] [RobotApp] Link Names: ["ee_finger_l1", "ee_finger_r2", "ee_left", "link_torso_5", "ee_finger_l2", "wheel_fl_link", "ee_finger_r1", "ee_right", "wheel_rl_link", "link_left_arm_6", "link_torso_4", "link_right_arm_3", "link_torso_0", "link_right_arm_4", "link_right_arm_0", "link_left_arm_2", "link_right_arm_5", "link_left_arm_0", "link_torso_1", "base", "link_left_arm_3", "link_torso_3", "wheel_rr_link", "wheel_fr_link", "link_head_0", "link_torso_2", "link_head_1", "link_right_arm_1", "link_left_arm_1", "link_left_arm_4", "link_right_arm_2", "link_head_2", "link_left_arm_5", "link_right_arm_6"]
[07/28/26 16:08:18.637981] [info] [00:00:08.777256] [RobotApp] Joint Names: ["left_arm_6", "left_arm_2", "right_arm_6", "head_0", "wheel_fr", "left_arm_3", "wheel_fl", "left_arm_5", "wheel_rr", "torso_4", "wheel_rl", "right_arm_5", "head_1", "torso_0", "right_arm_2", "torso_3", "left_arm_1", "torso_1", "right_arm_3", "torso_2", "torso_5", "left_arm_0", "right_arm_4", "right_arm_0", "left_arm_4", "right_arm_1"]
[07/28/26 16:08:19.839822] [info] [00:00:09.979091] [RobotApp] Server listening on 0.0.0.0:50051
[07/28/26 16:08:28.426904] [debug] [00:00:18.566175] [Service] Server method called: /rb.api.RobotInfoService/GetRobotInfo
[07/28/26 16:08:28.427777] [debug] [00:00:18.567062] [Service::RobotInfoService::GetRobotInfo] Requested: request_header { request_timestamp { seconds: 1785222508 nanos: 425599619 } }
[07/28/26 16:08:48.638750] [debug] [00:00:38.778003] [Hardware] Hardware Loop Stat (avg: 2.000 ms, min: 1.992 ms, max: 2.003 ms, count: 15000)
[07/28/26 16:08:48.661725] [debug] [00:00:38.801003] [ControlManager] Control Manager Loop Stat (avg: 2.000 ms, min: 1.998 ms, max: 2.003 ms, count: 15000)
[07/28/26 16:09:18.638731] [debug] [00:01:08.778003] [Hardware] Hardware Loop Stat (avg: 2.000 ms, min: 1.998 ms, max: 2.002 ms, count: 15000)
[07/28/26 16:09:18.661719] [debug] [00:01:08.801003] [ControlManager] Control Manager Loop Stat (avg: 2.000 ms, min: 1.998 ms, max: 2.002 ms, count: 15000)
[07/28/26 16:09:48.638731] [debug] [00:01:38.778003] [Hardware] Hardware Loop Stat (avg: 2.000 ms, min: 1.999 ms, max: 2.001 ms, count: 15000)
[07/28/26 16:09:48.661718] [debug] [00:01:38.801003] [ControlManager] Control Manager Loop Stat (avg: 2.000 ms, min: 1.999 ms, max: 2.001 ms, count: 15000)
[07/28/26 16:10:18.638728] [debug] [00:02:08.778003] [Hardware] Hardware Loop Stat (avg: 2.000 ms, min: 1.999 ms, max: 2.001 ms, count: 15000)
[07/28/26 16:10:18.661718] [debug] [00:02:08.801002] [ControlManager] Control Manager Loop Stat (avg: 2.000 ms, min: 1.999 ms, max: 2.001 ms, count: 15000)
[07/28/26 16:10:38.899548] [debug] [00:02:29.038815] [Service] Server method called: /rb.api.RobotInfoService/GetRobotModel
[07/28/26 16:10:38.899597] [debug] [00:02:29.038883] [Service::RobotInfoService::GetRobotModel] Requested: request_header { request_timestamp { seconds: 1785222586 nanos: 243126632 } }
[07/28/26 16:10:38.904638] [debug] [00:02:29.043919] [Service] Server method called: /rb.api.RobotStateService/GetRobotStateStream
[07/28/26 16:10:38.904883] [debug] [00:02:29.044167] [Service::RobotStateService::GetRobotStateStream] Requested: request_header { request_timestamp { seconds: 1785222586 nanos: 248627513 } } update_rate: 100
[07/28/26 16:10:48.638728] [debug] [00:02:38.778003] [Hardware] Hardware Loop Stat (avg: 2.000 ms, min: 1.999 ms, max: 2.001 ms, count: 15000)
[07/28/26 16:10:48.661718] [debug] [00:02:38.801002] [ControlManager] Control Manager Loop Stat (avg: 2.000 ms, min: 1.999 ms, max: 2.001 ms, count: 15000)
[07/28/26 16:11:18.638728] [debug] [00:03:08.778003] [Hardware] Hardware Loop Stat (avg: 2.000 ms, min: 1.999 ms, max: 2.001 ms, count: 15000)
[07/28/26 16:11:18.661718] [debug] [00:03:08.801002] [ControlManager] Control Manager Loop Stat (avg: 2.000 ms, min: 1.999 ms, max: 2.001 ms, count: 15000)
[07/28/26 16:11:48.638728] [debug] [00:03:38.778003] [Hardware] Hardware Loop Stat (avg: 2.000 ms, min: 1.999 ms, max: 2.001 ms, count: 15000)
[07/28/26 16:11:48.661718] [debug] [00:03:38.801002] [ControlManager] Control Manager Loop Stat (avg: 2.000 ms, min: 1.999 ms, max: 2.001 ms, count: 15000)
[07/28/26 16:12:18.638727] [debug] [00:04:08.778003] [Hardware] Hardware Loop Stat (avg: 2.000 ms, min: 1.999 ms, max: 2.001 ms, count: 15000)
[07/28/26 16:12:18.661717] [debug] [00:04:08.801003] [ControlManager] Control Manager Loop Stat (avg: 2.000 ms, min: 1.999 ms, max: 2.001 ms, count: 15000)
[07/28/26 16:12:32.276054] [debug] [00:04:22.415329] [Service] Server method called: /rb.api.RobotInfoService/GetRobotInfo
[07/28/26 16:12:32.276090] [debug] [00:04:22.415376] [Service::RobotInfoService::GetRobotInfo] Requested: request_header { request_timestamp { seconds: 1785222699 nanos: 603937876 } }
[07/28/26 16:12:32.276693] [debug] [00:04:22.415972] [Service] Server method called: /rb.api.RobotStateService/GetRobotState
[07/28/26 16:12:32.276727] [debug] [00:04:22.416012] [Service::RobotStateService::GetRobotState] Requested: request_header { request_timestamp { seconds: 1785222699 nanos: 604669425 } }
[07/28/26 16:12:32.277421] [debug] [00:04:22.416703] [Service] Server method called: /rb.api.PowerService/PowerCommand
[07/28/26 16:12:32.277568] [debug] [00:04:22.416853] [Service::PowerService::PowerCommand] Requested: request_header { request_timestamp { seconds: 1785222699 nanos: 605424023 } } name: ".*" command: COMMAND_POWER_ON
[07/28/26 16:12:32.277576] [info] [00:04:22.416862] [Hardware::ExecutePowerCommand] Started: device name = .*, command = PowerOn
[07/28/26 16:12:33.536893] [error] [00:04:23.676170] [Hardware::ExecutePowerCommand] EMO Error: Please check EMO Switch
[07/28/26 16:12:33.536917] [error] [00:04:23.676191] [Hardware::ExecutePowerCommand] Timeout: Power command failed - unmatched power states: 48v
[07/28/26 16:12:33.536922] [debug] [00:04:23.676209] [Service::PowerService::PowerCommand] Result: Failed
[07/28/26 16:12:40.530548] [debug] [00:04:30.669823] [Service] Server method called: /rb.api.RobotInfoService/GetRobotInfo
[07/28/26 16:12:40.530583] [debug] [00:04:30.669869] [Service::RobotInfoService::GetRobotInfo] Requested: request_header { request_timestamp { seconds: 1785222707 nanos: 844739516 } }
[07/28/26 16:12:40.531373] [debug] [00:04:30.670651] [Service] Server method called: /rb.api.RobotStateService/GetRobotState
[07/28/26 16:12:40.531396] [debug] [00:04:30.670682] [Service::RobotStateService::GetRobotState] Requested: request_header { request_timestamp { seconds: 1785222707 nanos: 845639008 } }
[07/28/26 16:12:40.532279] [debug] [00:04:30.671562] [Service] Server method called: /rb.api.PowerService/PowerCommand
[07/28/26 16:12:40.532300] [debug] [00:04:30.671586] [Service::PowerService::PowerCommand] Requested: request_header { request_timestamp { seconds: 1785222707 nanos: 846547317 } } name: ".*" command: COMMAND_POWER_ON
[07/28/26 16:12:40.532305] [info] [00:04:30.671591] [Hardware::ExecutePowerCommand] Started: device name = .*, command = PowerOn
[07/28/26 16:12:41.790890] [error] [00:04:31.930170] [Hardware::ExecutePowerCommand] EMO Error: Please check EMO Switch
[07/28/26 16:12:41.790914] [error] [00:04:31.930188] [Hardware::ExecutePowerCommand] Timeout: Power command failed - unmatched power states: 48v
[07/28/26 16:12:41.790919] [debug] [00:04:31.930205] [Service::PowerService::PowerCommand] Result: Failed
[07/28/26 16:12:48.638730] [debug] [00:04:38.778003] [Hardware] Hardware Loop Stat (avg: 2.000 ms, min: 1.999 ms, max: 2.001 ms, count: 15000)
[07/28/26 16:12:48.661718] [debug] [00:04:38.801002] [ControlManager] Control Manager Loop Stat (avg: 2.000 ms, min: 1.999 ms, max: 2.001 ms, count: 15000)
[07/28/26 16:12:49.640100] [debug] [00:04:39.779368] [Service] Server method called: /rb.api.RobotInfoService/GetRobotInfo
[07/28/26 16:12:49.640130] [debug] [00:04:39.779416] [Service::RobotInfoService::GetRobotInfo] Requested: request_header { request_timestamp { seconds: 1785222716 nanos: 942569920 } }
[07/28/26 16:12:49.640781] [debug] [00:04:39.780063] [Service] Server method called: /rb.api.RobotStateService/GetRobotState
[07/28/26 16:12:49.640812] [debug] [00:04:39.780098] [Service::RobotStateService::GetRobotState] Requested: request_header { request_timestamp { seconds: 1785222716 nanos: 943345448 } }
[07/28/26 16:12:49.641622] [debug] [00:04:39.780904] [Service] Server method called: /rb.api.PowerService/PowerCommand
[07/28/26 16:12:49.641645] [debug] [00:04:39.780931] [Service::PowerService::PowerCommand] Requested: request_header { request_timestamp { seconds: 1785222716 nanos: 944191935 } } name: ".*" command: COMMAND_POWER_ON
[07/28/26 16:12:49.641649] [info] [00:04:39.780936] [Hardware::ExecutePowerCommand] Started: device name = .*, command = PowerOn
[07/28/26 16:12:50.900887] [error] [00:04:41.040169] [Hardware::ExecutePowerCommand] EMO Error: Please check EMO Switch
[07/28/26 16:12:50.900904] [error] [00:04:41.040184] [Hardware::ExecutePowerCommand] Timeout: Power command failed - unmatched power states: 48v
[07/28/26 16:12:50.900909] [debug] [00:04:41.040196] [Service::PowerService::PowerCommand] Result: Failed
[07/28/26 16:12:58.548940] [debug] [00:04:48.688213] [Service] Server method called: /rb.api.RobotInfoService/GetRobotInfo
[07/28/26 16:12:58.548974] [debug] [00:04:48.688260] [Service::RobotInfoService::GetRobotInfo] Requested: request_header { request_timestamp { seconds: 1785222725 nanos: 842573361 } }
[07/28/26 16:12:58.549645] [debug] [00:04:48.688925] [Service] Server method called: /rb.api.RobotStateService/GetRobotState
[07/28/26 16:12:58.549675] [debug] [00:04:48.688961] [Service::RobotStateService::GetRobotState] Requested: request_header { request_timestamp { seconds: 1785222725 nanos: 843359729 } }
[07/28/26 16:12:58.550596] [debug] [00:04:48.689880] [Service] Server method called: /rb.api.PowerService/PowerCommand
[07/28/26 16:12:58.550616] [debug] [00:04:48.689902] [Service::PowerService::PowerCommand] Requested: request_header { request_timestamp { seconds: 1785222725 nanos: 844354578 } } name: ".*" command: COMMAND_POWER_ON
[07/28/26 16:12:58.550621] [info] [00:04:48.689908] [Hardware::ExecutePowerCommand] Started: device name = .*, command = PowerOn
[07/28/26 16:12:59.810889] [error] [00:04:49.950170] [Hardware::ExecutePowerCommand] EMO Error: Please check EMO Switch
[07/28/26 16:12:59.810905] [error] [00:04:49.950186] [Hardware::ExecutePowerCommand] Timeout: Power command failed - unmatched power states: 48v
[07/28/26 16:12:59.810909] [debug] [00:04:49.950197] [Service::PowerService::PowerCommand] Result: Failed
[07/28/26 16:13:09.363152] [debug] [00:04:59.502425] [Service] Server method called: /rb.api.RobotInfoService/GetRobotInfo
[07/28/26 16:13:09.363186] [debug] [00:04:59.502472] [Service::RobotInfoService::GetRobotInfo] Requested: request_header { request_timestamp { seconds: 1785222736 nanos: 648691411 } }
[07/28/26 16:13:09.363797] [debug] [00:04:59.503076] [Service] Server method called: /rb.api.RobotStateService/GetRobotState
[07/28/26 16:13:09.363860] [debug] [00:04:59.503145] [Service::RobotStateService::GetRobotState] Requested: request_header { request_timestamp { seconds: 1785222736 nanos: 649442584 } }
[07/28/26 16:13:09.364509] [debug] [00:04:59.503790] [Service] Server method called: /rb.api.PowerService/PowerCommand
[07/28/26 16:13:09.364532] [debug] [00:04:59.503818] [Service::PowerService::PowerCommand] Requested: request_header { request_timestamp { seconds: 1785222736 nanos: 650175710 } } name: ".*" command: COMMAND_POWER_ON
[07/28/26 16:13:09.364537] [info] [00:04:59.503824] [Hardware::ExecutePowerCommand] Started: device name = .*, command = PowerOn
[07/28/26 16:13:09.700725] [info] [00:04:59.840008] [Hardware::ExecutePowerCommand] Power command succeeded
[07/28/26 16:13:09.700732] [debug] [00:04:59.840019] [Service::PowerService::PowerCommand] Result: Success
[07/28/26 16:13:09.701277] [debug] [00:04:59.840558] [Service] Server method called: /rb.api.RobotInfoService/GetRobotInfo
[07/28/26 16:13:09.701298] [debug] [00:04:59.840584] [Service::RobotInfoService::GetRobotInfo] Requested: request_header { request_timestamp { seconds: 1785222736 nanos: 986692591 } }
[07/28/26 16:13:09.701933] [debug] [00:04:59.841217] [Service] Server method called: /rb.api.RobotStateService/GetRobotState
[07/28/26 16:13:09.701973] [debug] [00:04:59.841258] [Service::RobotStateService::GetRobotState] Requested: request_header { request_timestamp { seconds: 1785222736 nanos: 987392771 } }
[07/28/26 16:13:09.702618] [debug] [00:04:59.841902] [Service] Server method called: /rb.api.PowerService/JointCommand
[07/28/26 16:13:09.702635] [debug] [00:04:59.841921] [Service::PowerService::JointCommand] Requested: request_header { request_timestamp { seconds: 1785222736 nanos: 988052749 } } name: ".*" command: COMMAND_SERVO_ON
[07/28/26 16:13:12.768901] [debug] [00:05:02.908177] [Service::PowerService::JointCommand] Result: Success
[07/28/26 16:13:12.769618] [debug] [00:05:02.908900] [Service] Server method called: /rb.api.RobotStateService/GetControlManagerState
[07/28/26 16:13:12.769649] [debug] [00:05:02.908935] [Service::RobotStateService::GetControlManagerState] Requested: request_header { request_timestamp { seconds: 1785222740 nanos: 53101648 } }
[07/28/26 16:13:12.770263] [debug] [00:05:02.909542] [Service] Server method called: /rb.api.RobotInfoService/GetRobotInfo
[07/28/26 16:13:12.770287] [debug] [00:05:02.909573] [Service::RobotInfoService::GetRobotInfo] Requested: request_header { request_timestamp { seconds: 1785222740 nanos: 53766011 } }
[07/28/26 16:13:12.770877] [debug] [00:05:02.910161] [Service] Server method called: /rb.api.RobotStateService/GetRobotState
[07/28/26 16:13:12.770897] [debug] [00:05:02.910183] [Service::RobotStateService::GetRobotState] Requested: request_header { request_timestamp { seconds: 1785222740 nanos: 54442241 } }
[07/28/26 16:13:12.771459] [debug] [00:05:02.910742] [Service] Server method called: /rb.api.RobotStateService/GetRobotState
[07/28/26 16:13:12.771476] [debug] [00:05:02.910762] [Service::RobotStateService::GetRobotState] Requested: request_header { request_timestamp { seconds: 1785222740 nanos: 55022635 } }
[07/28/26 16:13:12.771951] [debug] [00:05:02.911234] [Service] Server method called: /rb.api.RobotInfoService/GetRobotInfo
[07/28/26 16:13:12.771970] [debug] [00:05:02.911256] [Service::RobotInfoService::GetRobotInfo] Requested: request_header { request_timestamp { seconds: 1785222740 nanos: 55550533 } }
[07/28/26 16:13:12.772686] [debug] [00:05:02.911969] [Service] Server method called: /rb.api.ControlManagerService/ControlManagerCommand
[07/28/26 16:13:12.772899] [debug] [00:05:02.912183] [Service::ControlManagerService::ControlManagerCommand] Requested: request_header { request_timestamp { seconds: 1785222740 nanos: 56179498 } } command: COMMAND_ENABLE unlimited_mode_enabled { }
[07/28/26 16:13:12.772907] [info] [00:05:02.912193] [ControlManager::Enable] Enable request received. Starting the enabling process...
[07/28/26 16:13:12.773731] [info] [00:05:02.913018] [ControlManager::Enable] Control Manager successfully enabled
[07/28/26 16:13:12.774278] [debug] [00:05:02.913561] [Service] Server method called: /rb.api.ParameterService/SetParameter
[07/28/26 16:13:12.774398] [debug] [00:05:02.913683] [Service::ParameterService::SetParameter] Requested: request_header { request_timestamp { seconds: 1785222740 nanos: 57830308 } } name: "cartesian_command.cutoff_frequency" parameter: "{\"value\":5,\"write_db\":true}"
[07/28/26 16:13:12.784525] [debug] [00:05:02.923807] [Service] Server method called: /rb.api.ParameterService/SetParameter
[07/28/26 16:13:12.784543] [debug] [00:05:02.923829] [Service::ParameterService::SetParameter] Requested: request_header { request_timestamp { seconds: 1785222740 nanos: 68069427 } } name: "default.acceleration_limit_scaling" parameter: "{\"value\":1.0,\"write_db\":true}"
[07/28/26 16:13:12.790435] [debug] [00:05:02.929717] [Service] Server method called: /rb.api.ParameterService/SetParameter
[07/28/26 16:13:12.790452] [debug] [00:05:02.929738] [Service::ParameterService::SetParameter] Requested: request_header { request_timestamp { seconds: 1785222740 nanos: 73977528 } } name: "default.angular_acceleration_limit" parameter: "{\"value\":10,\"write_db\":true}"
[07/28/26 16:13:12.796795] [debug] [00:05:02.936076] [Service] Server method called: /rb.api.ParameterService/SetParameter
[07/28/26 16:13:12.796814] [debug] [00:05:02.936100] [Service::ParameterService::SetParameter] Requested: request_header { request_timestamp { seconds: 1785222740 nanos: 80316823 } } name: "default.linear_acceleration_limit" parameter: "{\"value\":20,\"write_db\":true}"
[07/28/26 16:13:12.802537] [debug] [00:05:02.941819] [Service] Server method called: /rb.api.ParameterService/SetParameter
[07/28/26 16:13:12.802555] [debug] [00:05:02.941841] [Service::ParameterService::SetParameter] Requested: request_header { request_timestamp { seconds: 1785222740 nanos: 86076989 } } name: "joint_position_command.cutoff_frequency" parameter: "{\"value\":5,\"write_db\":true}"
[07/28/26 16:13:12.808612] [debug] [00:05:02.947894] [Service] Server method called: /rb.api.RobotCommandService/RobotCommand
[07/28/26 16:13:12.809268] [debug] [00:05:02.948551] [Service::RobotCommandService::RobotCommand] Requested: robot_command { component_based_command { body_command { joint_position_command { command_header { control_hold_time { seconds: 1 } } minimum_time { nanos: 500000000 } position: -0.049858172588431574 position: 0.8068435185706615 position: -1.4444061820267051 position: 0.50265209074722017 position: -0.045958671922197526 position: -0.18035665204100981 position: -0.54817410972237113 position: -0.63397451532596472 position: -0.63518954961339891 posit... [truncated]
[07/28/26 16:13:12.809275] [debug] [00:05:02.948562] [Service::RobotCommandService::RobotCommand]   Peer: ipv4:192.168.30.230:40354
[07/28/26 16:13:12.809485] [debug] [00:05:02.948770] [Service::RobotCommandService::RobotCommand]   IP: 192.168.30.230, Family: ipv4
[07/28/26 16:13:12.815751] [info] [00:05:02.955034] [ControlManager] Control started: {"type":"RobotCommand","control":{"type":"ComponentBasedCommand","components":{"mobility":null,"body":{"type":"BodyCommand","control":{"type":"JointPositionCommand","control":{"type":"JointPositionControl"}}},"head":{"type":"HeadCommand","control":{"type":"JointPositionCommand","control":{"type":"JointPositionControl"}}}}}} (priority: 1)
[07/28/26 16:13:14.573761] [debug] [00:05:04.713040] [ControlManager] Control finished: {"type":"RobotCommand","control":{"type":"ComponentBasedCommand","components":{"mobility":null,"body":{"type":"BodyCommand","control":{"type":"JointPositionCommand","control":{"type":"JointPositionControl"}}},"head":{"type":"HeadCommand","control":{"type":"JointPositionCommand","control":{"type":"JointPositionControl"}}}}}}
[07/28/26 16:13:14.573862] [info] [00:05:04.713143] [ControlInterface] Control completed successfully.
[07/28/26 16:13:14.573871] [debug] [00:05:04.713153] [ControlInterface::ExecutionStats] Average Control Time: 0.001 ms (max: 0.032 ms, min: 0.001 ms, sigma: 0.001 ms, count: 880)
[07/28/26 16:13:14.574636] [debug] [00:05:04.713919] [Service] Server method called: /rb.api.PowerService/ToolFlangePowerCommand
[07/28/26 16:13:14.574664] [debug] [00:05:04.713950] [Service::PowerService::ToolFlangePowerCommand] Requested: request_header { request_timestamp { seconds: 1785222741 nanos: 857113879 } } name: "right" command: COMMAND_POWER_12V
[07/28/26 16:13:14.574669] [debug] [00:05:04.713957] [Service::PowerService::ToolFlangePowerCommand] Result: Success
[07/28/26 16:13:14.575226] [debug] [00:05:04.714509] [Service] Server method called: /rb.api.PowerService/ToolFlangePowerCommand
[07/28/26 16:13:14.575244] [debug] [00:05:04.714530] [Service::PowerService::ToolFlangePowerCommand] Requested: request_header { request_timestamp { seconds: 1785222741 nanos: 857737584 } } name: "left" command: COMMAND_POWER_12V
[07/28/26 16:13:14.575252] [debug] [00:05:04.714539] [Service::PowerService::ToolFlangePowerCommand] Result: Success
[07/28/26 16:13:16.057952] [debug] [00:05:06.197226] [Service] Server method called: /rb.api.RobotCommandService/RobotCommand
[07/28/26 16:13:16.058022] [debug] [00:05:06.197306] [Service::RobotCommandService::RobotCommand] Requested: robot_command { component_based_command { body_command { joint_position_command { command_header { control_hold_time { seconds: 1 } } minimum_time { seconds: 4 } position: 0 position: 0.78539816339744828 position: -1.3962634015954636 position: 0.78539816339744828 position: 0 position: 0 position: 0 position: -0.26179938779914941 position: 0 position: -2.0943951023931953 position: 0 position: 0.52359877559829882 position: 0 position: 0 position: 0... [truncated]
[07/28/26 16:13:16.058025] [debug] [00:05:06.197312] [Service::RobotCommandService::RobotCommand]   Peer: ipv4:192.168.30.230:40354
[07/28/26 16:13:16.058201] [debug] [00:05:06.197486] [Service::RobotCommandService::RobotCommand]   IP: 192.168.30.230, Family: ipv4
[07/28/26 16:13:16.063747] [info] [00:05:06.203029] [ControlManager] Control started: {"type":"RobotCommand","control":{"type":"ComponentBasedCommand","components":{"mobility":null,"body":{"type":"BodyCommand","control":{"type":"JointPositionCommand","control":{"type":"JointPositionControl"}}},"head":{"type":"HeadCommand","control":{"type":"JointPositionCommand","control":{"type":"JointPositionControl"}}}}}} (priority: 1)
[07/28/26 16:13:18.638731] [debug] [00:05:08.778002] [Hardware] Hardware Loop Stat (avg: 2.000 ms, min: 1.999 ms, max: 2.001 ms, count: 15000)
[07/28/26 16:13:18.661719] [debug] [00:05:08.801003] [ControlManager] Control Manager Loop Stat (avg: 2.000 ms, min: 1.998 ms, max: 2.002 ms, count: 15000)
[07/28/26 16:13:21.321761] [debug] [00:05:11.461040] [ControlManager] Control finished: {"type":"RobotCommand","control":{"type":"ComponentBasedCommand","components":{"mobility":null,"body":{"type":"BodyCommand","control":{"type":"JointPositionCommand","control":{"type":"JointPositionControl"}}},"head":{"type":"HeadCommand","control":{"type":"JointPositionCommand","control":{"type":"JointPositionControl"}}}}}}
[07/28/26 16:13:21.321819] [info] [00:05:11.461100] [ControlInterface] Control completed successfully.
[07/28/26 16:13:21.321828] [debug] [00:05:11.461109] [ControlInterface::ExecutionStats] Average Control Time: 0.001 ms (max: 0.018 ms, min: 0.001 ms, sigma: 0.000 ms, count: 2630)
[07/28/26 16:13:21.322904] [debug] [00:05:11.462186] [Service] Server method called: /rb.api.RobotCommandService/RobotCommandStream
[07/28/26 16:13:21.322931] [debug] [00:05:11.462217] [Service::RobotCommandService::RobotCommandStream] Stream is created
[07/28/26 16:13:21.339583] [debug] [00:05:11.478865] [Service::RobotCommandService::RobotCommandStream] Requested: robot_command { component_based_command { mobility_command { se2_velocity_command { command_header { control_hold_time { seconds: 1 } } minimum_time { nanos: 10100000 } velocity { linear { } } acceleration_limit { linear { x: 1 y: 1 } angular: 1 } } } body_command { joint_impedance_control_command { command_header { control_hold_time { seconds: 1 } } minimum_time { nanos: 10100000 } position: -9.1251064328827365e-05 position: 0.78516192252958494 ... [truncated]
[07/28/26 16:13:21.339591] [debug] [00:05:11.478877] [Service::RobotCommandService::RobotCommandStream]   Peer: ipv4:192.168.30.230:40354
[07/28/26 16:13:21.339736] [debug] [00:05:11.479022] [Service::RobotCommandService::RobotCommandStream]   IP: 192.168.30.230, Family: ipv4
[07/28/26 16:13:21.345742] [info] [00:05:11.485027] [ControlManager] Control started: {"type":"RobotCommand","control":{"type":"ComponentBasedCommand","components":{"mobility":{"type":"MobilityCommand","control":{"type":"SE2VelocityCommand","control":{"type":"MobilitySE2VelocityControl"}}},"body":{"type":"BodyCommand","control":{"type":"JointImpedanceControlCommand","control":{"type":"JointImpedanceControl"}}},"head":{"type":"HeadCommand","control":{"type":"JointPositionCommand","control":{"type":"JointPositionControl"}}}}}} (priority: 1)
[07/28/26 16:13:21.651342] [debug] [00:05:11.790620] [Service] Server method called: /rb.api.RobotCommandService/RobotCommand
[07/28/26 16:13:21.651445] [debug] [00:05:11.790729] [Service::RobotCommandService::RobotCommand] Requested: robot_command { whole_body_command { stop_command { } } } priority: 99
[07/28/26 16:13:21.651448] [debug] [00:05:11.790735] [Service::RobotCommandService::RobotCommand]   Peer: ipv4:192.168.30.230:40354
[07/28/26 16:13:21.651603] [debug] [00:05:11.790888] [Service::RobotCommandService::RobotCommand]   IP: 192.168.30.230, Family: ipv4
[07/28/26 16:13:21.753880] [debug] [00:05:11.893161] [ControlManager] Control finished: {"type":"RobotCommand","control":{"type":"ComponentBasedCommand","components":{"mobility":{"type":"MobilityCommand","control":{"type":"SE2VelocityCommand","control":{"type":"MobilitySE2VelocityControl"}}},"body":{"type":"BodyCommand","control":{"type":"JointImpedanceControlCommand","control":{"type":"JointImpedanceControl"}}},"head":{"type":"HeadCommand","control":{"type":"JointPositionCommand","control":{"type":"JointPositionControl"}}}}}}
[07/28/26 16:13:21.755728] [info] [00:05:11.895014] [ControlManager] Control started: {"type":"RobotCommand","control":{"type":"WholeBodyCommand","control":{"type":"StopControl","control":{"type":"JointVelocityControl"}}}} (priority: 99)
[07/28/26 16:13:21.755747] [debug] [00:05:11.895035] [ControlManager] Control finished: {"type":"RobotCommand","control":{"type":"WholeBodyCommand","control":{"type":"StopControl","control":{"type":"JointVelocityControl"}}}}
[07/28/26 16:13:21.755786] [info] [00:05:11.895068] [ControlInterface] Control completed successfully.
[07/28/26 16:13:21.755795] [debug] [00:05:11.895076] [ControlInterface::ExecutionStats] Average Control Time: 0.007 ms (max: 0.007 ms, min: 0.007 ms, sigma: 0.000 ms, count: 1)
[07/28/26 16:13:21.759249] [debug] [00:05:11.898530] [Service::RobotCommandService::RobotCommandStream] OnReadDone (write_done: true, read_done: true)
[07/28/26 16:13:21.759315] [info] [00:05:11.898598] [ControlInterface] Control was preempted or canceled by another request.
[07/28/26 16:13:21.759323] [debug] [00:05:11.898606] [ControlInterface::ExecutionStats] Average Control Time: 0.119 ms (max: 0.271 ms, min: 0.110 ms, sigma: 0.012 ms, count: 205)
[07/28/26 16:13:21.759371] [debug] [00:05:11.898654] [Service::RobotCommandService::RobotCommandStream] OnCancel
[07/28/26 16:13:21.759556] [debug] [00:05:11.898839] [Service::RobotCommandService::RobotCommandStream] OnDone: robot_command { component_based_command { mobility_command { se2_velocity_command { command_header { control_hold_time { seconds: 1 } } minimum_time { nanos: 10100000 } velocity { linear { } } acceleration_limit { linear { x: 1 y: 1 } angular: 1 } } } body_command { joint_impedance_control_command { command_header { control_hold_time { seconds: 1 } } minimum_time { nanos: 10100000 } position: -0.0022104730049019822 position: 0.7951759930314698 po... [truncated]
[07/28/26 16:13:21.770298] [debug] [00:05:11.909582] [Service] Server method called: /rb.api.ControlManagerService/ControlManagerCommand
[07/28/26 16:13:21.770321] [debug] [00:05:11.909607] [Service::ControlManagerService::ControlManagerCommand] Requested: request_header { request_timestamp { seconds: 1785222749 nanos: 49121021 } } command: COMMAND_DISABLE
[07/28/26 16:13:21.770325] [info] [00:05:11.909612] [ControlManager::Disable] Disable request received. Starting the disabling process...
[07/28/26 16:13:21.771732] [info] [00:05:11.911018] [ControlManager::Disable] Control Manager successfully disabled
[07/28/26 16:13:29.871053] [debug] [00:05:20.010326] [Service] Server method called: /rb.api.RobotInfoService/GetRobotInfo
[07/28/26 16:13:29.871090] [debug] [00:05:20.010376] [Service::RobotInfoService::GetRobotInfo] Requested: request_header { request_timestamp { seconds: 1785222757 nanos: 146338220 } }
[07/28/26 16:13:29.871814] [debug] [00:05:20.011092] [Service] Server method called: /rb.api.RobotStateService/GetRobotState
[07/28/26 16:13:29.871839] [debug] [00:05:20.011125] [Service::RobotStateService::GetRobotState] Requested: request_header { request_timestamp { seconds: 1785222757 nanos: 147181989 } }
[07/28/26 16:13:29.872518] [debug] [00:05:20.011799] [Service] Server method called: /rb.api.RobotInfoService/GetRobotInfo
[07/28/26 16:13:29.872540] [debug] [00:05:20.011825] [Service::RobotInfoService::GetRobotInfo] Requested: request_header { request_timestamp { seconds: 1785222757 nanos: 147897719 } }
[07/28/26 16:13:29.873306] [debug] [00:05:20.012589] [Service] Server method called: /rb.api.RobotStateService/GetRobotState
[07/28/26 16:13:29.873464] [debug] [00:05:20.012749] [Service::RobotStateService::GetRobotState] Requested: request_header { request_timestamp { seconds: 1785222757 nanos: 148744279 } }
[07/28/26 16:13:29.874332] [debug] [00:05:20.013614] [Service] Server method called: /rb.api.RobotStateService/GetControlManagerState
[07/28/26 16:13:29.874356] [debug] [00:05:20.013643] [Service::RobotStateService::GetControlManagerState] Requested: request_header { request_timestamp { seconds: 1785222757 nanos: 149725768 } }
[07/28/26 16:13:29.874789] [debug] [00:05:20.014072] [Service] Server method called: /rb.api.RobotInfoService/GetRobotInfo
[07/28/26 16:13:29.874804] [debug] [00:05:20.014090] [Service::RobotInfoService::GetRobotInfo] Requested: request_header { request_timestamp { seconds: 1785222757 nanos: 150257348 } }
[07/28/26 16:13:29.875320] [debug] [00:05:20.014604] [Service] Server method called: /rb.api.RobotStateService/GetRobotState
[07/28/26 16:13:29.875337] [debug] [00:05:20.014623] [Service::RobotStateService::GetRobotState] Requested: request_header { request_timestamp { seconds: 1785222757 nanos: 150744836 } }
[07/28/26 16:13:29.875989] [debug] [00:05:20.015273] [Service] Server method called: /rb.api.RobotStateService/GetRobotState
[07/28/26 16:13:29.876005] [debug] [00:05:20.015290] [Service::RobotStateService::GetRobotState] Requested: request_header { request_timestamp { seconds: 1785222757 nanos: 151452154 } }
[07/28/26 16:13:29.876457] [debug] [00:05:20.015739] [Service] Server method called: /rb.api.RobotInfoService/GetRobotInfo
[07/28/26 16:13:29.876472] [debug] [00:05:20.015758] [Service::RobotInfoService::GetRobotInfo] Requested: request_header { request_timestamp { seconds: 1785222757 nanos: 151901022 } }
[07/28/26 16:13:29.876927] [debug] [00:05:20.016211] [Service] Server method called: /rb.api.ControlManagerService/ControlManagerCommand
[07/28/26 16:13:29.877069] [debug] [00:05:20.016355] [Service::ControlManagerService::ControlManagerCommand] Requested: request_header { request_timestamp { seconds: 1785222757 nanos: 152377569 } } command: COMMAND_ENABLE unlimited_mode_enabled { }
[07/28/26 16:13:29.877262] [info] [00:05:20.016548] [ControlManager::Enable] Enable request received. Starting the enabling process...
[07/28/26 16:13:29.877730] [info] [00:05:20.017016] [ControlManager::Enable] Control Manager successfully enabled
[07/28/26 16:13:29.878202] [debug] [00:05:20.017487] [Service] Server method called: /rb.api.ParameterService/SetParameter
[07/28/26 16:13:29.878220] [debug] [00:05:20.017506] [Service::ParameterService::SetParameter] Requested: request_header { request_timestamp { seconds: 1785222757 nanos: 153661245 } } name: "cartesian_command.cutoff_frequency" parameter: "{\"value\":5,\"write_db\":true}"
[07/28/26 16:13:29.888612] [debug] [00:05:20.027895] [Service] Server method called: /rb.api.ParameterService/SetParameter
[07/28/26 16:13:29.888630] [debug] [00:05:20.027915] [Service::ParameterService::SetParameter] Requested: request_header { request_timestamp { seconds: 1785222757 nanos: 164032091 } } name: "default.acceleration_limit_scaling" parameter: "{\"value\":1.0,\"write_db\":true}"
[07/28/26 16:13:29.894539] [debug] [00:05:20.033820] [Service] Server method called: /rb.api.ParameterService/SetParameter
[07/28/26 16:13:29.894559] [debug] [00:05:20.033844] [Service::ParameterService::SetParameter] Requested: request_header { request_timestamp { seconds: 1785222757 nanos: 169956563 } } name: "default.angular_acceleration_limit" parameter: "{\"value\":10,\"write_db\":true}"
[07/28/26 16:13:29.900610] [debug] [00:05:20.039892] [Service] Server method called: /rb.api.ParameterService/SetParameter
[07/28/26 16:13:29.900628] [debug] [00:05:20.039914] [Service::ParameterService::SetParameter] Requested: request_header { request_timestamp { seconds: 1785222757 nanos: 176030261 } } name: "default.linear_acceleration_limit" parameter: "{\"value\":20,\"write_db\":true}"
[07/28/26 16:13:29.906873] [debug] [00:05:20.046156] [Service] Server method called: /rb.api.ParameterService/SetParameter
[07/28/26 16:13:29.906890] [debug] [00:05:20.046176] [Service::ParameterService::SetParameter] Requested: request_header { request_timestamp { seconds: 1785222757 nanos: 182287289 } } name: "joint_position_command.cutoff_frequency" parameter: "{\"value\":5,\"write_db\":true}"
[07/28/26 16:13:29.912363] [debug] [00:05:20.051646] [Service] Server method called: /rb.api.RobotCommandService/RobotCommand
[07/28/26 16:13:29.912557] [debug] [00:05:20.051842] [Service::RobotCommandService::RobotCommand] Requested: robot_command { component_based_command { body_command { joint_position_command { command_header { control_hold_time { seconds: 1 } } minimum_time { nanos: 500000000 } position: -0.00025439780393152959 position: 0.82509181477506344 position: -1.4312876087045643 position: 0.78260358453634971 position: 6.4548696519940349e-05 position: 4.5563785778781422e-05 position: -0.0012947709125470388 position: -0.26172218249546875 position: 5.3157750075245e-0... [truncated]
[07/28/26 16:13:29.912720] [debug] [00:05:20.052006] [Service::RobotCommandService::RobotCommand]   Peer: ipv4:192.168.30.230:40354
[07/28/26 16:13:29.913006] [debug] [00:05:20.052292] [Service::RobotCommandService::RobotCommand]   IP: 192.168.30.230, Family: ipv4
[07/28/26 16:13:29.917752] [info] [00:05:20.057036] [ControlManager] Control started: {"type":"RobotCommand","control":{"type":"ComponentBasedCommand","components":{"mobility":null,"body":{"type":"BodyCommand","control":{"type":"JointPositionCommand","control":{"type":"JointPositionControl"}}},"head":{"type":"HeadCommand","control":{"type":"JointPositionCommand","control":{"type":"JointPositionControl"}}}}}} (priority: 1)
[07/28/26 16:13:31.675758] [debug] [00:05:21.815037] [ControlManager] Control finished: {"type":"RobotCommand","control":{"type":"ComponentBasedCommand","components":{"mobility":null,"body":{"type":"BodyCommand","control":{"type":"JointPositionCommand","control":{"type":"JointPositionControl"}}},"head":{"type":"HeadCommand","control":{"type":"JointPositionCommand","control":{"type":"JointPositionControl"}}}}}}
[07/28/26 16:13:31.675812] [info] [00:05:21.815093] [ControlInterface] Control completed successfully.
[07/28/26 16:13:31.675823] [debug] [00:05:21.815103] [ControlInterface::ExecutionStats] Average Control Time: 0.001 ms (max: 0.025 ms, min: 0.001 ms, sigma: 0.001 ms, count: 880)
[07/28/26 16:13:31.676655] [debug] [00:05:21.815936] [Service] Server method called: /rb.api.PowerService/ToolFlangePowerCommand
[07/28/26 16:13:31.676685] [debug] [00:05:21.815971] [Service::PowerService::ToolFlangePowerCommand] Requested: request_header { request_timestamp { seconds: 1785222758 nanos: 951357433 } } name: "right" command: COMMAND_POWER_12V
[07/28/26 16:13:31.676690] [debug] [00:05:21.815978] [Service::PowerService::ToolFlangePowerCommand] Result: Success
[07/28/26 16:13:31.677287] [debug] [00:05:21.816570] [Service] Server method called: /rb.api.PowerService/ToolFlangePowerCommand
[07/28/26 16:13:31.677305] [debug] [00:05:21.816591] [Service::PowerService::ToolFlangePowerCommand] Requested: request_header { request_timestamp { seconds: 1785222758 nanos: 952055466 } } name: "left" command: COMMAND_POWER_12V
[07/28/26 16:13:31.677309] [debug] [00:05:21.816596] [Service::PowerService::ToolFlangePowerCommand] Result: Success
[07/28/26 16:13:34.497293] [debug] [00:05:24.636567] [Service] Server method called: /rb.api.RobotCommandService/RobotCommand
[07/28/26 16:13:34.497364] [debug] [00:05:24.636648] [Service::RobotCommandService::RobotCommand] Requested: robot_command { component_based_command { body_command { joint_position_command { command_header { control_hold_time { seconds: 1 } } minimum_time { seconds: 4 } position: 0 position: 0.78539816339744828 position: -1.3962634015954636 position: 0.78539816339744828 position: 0 position: 0 position: 0 position: -0.26179938779914941 position: 0 position: -2.0943951023931953 position: 0 position: 0.52359877559829882 position: 0 position: 0 position: 0... [truncated]
[07/28/26 16:13:34.497368] [debug] [00:05:24.636655] [Service::RobotCommandService::RobotCommand]   Peer: ipv4:192.168.30.230:40354
[07/28/26 16:13:34.497529] [debug] [00:05:24.636815] [Service::RobotCommandService::RobotCommand]   IP: 192.168.30.230, Family: ipv4
[07/28/26 16:13:34.501746] [info] [00:05:24.641028] [ControlManager] Control started: {"type":"RobotCommand","control":{"type":"ComponentBasedCommand","components":{"mobility":null,"body":{"type":"BodyCommand","control":{"type":"JointPositionCommand","control":{"type":"JointPositionControl"}}},"head":{"type":"HeadCommand","control":{"type":"JointPositionCommand","control":{"type":"JointPositionControl"}}}}}} (priority: 1)
[07/28/26 16:13:39.759758] [debug] [00:05:29.899037] [ControlManager] Control finished: {"type":"RobotCommand","control":{"type":"ComponentBasedCommand","components":{"mobility":null,"body":{"type":"BodyCommand","control":{"type":"JointPositionCommand","control":{"type":"JointPositionControl"}}},"head":{"type":"HeadCommand","control":{"type":"JointPositionCommand","control":{"type":"JointPositionControl"}}}}}}
[07/28/26 16:13:39.759815] [info] [00:05:29.899096] [ControlInterface] Control completed successfully.
[07/28/26 16:13:39.759824] [debug] [00:05:29.899105] [ControlInterface::ExecutionStats] Average Control Time: 0.001 ms (max: 0.021 ms, min: 0.001 ms, sigma: 0.000 ms, count: 2630)
[07/28/26 16:13:39.760503] [debug] [00:05:29.899784] [Service] Server method called: /rb.api.RobotCommandService/RobotCommandStream
[07/28/26 16:13:39.760522] [debug] [00:05:29.899808] [Service::RobotCommandService::RobotCommandStream] Stream is created
[07/28/26 16:13:39.772028] [debug] [00:05:29.911310] [Service::RobotCommandService::RobotCommandStream] Requested: robot_command { component_based_command { mobility_command { se2_velocity_command { command_header { control_hold_time { seconds: 1 } } minimum_time { nanos: 10100000 } velocity { linear { } } acceleration_limit { linear { x: 1 y: 1 } angular: 1 } } } body_command { joint_impedance_control_command { command_header { control_hold_time { seconds: 1 } } minimum_time { nanos: 10100000 } position: -0.00012109746635870364 position: 0.78509042931483719 ... [truncated]
[07/28/26 16:13:39.772035] [debug] [00:05:29.911322] [Service::RobotCommandService::RobotCommandStream]   Peer: ipv4:192.168.30.230:40354
[07/28/26 16:13:39.772191] [debug] [00:05:29.911477] [Service::RobotCommandService::RobotCommandStream]   IP: 192.168.30.230, Family: ipv4
[07/28/26 16:13:39.777745] [info] [00:05:29.917030] [ControlManager] Control started: {"type":"RobotCommand","control":{"type":"ComponentBasedCommand","components":{"mobility":{"type":"MobilityCommand","control":{"type":"SE2VelocityCommand","control":{"type":"MobilitySE2VelocityControl"}}},"body":{"type":"BodyCommand","control":{"type":"JointImpedanceControlCommand","control":{"type":"JointImpedanceControl"}}},"head":{"type":"HeadCommand","control":{"type":"JointPositionCommand","control":{"type":"JointPositionControl"}}}}}} (priority: 1)
[07/28/26 16:13:40.077908] [debug] [00:05:30.217185] [Service] Server method called: /rb.api.RobotCommandService/RobotCommand
[07/28/26 16:13:40.077935] [debug] [00:05:30.217221] [Service::RobotCommandService::RobotCommand] Requested: robot_command { whole_body_command { stop_command { } } } priority: 99
[07/28/26 16:13:40.077938] [debug] [00:05:30.217226] [Service::RobotCommandService::RobotCommand]   Peer: ipv4:192.168.30.230:40354
[07/28/26 16:13:40.078088] [debug] [00:05:30.217374] [Service::RobotCommandService::RobotCommand]   IP: 192.168.30.230, Family: ipv4
[07/28/26 16:13:40.181882] [debug] [00:05:30.321165] [ControlManager] Control finished: {"type":"RobotCommand","control":{"type":"ComponentBasedCommand","components":{"mobility":{"type":"MobilityCommand","control":{"type":"SE2VelocityCommand","control":{"type":"MobilitySE2VelocityControl"}}},"body":{"type":"BodyCommand","control":{"type":"JointImpedanceControlCommand","control":{"type":"JointImpedanceControl"}}},"head":{"type":"HeadCommand","control":{"type":"JointPositionCommand","control":{"type":"JointPositionControl"}}}}}}
[07/28/26 16:13:40.181979] [debug] [00:05:30.321260] [Service::RobotCommandService::RobotCommandStream] OnReadDone (write_done: true, read_done: true)
[07/28/26 16:13:40.182026] [debug] [00:05:30.321310] [Service::RobotCommandService::RobotCommandStream] OnCancel
[07/28/26 16:13:40.182136] [info] [00:05:30.321420] [ControlInterface] Control was preempted or canceled by another request.
[07/28/26 16:13:40.182145] [debug] [00:05:30.321426] [ControlInterface::ExecutionStats] Average Control Time: 0.117 ms (max: 0.202 ms, min: 0.110 ms, sigma: 0.008 ms, count: 203)
[07/28/26 16:13:40.182176] [debug] [00:05:30.321457] [Service::RobotCommandService::RobotCommandStream] OnDone: robot_command { component_based_command { mobility_command { se2_velocity_command { command_header { control_hold_time { seconds: 1 } } minimum_time { nanos: 10100000 } velocity { linear { } } acceleration_limit { linear { x: 1 y: 1 } angular: 1 } } } body_command { joint_impedance_control_command { command_header { control_hold_time { seconds: 1 } } minimum_time { nanos: 10100000 } position: -0.0018068520568972561 position: 0.79429195336388525 p... [truncated]
[07/28/26 16:13:40.183729] [info] [00:05:30.323016] [ControlManager] Control started: {"type":"RobotCommand","control":{"type":"WholeBodyCommand","control":{"type":"StopControl","control":{"type":"JointVelocityControl"}}}} (priority: 99)
[07/28/26 16:13:40.183748] [debug] [00:05:30.323035] [ControlManager] Control finished: {"type":"RobotCommand","control":{"type":"WholeBodyCommand","control":{"type":"StopControl","control":{"type":"JointVelocityControl"}}}}
[07/28/26 16:13:40.183778] [info] [00:05:30.323062] [ControlInterface] Control completed successfully.
[07/28/26 16:13:40.183782] [debug] [00:05:30.323068] [ControlInterface::ExecutionStats] Average Control Time: 0.005 ms (max: 0.005 ms, min: 0.005 ms, sigma: 0.000 ms, count: 1)
[07/28/26 16:13:40.185095] [debug] [00:05:30.324378] [Service] Server method called: /rb.api.ControlManagerService/ControlManagerCommand
[07/28/26 16:13:40.185120] [debug] [00:05:30.324407] [Service::ControlManagerService::ControlManagerCommand] Requested: request_header { request_timestamp { seconds: 1785222767 nanos: 456979060 } } command: COMMAND_DISABLE
[07/28/26 16:13:40.185123] [info] [00:05:30.324410] [ControlManager::Disable] Disable request received. Starting the disabling process...
[07/28/26 16:13:40.185734] [info] [00:05:30.325022] [ControlManager::Disable] Control Manager successfully disabled
[07/28/26 16:13:48.638732] [debug] [00:05:38.778002] [Hardware] Hardware Loop Stat (avg: 2.000 ms, min: 1.998 ms, max: 2.002 ms, count: 15000)
[07/28/26 16:13:48.661720] [debug] [00:05:38.801003] [ControlManager] Control Manager Loop Stat (avg: 2.000 ms, min: 1.999 ms, max: 2.001 ms, count: 15000)
[07/28/26 16:13:59.645982] [debug] [00:05:49.785259] [Service] Server method called: /rb.api.RobotInfoService/GetRobotInfo
[07/28/26 16:13:59.646017] [debug] [00:05:49.785303] [Service::RobotInfoService::GetRobotInfo] Requested: request_header { request_timestamp { seconds: 1785222786 nanos: 912968795 } }
[07/28/26 16:13:59.646746] [debug] [00:05:49.786028] [Service] Server method called: /rb.api.RobotStateService/GetRobotState
[07/28/26 16:13:59.646772] [debug] [00:05:49.786058] [Service::RobotStateService::GetRobotState] Requested: request_header { request_timestamp { seconds: 1785222786 nanos: 913792983 } }
[07/28/26 16:13:59.647651] [debug] [00:05:49.786930] [Service] Server method called: /rb.api.RobotInfoService/GetRobotInfo
[07/28/26 16:13:59.647673] [debug] [00:05:49.786959] [Service::RobotInfoService::GetRobotInfo] Requested: request_header { request_timestamp { seconds: 1785222786 nanos: 914688961 } }
[07/28/26 16:13:59.648521] [debug] [00:05:49.787804] [Service] Server method called: /rb.api.RobotStateService/GetRobotState
[07/28/26 16:13:59.648542] [debug] [00:05:49.787827] [Service::RobotStateService::GetRobotState] Requested: request_header { request_timestamp { seconds: 1785222786 nanos: 915549991 } }
[07/28/26 16:13:59.649312] [debug] [00:05:49.788593] [Service] Server method called: /rb.api.RobotStateService/GetControlManagerState
[07/28/26 16:13:59.649333] [debug] [00:05:49.788619] [Service::RobotStateService::GetControlManagerState] Requested: request_header { request_timestamp { seconds: 1785222786 nanos: 916379048 } }
[07/28/26 16:13:59.649988] [debug] [00:05:49.789269] [Service] Server method called: /rb.api.RobotInfoService/GetRobotInfo
[07/28/26 16:13:59.650007] [debug] [00:05:49.789295] [Service::RobotInfoService::GetRobotInfo] Requested: request_header { request_timestamp { seconds: 1785222786 nanos: 917030676 } }
[07/28/26 16:13:59.650562] [debug] [00:05:49.789846] [Service] Server method called: /rb.api.RobotStateService/GetRobotState
[07/28/26 16:13:59.650576] [debug] [00:05:49.789862] [Service::RobotStateService::GetRobotState] Requested: request_header { request_timestamp { seconds: 1785222786 nanos: 917666194 } }
[07/28/26 16:13:59.651081] [debug] [00:05:49.790365] [Service] Server method called: /rb.api.RobotStateService/GetRobotState
[07/28/26 16:13:59.651098] [debug] [00:05:49.790385] [Service::RobotStateService::GetRobotState] Requested: request_header { request_timestamp { seconds: 1785222786 nanos: 918188543 } }
[07/28/26 16:13:59.651669] [debug] [00:05:49.790953] [Service] Server method called: /rb.api.RobotInfoService/GetRobotInfo
[07/28/26 16:13:59.651681] [debug] [00:05:49.790968] [Service::RobotInfoService::GetRobotInfo] Requested: request_header { request_timestamp { seconds: 1785222786 nanos: 918790192 } }
[07/28/26 16:13:59.652333] [debug] [00:05:49.791617] [Service] Server method called: /rb.api.ControlManagerService/ControlManagerCommand
[07/28/26 16:13:59.652351] [debug] [00:05:49.791637] [Service::ControlManagerService::ControlManagerCommand] Requested: request_header { request_timestamp { seconds: 1785222786 nanos: 919417681 } } command: COMMAND_ENABLE unlimited_mode_enabled { }
[07/28/26 16:13:59.652355] [info] [00:05:49.791642] [ControlManager::Enable] Enable request received. Starting the enabling process...
[07/28/26 16:13:59.653731] [info] [00:05:49.793016] [ControlManager::Enable] Control Manager successfully enabled
[07/28/26 16:13:59.654092] [debug] [00:05:49.793375] [Service] Server method called: /rb.api.ParameterService/SetParameter
[07/28/26 16:13:59.654136] [debug] [00:05:49.793421] [Service::ParameterService::SetParameter] Requested: request_header { request_timestamp { seconds: 1785222786 nanos: 921186187 } } name: "cartesian_command.cutoff_frequency" parameter: "{\"value\":5,\"write_db\":true}"
[07/28/26 16:13:59.979218] [debug] [00:05:50.118497] [Service] Server method called: /rb.api.ParameterService/SetParameter
[07/28/26 16:13:59.979243] [debug] [00:05:50.118529] [Service::ParameterService::SetParameter] Requested: request_header { request_timestamp { seconds: 1785222787 nanos: 246191430 } } name: "default.acceleration_limit_scaling" parameter: "{\"value\":1.0,\"write_db\":true}"
[07/28/26 16:13:59.984837] [debug] [00:05:50.124119] [Service] Server method called: /rb.api.ParameterService/SetParameter
[07/28/26 16:13:59.984855] [debug] [00:05:50.124141] [Service::ParameterService::SetParameter] Requested: request_header { request_timestamp { seconds: 1785222787 nanos: 251823858 } } name: "default.angular_acceleration_limit" parameter: "{\"value\":10,\"write_db\":true}"
[07/28/26 16:13:59.990862] [debug] [00:05:50.130145] [Service] Server method called: /rb.api.ParameterService/SetParameter
[07/28/26 16:13:59.990881] [debug] [00:05:50.130167] [Service::ParameterService::SetParameter] Requested: request_header { request_timestamp { seconds: 1785222787 nanos: 257838445 } } name: "default.linear_acceleration_limit" parameter: "{\"value\":20,\"write_db\":true}"
[07/28/26 16:13:59.996719] [debug] [00:05:50.135993] [Service] Server method called: /rb.api.ParameterService/SetParameter
[07/28/26 16:13:59.996738] [debug] [00:05:50.136024] [Service::ParameterService::SetParameter] Requested: request_header { request_timestamp { seconds: 1785222787 nanos: 263700927 } } name: "joint_position_command.cutoff_frequency" parameter: "{\"value\":5,\"write_db\":true}"
[07/28/26 16:14:00.002908] [debug] [00:05:50.142190] [Service] Server method called: /rb.api.RobotCommandService/RobotCommand
[07/28/26 16:14:00.003009] [debug] [00:05:50.142293] [Service::RobotCommandService::RobotCommand] Requested: robot_command { component_based_command { body_command { joint_position_command { command_header { control_hold_time { seconds: 1 } } minimum_time { nanos: 500000000 } position: -0.00020124005385628463 position: 0.82525128802528913 position: -1.4301295291493537 position: 0.78229223200019471 position: 7.5939642964635707e-06 position: 1.1390946444695356e-05 position: -0.0011922523945447805 position: -0.2617411674062099 position: 1.5187928592927141e... [truncated]
[07/28/26 16:14:00.003013] [debug] [00:05:50.142300] [Service::RobotCommandService::RobotCommand]   Peer: ipv4:192.168.30.230:40354
[07/28/26 16:14:00.003244] [debug] [00:05:50.142529] [Service::RobotCommandService::RobotCommand]   IP: 192.168.30.230, Family: ipv4
[07/28/26 16:14:00.007752] [info] [00:05:50.147037] [ControlManager] Control started: {"type":"RobotCommand","control":{"type":"ComponentBasedCommand","components":{"mobility":null,"body":{"type":"BodyCommand","control":{"type":"JointPositionCommand","control":{"type":"JointPositionControl"}}},"head":{"type":"HeadCommand","control":{"type":"JointPositionCommand","control":{"type":"JointPositionControl"}}}}}} (priority: 1)
[07/28/26 16:14:01.765755] [debug] [00:05:51.905036] [ControlManager] Control finished: {"type":"RobotCommand","control":{"type":"ComponentBasedCommand","components":{"mobility":null,"body":{"type":"BodyCommand","control":{"type":"JointPositionCommand","control":{"type":"JointPositionControl"}}},"head":{"type":"HeadCommand","control":{"type":"JointPositionCommand","control":{"type":"JointPositionControl"}}}}}}
[07/28/26 16:14:01.765861] [info] [00:05:51.905144] [ControlInterface] Control completed successfully.
[07/28/26 16:14:01.765870] [debug] [00:05:51.905152] [ControlInterface::ExecutionStats] Average Control Time: 0.001 ms (max: 0.027 ms, min: 0.001 ms, sigma: 0.001 ms, count: 880)
[07/28/26 16:14:01.766658] [debug] [00:05:51.905942] [Service] Server method called: /rb.api.PowerService/ToolFlangePowerCommand
[07/28/26 16:14:01.766686] [debug] [00:05:51.905972] [Service::PowerService::ToolFlangePowerCommand] Requested: request_header { request_timestamp { seconds: 1785222789 nanos: 33253511 } } name: "right" command: COMMAND_POWER_12V
[07/28/26 16:14:01.766691] [debug] [00:05:51.905978] [Service::PowerService::ToolFlangePowerCommand] Result: Success
[07/28/26 16:14:01.767279] [debug] [00:05:51.906562] [Service] Server method called: /rb.api.PowerService/ToolFlangePowerCommand
[07/28/26 16:14:01.767310] [debug] [00:05:51.906596] [Service::PowerService::ToolFlangePowerCommand] Requested: request_header { request_timestamp { seconds: 1785222789 nanos: 33912873 } } name: "left" command: COMMAND_POWER_12V
[07/28/26 16:14:01.767315] [debug] [00:05:51.906602] [Service::PowerService::ToolFlangePowerCommand] Result: Success
[07/28/26 16:14:05.224854] [debug] [00:05:55.364129] [Service] Server method called: /rb.api.RobotCommandService/RobotCommand
[07/28/26 16:14:05.224925] [debug] [00:05:55.364211] [Service::RobotCommandService::RobotCommand] Requested: robot_command { component_based_command { body_command { joint_position_command { command_header { control_hold_time { seconds: 1 } } minimum_time { seconds: 4 } position: 0 position: 0.78539816339744828 position: -1.3962634015954636 position: 0.78539816339744828 position: 0 position: 0 position: 0 position: -0.26179938779914941 position: 0 position: -2.0943951023931953 position: 0 position: 0.52359877559829882 position: 0 position: 0 position: 0... [truncated]
[07/28/26 16:14:05.224928] [debug] [00:05:55.364216] [Service::RobotCommandService::RobotCommand]   Peer: ipv4:192.168.30.230:40354
[07/28/26 16:14:05.225100] [debug] [00:05:55.364387] [Service::RobotCommandService::RobotCommand]   IP: 192.168.30.230, Family: ipv4
[07/28/26 16:14:05.229744] [info] [00:05:55.369028] [ControlManager] Control started: {"type":"RobotCommand","control":{"type":"ComponentBasedCommand","components":{"mobility":null,"body":{"type":"BodyCommand","control":{"type":"JointPositionCommand","control":{"type":"JointPositionControl"}}},"head":{"type":"HeadCommand","control":{"type":"JointPositionCommand","control":{"type":"JointPositionControl"}}}}}} (priority: 1)
[07/28/26 16:14:10.487763] [debug] [00:06:00.627039] [ControlManager] Control finished: {"type":"RobotCommand","control":{"type":"ComponentBasedCommand","components":{"mobility":null,"body":{"type":"BodyCommand","control":{"type":"JointPositionCommand","control":{"type":"JointPositionControl"}}},"head":{"type":"HeadCommand","control":{"type":"JointPositionCommand","control":{"type":"JointPositionControl"}}}}}}
[07/28/26 16:14:10.487824] [info] [00:06:00.627105] [ControlInterface] Control completed successfully.
[07/28/26 16:14:10.487835] [debug] [00:06:00.627116] [ControlInterface::ExecutionStats] Average Control Time: 0.001 ms (max: 0.021 ms, min: 0.001 ms, sigma: 0.000 ms, count: 2630)
[07/28/26 16:14:10.488612] [debug] [00:06:00.627894] [Service] Server method called: /rb.api.RobotCommandService/RobotCommandStream
[07/28/26 16:14:10.488624] [debug] [00:06:00.627910] [Service::RobotCommandService::RobotCommandStream] Stream is created
[07/28/26 16:14:10.500224] [debug] [00:06:00.639504] [Service::RobotCommandService::RobotCommandStream] Requested: robot_command { component_based_command { mobility_command { se2_velocity_command { command_header { control_hold_time { seconds: 1 } } minimum_time { nanos: 10100000 } velocity { linear { } } acceleration_limit { linear { x: 1 y: 1 } angular: 1 } } } body_command { joint_impedance_control_command { command_header { control_hold_time { seconds: 1 } } minimum_time { nanos: 10100000 } position: -0.00012120241531945202 position: 0.7850858436368936 p... [truncated]
[07/28/26 16:14:10.500232] [debug] [00:06:00.639518] [Service::RobotCommandService::RobotCommandStream]   Peer: ipv4:192.168.30.230:40354
[07/28/26 16:14:10.500454] [debug] [00:06:00.639739] [Service::RobotCommandService::RobotCommandStream]   IP: 192.168.30.230, Family: ipv4
[07/28/26 16:14:10.505744] [info] [00:06:00.645030] [ControlManager] Control started: {"type":"RobotCommand","control":{"type":"ComponentBasedCommand","components":{"mobility":{"type":"MobilityCommand","control":{"type":"SE2VelocityCommand","control":{"type":"MobilitySE2VelocityControl"}}},"body":{"type":"BodyCommand","control":{"type":"JointImpedanceControlCommand","control":{"type":"JointImpedanceControl"}}},"head":{"type":"HeadCommand","control":{"type":"JointPositionCommand","control":{"type":"JointPositionControl"}}}}}} (priority: 1)
[07/28/26 16:14:10.795243] [debug] [00:06:00.934522] [Service] Server method called: /rb.api.RobotCommandService/RobotCommand
[07/28/26 16:14:10.795271] [debug] [00:06:00.934557] [Service::RobotCommandService::RobotCommand] Requested: robot_command { whole_body_command { stop_command { } } } priority: 99
[07/28/26 16:14:10.795274] [debug] [00:06:00.934561] [Service::RobotCommandService::RobotCommand]   Peer: ipv4:192.168.30.230:40354
[07/28/26 16:14:10.795428] [debug] [00:06:00.934714] [Service::RobotCommandService::RobotCommand]   IP: 192.168.30.230, Family: ipv4
[07/28/26 16:14:10.897875] [debug] [00:06:01.037157] [ControlManager] Control finished: {"type":"RobotCommand","control":{"type":"ComponentBasedCommand","components":{"mobility":{"type":"MobilityCommand","control":{"type":"SE2VelocityCommand","control":{"type":"MobilitySE2VelocityControl"}}},"body":{"type":"BodyCommand","control":{"type":"JointImpedanceControlCommand","control":{"type":"JointImpedanceControl"}}},"head":{"type":"HeadCommand","control":{"type":"JointPositionCommand","control":{"type":"JointPositionControl"}}}}}}
[07/28/26 16:14:10.898011] [debug] [00:06:01.037291] [Service::RobotCommandService::RobotCommandStream] OnReadDone (write_done: true, read_done: true)
[07/28/26 16:14:10.898023] [debug] [00:06:01.037304] [Service::RobotCommandService::RobotCommandStream] OnCancel
[07/28/26 16:14:10.898047] [info] [00:06:01.037334] [ControlInterface] Control was preempted or canceled by another request.
[07/28/26 16:14:10.898054] [debug] [00:06:01.037337] [ControlInterface::ExecutionStats] Average Control Time: 0.116 ms (max: 0.196 ms, min: 0.110 ms, sigma: 0.007 ms, count: 197)
[07/28/26 16:14:10.898156] [debug] [00:06:01.037435] [Service::RobotCommandService::RobotCommandStream] OnDone: robot_command { component_based_command { mobility_command { se2_velocity_command { command_header { control_hold_time { seconds: 1 } } minimum_time { nanos: 10100000 } velocity { linear { } } acceleration_limit { linear { x: 1 y: 1 } angular: 1 } } } body_command { joint_impedance_control_command { command_header { control_hold_time { seconds: 1 } } minimum_time { nanos: 10100000 } position: -0.0020880433854870571 position: 0.79426163117262416 p... [truncated]
[07/28/26 16:14:10.899731] [info] [00:06:01.039017] [ControlManager] Control started: {"type":"RobotCommand","control":{"type":"WholeBodyCommand","control":{"type":"StopControl","control":{"type":"JointVelocityControl"}}}} (priority: 99)
[07/28/26 16:14:10.899749] [debug] [00:06:01.039036] [ControlManager] Control finished: {"type":"RobotCommand","control":{"type":"WholeBodyCommand","control":{"type":"StopControl","control":{"type":"JointVelocityControl"}}}}
[07/28/26 16:14:10.899780] [info] [00:06:01.039064] [ControlInterface] Control completed successfully.
[07/28/26 16:14:10.899785] [debug] [00:06:01.039070] [ControlInterface::ExecutionStats] Average Control Time: 0.005 ms (max: 0.005 ms, min: 0.005 ms, sigma: 0.000 ms, count: 1)
[07/28/26 16:14:10.900529] [debug] [00:06:01.039811] [Service] Server method called: /rb.api.ControlManagerService/ControlManagerCommand
[07/28/26 16:14:10.900553] [debug] [00:06:01.039838] [Service::ControlManagerService::ControlManagerCommand] Requested: request_header { request_timestamp { seconds: 1785222798 nanos: 165449918 } } command: COMMAND_DISABLE
[07/28/26 16:14:10.900556] [info] [00:06:01.039844] [ControlManager::Disable] Disable request received. Starting the disabling process...
[07/28/26 16:14:10.901731] [info] [00:06:01.041018] [ControlManager::Disable] Control Manager successfully disabled
[07/28/26 16:14:18.638730] [debug] [00:06:08.778002] [Hardware] Hardware Loop Stat (avg: 2.000 ms, min: 1.999 ms, max: 2.001 ms, count: 15000)
[07/28/26 16:14:18.661719] [debug] [00:06:08.801003] [ControlManager] Control Manager Loop Stat (avg: 2.000 ms, min: 1.998 ms, max: 2.002 ms, count: 15000)
[07/28/26 16:14:42.502438] [debug] [00:06:32.641712] [Service] Server method called: /rb.api.RobotInfoService/GetRobotModel
[07/28/26 16:14:42.502476] [debug] [00:06:32.641762] [Service::RobotInfoService::GetRobotModel] Requested: request_header { request_timestamp { seconds: 1785222829 nanos: 771423798 } }
[07/28/26 16:14:42.506332] [debug] [00:06:32.645613] [Service] Server method called: /rb.api.RobotStateService/GetRobotStateStream
[07/28/26 16:14:42.506361] [debug] [00:06:32.645646] [Service::RobotStateService::GetRobotStateStream] Requested: request_header { request_timestamp { seconds: 1785222829 nanos: 775562557 } } update_rate: 100
[07/28/26 16:14:48.638730] [debug] [00:06:38.778002] [Hardware] Hardware Loop Stat (avg: 2.000 ms, min: 1.999 ms, max: 2.001 ms, count: 15000)
[07/28/26 16:14:48.661718] [debug] [00:06:38.801002] [ControlManager] Control Manager Loop Stat (avg: 2.000 ms, min: 1.998 ms, max: 2.002 ms, count: 15000)
[07/28/26 16:15:18.638730] [debug] [00:07:08.778002] [Hardware] Hardware Loop Stat (avg: 2.000 ms, min: 1.999 ms, max: 2.001 ms, count: 15000)
[07/28/26 16:15:18.661718] [debug] [00:07:08.801003] [ControlManager] Control Manager Loop Stat (avg: 2.000 ms, min: 1.999 ms, max: 2.001 ms, count: 15000)
[07/28/26 16:15:48.638731] [debug] [00:07:38.778002] [Hardware] Hardware Loop Stat (avg: 2.000 ms, min: 1.999 ms, max: 2.001 ms, count: 15000)
[07/28/26 16:15:48.661718] [debug] [00:07:38.801002] [ControlManager] Control Manager Loop Stat (avg: 2.000 ms, min: 1.999 ms, max: 2.001 ms, count: 15000)
[07/28/26 16:16:12.771098] [debug] [00:08:02.910371] [Service] Server method called: /rb.api.RobotInfoService/GetRobotModel
[07/28/26 16:16:12.771136] [debug] [00:08:02.910422] [Service::RobotInfoService::GetRobotModel] Requested: request_header { request_timestamp { seconds: 1785222920 nanos: 64875767 } }
[07/28/26 16:16:12.773968] [debug] [00:08:02.913248] [Service] Server method called: /rb.api.RobotStateService/GetRobotStateStream
[07/28/26 16:16:12.774000] [debug] [00:08:02.913286] [Service::RobotStateService::GetRobotStateStream] Requested: request_header { request_timestamp { seconds: 1785222920 nanos: 68014072 } } update_rate: 100
[07/28/26 16:16:18.638730] [debug] [00:08:08.778003] [Hardware] Hardware Loop Stat (avg: 2.000 ms, min: 1.999 ms, max: 2.001 ms, count: 15000)
[07/28/26 16:16:18.661718] [debug] [00:08:08.801003] [ControlManager] Control Manager Loop Stat (avg: 2.000 ms, min: 1.997 ms, max: 2.003 ms, count: 15000)
[07/28/26 16:16:48.638731] [debug] [00:08:38.778002] [Hardware] Hardware Loop Stat (avg: 2.000 ms, min: 1.999 ms, max: 2.001 ms, count: 15000)
[07/28/26 16:16:48.661718] [debug] [00:08:38.801003] [ControlManager] Control Manager Loop Stat (avg: 2.000 ms, min: 1.999 ms, max: 2.001 ms, count: 15000)
[07/28/26 16:17:18.638729] [debug] [00:09:08.778002] [Hardware] Hardware Loop Stat (avg: 2.000 ms, min: 1.999 ms, max: 2.001 ms, count: 15000)
[07/28/26 16:17:18.661718] [debug] [00:09:08.801002] [ControlManager] Control Manager Loop Stat (avg: 2.000 ms, min: 1.998 ms, max: 2.002 ms, count: 15000)
[07/28/26 16:17:48.638730] [debug] [00:09:38.778002] [Hardware] Hardware Loop Stat (avg: 2.000 ms, min: 1.999 ms, max: 2.001 ms, count: 15000)
[07/28/26 16:17:48.661718] [debug] [00:09:38.801003] [ControlManager] Control Manager Loop Stat (avg: 2.000 ms, min: 1.997 ms, max: 2.003 ms, count: 15000)
[07/28/26 16:18:18.638731] [debug] [00:10:08.778003] [Hardware] Hardware Loop Stat (avg: 2.000 ms, min: 1.999 ms, max: 2.001 ms, count: 15000)
[07/28/26 16:18:18.661719] [debug] [00:10:08.801003] [ControlManager] Control Manager Loop Stat (avg: 2.000 ms, min: 1.999 ms, max: 2.001 ms, count: 15000)
[07/28/26 16:18:48.638730] [debug] [00:10:38.778002] [Hardware] Hardware Loop Stat (avg: 2.000 ms, min: 1.999 ms, max: 2.001 ms, count: 15000)
[07/28/26 16:18:48.661718] [debug] [00:10:38.801003] [ControlManager] Control Manager Loop Stat (avg: 2.000 ms, min: 1.999 ms, max: 2.001 ms, count: 15000)
[07/28/26 16:19:08.047048] [debug] [00:10:58.186322] [Service] Server method called: /rb.api.RobotInfoService/GetRobotModel
[07/28/26 16:19:08.047085] [debug] [00:10:58.186371] [Service::RobotInfoService::GetRobotModel] Requested: request_header { request_timestamp { seconds: 1785223095 nanos: 342433296 } }
[07/28/26 16:19:08.050220] [debug] [00:10:58.189501] [Service] Server method called: /rb.api.RobotStateService/GetRobotStateStream
[07/28/26 16:19:08.050250] [debug] [00:10:58.189536] [Service::RobotStateService::GetRobotStateStream] Requested: request_header { request_timestamp { seconds: 1785223095 nanos: 345881506 } } update_rate: 100
[07/28/26 16:19:18.638728] [debug] [00:11:08.778003] [Hardware] Hardware Loop Stat (avg: 2.000 ms, min: 1.999 ms, max: 2.001 ms, count: 15000)
[07/28/26 16:19:18.661717] [debug] [00:11:08.801003] [ControlManager] Control Manager Loop Stat (avg: 2.000 ms, min: 1.998 ms, max: 2.002 ms, count: 15000)
[07/28/26 16:19:48.638728] [debug] [00:11:38.778002] [Hardware] Hardware Loop Stat (avg: 2.000 ms, min: 1.999 ms, max: 2.001 ms, count: 15000)
[07/28/26 16:19:48.661717] [debug] [00:11:38.801003] [ControlManager] Control Manager Loop Stat (avg: 2.000 ms, min: 1.999 ms, max: 2.001 ms, count: 15000)
[07/28/26 16:19:58.006309] [debug] [00:11:48.145585] [Service] Server method called: /rb.api.RobotInfoService/GetRobotInfo
[07/28/26 16:19:58.006342] [debug] [00:11:48.145628] [Service::RobotInfoService::GetRobotInfo] Requested: request_header { request_timestamp { seconds: 1785223145 nanos: 295177160 } }
[07/28/26 16:19:58.007104] [debug] [00:11:48.146383] [Service] Server method called: /rb.api.RobotStateService/GetRobotState
[07/28/26 16:19:58.007129] [debug] [00:11:48.146415] [Service::RobotStateService::GetRobotState] Requested: request_header { request_timestamp { seconds: 1785223145 nanos: 296082402 } }
[07/28/26 16:19:58.008080] [debug] [00:11:48.147363] [Service] Server method called: /rb.api.RobotInfoService/GetRobotInfo
[07/28/26 16:19:58.008097] [debug] [00:11:48.147383] [Service::RobotInfoService::GetRobotInfo] Requested: request_header { request_timestamp { seconds: 1785223145 nanos: 297077196 } }
[07/28/26 16:19:58.008734] [debug] [00:11:48.148017] [Service] Server method called: /rb.api.RobotStateService/GetRobotState
[07/28/26 16:19:58.008750] [debug] [00:11:48.148036] [Service::RobotStateService::GetRobotState] Requested: request_header { request_timestamp { seconds: 1785223145 nanos: 297767499 } }
[07/28/26 16:19:58.009561] [debug] [00:11:48.148845] [Service] Server method called: /rb.api.RobotStateService/GetControlManagerState
[07/28/26 16:19:58.009580] [debug] [00:11:48.148864] [Service::RobotStateService::GetControlManagerState] Requested: request_header { request_timestamp { seconds: 1785223145 nanos: 298564949 } }
[07/28/26 16:19:58.010172] [debug] [00:11:48.149456] [Service] Server method called: /rb.api.RobotInfoService/GetRobotInfo
[07/28/26 16:19:58.010186] [debug] [00:11:48.149472] [Service::RobotInfoService::GetRobotInfo] Requested: request_header { request_timestamp { seconds: 1785223145 nanos: 299171483 } }
[07/28/26 16:19:58.010838] [debug] [00:11:48.150118] [Service] Server method called: /rb.api.RobotStateService/GetRobotState
[07/28/26 16:19:58.010871] [debug] [00:11:48.150158] [Service::RobotStateService::GetRobotState] Requested: request_header { request_timestamp { seconds: 1785223145 nanos: 299845586 } }
[07/28/26 16:19:58.011361] [debug] [00:11:48.150645] [Service] Server method called: /rb.api.RobotStateService/GetRobotState
[07/28/26 16:19:58.011376] [debug] [00:11:48.150662] [Service::RobotStateService::GetRobotState] Requested: request_header { request_timestamp { seconds: 1785223145 nanos: 300407175 } }
[07/28/26 16:19:58.011848] [debug] [00:11:48.151132] [Service] Server method called: /rb.api.RobotInfoService/GetRobotInfo
[07/28/26 16:19:58.011863] [debug] [00:11:48.151149] [Service::RobotInfoService::GetRobotInfo] Requested: request_header { request_timestamp { seconds: 1785223145 nanos: 300872035 } }
[07/28/26 16:19:58.012500] [debug] [00:11:48.151784] [Service] Server method called: /rb.api.ControlManagerService/ControlManagerCommand
[07/28/26 16:19:58.012518] [debug] [00:11:48.151804] [Service::ControlManagerService::ControlManagerCommand] Requested: request_header { request_timestamp { seconds: 1785223145 nanos: 301507185 } } command: COMMAND_ENABLE unlimited_mode_enabled { }
[07/28/26 16:19:58.012521] [info] [00:11:48.151809] [ControlManager::Enable] Enable request received. Starting the enabling process...
[07/28/26 16:19:58.013728] [info] [00:11:48.153015] [ControlManager::Enable] Control Manager successfully enabled
[07/28/26 16:19:58.014139] [debug] [00:11:48.153425] [Service] Server method called: /rb.api.ParameterService/SetParameter
[07/28/26 16:19:58.014166] [debug] [00:11:48.153453] [Service::ParameterService::SetParameter] Requested: request_header { request_timestamp { seconds: 1785223145 nanos: 303177775 } } name: "cartesian_command.cutoff_frequency" parameter: "{\"value\":5,\"write_db\":true}"
[07/28/26 16:19:58.026244] [debug] [00:11:48.165527] [Service] Server method called: /rb.api.ParameterService/SetParameter
[07/28/26 16:19:58.026262] [debug] [00:11:48.165548] [Service::ParameterService::SetParameter] Requested: request_header { request_timestamp { seconds: 1785223145 nanos: 315254358 } } name: "default.acceleration_limit_scaling" parameter: "{\"value\":1.0,\"write_db\":true}"
[07/28/26 16:19:58.032266] [debug] [00:11:48.171550] [Service] Server method called: /rb.api.ParameterService/SetParameter
[07/28/26 16:19:58.032282] [debug] [00:11:48.171568] [Service::ParameterService::SetParameter] Requested: request_header { request_timestamp { seconds: 1785223145 nanos: 321284029 } } name: "default.angular_acceleration_limit" parameter: "{\"value\":10,\"write_db\":true}"
[07/28/26 16:19:58.038265] [debug] [00:11:48.177548] [Service] Server method called: /rb.api.ParameterService/SetParameter
[07/28/26 16:19:58.038281] [debug] [00:11:48.177567] [Service::ParameterService::SetParameter] Requested: request_header { request_timestamp { seconds: 1785223145 nanos: 327291368 } } name: "default.linear_acceleration_limit" parameter: "{\"value\":20,\"write_db\":true}"
[07/28/26 16:19:58.044177] [debug] [00:11:48.183460] [Service] Server method called: /rb.api.ParameterService/SetParameter
[07/28/26 16:19:58.044193] [debug] [00:11:48.183479] [Service::ParameterService::SetParameter] Requested: request_header { request_timestamp { seconds: 1785223145 nanos: 333208859 } } name: "joint_position_command.cutoff_frequency" parameter: "{\"value\":5,\"write_db\":true}"
[07/28/26 16:19:58.050358] [debug] [00:11:48.189641] [Service] Server method called: /rb.api.RobotCommandService/RobotCommand
[07/28/26 16:19:58.050424] [debug] [00:11:48.189709] [Service::RobotCommandService::RobotCommand] Requested: robot_command { component_based_command { body_command { joint_position_command { command_header { control_hold_time { seconds: 1 } } minimum_time { nanos: 500000000 } position: -0.00020883401815274818 position: 0.8236299766479942 position: -1.4291043439693312 position: 0.78204163117841141 position: 0 position: 1.1390946444695356e-05 position: -0.0012150342874341713 position: -0.26173737042406164 position: 7.5939642964635707e-06 position: -2.0942... [truncated]
[07/28/26 16:19:58.050427] [debug] [00:11:48.189714] [Service::RobotCommandService::RobotCommand]   Peer: ipv4:192.168.30.230:50330
[07/28/26 16:19:58.050592] [debug] [00:11:48.189878] [Service::RobotCommandService::RobotCommand]   IP: 192.168.30.230, Family: ipv4
[07/28/26 16:19:58.055753] [info] [00:11:48.195038] [ControlManager] Control started: {"type":"RobotCommand","control":{"type":"ComponentBasedCommand","components":{"mobility":null,"body":{"type":"BodyCommand","control":{"type":"JointPositionCommand","control":{"type":"JointPositionControl"}}},"head":{"type":"HeadCommand","control":{"type":"JointPositionCommand","control":{"type":"JointPositionControl"}}}}}} (priority: 1)
[07/28/26 16:19:59.813758] [debug] [00:11:49.953038] [ControlManager] Control finished: {"type":"RobotCommand","control":{"type":"ComponentBasedCommand","components":{"mobility":null,"body":{"type":"BodyCommand","control":{"type":"JointPositionCommand","control":{"type":"JointPositionControl"}}},"head":{"type":"HeadCommand","control":{"type":"JointPositionCommand","control":{"type":"JointPositionControl"}}}}}}
[07/28/26 16:19:59.813813] [info] [00:11:49.953095] [ControlInterface] Control completed successfully.
[07/28/26 16:19:59.813822] [debug] [00:11:49.953103] [ControlInterface::ExecutionStats] Average Control Time: 0.001 ms (max: 0.028 ms, min: 0.001 ms, sigma: 0.001 ms, count: 880)
[07/28/26 16:19:59.814613] [debug] [00:11:49.953895] [Service] Server method called: /rb.api.PowerService/ToolFlangePowerCommand
[07/28/26 16:19:59.814645] [debug] [00:11:49.953931] [Service::PowerService::ToolFlangePowerCommand] Requested: request_header { request_timestamp { seconds: 1785223147 nanos: 103335950 } } name: "right" command: COMMAND_POWER_12V
[07/28/26 16:19:59.814650] [debug] [00:11:49.953937] [Service::PowerService::ToolFlangePowerCommand] Result: Success
[07/28/26 16:19:59.815065] [debug] [00:11:49.954348] [Service] Server method called: /rb.api.PowerService/ToolFlangePowerCommand
[07/28/26 16:19:59.815089] [debug] [00:11:49.954375] [Service::PowerService::ToolFlangePowerCommand] Requested: request_header { request_timestamp { seconds: 1785223147 nanos: 103851918 } } name: "left" command: COMMAND_POWER_12V
[07/28/26 16:19:59.815094] [debug] [00:11:49.954381] [Service::PowerService::ToolFlangePowerCommand] Result: Success
[07/28/26 16:20:00.442128] [debug] [00:11:50.581406] [Service] Server method called: /rb.api.RobotCommandService/RobotCommand
[07/28/26 16:20:00.442210] [debug] [00:11:50.581495] [Service::RobotCommandService::RobotCommand] Requested: robot_command { component_based_command { body_command { joint_position_command { command_header { control_hold_time { seconds: 1 } } minimum_time { seconds: 4 } position: 0 position: 0.78539816339744828 position: -1.3962634015954636 position: 0.78539816339744828 position: 0 position: 0 position: 0 position: -0.26179938779914941 position: 0 position: -2.0943951023931953 position: 0 position: 0.52359877559829882 position: 0 position: 0 position: 0... [truncated]
[07/28/26 16:20:00.442213] [debug] [00:11:50.581500] [Service::RobotCommandService::RobotCommand]   Peer: ipv4:192.168.30.230:50330
[07/28/26 16:20:00.442379] [debug] [00:11:50.581666] [Service::RobotCommandService::RobotCommand]   IP: 192.168.30.230, Family: ipv4
[07/28/26 16:20:00.447739] [info] [00:11:50.587025] [ControlManager] Control started: {"type":"RobotCommand","control":{"type":"ComponentBasedCommand","components":{"mobility":null,"body":{"type":"BodyCommand","control":{"type":"JointPositionCommand","control":{"type":"JointPositionControl"}}},"head":{"type":"HeadCommand","control":{"type":"JointPositionCommand","control":{"type":"JointPositionControl"}}}}}} (priority: 1)
[07/28/26 16:20:05.705760] [debug] [00:11:55.845039] [ControlManager] Control finished: {"type":"RobotCommand","control":{"type":"ComponentBasedCommand","components":{"mobility":null,"body":{"type":"BodyCommand","control":{"type":"JointPositionCommand","control":{"type":"JointPositionControl"}}},"head":{"type":"HeadCommand","control":{"type":"JointPositionCommand","control":{"type":"JointPositionControl"}}}}}}
[07/28/26 16:20:05.705859] [info] [00:11:55.845142] [ControlInterface] Control completed successfully.
[07/28/26 16:20:05.705869] [debug] [00:11:55.845149] [ControlInterface::ExecutionStats] Average Control Time: 0.001 ms (max: 0.018 ms, min: 0.001 ms, sigma: 0.000 ms, count: 2630)
[07/28/26 16:20:05.706776] [debug] [00:11:55.846057] [Service] Server method called: /rb.api.RobotCommandService/RobotCommandStream
[07/28/26 16:20:05.706788] [debug] [00:11:55.846074] [Service::RobotCommandService::RobotCommandStream] Stream is created
[07/28/26 16:20:05.718471] [debug] [00:11:55.857753] [Service::RobotCommandService::RobotCommandStream] Requested: robot_command { component_based_command { mobility_command { se2_velocity_command { command_header { control_hold_time { seconds: 1 } } minimum_time { nanos: 10100000 } velocity { linear { } } acceleration_limit { linear { x: 1 y: 1 } angular: 1 } } } body_command { joint_impedance_control_command { command_header { control_hold_time { seconds: 1 } } minimum_time { nanos: 10100000 } position: -0.00012118275427946691 position: 0.78509915967389954 ... [truncated]
[07/28/26 16:20:05.718479] [debug] [00:11:55.857765] [Service::RobotCommandService::RobotCommandStream]   Peer: ipv4:192.168.30.230:50330
[07/28/26 16:20:05.718638] [debug] [00:11:55.857924] [Service::RobotCommandService::RobotCommandStream]   IP: 192.168.30.230, Family: ipv4
[07/28/26 16:20:05.723744] [info] [00:11:55.863029] [ControlManager] Control started: {"type":"RobotCommand","control":{"type":"ComponentBasedCommand","components":{"mobility":{"type":"MobilityCommand","control":{"type":"SE2VelocityCommand","control":{"type":"MobilitySE2VelocityControl"}}},"body":{"type":"BodyCommand","control":{"type":"JointImpedanceControlCommand","control":{"type":"JointImpedanceControl"}}},"head":{"type":"HeadCommand","control":{"type":"JointPositionCommand","control":{"type":"JointPositionControl"}}}}}} (priority: 1)
[07/28/26 16:20:05.818775] [debug] [00:11:55.958056] [Service] Server method called: /rb.api.RobotCommandService/RobotCommand
[07/28/26 16:20:05.818799] [debug] [00:11:55.958085] [Service::RobotCommandService::RobotCommand] Requested: robot_command { whole_body_command { stop_command { } } } priority: 99
[07/28/26 16:20:05.818802] [debug] [00:11:55.958089] [Service::RobotCommandService::RobotCommand]   Peer: ipv4:192.168.30.230:50330
[07/28/26 16:20:05.818946] [debug] [00:11:55.958232] [Service::RobotCommandService::RobotCommand]   IP: 192.168.30.230, Family: ipv4
[07/28/26 16:20:05.921872] [debug] [00:11:56.061155] [ControlManager] Control finished: {"type":"RobotCommand","control":{"type":"ComponentBasedCommand","components":{"mobility":{"type":"MobilityCommand","control":{"type":"SE2VelocityCommand","control":{"type":"MobilitySE2VelocityControl"}}},"body":{"type":"BodyCommand","control":{"type":"JointImpedanceControlCommand","control":{"type":"JointImpedanceControl"}}},"head":{"type":"HeadCommand","control":{"type":"JointPositionCommand","control":{"type":"JointPositionControl"}}}}}}
[07/28/26 16:20:05.921977] [debug] [00:11:56.061258] [Service::RobotCommandService::RobotCommandStream] OnReadDone (write_done: true, read_done: true)
[07/28/26 16:20:05.921989] [debug] [00:11:56.061273] [Service::RobotCommandService::RobotCommandStream] OnCancel
[07/28/26 16:20:05.922047] [info] [00:11:56.061331] [ControlInterface] Control was preempted or canceled by another request.
[07/28/26 16:20:05.922055] [debug] [00:11:56.061338] [ControlInterface::ExecutionStats] Average Control Time: 0.117 ms (max: 0.199 ms, min: 0.111 ms, sigma: 0.009 ms, count: 100)
[07/28/26 16:20:05.922135] [debug] [00:11:56.061419] [Service::RobotCommandService::RobotCommandStream] OnDone: robot_command { component_based_command { mobility_command { se2_velocity_command { command_header { control_hold_time { seconds: 1 } } minimum_time { nanos: 10100000 } velocity { linear { } } acceleration_limit { linear { x: 1 y: 1 } angular: 1 } } } body_command { joint_impedance_control_command { command_header { control_hold_time { seconds: 1 } } minimum_time { nanos: 10100000 } position: -0.00070886333399244265 position: 0.78744472245774366 ... [truncated]
[07/28/26 16:20:05.923730] [info] [00:11:56.063017] [ControlManager] Control started: {"type":"RobotCommand","control":{"type":"WholeBodyCommand","control":{"type":"StopControl","control":{"type":"JointVelocityControl"}}}} (priority: 99)
[07/28/26 16:20:05.923749] [debug] [00:11:56.063037] [ControlManager] Control finished: {"type":"RobotCommand","control":{"type":"WholeBodyCommand","control":{"type":"StopControl","control":{"type":"JointVelocityControl"}}}}
[07/28/26 16:20:05.923780] [info] [00:11:56.063066] [ControlInterface] Control completed successfully.
[07/28/26 16:20:05.923784] [debug] [00:11:56.063070] [ControlInterface::ExecutionStats] Average Control Time: 0.006 ms (max: 0.006 ms, min: 0.006 ms, sigma: 0.000 ms, count: 1)
[07/28/26 16:20:05.924612] [debug] [00:11:56.063895] [Service] Server method called: /rb.api.ControlManagerService/ControlManagerCommand
[07/28/26 16:20:05.924641] [debug] [00:11:56.063926] [Service::ControlManagerService::ControlManagerCommand] Requested: request_header { request_timestamp { seconds: 1785223153 nanos: 212672029 } } command: COMMAND_DISABLE
[07/28/26 16:20:05.924644] [info] [00:11:56.063932] [ControlManager::Disable] Disable request received. Starting the disabling process...
[07/28/26 16:20:05.925733] [info] [00:11:56.065019] [ControlManager::Disable] Control Manager successfully disabled
[07/28/26 16:20:18.638732] [debug] [00:12:08.778002] [Hardware] Hardware Loop Stat (avg: 2.000 ms, min: 1.999 ms, max: 2.001 ms, count: 15000)
[07/28/26 16:20:18.661719] [debug] [00:12:08.801003] [ControlManager] Control Manager Loop Stat (avg: 2.000 ms, min: 1.999 ms, max: 2.001 ms, count: 15000)
[07/28/26 16:20:35.747561] [debug] [00:12:25.886825] [Service] Server method called: /rb.api.RobotInfoService/GetRobotInfo
[07/28/26 16:20:35.747597] [debug] [00:12:25.886882] [Service::RobotInfoService::GetRobotInfo] Requested: request_header { request_timestamp { seconds: 1785223183 nanos: 32321983 } }
[07/28/26 16:20:35.748225] [debug] [00:12:25.887504] [Service] Server method called: /rb.api.RobotStateService/GetRobotState
[07/28/26 16:20:35.748268] [debug] [00:12:25.887555] [Service::RobotStateService::GetRobotState] Requested: request_header { request_timestamp { seconds: 1785223183 nanos: 33129638 } }
[07/28/26 16:20:35.748886] [debug] [00:12:25.888169] [Service] Server method called: /rb.api.RobotInfoService/GetRobotInfo
[07/28/26 16:20:35.748901] [debug] [00:12:25.888187] [Service::RobotInfoService::GetRobotInfo] Requested: request_header { request_timestamp { seconds: 1785223183 nanos: 33845364 } }
[07/28/26 16:20:35.749496] [debug] [00:12:25.888779] [Service] Server method called: /rb.api.RobotStateService/GetRobotState
[07/28/26 16:20:35.749513] [debug] [00:12:25.888798] [Service::RobotStateService::GetRobotState] Requested: request_header { request_timestamp { seconds: 1785223183 nanos: 34444685 } }
[07/28/26 16:20:35.750111] [debug] [00:12:25.889394] [Service] Server method called: /rb.api.RobotStateService/GetControlManagerState
[07/28/26 16:20:35.750127] [debug] [00:12:25.889413] [Service::RobotStateService::GetControlManagerState] Requested: request_header { request_timestamp { seconds: 1785223183 nanos: 35064511 } }
[07/28/26 16:20:35.750603] [debug] [00:12:25.889889] [Service] Server method called: /rb.api.RobotInfoService/GetRobotInfo
[07/28/26 16:20:35.750627] [debug] [00:12:25.889914] [Service::RobotInfoService::GetRobotInfo] Requested: request_header { request_timestamp { seconds: 1785223183 nanos: 35573991 } }
[07/28/26 16:20:35.751363] [debug] [00:12:25.890647] [Service] Server method called: /rb.api.RobotStateService/GetRobotState
[07/28/26 16:20:35.751377] [debug] [00:12:25.890663] [Service::RobotStateService::GetRobotState] Requested: request_header { request_timestamp { seconds: 1785223183 nanos: 36315121 } }
[07/28/26 16:20:35.752089] [debug] [00:12:25.891376] [Service] Server method called: /rb.api.RobotStateService/GetRobotState
[07/28/26 16:20:35.752110] [debug] [00:12:25.891397] [Service::RobotStateService::GetRobotState] Requested: request_header { request_timestamp { seconds: 1785223183 nanos: 37059533 } }
[07/28/26 16:20:35.753000] [debug] [00:12:25.892283] [Service] Server method called: /rb.api.RobotInfoService/GetRobotInfo
[07/28/26 16:20:35.753016] [debug] [00:12:25.892302] [Service::RobotInfoService::GetRobotInfo] Requested: request_header { request_timestamp { seconds: 1785223183 nanos: 37927314 } }
[07/28/26 16:20:35.753829] [debug] [00:12:25.893116] [Service] Server method called: /rb.api.ControlManagerService/ControlManagerCommand
[07/28/26 16:20:35.753856] [debug] [00:12:25.893143] [Service::ControlManagerService::ControlManagerCommand] Requested: request_header { request_timestamp { seconds: 1785223183 nanos: 38795306 } } command: COMMAND_ENABLE unlimited_mode_enabled { }
[07/28/26 16:20:35.753859] [info] [00:12:25.893146] [ControlManager::Enable] Enable request received. Starting the enabling process...
[07/28/26 16:20:35.755727] [info] [00:12:25.895014] [ControlManager::Enable] Control Manager successfully enabled
[07/28/26 16:20:35.756095] [debug] [00:12:25.895378] [Service] Server method called: /rb.api.ParameterService/SetParameter
[07/28/26 16:20:35.756113] [debug] [00:12:25.895399] [Service::ParameterService::SetParameter] Requested: request_header { request_timestamp { seconds: 1785223183 nanos: 41024299 } } name: "cartesian_command.cutoff_frequency" parameter: "{\"value\":5,\"write_db\":true}"
[07/28/26 16:20:35.766306] [debug] [00:12:25.905592] [Service] Server method called: /rb.api.ParameterService/SetParameter
[07/28/26 16:20:35.766332] [debug] [00:12:25.905619] [Service::ParameterService::SetParameter] Requested: request_header { request_timestamp { seconds: 1785223183 nanos: 51217844 } } name: "default.acceleration_limit_scaling" parameter: "{\"value\":1.0,\"write_db\":true}"
[07/28/26 16:20:35.772530] [debug] [00:12:25.911813] [Service] Server method called: /rb.api.ParameterService/SetParameter
[07/28/26 16:20:35.772547] [debug] [00:12:25.911833] [Service::ParameterService::SetParameter] Requested: request_header { request_timestamp { seconds: 1785223183 nanos: 57457762 } } name: "default.angular_acceleration_limit" parameter: "{\"value\":10,\"write_db\":true}"
[07/28/26 16:20:35.778457] [debug] [00:12:25.917740] [Service] Server method called: /rb.api.ParameterService/SetParameter
[07/28/26 16:20:35.778473] [debug] [00:12:25.917759] [Service::ParameterService::SetParameter] Requested: request_header { request_timestamp { seconds: 1785223183 nanos: 63401244 } } name: "default.linear_acceleration_limit" parameter: "{\"value\":20,\"write_db\":true}"
[07/28/26 16:20:35.784410] [debug] [00:12:25.923693] [Service] Server method called: /rb.api.ParameterService/SetParameter
[07/28/26 16:20:35.784437] [debug] [00:12:25.923724] [Service::ParameterService::SetParameter] Requested: request_header { request_timestamp { seconds: 1785223183 nanos: 69369221 } } name: "joint_position_command.cutoff_frequency" parameter: "{\"value\":5,\"write_db\":true}"
[07/28/26 16:20:35.790464] [debug] [00:12:25.929747] [Service] Server method called: /rb.api.RobotCommandService/RobotCommand
[07/28/26 16:20:35.790533] [debug] [00:12:25.929818] [Service::RobotCommandService::RobotCommand] Requested: robot_command { component_based_command { body_command { joint_position_command { command_header { control_hold_time { seconds: 1 } } minimum_time { nanos: 500000000 } position: -0.00014048833948457606 position: 0.79947737320309176 position: -1.4090752631374084 position: 0.78224287123226766 position: -3.7969821482317853e-06 position: 3.7969821482317853e-06 position: -0.00071003566171934384 position: -0.2617411674062099 position: 7.593964296463570... [truncated]
[07/28/26 16:20:35.790540] [debug] [00:12:25.929827] [Service::RobotCommandService::RobotCommand]   Peer: ipv4:192.168.30.230:50330
[07/28/26 16:20:35.790695] [debug] [00:12:25.929981] [Service::RobotCommandService::RobotCommand]   IP: 192.168.30.230, Family: ipv4
[07/28/26 16:20:35.795750] [info] [00:12:25.935034] [ControlManager] Control started: {"type":"RobotCommand","control":{"type":"ComponentBasedCommand","components":{"mobility":null,"body":{"type":"BodyCommand","control":{"type":"JointPositionCommand","control":{"type":"JointPositionControl"}}},"head":{"type":"HeadCommand","control":{"type":"JointPositionCommand","control":{"type":"JointPositionControl"}}}}}} (priority: 1)
[07/28/26 16:20:37.553754] [debug] [00:12:27.693035] [ControlManager] Control finished: {"type":"RobotCommand","control":{"type":"ComponentBasedCommand","components":{"mobility":null,"body":{"type":"BodyCommand","control":{"type":"JointPositionCommand","control":{"type":"JointPositionControl"}}},"head":{"type":"HeadCommand","control":{"type":"JointPositionCommand","control":{"type":"JointPositionControl"}}}}}}
[07/28/26 16:20:37.553810] [info] [00:12:27.693092] [ControlInterface] Control completed successfully.
[07/28/26 16:20:37.553818] [debug] [00:12:27.693100] [ControlInterface::ExecutionStats] Average Control Time: 0.001 ms (max: 0.024 ms, min: 0.001 ms, sigma: 0.001 ms, count: 880)
[07/28/26 16:20:37.554469] [debug] [00:12:27.693741] [Service] Server method called: /rb.api.PowerService/ToolFlangePowerCommand
[07/28/26 16:20:37.554497] [debug] [00:12:27.693783] [Service::PowerService::ToolFlangePowerCommand] Requested: request_header { request_timestamp { seconds: 1785223184 nanos: 839181796 } } name: "right" command: COMMAND_POWER_12V
[07/28/26 16:20:37.554502] [debug] [00:12:27.693789] [Service::PowerService::ToolFlangePowerCommand] Result: Success
[07/28/26 16:20:37.554795] [debug] [00:12:27.694080] [Service] Server method called: /rb.api.PowerService/ToolFlangePowerCommand
[07/28/26 16:20:37.554808] [debug] [00:12:27.694094] [Service::PowerService::ToolFlangePowerCommand] Requested: request_header { request_timestamp { seconds: 1785223184 nanos: 839573561 } } name: "left" command: COMMAND_POWER_12V
[07/28/26 16:20:37.554812] [debug] [00:12:27.694099] [Service::PowerService::ToolFlangePowerCommand] Result: Success
[07/28/26 16:20:48.638729] [debug] [00:12:38.778002] [Hardware] Hardware Loop Stat (avg: 2.000 ms, min: 1.999 ms, max: 2.001 ms, count: 15000)
[07/28/26 16:20:48.661718] [debug] [00:12:38.801003] [ControlManager] Control Manager Loop Stat (avg: 2.000 ms, min: 1.998 ms, max: 2.002 ms, count: 15000)
[07/28/26 16:20:51.247686] [debug] [00:12:41.386963] [Service] Server method called: /rb.api.RobotCommandService/RobotCommand
[07/28/26 16:20:51.247757] [debug] [00:12:41.387040] [Service::RobotCommandService::RobotCommand] Requested: robot_command { component_based_command { body_command { joint_position_command { command_header { control_hold_time { seconds: 1 } } minimum_time { seconds: 4 } position: 0 position: 0.78539816339744828 position: -1.3962634015954636 position: 0.78539816339744828 position: 0 position: 0 position: 0 position: -0.26179938779914941 position: 0 position: -2.0943951023931953 position: 0 position: 0.52359877559829882 position: 0 position: 0 position: 0... [truncated]
[07/28/26 16:20:51.247762] [debug] [00:12:41.387049] [Service::RobotCommandService::RobotCommand]   Peer: ipv4:192.168.30.230:50330
[07/28/26 16:20:51.247942] [debug] [00:12:41.387227] [Service::RobotCommandService::RobotCommand]   IP: 192.168.30.230, Family: ipv4
[07/28/26 16:20:51.253752] [info] [00:12:41.393035] [ControlManager] Control started: {"type":"RobotCommand","control":{"type":"ComponentBasedCommand","components":{"mobility":null,"body":{"type":"BodyCommand","control":{"type":"JointPositionCommand","control":{"type":"JointPositionControl"}}},"head":{"type":"HeadCommand","control":{"type":"JointPositionCommand","control":{"type":"JointPositionControl"}}}}}} (priority: 1)
[07/28/26 16:20:56.511760] [debug] [00:12:46.651039] [ControlManager] Control finished: {"type":"RobotCommand","control":{"type":"ComponentBasedCommand","components":{"mobility":null,"body":{"type":"BodyCommand","control":{"type":"JointPositionCommand","control":{"type":"JointPositionControl"}}},"head":{"type":"HeadCommand","control":{"type":"JointPositionCommand","control":{"type":"JointPositionControl"}}}}}}
[07/28/26 16:20:56.511821] [info] [00:12:46.651102] [ControlInterface] Control completed successfully.
[07/28/26 16:20:56.511831] [debug] [00:12:46.651112] [ControlInterface::ExecutionStats] Average Control Time: 0.001 ms (max: 0.025 ms, min: 0.001 ms, sigma: 0.000 ms, count: 2630)
[07/28/26 16:20:56.512771] [debug] [00:12:46.652053] [Service] Server method called: /rb.api.RobotCommandService/RobotCommandStream
[07/28/26 16:20:56.512784] [debug] [00:12:46.652069] [Service::RobotCommandService::RobotCommandStream] Stream is created
[07/28/26 16:20:56.544780] [debug] [00:12:46.684062] [Service::RobotCommandService::RobotCommandStream] Requested: robot_command { component_based_command { mobility_command { se2_velocity_command { command_header { control_hold_time { seconds: 1 } } minimum_time { nanos: 10100000 } velocity { linear { } } acceleration_limit { linear { x: 1 y: 1 } angular: 1 } } } body_command { joint_impedance_control_command { command_header { control_hold_time { seconds: 1 } } minimum_time { nanos: 10100000 } position: -0.00012125693224541989 position: 0.78512177012202677 ... [truncated]
[07/28/26 16:20:56.544787] [debug] [00:12:46.684074] [Service::RobotCommandService::RobotCommandStream]   Peer: ipv4:192.168.30.230:50330
[07/28/26 16:20:56.544943] [debug] [00:12:46.684228] [Service::RobotCommandService::RobotCommandStream]   IP: 192.168.30.230, Family: ipv4
[07/28/26 16:20:56.549744] [info] [00:12:46.689029] [ControlManager] Control started: {"type":"RobotCommand","control":{"type":"ComponentBasedCommand","components":{"mobility":{"type":"MobilityCommand","control":{"type":"SE2VelocityCommand","control":{"type":"MobilitySE2VelocityControl"}}},"body":{"type":"BodyCommand","control":{"type":"JointImpedanceControlCommand","control":{"type":"JointImpedanceControl"}}},"head":{"type":"HeadCommand","control":{"type":"JointPositionCommand","control":{"type":"JointPositionControl"}}}}}} (priority: 1)
[07/28/26 16:21:04.908661] [debug] [00:12:55.047934] [Service] Server method called: /rb.api.RobotCommandService/RobotCommand
[07/28/26 16:21:04.908694] [debug] [00:12:55.047980] [Service::RobotCommandService::RobotCommand] Requested: robot_command { whole_body_command { stop_command { } } } priority: 99
[07/28/26 16:21:04.908697] [debug] [00:12:55.047985] [Service::RobotCommandService::RobotCommand]   Peer: ipv4:192.168.30.230:50330
[07/28/26 16:21:04.908843] [debug] [00:12:55.048129] [Service::RobotCommandService::RobotCommand]   IP: 192.168.30.230, Family: ipv4
[07/28/26 16:21:05.011894] [debug] [00:12:55.151175] [ControlManager] Control finished: {"type":"RobotCommand","control":{"type":"ComponentBasedCommand","components":{"mobility":{"type":"MobilityCommand","control":{"type":"SE2VelocityCommand","control":{"type":"MobilitySE2VelocityControl"}}},"body":{"type":"BodyCommand","control":{"type":"JointImpedanceControlCommand","control":{"type":"JointImpedanceControl"}}},"head":{"type":"HeadCommand","control":{"type":"JointPositionCommand","control":{"type":"JointPositionControl"}}}}}}
[07/28/26 16:21:05.012025] [debug] [00:12:55.151305] [Service::RobotCommandService::RobotCommandStream] OnReadDone (write_done: true, read_done: true)
[07/28/26 16:21:05.012043] [debug] [00:12:55.151326] [Service::RobotCommandService::RobotCommandStream] OnCancel
[07/28/26 16:21:05.012150] [info] [00:12:55.151399] [ControlInterface] Control was preempted or canceled by another request.
[07/28/26 16:21:05.012161] [debug] [00:12:55.151441] [ControlInterface::ExecutionStats] Average Control Time: 0.119 ms (max: 0.200 ms, min: 0.109 ms, sigma: 0.005 ms, count: 4232)
[07/28/26 16:21:05.012178] [debug] [00:12:55.151461] [Service::RobotCommandService::RobotCommandStream] OnDone: robot_command { component_based_command { mobility_command { se2_velocity_command { command_header { control_hold_time { seconds: 1 } } minimum_time { nanos: 10100000 } velocity { linear { } } acceleration_limit { linear { x: 1 y: 1 } angular: 1 } } } body_command { joint_impedance_control_command { command_header { control_hold_time { seconds: 1 } } minimum_time { nanos: 10100000 } position: 0.029425763049708915 position: 1.0034483920112147 posi... [truncated]
[07/28/26 16:21:05.013732] [info] [00:12:55.153017] [ControlManager] Control started: {"type":"RobotCommand","control":{"type":"WholeBodyCommand","control":{"type":"StopControl","control":{"type":"JointVelocityControl"}}}} (priority: 99)
[07/28/26 16:21:05.013751] [debug] [00:12:55.153039] [ControlManager] Control finished: {"type":"RobotCommand","control":{"type":"WholeBodyCommand","control":{"type":"StopControl","control":{"type":"JointVelocityControl"}}}}
[07/28/26 16:21:05.013784] [info] [00:12:55.153069] [ControlInterface] Control completed successfully.
[07/28/26 16:21:05.013790] [debug] [00:12:55.153074] [ControlInterface::ExecutionStats] Average Control Time: 0.005 ms (max: 0.005 ms, min: 0.005 ms, sigma: 0.000 ms, count: 1)
[07/28/26 16:21:05.014459] [debug] [00:12:55.153744] [Service] Server method called: /rb.api.ControlManagerService/ControlManagerCommand
[07/28/26 16:21:05.014482] [debug] [00:12:55.153768] [Service::ControlManagerService::ControlManagerCommand] Requested: request_header { request_timestamp { seconds: 1785223212 nanos: 296701957 } } command: COMMAND_DISABLE
[07/28/26 16:21:05.014485] [info] [00:12:55.153773] [ControlManager::Disable] Disable request received. Starting the disabling process...
[07/28/26 16:21:05.015734] [info] [00:12:55.155019] [ControlManager::Disable] Control Manager successfully disabled
[07/28/26 16:21:10.976942] [debug] [00:13:01.116215] [Service] Server method called: /rb.api.RobotInfoService/GetRobotInfo
[07/28/26 16:21:10.976979] [debug] [00:13:01.116265] [Service::RobotInfoService::GetRobotInfo] Requested: request_header { request_timestamp { seconds: 1785223218 nanos: 258550384 } }
[07/28/26 16:21:10.977706] [debug] [00:13:01.116984] [Service] Server method called: /rb.api.RobotStateService/GetRobotState
[07/28/26 16:21:10.977730] [debug] [00:13:01.117016] [Service::RobotStateService::GetRobotState] Requested: request_header { request_timestamp { seconds: 1785223218 nanos: 259463322 } }
[07/28/26 16:21:10.978394] [debug] [00:13:01.117674] [Service] Server method called: /rb.api.RobotInfoService/GetRobotInfo
[07/28/26 16:21:10.978414] [debug] [00:13:01.117699] [Service::RobotInfoService::GetRobotInfo] Requested: request_header { request_timestamp { seconds: 1785223218 nanos: 260164869 } }
[07/28/26 16:21:10.979016] [debug] [00:13:01.118300] [Service] Server method called: /rb.api.RobotStateService/GetRobotState
[07/28/26 16:21:10.979032] [debug] [00:13:01.118318] [Service::RobotStateService::GetRobotState] Requested: request_header { request_timestamp { seconds: 1785223218 nanos: 260803806 } }
[07/28/26 16:21:10.979559] [debug] [00:13:01.118843] [Service] Server method called: /rb.api.RobotStateService/GetControlManagerState
[07/28/26 16:21:10.979574] [debug] [00:13:01.118861] [Service::RobotStateService::GetControlManagerState] Requested: request_header { request_timestamp { seconds: 1785223218 nanos: 261391102 } }
[07/28/26 16:21:10.979997] [debug] [00:13:01.119279] [Service] Server method called: /rb.api.RobotInfoService/GetRobotInfo
[07/28/26 16:21:10.980015] [debug] [00:13:01.119301] [Service::RobotInfoService::GetRobotInfo] Requested: request_header { request_timestamp { seconds: 1785223218 nanos: 261792054 } }
[07/28/26 16:21:10.980592] [debug] [00:13:01.119875] [Service] Server method called: /rb.api.RobotStateService/GetRobotState
[07/28/26 16:21:10.980608] [debug] [00:13:01.119894] [Service::RobotStateService::GetRobotState] Requested: request_header { request_timestamp { seconds: 1785223218 nanos: 262354067 } }
[07/28/26 16:21:10.981036] [debug] [00:13:01.120320] [Service] Server method called: /rb.api.RobotStateService/GetRobotState
[07/28/26 16:21:10.981049] [debug] [00:13:01.120336] [Service::RobotStateService::GetRobotState] Requested: request_header { request_timestamp { seconds: 1785223218 nanos: 262854857 } }
[07/28/26 16:21:10.981526] [debug] [00:13:01.120810] [Service] Server method called: /rb.api.RobotInfoService/GetRobotInfo
[07/28/26 16:21:10.981539] [debug] [00:13:01.120825] [Service::RobotInfoService::GetRobotInfo] Requested: request_header { request_timestamp { seconds: 1785223218 nanos: 263347336 } }
[07/28/26 16:21:10.982040] [debug] [00:13:01.121321] [Service] Server method called: /rb.api.ControlManagerService/ControlManagerCommand
[07/28/26 16:21:10.982060] [debug] [00:13:01.121347] [Service::ControlManagerService::ControlManagerCommand] Requested: request_header { request_timestamp { seconds: 1785223218 nanos: 263827244 } } command: COMMAND_ENABLE unlimited_mode_enabled { }
[07/28/26 16:21:10.982064] [info] [00:13:01.121351] [ControlManager::Enable] Enable request received. Starting the enabling process...
[07/28/26 16:21:10.983726] [info] [00:13:01.123014] [ControlManager::Enable] Control Manager successfully enabled
[07/28/26 16:21:10.984030] [debug] [00:13:01.123313] [Service] Server method called: /rb.api.ParameterService/SetParameter
[07/28/26 16:21:10.984050] [debug] [00:13:01.123336] [Service::ParameterService::SetParameter] Requested: request_header { request_timestamp { seconds: 1785223218 nanos: 265827332 } } name: "cartesian_command.cutoff_frequency" parameter: "{\"value\":5,\"write_db\":true}"
[07/28/26 16:21:10.994088] [debug] [00:13:01.133372] [Service] Server method called: /rb.api.ParameterService/SetParameter
[07/28/26 16:21:10.994104] [debug] [00:13:01.133390] [Service::ParameterService::SetParameter] Requested: request_header { request_timestamp { seconds: 1785223218 nanos: 275882650 } } name: "default.acceleration_limit_scaling" parameter: "{\"value\":1.0,\"write_db\":true}"
[07/28/26 16:21:11.000177] [debug] [00:13:01.139458] [Service] Server method called: /rb.api.ParameterService/SetParameter
[07/28/26 16:21:11.000221] [debug] [00:13:01.139506] [Service::ParameterService::SetParameter] Requested: request_header { request_timestamp { seconds: 1785223218 nanos: 281974255 } } name: "default.angular_acceleration_limit" parameter: "{\"value\":10,\"write_db\":true}"
[07/28/26 16:21:11.006130] [debug] [00:13:01.145410] [Service] Server method called: /rb.api.ParameterService/SetParameter
[07/28/26 16:21:11.006147] [debug] [00:13:01.145433] [Service::ParameterService::SetParameter] Requested: request_header { request_timestamp { seconds: 1785223218 nanos: 287880928 } } name: "default.linear_acceleration_limit" parameter: "{\"value\":20,\"write_db\":true}"
[07/28/26 16:21:11.012210] [debug] [00:13:01.151496] [Service] Server method called: /rb.api.ParameterService/SetParameter
[07/28/26 16:21:11.012221] [debug] [00:13:01.151509] [Service::ParameterService::SetParameter] Requested: request_header { request_timestamp { seconds: 1785223218 nanos: 293998542 } } name: "joint_position_command.cutoff_frequency" parameter: "{\"value\":5,\"write_db\":true}"
[07/28/26 16:21:11.018169] [debug] [00:13:01.157419] [Service] Server method called: /rb.api.RobotCommandService/RobotCommand
[07/28/26 16:21:11.018234] [debug] [00:13:01.157519] [Service::RobotCommandService::RobotCommand] Requested: robot_command { component_based_command { body_command { joint_position_command { command_header { control_hold_time { seconds: 1 } } minimum_time { nanos: 500000000 } position: 0.019022880562641245 position: 1.3143557464676183 position: -1.5637187520705926 position: 0.79512223467907 position: 0.036257382533465318 position: 0.2189301936848965 position: -0.12866074009283404 position: -0.34647841800829865 position: -0.21683046255692434 position: -1... [truncated]
[07/28/26 16:21:11.018238] [debug] [00:13:01.157525] [Service::RobotCommandService::RobotCommand]   Peer: ipv4:192.168.30.230:50330
[07/28/26 16:21:11.018426] [debug] [00:13:01.157711] [Service::RobotCommandService::RobotCommand]   IP: 192.168.30.230, Family: ipv4
[07/28/26 16:21:11.023750] [info] [00:13:01.163034] [ControlManager] Control started: {"type":"RobotCommand","control":{"type":"ComponentBasedCommand","components":{"mobility":null,"body":{"type":"BodyCommand","control":{"type":"JointPositionCommand","control":{"type":"JointPositionControl"}}},"head":{"type":"HeadCommand","control":{"type":"JointPositionCommand","control":{"type":"JointPositionControl"}}}}}} (priority: 1)
[07/28/26 16:21:12.781758] [debug] [00:13:02.921037] [ControlManager] Control finished: {"type":"RobotCommand","control":{"type":"ComponentBasedCommand","components":{"mobility":null,"body":{"type":"BodyCommand","control":{"type":"JointPositionCommand","control":{"type":"JointPositionControl"}}},"head":{"type":"HeadCommand","control":{"type":"JointPositionCommand","control":{"type":"JointPositionControl"}}}}}}
[07/28/26 16:21:12.781814] [info] [00:13:02.921096] [ControlInterface] Control completed successfully.
[07/28/26 16:21:12.781823] [debug] [00:13:02.921104] [ControlInterface::ExecutionStats] Average Control Time: 0.001 ms (max: 0.024 ms, min: 0.001 ms, sigma: 0.001 ms, count: 880)
[07/28/26 16:21:12.782501] [debug] [00:13:02.921783] [Service] Server method called: /rb.api.PowerService/ToolFlangePowerCommand
[07/28/26 16:21:12.782530] [debug] [00:13:02.921816] [Service::PowerService::ToolFlangePowerCommand] Requested: request_header { request_timestamp { seconds: 1785223220 nanos: 64055804 } } name: "right" command: COMMAND_POWER_12V
[07/28/26 16:21:12.782535] [debug] [00:13:02.921822] [Service::PowerService::ToolFlangePowerCommand] Result: Success
[07/28/26 16:21:12.782999] [debug] [00:13:02.922282] [Service] Server method called: /rb.api.PowerService/ToolFlangePowerCommand
[07/28/26 16:21:12.783045] [debug] [00:13:02.922330] [Service::PowerService::ToolFlangePowerCommand] Requested: request_header { request_timestamp { seconds: 1785223220 nanos: 64648374 } } name: "left" command: COMMAND_POWER_12V
[07/28/26 16:21:12.783050] [debug] [00:13:02.922337] [Service::PowerService::ToolFlangePowerCommand] Result: Success
[07/28/26 16:21:13.922813] [debug] [00:13:04.062086] [Service] Server method called: /rb.api.RobotCommandService/RobotCommand
[07/28/26 16:21:13.922940] [debug] [00:13:04.062223] [Service::RobotCommandService::RobotCommand] Requested: robot_command { component_based_command { body_command { joint_position_command { command_header { control_hold_time { seconds: 1 } } minimum_time { seconds: 4 } position: 0 position: 0.78539816339744828 position: -1.3962634015954636 position: 0.78539816339744828 position: 0 position: 0 position: 0 position: -0.26179938779914941 position: 0 position: -2.0943951023931953 position: 0 position: 0.52359877559829882 position: 0 position: 0 position: 0... [truncated]
[07/28/26 16:21:13.922945] [debug] [00:13:04.062233] [Service::RobotCommandService::RobotCommand]   Peer: ipv4:192.168.30.230:50330
[07/28/26 16:21:13.923155] [debug] [00:13:04.062440] [Service::RobotCommandService::RobotCommand]   IP: 192.168.30.230, Family: ipv4
[07/28/26 16:21:13.927747] [info] [00:13:04.067027] [ControlManager] Control started: {"type":"RobotCommand","control":{"type":"ComponentBasedCommand","components":{"mobility":null,"body":{"type":"BodyCommand","control":{"type":"JointPositionCommand","control":{"type":"JointPositionControl"}}},"head":{"type":"HeadCommand","control":{"type":"JointPositionCommand","control":{"type":"JointPositionControl"}}}}}} (priority: 1)
[07/28/26 16:21:18.638729] [debug] [00:13:08.778002] [Hardware] Hardware Loop Stat (avg: 2.000 ms, min: 1.999 ms, max: 2.001 ms, count: 15000)
[07/28/26 16:21:18.661719] [debug] [00:13:08.801002] [ControlManager] Control Manager Loop Stat (avg: 2.000 ms, min: 1.998 ms, max: 2.002 ms, count: 15000)
[07/28/26 16:21:19.185754] [debug] [00:13:09.325037] [ControlManager] Control finished: {"type":"RobotCommand","control":{"type":"ComponentBasedCommand","components":{"mobility":null,"body":{"type":"BodyCommand","control":{"type":"JointPositionCommand","control":{"type":"JointPositionControl"}}},"head":{"type":"HeadCommand","control":{"type":"JointPositionCommand","control":{"type":"JointPositionControl"}}}}}}
[07/28/26 16:21:19.185849] [info] [00:13:09.325131] [ControlInterface] Control completed successfully.
[07/28/26 16:21:19.185857] [debug] [00:13:09.325139] [ControlInterface::ExecutionStats] Average Control Time: 0.001 ms (max: 0.020 ms, min: 0.001 ms, sigma: 0.000 ms, count: 2630)
[07/28/26 16:21:19.186558] [debug] [00:13:09.325840] [Service] Server method called: /rb.api.RobotCommandService/RobotCommandStream
[07/28/26 16:21:19.186570] [debug] [00:13:09.325856] [Service::RobotCommandService::RobotCommandStream] Stream is created
[07/28/26 16:21:19.218131] [debug] [00:13:09.357413] [Service::RobotCommandService::RobotCommandStream] Requested: robot_command { component_based_command { mobility_command { se2_velocity_command { command_header { control_hold_time { seconds: 1 } } minimum_time { nanos: 10100000 } velocity { linear { } } acceleration_limit { linear { x: 1 y: 1 } angular: 1 } } } body_command { joint_impedance_control_command { command_header { control_hold_time { seconds: 1 } } minimum_time { nanos: 10100000 } position: -0.00014729207498903168 position: 0.78479375437714272 ... [truncated]
[07/28/26 16:21:19.218138] [debug] [00:13:09.357425] [Service::RobotCommandService::RobotCommandStream]   Peer: ipv4:192.168.30.230:50330
[07/28/26 16:21:19.218377] [debug] [00:13:09.357662] [Service::RobotCommandService::RobotCommandStream]   IP: 192.168.30.230, Family: ipv4
[07/28/26 16:21:19.223744] [info] [00:13:09.363030] [ControlManager] Control started: {"type":"RobotCommand","control":{"type":"ComponentBasedCommand","components":{"mobility":{"type":"MobilityCommand","control":{"type":"SE2VelocityCommand","control":{"type":"MobilitySE2VelocityControl"}}},"body":{"type":"BodyCommand","control":{"type":"JointImpedanceControlCommand","control":{"type":"JointImpedanceControl"}}},"head":{"type":"HeadCommand","control":{"type":"JointPositionCommand","control":{"type":"JointPositionControl"}}}}}} (priority: 1)
[07/28/26 16:21:22.891835] [debug] [00:13:13.031108] [Service] Server method called: /rb.api.RobotCommandService/RobotCommand
[07/28/26 16:21:22.891870] [debug] [00:13:13.031156] [Service::RobotCommandService::RobotCommand] Requested: robot_command { whole_body_command { stop_command { } } } priority: 99
[07/28/26 16:21:22.891873] [debug] [00:13:13.031161] [Service::RobotCommandService::RobotCommand]   Peer: ipv4:192.168.30.230:50330
[07/28/26 16:21:22.892013] [debug] [00:13:13.031299] [Service::RobotCommandService::RobotCommand]   IP: 192.168.30.230, Family: ipv4
[07/28/26 16:21:22.995896] [debug] [00:13:13.135179] [ControlManager] Control finished: {"type":"RobotCommand","control":{"type":"ComponentBasedCommand","components":{"mobility":{"type":"MobilityCommand","control":{"type":"SE2VelocityCommand","control":{"type":"MobilitySE2VelocityControl"}}},"body":{"type":"BodyCommand","control":{"type":"JointImpedanceControlCommand","control":{"type":"JointImpedanceControl"}}},"head":{"type":"HeadCommand","control":{"type":"JointPositionCommand","control":{"type":"JointPositionControl"}}}}}}
[07/28/26 16:21:22.995998] [debug] [00:13:13.135279] [Service::RobotCommandService::RobotCommandStream] OnReadDone (write_done: true, read_done: true)
[07/28/26 16:21:22.996043] [debug] [00:13:13.135326] [Service::RobotCommandService::RobotCommandStream] OnCancel
[07/28/26 16:21:22.996116] [info] [00:13:13.135401] [ControlInterface] Control was preempted or canceled by another request.
[07/28/26 16:21:22.996126] [debug] [00:13:13.135407] [ControlInterface::ExecutionStats] Average Control Time: 0.119 ms (max: 0.191 ms, min: 0.110 ms, sigma: 0.005 ms, count: 1887)
[07/28/26 16:21:22.996172] [debug] [00:13:13.135455] [Service::RobotCommandService::RobotCommandStream] OnDone: robot_command { component_based_command { mobility_command { se2_velocity_command { command_header { control_hold_time { seconds: 1 } } minimum_time { nanos: 10100000 } velocity { linear { } } acceleration_limit { linear { x: 1 y: 1 } angular: 1 } } } body_command { joint_impedance_control_command { command_header { control_hold_time { seconds: 1 } } minimum_time { nanos: 10100000 } position: -0.0038883539417058155 position: 0.86763348660623429 p... [truncated]
[07/28/26 16:21:22.997731] [info] [00:13:13.137017] [ControlManager] Control started: {"type":"RobotCommand","control":{"type":"WholeBodyCommand","control":{"type":"StopControl","control":{"type":"JointVelocityControl"}}}} (priority: 99)
[07/28/26 16:21:22.997749] [debug] [00:13:13.137036] [ControlManager] Control finished: {"type":"RobotCommand","control":{"type":"WholeBodyCommand","control":{"type":"StopControl","control":{"type":"JointVelocityControl"}}}}
[07/28/26 16:21:22.997781] [info] [00:13:13.137066] [ControlInterface] Control completed successfully.
[07/28/26 16:21:22.997790] [debug] [00:13:13.137071] [ControlInterface::ExecutionStats] Average Control Time: 0.005 ms (max: 0.005 ms, min: 0.005 ms, sigma: 0.000 ms, count: 1)
[07/28/26 16:21:22.999056] [debug] [00:13:13.138339] [Service] Server method called: /rb.api.ControlManagerService/ControlManagerCommand
[07/28/26 16:21:22.999075] [debug] [00:13:13.138361] [Service::ControlManagerService::ControlManagerCommand] Requested: request_header { request_timestamp { seconds: 1785223230 nanos: 279816328 } } command: COMMAND_DISABLE
[07/28/26 16:21:22.999078] [info] [00:13:13.138366] [ControlManager::Disable] Disable request received. Starting the disabling process...
[07/28/26 16:21:22.999735] [info] [00:13:13.139021] [ControlManager::Disable] Control Manager successfully disabled
[07/28/26 16:21:46.337031] [debug] [00:13:36.476295] [Service] Server method called: /rb.api.RobotInfoService/GetRobotInfo
[07/28/26 16:21:46.337070] [debug] [00:13:36.476356] [Service::RobotInfoService::GetRobotInfo] Requested: request_header { request_timestamp { seconds: 1785223253 nanos: 615947281 } }
[07/28/26 16:21:46.337764] [debug] [00:13:36.477042] [Service] Server method called: /rb.api.RobotStateService/GetRobotState
[07/28/26 16:21:46.337791] [debug] [00:13:36.477077] [Service::RobotStateService::GetRobotState] Requested: request_header { request_timestamp { seconds: 1785223253 nanos: 616811724 } }
[07/28/26 16:21:46.338368] [debug] [00:13:36.477651] [Service] Server method called: /rb.api.RobotInfoService/GetRobotInfo
[07/28/26 16:21:46.338386] [debug] [00:13:36.477672] [Service::RobotInfoService::GetRobotInfo] Requested: request_header { request_timestamp { seconds: 1785223253 nanos: 617478089 } }
[07/28/26 16:21:46.338895] [debug] [00:13:36.478179] [Service] Server method called: /rb.api.RobotStateService/GetRobotState
[07/28/26 16:21:46.338910] [debug] [00:13:36.478196] [Service::RobotStateService::GetRobotState] Requested: request_header { request_timestamp { seconds: 1785223253 nanos: 618019792 } }
[07/28/26 16:21:46.339358] [debug] [00:13:36.478642] [Service] Server method called: /rb.api.RobotStateService/GetControlManagerState
[07/28/26 16:21:46.339375] [debug] [00:13:36.478661] [Service::RobotStateService::GetControlManagerState] Requested: request_header { request_timestamp { seconds: 1785223253 nanos: 618483865 } }
[07/28/26 16:21:46.339854] [debug] [00:13:36.479141] [Service] Server method called: /rb.api.RobotInfoService/GetRobotInfo
[07/28/26 16:21:46.339866] [debug] [00:13:36.479153] [Service::RobotInfoService::GetRobotInfo] Requested: request_header { request_timestamp { seconds: 1785223253 nanos: 618954982 } }
[07/28/26 16:21:46.340273] [debug] [00:13:36.479557] [Service] Server method called: /rb.api.RobotStateService/GetRobotState
[07/28/26 16:21:46.340285] [debug] [00:13:36.479572] [Service::RobotStateService::GetRobotState] Requested: request_header { request_timestamp { seconds: 1785223253 nanos: 619375995 } }
[07/28/26 16:21:46.340735] [debug] [00:13:36.480019] [Service] Server method called: /rb.api.RobotStateService/GetRobotState
[07/28/26 16:21:46.340750] [debug] [00:13:36.480036] [Service::RobotStateService::GetRobotState] Requested: request_header { request_timestamp { seconds: 1785223253 nanos: 619842169 } }
[07/28/26 16:21:46.341252] [debug] [00:13:36.480539] [Service] Server method called: /rb.api.RobotInfoService/GetRobotInfo
[07/28/26 16:21:46.341260] [debug] [00:13:36.480548] [Service::RobotInfoService::GetRobotInfo] Requested: request_header { request_timestamp { seconds: 1785223253 nanos: 620397910 } }
[07/28/26 16:21:46.341753] [debug] [00:13:36.481036] [Service] Server method called: /rb.api.ControlManagerService/ControlManagerCommand
[07/28/26 16:21:46.341773] [debug] [00:13:36.481059] [Service::ControlManagerService::ControlManagerCommand] Requested: request_header { request_timestamp { seconds: 1785223253 nanos: 620873182 } } command: COMMAND_ENABLE unlimited_mode_enabled { }
[07/28/26 16:21:46.341777] [info] [00:13:36.481064] [ControlManager::Enable] Enable request received. Starting the enabling process...
[07/28/26 16:21:46.343728] [info] [00:13:36.483014] [ControlManager::Enable] Control Manager successfully enabled
[07/28/26 16:21:46.344141] [debug] [00:13:36.483429] [Service] Server method called: /rb.api.ParameterService/SetParameter
[07/28/26 16:21:46.344155] [debug] [00:13:36.483442] [Service::ParameterService::SetParameter] Requested: request_header { request_timestamp { seconds: 1785223253 nanos: 623258396 } } name: "cartesian_command.cutoff_frequency" parameter: "{\"value\":5,\"write_db\":true}"
[07/28/26 16:21:46.354519] [debug] [00:13:36.493802] [Service] Server method called: /rb.api.ParameterService/SetParameter
[07/28/26 16:21:46.354537] [debug] [00:13:36.493823] [Service::ParameterService::SetParameter] Requested: request_header { request_timestamp { seconds: 1785223253 nanos: 633620527 } } name: "default.acceleration_limit_scaling" parameter: "{\"value\":1.0,\"write_db\":true}"
[07/28/26 16:21:46.360383] [debug] [00:13:36.499665] [Service] Server method called: /rb.api.ParameterService/SetParameter
[07/28/26 16:21:46.360399] [debug] [00:13:36.499685] [Service::ParameterService::SetParameter] Requested: request_header { request_timestamp { seconds: 1785223253 nanos: 639452575 } } name: "default.angular_acceleration_limit" parameter: "{\"value\":10,\"write_db\":true}"
[07/28/26 16:21:46.366511] [debug] [00:13:36.505794] [Service] Server method called: /rb.api.ParameterService/SetParameter
[07/28/26 16:21:46.366529] [debug] [00:13:36.505814] [Service::ParameterService::SetParameter] Requested: request_header { request_timestamp { seconds: 1785223253 nanos: 645580376 } } name: "default.linear_acceleration_limit" parameter: "{\"value\":20,\"write_db\":true}"
[07/28/26 16:21:46.372595] [debug] [00:13:36.511878] [Service] Server method called: /rb.api.ParameterService/SetParameter
[07/28/26 16:21:46.372612] [debug] [00:13:36.511898] [Service::ParameterService::SetParameter] Requested: request_header { request_timestamp { seconds: 1785223253 nanos: 651671347 } } name: "joint_position_command.cutoff_frequency" parameter: "{\"value\":5,\"write_db\":true}"
[07/28/26 16:21:46.378730] [debug] [00:13:36.518013] [Service] Server method called: /rb.api.RobotCommandService/RobotCommand
[07/28/26 16:21:46.378796] [debug] [00:13:36.518080] [Service::RobotCommandService::RobotCommand] Requested: robot_command { component_based_command { body_command { joint_position_command { command_header { control_hold_time { seconds: 1 } } minimum_time { nanos: 500000000 } position: -0.00014428532163280784 position: 1.0892896296311794 position: -1.5145098634295087 position: 0.77489191379329092 position: 0.00028857064326561567 position: 7.5939642964635707e-06 position: -0.015130973860703664 position: -0.26186646781710154 position: -0.00030755555400677... [truncated]
[07/28/26 16:21:46.378799] [debug] [00:13:36.518086] [Service::RobotCommandService::RobotCommand]   Peer: ipv4:192.168.30.230:50330
[07/28/26 16:21:46.378950] [debug] [00:13:36.518236] [Service::RobotCommandService::RobotCommand]   IP: 192.168.30.230, Family: ipv4
[07/28/26 16:21:46.383752] [info] [00:13:36.523036] [ControlManager] Control started: {"type":"RobotCommand","control":{"type":"ComponentBasedCommand","components":{"mobility":null,"body":{"type":"BodyCommand","control":{"type":"JointPositionCommand","control":{"type":"JointPositionControl"}}},"head":{"type":"HeadCommand","control":{"type":"JointPositionCommand","control":{"type":"JointPositionControl"}}}}}} (priority: 1)
[07/28/26 16:21:48.141758] [debug] [00:13:38.281037] [ControlManager] Control finished: {"type":"RobotCommand","control":{"type":"ComponentBasedCommand","components":{"mobility":null,"body":{"type":"BodyCommand","control":{"type":"JointPositionCommand","control":{"type":"JointPositionControl"}}},"head":{"type":"HeadCommand","control":{"type":"JointPositionCommand","control":{"type":"JointPositionControl"}}}}}}
[07/28/26 16:21:48.141815] [info] [00:13:38.281096] [ControlInterface] Control completed successfully.
[07/28/26 16:21:48.141825] [debug] [00:13:38.281106] [ControlInterface::ExecutionStats] Average Control Time: 0.001 ms (max: 0.027 ms, min: 0.001 ms, sigma: 0.001 ms, count: 880)
[07/28/26 16:21:48.142716] [debug] [00:13:38.281996] [Service] Server method called: /rb.api.PowerService/ToolFlangePowerCommand
[07/28/26 16:21:48.142747] [debug] [00:13:38.282033] [Service::PowerService::ToolFlangePowerCommand] Requested: request_header { request_timestamp { seconds: 1785223255 nanos: 421580245 } } name: "right" command: COMMAND_POWER_12V
[07/28/26 16:21:48.142752] [debug] [00:13:38.282039] [Service::PowerService::ToolFlangePowerCommand] Result: Success
[07/28/26 16:21:48.143167] [debug] [00:13:38.282449] [Service] Server method called: /rb.api.PowerService/ToolFlangePowerCommand
[07/28/26 16:21:48.143190] [debug] [00:13:38.282477] [Service::PowerService::ToolFlangePowerCommand] Requested: request_header { request_timestamp { seconds: 1785223255 nanos: 422110211 } } name: "left" command: COMMAND_POWER_12V
[07/28/26 16:21:48.143194] [debug] [00:13:38.282482] [Service::PowerService::ToolFlangePowerCommand] Result: Success
[07/28/26 16:21:48.638726] [debug] [00:13:38.778002] [Hardware] Hardware Loop Stat (avg: 2.000 ms, min: 1.999 ms, max: 2.001 ms, count: 15000)
[07/28/26 16:21:48.661717] [debug] [00:13:38.801002] [ControlManager] Control Manager Loop Stat (avg: 2.000 ms, min: 1.997 ms, max: 2.003 ms, count: 15000)
[07/28/26 16:21:49.308834] [debug] [00:13:39.448113] [Service] Server method called: /rb.api.RobotCommandService/RobotCommand
[07/28/26 16:21:49.308899] [debug] [00:13:39.448183] [Service::RobotCommandService::RobotCommand] Requested: robot_command { component_based_command { body_command { joint_position_command { command_header { control_hold_time { seconds: 1 } } minimum_time { seconds: 4 } position: 0 position: 0.78539816339744828 position: -1.3962634015954636 position: 0.78539816339744828 position: 0 position: 0 position: 0 position: -0.26179938779914941 position: 0 position: -2.0943951023931953 position: 0 position: 0.52359877559829882 position: 0 position: 0 position: 0... [truncated]
[07/28/26 16:21:49.308902] [debug] [00:13:39.448189] [Service::RobotCommandService::RobotCommand]   Peer: ipv4:192.168.30.230:50330
[07/28/26 16:21:49.309085] [debug] [00:13:39.448371] [Service::RobotCommandService::RobotCommand]   IP: 192.168.30.230, Family: ipv4
[07/28/26 16:21:49.313743] [info] [00:13:39.453027] [ControlManager] Control started: {"type":"RobotCommand","control":{"type":"ComponentBasedCommand","components":{"mobility":null,"body":{"type":"BodyCommand","control":{"type":"JointPositionCommand","control":{"type":"JointPositionControl"}}},"head":{"type":"HeadCommand","control":{"type":"JointPositionCommand","control":{"type":"JointPositionControl"}}}}}} (priority: 1)
[07/28/26 16:21:54.571759] [debug] [00:13:44.711037] [ControlManager] Control finished: {"type":"RobotCommand","control":{"type":"ComponentBasedCommand","components":{"mobility":null,"body":{"type":"BodyCommand","control":{"type":"JointPositionCommand","control":{"type":"JointPositionControl"}}},"head":{"type":"HeadCommand","control":{"type":"JointPositionCommand","control":{"type":"JointPositionControl"}}}}}}
[07/28/26 16:21:54.571818] [info] [00:13:44.711099] [ControlInterface] Control completed successfully.
[07/28/26 16:21:54.571827] [debug] [00:13:44.711108] [ControlInterface::ExecutionStats] Average Control Time: 0.001 ms (max: 0.018 ms, min: 0.001 ms, sigma: 0.000 ms, count: 2630)
[07/28/26 16:21:54.572525] [debug] [00:13:44.711808] [Service] Server method called: /rb.api.RobotCommandService/RobotCommandStream
[07/28/26 16:21:54.572535] [debug] [00:13:44.711822] [Service::RobotCommandService::RobotCommandStream] Stream is created
[07/28/26 16:21:54.604428] [debug] [00:13:44.743709] [Service::RobotCommandService::RobotCommandStream] Requested: robot_command { component_based_command { mobility_command { se2_velocity_command { command_header { control_hold_time { seconds: 1 } } minimum_time { nanos: 10100000 } velocity { linear { } } acceleration_limit { linear { x: 1 y: 1 } angular: 1 } } } body_command { joint_impedance_control_command { command_header { control_hold_time { seconds: 1 } } minimum_time { nanos: 10100000 } position: -0.00013248230381442832 position: 0.78492500695975065 ... [truncated]
[07/28/26 16:21:54.604434] [debug] [00:13:44.743721] [Service::RobotCommandService::RobotCommandStream]   Peer: ipv4:192.168.30.230:50330
[07/28/26 16:21:54.604582] [debug] [00:13:44.743868] [Service::RobotCommandService::RobotCommandStream]   IP: 192.168.30.230, Family: ipv4
[07/28/26 16:21:54.609743] [info] [00:13:44.749029] [ControlManager] Control started: {"type":"RobotCommand","control":{"type":"ComponentBasedCommand","components":{"mobility":{"type":"MobilityCommand","control":{"type":"SE2VelocityCommand","control":{"type":"MobilitySE2VelocityControl"}}},"body":{"type":"BodyCommand","control":{"type":"JointImpedanceControlCommand","control":{"type":"JointImpedanceControl"}}},"head":{"type":"HeadCommand","control":{"type":"JointPositionCommand","control":{"type":"JointPositionControl"}}}}}} (priority: 1)
[07/28/26 16:22:02.078536] [debug] [00:13:52.217811] [Service] Server method called: /rb.api.RobotCommandService/RobotCommand
[07/28/26 16:22:02.078570] [debug] [00:13:52.217855] [Service::RobotCommandService::RobotCommand] Requested: robot_command { whole_body_command { stop_command { } } } priority: 99
[07/28/26 16:22:02.078573] [debug] [00:13:52.217860] [Service::RobotCommandService::RobotCommand]   Peer: ipv4:192.168.30.230:50330
[07/28/26 16:22:02.078729] [debug] [00:13:52.218015] [Service::RobotCommandService::RobotCommand]   IP: 192.168.30.230, Family: ipv4
[07/28/26 16:22:02.181900] [debug] [00:13:52.321179] [ControlManager] Control finished: {"type":"RobotCommand","control":{"type":"ComponentBasedCommand","components":{"mobility":{"type":"MobilityCommand","control":{"type":"SE2VelocityCommand","control":{"type":"MobilitySE2VelocityControl"}}},"body":{"type":"BodyCommand","control":{"type":"JointImpedanceControlCommand","control":{"type":"JointImpedanceControl"}}},"head":{"type":"HeadCommand","control":{"type":"JointPositionCommand","control":{"type":"JointPositionControl"}}}}}}
[07/28/26 16:22:02.182006] [debug] [00:13:52.321285] [Service::RobotCommandService::RobotCommandStream] OnReadDone (write_done: true, read_done: true)
[07/28/26 16:22:02.182023] [debug] [00:13:52.321306] [Service::RobotCommandService::RobotCommandStream] OnCancel
[07/28/26 16:22:02.182071] [info] [00:13:52.321353] [ControlInterface] Control was preempted or canceled by another request.
[07/28/26 16:22:02.182082] [debug] [00:13:52.321362] [ControlInterface::ExecutionStats] Average Control Time: 0.120 ms (max: 0.207 ms, min: 0.109 ms, sigma: 0.005 ms, count: 3787)
[07/28/26 16:22:02.182155] [debug] [00:13:52.321435] [Service::RobotCommandService::RobotCommandStream] OnDone: robot_command { component_based_command { mobility_command { se2_velocity_command { command_header { control_hold_time { seconds: 1 } } minimum_time { nanos: 10100000 } velocity { linear { } } acceleration_limit { linear { x: 1 y: 1 } angular: 1 } } } body_command { joint_impedance_control_command { command_header { control_hold_time { seconds: 1 } } minimum_time { nanos: 10100000 } position: -0.004239897316244569 position: 0.87222081521297889 po... [truncated]
[07/28/26 16:22:02.183731] [info] [00:13:52.323018] [ControlManager] Control started: {"type":"RobotCommand","control":{"type":"WholeBodyCommand","control":{"type":"StopControl","control":{"type":"JointVelocityControl"}}}} (priority: 99)
[07/28/26 16:22:02.183750] [debug] [00:13:52.323038] [ControlManager] Control finished: {"type":"RobotCommand","control":{"type":"WholeBodyCommand","control":{"type":"StopControl","control":{"type":"JointVelocityControl"}}}}
[07/28/26 16:22:02.183784] [info] [00:13:52.323068] [ControlInterface] Control completed successfully.
[07/28/26 16:22:02.183789] [debug] [00:13:52.323074] [ControlInterface::ExecutionStats] Average Control Time: 0.005 ms (max: 0.005 ms, min: 0.005 ms, sigma: 0.000 ms, count: 1)
[07/28/26 16:22:02.184718] [debug] [00:13:52.324002] [Service] Server method called: /rb.api.ControlManagerService/ControlManagerCommand
[07/28/26 16:22:02.184738] [debug] [00:13:52.324024] [Service::ControlManagerService::ControlManagerCommand] Requested: request_header { request_timestamp { seconds: 1785223269 nanos: 462681798 } } command: COMMAND_DISABLE
[07/28/26 16:22:02.184742] [info] [00:13:52.324029] [ControlManager::Disable] Disable request received. Starting the disabling process...
[07/28/26 16:22:02.185732] [info] [00:13:52.325019] [ControlManager::Disable] Control Manager successfully disabled
[07/28/26 16:22:10.669500] [debug] [00:14:00.808763] [Service] Server method called: /rb.api.RobotInfoService/GetRobotInfo
[07/28/26 16:22:10.669535] [debug] [00:14:00.808821] [Service::RobotInfoService::GetRobotInfo] Requested: request_header { request_timestamp { seconds: 1785223277 nanos: 946779319 } }
[07/28/26 16:22:10.670215] [debug] [00:14:00.809497] [Service] Server method called: /rb.api.RobotStateService/GetRobotState
[07/28/26 16:22:10.670234] [debug] [00:14:00.809520] [Service::RobotStateService::GetRobotState] Requested: request_header { request_timestamp { seconds: 1785223277 nanos: 947636161 } }
[07/28/26 16:22:10.670954] [debug] [00:14:00.810234] [Service] Server method called: /rb.api.RobotInfoService/GetRobotInfo
[07/28/26 16:22:10.670978] [debug] [00:14:00.810264] [Service::RobotInfoService::GetRobotInfo] Requested: request_header { request_timestamp { seconds: 1785223277 nanos: 948374621 } }
[07/28/26 16:22:10.671623] [debug] [00:14:00.810907] [Service] Server method called: /rb.api.RobotStateService/GetRobotState
[07/28/26 16:22:10.671640] [debug] [00:14:00.810926] [Service::RobotStateService::GetRobotState] Requested: request_header { request_timestamp { seconds: 1785223277 nanos: 949060417 } }
[07/28/26 16:22:10.672186] [debug] [00:14:00.811466] [Service] Server method called: /rb.api.RobotStateService/GetControlManagerState
[07/28/26 16:22:10.672202] [debug] [00:14:00.811489] [Service::RobotStateService::GetControlManagerState] Requested: request_header { request_timestamp { seconds: 1785223277 nanos: 949671499 } }
[07/28/26 16:22:10.672630] [debug] [00:14:00.811911] [Service] Server method called: /rb.api.RobotInfoService/GetRobotInfo
[07/28/26 16:22:10.672655] [debug] [00:14:00.811941] [Service::RobotInfoService::GetRobotInfo] Requested: request_header { request_timestamp { seconds: 1785223277 nanos: 950068339 } }
[07/28/26 16:22:10.673196] [debug] [00:14:00.812479] [Service] Server method called: /rb.api.RobotStateService/GetRobotState
[07/28/26 16:22:10.673211] [debug] [00:14:00.812497] [Service::RobotStateService::GetRobotState] Requested: request_header { request_timestamp { seconds: 1785223277 nanos: 950658767 } }
[07/28/26 16:22:10.673929] [debug] [00:14:00.813213] [Service] Server method called: /rb.api.RobotStateService/GetRobotState
[07/28/26 16:22:10.673944] [debug] [00:14:00.813230] [Service::RobotStateService::GetRobotState] Requested: request_header { request_timestamp { seconds: 1785223277 nanos: 951376890 } }
[07/28/26 16:22:10.674516] [debug] [00:14:00.813800] [Service] Server method called: /rb.api.RobotInfoService/GetRobotInfo
[07/28/26 16:22:10.674530] [debug] [00:14:00.813816] [Service::RobotInfoService::GetRobotInfo] Requested: request_header { request_timestamp { seconds: 1785223277 nanos: 951970462 } }
[07/28/26 16:22:10.675152] [debug] [00:14:00.814436] [Service] Server method called: /rb.api.ControlManagerService/ControlManagerCommand
[07/28/26 16:22:10.675172] [debug] [00:14:00.814458] [Service::ControlManagerService::ControlManagerCommand] Requested: request_header { request_timestamp { seconds: 1785223277 nanos: 952601056 } } command: COMMAND_ENABLE unlimited_mode_enabled { }
[07/28/26 16:22:10.675176] [info] [00:14:00.814463] [ControlManager::Enable] Enable request received. Starting the enabling process...
[07/28/26 16:22:10.675729] [info] [00:14:00.815016] [ControlManager::Enable] Control Manager successfully enabled
[07/28/26 16:22:10.676039] [debug] [00:14:00.815323] [Service] Server method called: /rb.api.ParameterService/SetParameter
[07/28/26 16:22:10.676057] [debug] [00:14:00.815343] [Service::ParameterService::SetParameter] Requested: request_header { request_timestamp { seconds: 1785223277 nanos: 953498313 } } name: "cartesian_command.cutoff_frequency" parameter: "{\"value\":5,\"write_db\":true}"
[07/28/26 16:22:10.688359] [debug] [00:14:00.827642] [Service] Server method called: /rb.api.ParameterService/SetParameter
[07/28/26 16:22:10.688376] [debug] [00:14:00.827662] [Service::ParameterService::SetParameter] Requested: request_header { request_timestamp { seconds: 1785223277 nanos: 965802681 } } name: "default.acceleration_limit_scaling" parameter: "{\"value\":1.0,\"write_db\":true}"
[07/28/26 16:22:10.694279] [debug] [00:14:00.833561] [Service] Server method called: /rb.api.ParameterService/SetParameter
[07/28/26 16:22:10.694298] [debug] [00:14:00.833584] [Service::ParameterService::SetParameter] Requested: request_header { request_timestamp { seconds: 1785223277 nanos: 971680814 } } name: "default.angular_acceleration_limit" parameter: "{\"value\":10,\"write_db\":true}"
[07/28/26 16:22:10.700227] [debug] [00:14:00.839509] [Service] Server method called: /rb.api.ParameterService/SetParameter
[07/28/26 16:22:10.700244] [debug] [00:14:00.839531] [Service::ParameterService::SetParameter] Requested: request_header { request_timestamp { seconds: 1785223277 nanos: 977665811 } } name: "default.linear_acceleration_limit" parameter: "{\"value\":20,\"write_db\":true}"
[07/28/26 16:22:10.710269] [debug] [00:14:00.849552] [Service] Server method called: /rb.api.ParameterService/SetParameter
[07/28/26 16:22:10.710287] [debug] [00:14:00.849573] [Service::ParameterService::SetParameter] Requested: request_header { request_timestamp { seconds: 1785223277 nanos: 987735260 } } name: "joint_position_command.cutoff_frequency" parameter: "{\"value\":5,\"write_db\":true}"
[07/28/26 16:22:10.716443] [debug] [00:14:00.855725] [Service] Server method called: /rb.api.RobotCommandService/RobotCommand
[07/28/26 16:22:10.716517] [debug] [00:14:00.855801] [Service::RobotCommandService::RobotCommand] Requested: robot_command { component_based_command { body_command { joint_position_command { command_header { control_hold_time { seconds: 1 } } minimum_time { nanos: 500000000 } position: -0.00021642798244921177 position: 1.0997085486459273 position: -1.5206495835631995 position: 0.77330097827318189 position: 0.00099860630498495957 position: 4.1766803630549638e-05 position: -0.018700137080041541 position: -0.26221579017473884 position: -0.00549803015063962... [truncated]
[07/28/26 16:22:10.716521] [debug] [00:14:00.855808] [Service::RobotCommandService::RobotCommand]   Peer: ipv4:192.168.30.230:50330
[07/28/26 16:22:10.716677] [debug] [00:14:00.855962] [Service::RobotCommandService::RobotCommand]   IP: 192.168.30.230, Family: ipv4
[07/28/26 16:22:10.721749] [info] [00:14:00.861034] [ControlManager] Control started: {"type":"RobotCommand","control":{"type":"ComponentBasedCommand","components":{"mobility":null,"body":{"type":"BodyCommand","control":{"type":"JointPositionCommand","control":{"type":"JointPositionControl"}}},"head":{"type":"HeadCommand","control":{"type":"JointPositionCommand","control":{"type":"JointPositionControl"}}}}}} (priority: 1)
[07/28/26 16:22:12.479755] [debug] [00:14:02.619036] [ControlManager] Control finished: {"type":"RobotCommand","control":{"type":"ComponentBasedCommand","components":{"mobility":null,"body":{"type":"BodyCommand","control":{"type":"JointPositionCommand","control":{"type":"JointPositionControl"}}},"head":{"type":"HeadCommand","control":{"type":"JointPositionCommand","control":{"type":"JointPositionControl"}}}}}}
[07/28/26 16:22:12.479820] [info] [00:14:02.619103] [ControlInterface] Control completed successfully.
[07/28/26 16:22:12.479829] [debug] [00:14:02.619111] [ControlInterface::ExecutionStats] Average Control Time: 0.001 ms (max: 0.023 ms, min: 0.001 ms, sigma: 0.001 ms, count: 880)
[07/28/26 16:22:12.480916] [debug] [00:14:02.620199] [Service] Server method called: /rb.api.PowerService/ToolFlangePowerCommand
[07/28/26 16:22:12.480945] [debug] [00:14:02.620231] [Service::PowerService::ToolFlangePowerCommand] Requested: request_header { request_timestamp { seconds: 1785223279 nanos: 758207948 } } name: "right" command: COMMAND_POWER_12V
[07/28/26 16:22:12.480950] [debug] [00:14:02.620237] [Service::PowerService::ToolFlangePowerCommand] Result: Success
[07/28/26 16:22:12.481287] [debug] [00:14:02.620569] [Service] Server method called: /rb.api.PowerService/ToolFlangePowerCommand
[07/28/26 16:22:12.481306] [debug] [00:14:02.620593] [Service::PowerService::ToolFlangePowerCommand] Requested: request_header { request_timestamp { seconds: 1785223279 nanos: 758616738 } } name: "left" command: COMMAND_POWER_12V
[07/28/26 16:22:12.481310] [debug] [00:14:02.620598] [Service::PowerService::ToolFlangePowerCommand] Result: Success
[07/28/26 16:22:13.644104] [debug] [00:14:03.783380] [Service] Server method called: /rb.api.RobotCommandService/RobotCommand
[07/28/26 16:22:13.644170] [debug] [00:14:03.783455] [Service::RobotCommandService::RobotCommand] Requested: robot_command { component_based_command { body_command { joint_position_command { command_header { control_hold_time { seconds: 1 } } minimum_time { seconds: 4 } position: 0 position: 0.78539816339744828 position: -1.3962634015954636 position: 0.78539816339744828 position: 0 position: 0 position: 0 position: -0.26179938779914941 position: 0 position: -2.0943951023931953 position: 0 position: 0.52359877559829882 position: 0 position: 0 position: 0... [truncated]
[07/28/26 16:22:13.644172] [debug] [00:14:03.783460] [Service::RobotCommandService::RobotCommand]   Peer: ipv4:192.168.30.230:50330
[07/28/26 16:22:13.644305] [debug] [00:14:03.783592] [Service::RobotCommandService::RobotCommand]   IP: 192.168.30.230, Family: ipv4
[07/28/26 16:22:13.649739] [info] [00:14:03.789024] [ControlManager] Control started: {"type":"RobotCommand","control":{"type":"ComponentBasedCommand","components":{"mobility":null,"body":{"type":"BodyCommand","control":{"type":"JointPositionCommand","control":{"type":"JointPositionControl"}}},"head":{"type":"HeadCommand","control":{"type":"JointPositionCommand","control":{"type":"JointPositionControl"}}}}}} (priority: 1)
[07/28/26 16:22:18.638728] [debug] [00:14:08.778003] [Hardware] Hardware Loop Stat (avg: 2.000 ms, min: 1.998 ms, max: 2.002 ms, count: 15000)
[07/28/26 16:22:18.661718] [debug] [00:14:08.801002] [ControlManager] Control Manager Loop Stat (avg: 2.000 ms, min: 1.998 ms, max: 2.002 ms, count: 15000)
[07/28/26 16:22:18.907755] [debug] [00:14:09.047039] [ControlManager] Control finished: {"type":"RobotCommand","control":{"type":"ComponentBasedCommand","components":{"mobility":null,"body":{"type":"BodyCommand","control":{"type":"JointPositionCommand","control":{"type":"JointPositionControl"}}},"head":{"type":"HeadCommand","control":{"type":"JointPositionCommand","control":{"type":"JointPositionControl"}}}}}}
[07/28/26 16:22:18.907807] [info] [00:14:09.047091] [ControlInterface] Control completed successfully.
[07/28/26 16:22:18.907815] [debug] [00:14:09.047097] [ControlInterface::ExecutionStats] Average Control Time: 0.001 ms (max: 0.019 ms, min: 0.001 ms, sigma: 0.000 ms, count: 2630)
[07/28/26 16:22:18.908650] [debug] [00:14:09.047931] [Service] Server method called: /rb.api.RobotCommandService/RobotCommandStream
[07/28/26 16:22:18.908662] [debug] [00:14:09.047948] [Service::RobotCommandService::RobotCommandStream] Stream is created
[07/28/26 16:22:18.940976] [debug] [00:14:09.080257] [Service::RobotCommandService::RobotCommandStream] Requested: robot_command { component_based_command { mobility_command { se2_velocity_command { command_header { control_hold_time { seconds: 1 } } minimum_time { nanos: 10100000 } velocity { linear { } } acceleration_limit { linear { x: 1 y: 1 } angular: 1 } } } body_command { joint_impedance_control_command { command_header { control_hold_time { seconds: 1 } } minimum_time { nanos: 10100000 } position: -0.00013259796272420451 position: 0.78492460476036718 ... [truncated]
[07/28/26 16:22:18.940983] [debug] [00:14:09.080270] [Service::RobotCommandService::RobotCommandStream]   Peer: ipv4:192.168.30.230:50330
[07/28/26 16:22:18.941143] [debug] [00:14:09.080428] [Service::RobotCommandService::RobotCommandStream]   IP: 192.168.30.230, Family: ipv4
[07/28/26 16:22:18.945744] [info] [00:14:09.085030] [ControlManager] Control started: {"type":"RobotCommand","control":{"type":"ComponentBasedCommand","components":{"mobility":{"type":"MobilityCommand","control":{"type":"SE2VelocityCommand","control":{"type":"MobilitySE2VelocityControl"}}},"body":{"type":"BodyCommand","control":{"type":"JointImpedanceControlCommand","control":{"type":"JointImpedanceControl"}}},"head":{"type":"HeadCommand","control":{"type":"JointPositionCommand","control":{"type":"JointPositionControl"}}}}}} (priority: 1)
[07/28/26 16:22:26.191065] [debug] [00:14:16.330340] [Service] Server method called: /rb.api.RobotCommandService/RobotCommand
[07/28/26 16:22:26.191099] [debug] [00:14:16.330384] [Service::RobotCommandService::RobotCommand] Requested: robot_command { whole_body_command { stop_command { } } } priority: 10
[07/28/26 16:22:26.191103] [debug] [00:14:16.330390] [Service::RobotCommandService::RobotCommand]   Peer: ipv4:192.168.30.230:50330
[07/28/26 16:22:26.191257] [debug] [00:14:16.330543] [Service::RobotCommandService::RobotCommand]   IP: 192.168.30.230, Family: ipv4
[07/28/26 16:22:26.199727] [debug] [00:14:16.339005] [Service::RobotCommandService::RobotCommandStream] OnReadDone (write_done: true, read_done: true)
[07/28/26 16:22:26.199733] [debug] [00:14:16.339016] [Service::RobotCommandService::RobotCommandStream] OnCancel
[07/28/26 16:22:26.199858] [info] [00:14:16.339144] [ControlManager::CancelControl] Control cancel request received
[07/28/26 16:22:26.199916] [debug] [00:14:16.339201] [Service::RobotCommandService::RobotCommandStream] OnDone: robot_command { component_based_command { mobility_command { se2_velocity_command { command_header { control_hold_time { seconds: 1 } } minimum_time { nanos: 10100000 } velocity { linear { } } acceleration_limit { linear { x: 1 y: 1 } angular: 1 } } } body_command { joint_impedance_control_command { command_header { control_hold_time { seconds: 1 } } minimum_time { nanos: 10100000 } position: 0.042438205730142169 position: 1.1102692401982137 posi... [truncated]
[07/28/26 16:22:26.199919] [info] [00:14:16.339206] [ControlManager::CancelControl] Control cancel request received
[07/28/26 16:22:26.201861] [warning] [00:14:16.341146] [ControlManager::CancelControl] Target control is not currently running
[07/28/26 16:22:26.201869] [debug] [00:14:16.341156] [ControlManager::CancelControl] Cancelling control
[07/28/26 16:22:26.201870] [error] [00:14:16.341157] [ControlManager::CancelControl] Failed to start control canceling process
[07/28/26 16:22:26.201873] [info] [00:14:16.341160] [Service::RobotCommandService::RobotCommand] Control canceled
[07/28/26 16:22:26.201876] [info] [00:14:16.341163] [ControlManager::CancelControl] Control canceling process is successfully starting...
[07/28/26 16:22:26.293891] [debug] [00:14:16.433175] [ControlManager] Control finished: {"type":"RobotCommand","control":{"type":"ComponentBasedCommand","components":{"mobility":{"type":"MobilityCommand","control":{"type":"SE2VelocityCommand","control":{"type":"MobilitySE2VelocityControl"}}},"body":{"type":"BodyCommand","control":{"type":"JointImpedanceControlCommand","control":{"type":"JointImpedanceControl"}}},"head":{"type":"HeadCommand","control":{"type":"JointPositionCommand","control":{"type":"JointPositionControl"}}}}}}
[07/28/26 16:22:26.293944] [info] [00:14:16.433227] [ControlInterface] Control was preempted or canceled by another request.
[07/28/26 16:22:26.293954] [debug] [00:14:16.433235] [ControlInterface::ExecutionStats] Average Control Time: 0.119 ms (max: 0.195 ms, min: 0.109 ms, sigma: 0.005 ms, count: 3675)
[07/28/26 16:22:26.295732] [info] [00:14:16.435018] [ControlManager] Control started: {"type":"RobotCommand","control":{"type":"WholeBodyCommand","control":{"type":"StopControl","control":{"type":"JointVelocityControl"}}}} (priority: 10)
[07/28/26 16:22:26.295752] [debug] [00:14:16.435040] [ControlManager] Control finished: {"type":"RobotCommand","control":{"type":"WholeBodyCommand","control":{"type":"StopControl","control":{"type":"JointVelocityControl"}}}}
[07/28/26 16:22:26.295784] [info] [00:14:16.435069] [ControlInterface] Control completed successfully.
[07/28/26 16:22:26.295790] [debug] [00:14:16.435074] [ControlInterface::ExecutionStats] Average Control Time: 0.006 ms (max: 0.006 ms, min: 0.006 ms, sigma: 0.000 ms, count: 1)
[07/28/26 16:22:28.220212] [debug] [00:14:18.359487] [Service] Server method called: /rb.api.RobotInfoService/GetRobotInfo
[07/28/26 16:22:28.220245] [debug] [00:14:18.359531] [Service::RobotInfoService::GetRobotInfo] Requested: request_header { request_timestamp { seconds: 1785223295 nanos: 496423658 } }
[07/28/26 16:22:28.221036] [debug] [00:14:18.360318] [Service] Server method called: /rb.api.RobotStateService/GetRobotState
[07/28/26 16:22:28.221057] [debug] [00:14:18.360342] [Service::RobotStateService::GetRobotState] Requested: request_header { request_timestamp { seconds: 1785223295 nanos: 497364330 } }
[07/28/26 16:22:28.221762] [debug] [00:14:18.361043] [Service] Server method called: /rb.api.RobotInfoService/GetRobotInfo
[07/28/26 16:22:28.221782] [debug] [00:14:18.361068] [Service::RobotInfoService::GetRobotInfo] Requested: request_header { request_timestamp { seconds: 1785223295 nanos: 498090984 } }
[07/28/26 16:22:28.222215] [debug] [00:14:18.361498] [Service] Server method called: /rb.api.RobotStateService/GetRobotState
[07/28/26 16:22:28.222233] [debug] [00:14:18.361519] [Service::RobotStateService::GetRobotState] Requested: request_header { request_timestamp { seconds: 1785223295 nanos: 498595512 } }
[07/28/26 16:22:28.222722] [debug] [00:14:18.362003] [Service] Server method called: /rb.api.RobotStateService/GetControlManagerState
[07/28/26 16:22:28.222739] [debug] [00:14:18.362025] [Service::RobotStateService::GetControlManagerState] Requested: request_header { request_timestamp { seconds: 1785223295 nanos: 499106136 } }
[07/28/26 16:22:28.223054] [debug] [00:14:18.362337] [Service] Server method called: /rb.api.RobotCommandService/RobotCommand
[07/28/26 16:22:28.223074] [debug] [00:14:18.362360] [Service::RobotCommandService::RobotCommand] Requested: robot_command { whole_body_command { stop_command { } } } priority: 99
[07/28/26 16:22:28.223077] [debug] [00:14:18.362364] [Service::RobotCommandService::RobotCommand]   Peer: ipv4:192.168.30.230:50330
[07/28/26 16:22:28.223226] [debug] [00:14:18.362512] [Service::RobotCommandService::RobotCommand]   IP: 192.168.30.230, Family: ipv4
[07/28/26 16:22:28.227735] [info] [00:14:18.367019] [ControlManager] Control started: {"type":"RobotCommand","control":{"type":"WholeBodyCommand","control":{"type":"StopControl","control":{"type":"JointVelocityControl"}}}} (priority: 99)
[07/28/26 16:22:28.227753] [debug] [00:14:18.367040] [ControlManager] Control finished: {"type":"RobotCommand","control":{"type":"WholeBodyCommand","control":{"type":"StopControl","control":{"type":"JointVelocityControl"}}}}
[07/28/26 16:22:28.227782] [info] [00:14:18.367068] [ControlInterface] Control completed successfully.
[07/28/26 16:22:28.227791] [debug] [00:14:18.367073] [ControlInterface::ExecutionStats] Average Control Time: 0.004 ms (max: 0.004 ms, min: 0.004 ms, sigma: 0.000 ms, count: 1)
[07/28/26 16:22:28.228258] [debug] [00:14:18.367542] [Service] Server method called: /rb.api.ControlManagerService/ControlManagerCommand
[07/28/26 16:22:28.228273] [debug] [00:14:18.367560] [Service::ControlManagerService::ControlManagerCommand] Requested: request_header { request_timestamp { seconds: 1785223295 nanos: 504635709 } } command: COMMAND_DISABLE
[07/28/26 16:22:28.228276] [info] [00:14:18.367564] [ControlManager::Disable] Disable request received. Starting the disabling process...
[07/28/26 16:22:28.229729] [info] [00:14:18.369016] [ControlManager::Disable] Control Manager successfully disabled
[07/28/26 16:22:28.230264] [debug] [00:14:18.369548] [Service] Server method called: /rb.api.RobotInfoService/GetRobotInfo
[07/28/26 16:22:28.230278] [debug] [00:14:18.369565] [Service::RobotInfoService::GetRobotInfo] Requested: request_header { request_timestamp { seconds: 1785223295 nanos: 506636503 } }
[07/28/26 16:22:28.230881] [debug] [00:14:18.370166] [Service] Server method called: /rb.api.RobotStateService/GetRobotState
[07/28/26 16:22:28.230895] [debug] [00:14:18.370181] [Service::RobotStateService::GetRobotState] Requested: request_header { request_timestamp { seconds: 1785223295 nanos: 507257277 } }
[07/28/26 16:22:28.231457] [debug] [00:14:18.370741] [Service] Server method called: /rb.api.RobotStateService/GetRobotState
[07/28/26 16:22:28.231472] [debug] [00:14:18.370758] [Service::RobotStateService::GetRobotState] Requested: request_header { request_timestamp { seconds: 1785223295 nanos: 507841421 } }
[07/28/26 16:22:28.231891] [debug] [00:14:18.371175] [Service] Server method called: /rb.api.RobotInfoService/GetRobotInfo
[07/28/26 16:22:28.231905] [debug] [00:14:18.371191] [Service::RobotInfoService::GetRobotInfo] Requested: request_header { request_timestamp { seconds: 1785223295 nanos: 508291015 } }
[07/28/26 16:22:28.232420] [debug] [00:14:18.371707] [Service] Server method called: /rb.api.ControlManagerService/ControlManagerCommand
[07/28/26 16:22:28.232430] [debug] [00:14:18.371717] [Service::ControlManagerService::ControlManagerCommand] Requested: request_header { request_timestamp { seconds: 1785223295 nanos: 508831558 } } command: COMMAND_ENABLE unlimited_mode_enabled { }
[07/28/26 16:22:28.232432] [info] [00:14:18.371720] [ControlManager::Enable] Enable request received. Starting the enabling process...
[07/28/26 16:22:28.233724] [info] [00:14:18.373012] [ControlManager::Enable] Control Manager successfully enabled
[07/28/26 16:22:28.234083] [debug] [00:14:18.373368] [Service] Server method called: /rb.api.ParameterService/SetParameter
[07/28/26 16:22:28.234101] [debug] [00:14:18.373387] [Service::ParameterService::SetParameter] Requested: request_header { request_timestamp { seconds: 1785223295 nanos: 510468792 } } name: "cartesian_command.cutoff_frequency" parameter: "{\"value\":5,\"write_db\":true}"
[07/28/26 16:22:28.244356] [debug] [00:14:18.383638] [Service] Server method called: /rb.api.ParameterService/SetParameter
[07/28/26 16:22:28.244374] [debug] [00:14:18.383660] [Service::ParameterService::SetParameter] Requested: request_header { request_timestamp { seconds: 1785223295 nanos: 520722086 } } name: "default.acceleration_limit_scaling" parameter: "{\"value\":1.0,\"write_db\":true}"
[07/28/26 16:22:28.250487] [debug] [00:14:18.389774] [Service] Server method called: /rb.api.ParameterService/SetParameter
[07/28/26 16:22:28.250497] [debug] [00:14:18.389784] [Service::ParameterService::SetParameter] Requested: request_header { request_timestamp { seconds: 1785223295 nanos: 526857486 } } name: "default.angular_acceleration_limit" parameter: "{\"value\":10,\"write_db\":true}"
[07/28/26 16:22:28.258377] [debug] [00:14:18.397659] [Service] Server method called: /rb.api.ParameterService/SetParameter
[07/28/26 16:22:28.258395] [debug] [00:14:18.397681] [Service::ParameterService::SetParameter] Requested: request_header { request_timestamp { seconds: 1785223295 nanos: 534737505 } } name: "default.linear_acceleration_limit" parameter: "{\"value\":20,\"write_db\":true}"
[07/28/26 16:22:28.264406] [debug] [00:14:18.403687] [Service] Server method called: /rb.api.ParameterService/SetParameter
[07/28/26 16:22:28.264423] [debug] [00:14:18.403709] [Service::ParameterService::SetParameter] Requested: request_header { request_timestamp { seconds: 1785223295 nanos: 540758793 } } name: "joint_position_command.cutoff_frequency" parameter: "{\"value\":5,\"write_db\":true}"
[07/28/26 16:22:28.270431] [debug] [00:14:18.409712] [Service] Server method called: /rb.api.RobotCommandService/RobotCommand
[07/28/26 16:22:28.270492] [debug] [00:14:18.409777] [Service::RobotCommandService::RobotCommand] Requested: robot_command { component_based_command { body_command { joint_position_command { command_header { control_hold_time { seconds: 1 } } minimum_time { nanos: 500000000 } position: 0.017705327757204816 position: 1.3864490465160952 position: -1.5405571609663786 position: 0.83169856371298667 position: 0.023658995765632254 position: 0.37939445625132 position: -0.13019092389857145 position: -0.34915149344065383 position: -0.3406804262679487 position: -1... [truncated]
[07/28/26 16:22:28.270495] [debug] [00:14:18.409783] [Service::RobotCommandService::RobotCommand]   Peer: ipv4:192.168.30.230:50330
[07/28/26 16:22:28.270639] [debug] [00:14:18.409925] [Service::RobotCommandService::RobotCommand]   IP: 192.168.30.230, Family: ipv4
[07/28/26 16:22:28.275743] [info] [00:14:18.415029] [ControlManager] Control started: {"type":"RobotCommand","control":{"type":"ComponentBasedCommand","components":{"mobility":null,"body":{"type":"BodyCommand","control":{"type":"JointPositionCommand","control":{"type":"JointPositionControl"}}},"head":{"type":"HeadCommand","control":{"type":"JointPositionCommand","control":{"type":"JointPositionControl"}}}}}} (priority: 1)
[07/28/26 16:22:30.033758] [debug] [00:14:20.173036] [ControlManager] Control finished: {"type":"RobotCommand","control":{"type":"ComponentBasedCommand","components":{"mobility":null,"body":{"type":"BodyCommand","control":{"type":"JointPositionCommand","control":{"type":"JointPositionControl"}}},"head":{"type":"HeadCommand","control":{"type":"JointPositionCommand","control":{"type":"JointPositionControl"}}}}}}
[07/28/26 16:22:30.033815] [info] [00:14:20.173096] [ControlInterface] Control completed successfully.
[07/28/26 16:22:30.033824] [debug] [00:14:20.173105] [ControlInterface::ExecutionStats] Average Control Time: 0.001 ms (max: 0.025 ms, min: 0.001 ms, sigma: 0.001 ms, count: 880)
[07/28/26 16:22:30.034717] [debug] [00:14:20.173999] [Service] Server method called: /rb.api.PowerService/ToolFlangePowerCommand
[07/28/26 16:22:30.034746] [debug] [00:14:20.174032] [Service::PowerService::ToolFlangePowerCommand] Requested: request_header { request_timestamp { seconds: 1785223297 nanos: 310920669 } } name: "right" command: COMMAND_POWER_12V
[07/28/26 16:22:30.034751] [debug] [00:14:20.174039] [Service::PowerService::ToolFlangePowerCommand] Result: Success
[07/28/26 16:22:30.035190] [debug] [00:14:20.174473] [Service] Server method called: /rb.api.PowerService/ToolFlangePowerCommand
[07/28/26 16:22:30.035213] [debug] [00:14:20.174499] [Service::PowerService::ToolFlangePowerCommand] Requested: request_header { request_timestamp { seconds: 1785223297 nanos: 311433947 } } name: "left" command: COMMAND_POWER_12V
[07/28/26 16:22:30.035217] [debug] [00:14:20.174504] [Service::PowerService::ToolFlangePowerCommand] Result: Success
[07/28/26 16:22:31.160748] [debug] [00:14:21.300025] [Service] Server method called: /rb.api.RobotCommandService/RobotCommand
[07/28/26 16:22:31.160817] [debug] [00:14:21.300101] [Service::RobotCommandService::RobotCommand] Requested: robot_command { component_based_command { body_command { joint_position_command { command_header { control_hold_time { seconds: 1 } } minimum_time { seconds: 4 } position: 0 position: 0.78539816339744828 position: -1.3962634015954636 position: 0.78539816339744828 position: 0 position: 0 position: 0 position: -0.26179938779914941 position: 0 position: -2.0943951023931953 position: 0 position: 0.52359877559829882 position: 0 position: 0 position: 0... [truncated]
[07/28/26 16:22:31.160821] [debug] [00:14:21.300108] [Service::RobotCommandService::RobotCommand]   Peer: ipv4:192.168.30.230:50330
[07/28/26 16:22:31.160971] [debug] [00:14:21.300257] [Service::RobotCommandService::RobotCommand]   IP: 192.168.30.230, Family: ipv4
[07/28/26 16:22:31.165749] [info] [00:14:21.305031] [ControlManager] Control started: {"type":"RobotCommand","control":{"type":"ComponentBasedCommand","components":{"mobility":null,"body":{"type":"BodyCommand","control":{"type":"JointPositionCommand","control":{"type":"JointPositionControl"}}},"head":{"type":"HeadCommand","control":{"type":"JointPositionCommand","control":{"type":"JointPositionControl"}}}}}} (priority: 1)
[07/28/26 16:22:36.423758] [debug] [00:14:26.563038] [ControlManager] Control finished: {"type":"RobotCommand","control":{"type":"ComponentBasedCommand","components":{"mobility":null,"body":{"type":"BodyCommand","control":{"type":"JointPositionCommand","control":{"type":"JointPositionControl"}}},"head":{"type":"HeadCommand","control":{"type":"JointPositionCommand","control":{"type":"JointPositionControl"}}}}}}
[07/28/26 16:22:36.423822] [info] [00:14:26.563102] [ControlInterface] Control completed successfully.
[07/28/26 16:22:36.423831] [debug] [00:14:26.563112] [ControlInterface::ExecutionStats] Average Control Time: 0.001 ms (max: 0.020 ms, min: 0.001 ms, sigma: 0.000 ms, count: 2630)
[07/28/26 16:22:36.424292] [debug] [00:14:26.563573] [Service] Server method called: /rb.api.RobotCommandService/RobotCommandStream
[07/28/26 16:22:36.424305] [debug] [00:14:26.563591] [Service::RobotCommandService::RobotCommandStream] Stream is created
[07/28/26 16:22:36.455810] [debug] [00:14:26.595091] [Service::RobotCommandService::RobotCommandStream] Requested: robot_command { component_based_command { mobility_command { se2_velocity_command { command_header { control_hold_time { seconds: 1 } } minimum_time { nanos: 10100000 } velocity { linear { } } acceleration_limit { linear { x: 1 y: 1 } angular: 1 } } } body_command { joint_impedance_control_command { command_header { control_hold_time { seconds: 1 } } minimum_time { nanos: 10100000 } position: -0.00015489442783227437 position: 0.7848127602873971 p... [truncated]
[07/28/26 16:22:36.455817] [debug] [00:14:26.595104] [Service::RobotCommandService::RobotCommandStream]   Peer: ipv4:192.168.30.230:50330
[07/28/26 16:22:36.455963] [debug] [00:14:26.595249] [Service::RobotCommandService::RobotCommandStream]   IP: 192.168.30.230, Family: ipv4
[07/28/26 16:22:36.461745] [info] [00:14:26.601030] [ControlManager] Control started: {"type":"RobotCommand","control":{"type":"ComponentBasedCommand","components":{"mobility":{"type":"MobilityCommand","control":{"type":"SE2VelocityCommand","control":{"type":"MobilitySE2VelocityControl"}}},"body":{"type":"BodyCommand","control":{"type":"JointImpedanceControlCommand","control":{"type":"JointImpedanceControl"}}},"head":{"type":"HeadCommand","control":{"type":"JointPositionCommand","control":{"type":"JointPositionControl"}}}}}} (priority: 1)
[07/28/26 16:22:43.526535] [debug] [00:14:33.665809] [Service] Server method called: /rb.api.RobotCommandService/RobotCommand
[07/28/26 16:22:43.526568] [debug] [00:14:33.665854] [Service::RobotCommandService::RobotCommand] Requested: robot_command { whole_body_command { stop_command { } } } priority: 99
[07/28/26 16:22:43.526572] [debug] [00:14:33.665859] [Service::RobotCommandService::RobotCommand]   Peer: ipv4:192.168.30.230:50330
[07/28/26 16:22:43.526739] [debug] [00:14:33.666025] [Service::RobotCommandService::RobotCommand]   IP: 192.168.30.230, Family: ipv4
[07/28/26 16:22:43.629888] [debug] [00:14:33.769169] [ControlManager] Control finished: {"type":"RobotCommand","control":{"type":"ComponentBasedCommand","components":{"mobility":{"type":"MobilityCommand","control":{"type":"SE2VelocityCommand","control":{"type":"MobilitySE2VelocityControl"}}},"body":{"type":"BodyCommand","control":{"type":"JointImpedanceControlCommand","control":{"type":"JointImpedanceControl"}}},"head":{"type":"HeadCommand","control":{"type":"JointPositionCommand","control":{"type":"JointPositionControl"}}}}}}
[07/28/26 16:22:43.629986] [debug] [00:14:33.769267] [Service::RobotCommandService::RobotCommandStream] OnReadDone (write_done: true, read_done: true)
[07/28/26 16:22:43.630004] [debug] [00:14:33.769287] [Service::RobotCommandService::RobotCommandStream] OnCancel
[07/28/26 16:22:43.630071] [info] [00:14:33.769355] [ControlInterface] Control was preempted or canceled by another request.
[07/28/26 16:22:43.630080] [debug] [00:14:33.769361] [ControlInterface::ExecutionStats] Average Control Time: 0.118 ms (max: 0.189 ms, min: 0.109 ms, sigma: 0.005 ms, count: 3585)
[07/28/26 16:22:43.630175] [debug] [00:14:33.769457] [Service::RobotCommandService::RobotCommandStream] OnDone: robot_command { component_based_command { mobility_command { se2_velocity_command { command_header { control_hold_time { seconds: 1 } } minimum_time { nanos: 10100000 } velocity { linear { } } acceleration_limit { linear { x: 1 y: 1 } angular: 1 } } } body_command { joint_impedance_control_command { command_header { control_hold_time { seconds: 1 } } minimum_time { nanos: 10100000 } position: 0.0023264261290361419 position: 0.86611603676410664 po... [truncated]
[07/28/26 16:22:43.631732] [info] [00:14:33.771017] [ControlManager] Control started: {"type":"RobotCommand","control":{"type":"WholeBodyCommand","control":{"type":"StopControl","control":{"type":"JointVelocityControl"}}}} (priority: 99)
[07/28/26 16:22:43.631752] [debug] [00:14:33.771039] [ControlManager] Control finished: {"type":"RobotCommand","control":{"type":"WholeBodyCommand","control":{"type":"StopControl","control":{"type":"JointVelocityControl"}}}}
[07/28/26 16:22:43.631785] [info] [00:14:33.771071] [ControlInterface] Control completed successfully.
[07/28/26 16:22:43.631789] [debug] [00:14:33.771075] [ControlInterface::ExecutionStats] Average Control Time: 0.005 ms (max: 0.005 ms, min: 0.005 ms, sigma: 0.000 ms, count: 1)
[07/28/26 16:22:43.632729] [debug] [00:14:33.772013] [Service] Server method called: /rb.api.ControlManagerService/ControlManagerCommand
[07/28/26 16:22:43.632749] [debug] [00:14:33.772036] [Service::ControlManagerService::ControlManagerCommand] Requested: request_header { request_timestamp { seconds: 1785223310 nanos: 908148047 } } command: COMMAND_DISABLE
[07/28/26 16:22:43.632753] [info] [00:14:33.772040] [ControlManager::Disable] Disable request received. Starting the disabling process...
[07/28/26 16:22:43.633752] [info] [00:14:33.773038] [ControlManager::Disable] Control Manager successfully disabled
[07/28/26 16:22:48.638732] [debug] [00:14:38.778003] [Hardware] Hardware Loop Stat (avg: 2.000 ms, min: 1.996 ms, max: 2.005 ms, count: 15000)
[07/28/26 16:22:48.661720] [debug] [00:14:38.801003] [ControlManager] Control Manager Loop Stat (avg: 2.000 ms, min: 1.995 ms, max: 2.005 ms, count: 15000)
[07/28/26 16:23:13.476739] [debug] [00:15:03.616015] [Service] Server method called: /rb.api.RobotInfoService/GetRobotModel
[07/28/26 16:23:13.476788] [debug] [00:15:03.616072] [Service::RobotInfoService::GetRobotModel] Requested: request_header { request_timestamp { seconds: 1785223340 nanos: 749922024 } }
[07/28/26 16:23:13.479983] [debug] [00:15:03.619261] [Service] Server method called: /rb.api.RobotStateService/GetRobotStateStream
[07/28/26 16:23:13.480018] [debug] [00:15:03.619305] [Service::RobotStateService::GetRobotStateStream] Requested: request_header { request_timestamp { seconds: 1785223340 nanos: 753476567 } } update_rate: 100
[07/28/26 16:23:18.638730] [debug] [00:15:08.778002] [Hardware] Hardware Loop Stat (avg: 2.000 ms, min: 1.999 ms, max: 2.001 ms, count: 15000)
[07/28/26 16:23:18.661719] [debug] [00:15:08.801003] [ControlManager] Control Manager Loop Stat (avg: 2.000 ms, min: 1.998 ms, max: 2.002 ms, count: 15000)
[07/28/26 16:23:20.321540] [debug] [00:15:10.460815] [Service] Server method called: /rb.api.RobotInfoService/GetRobotInfo
[07/28/26 16:23:20.321573] [debug] [00:15:10.460859] [Service::RobotInfoService::GetRobotInfo] Requested: request_header { request_timestamp { seconds: 1785223347 nanos: 594936517 } }
[07/28/26 16:23:20.322361] [debug] [00:15:10.461640] [Service] Server method called: /rb.api.RobotStateService/GetRobotState
[07/28/26 16:23:20.322385] [debug] [00:15:10.461671] [Service::RobotStateService::GetRobotState] Requested: request_header { request_timestamp { seconds: 1785223347 nanos: 595784865 } }
[07/28/26 16:23:20.323025] [debug] [00:15:10.462308] [Service] Server method called: /rb.api.RobotInfoService/GetRobotInfo
[07/28/26 16:23:20.323043] [debug] [00:15:10.462329] [Service::RobotInfoService::GetRobotInfo] Requested: request_header { request_timestamp { seconds: 1785223347 nanos: 596497779 } }
[07/28/26 16:23:20.323705] [debug] [00:15:10.462989] [Service] Server method called: /rb.api.RobotStateService/GetRobotState
[07/28/26 16:23:20.323720] [debug] [00:15:10.463006] [Service::RobotStateService::GetRobotState] Requested: request_header { request_timestamp { seconds: 1785223347 nanos: 597187124 } }
[07/28/26 16:23:20.324164] [debug] [00:15:10.463448] [Service] Server method called: /rb.api.RobotStateService/GetControlManagerState
[07/28/26 16:23:20.324180] [debug] [00:15:10.463466] [Service::RobotStateService::GetControlManagerState] Requested: request_header { request_timestamp { seconds: 1785223347 nanos: 597685394 } }
[07/28/26 16:23:20.324675] [debug] [00:15:10.463957] [Service] Server method called: /rb.api.RobotInfoService/GetRobotInfo
[07/28/26 16:23:20.324695] [debug] [00:15:10.463981] [Service::RobotInfoService::GetRobotInfo] Requested: request_header { request_timestamp { seconds: 1785223347 nanos: 598132125 } }
[07/28/26 16:23:20.325234] [debug] [00:15:10.464518] [Service] Server method called: /rb.api.RobotStateService/GetRobotState
[07/28/26 16:23:20.325251] [debug] [00:15:10.464537] [Service::RobotStateService::GetRobotState] Requested: request_header { request_timestamp { seconds: 1785223347 nanos: 598719243 } }
[07/28/26 16:23:20.325658] [debug] [00:15:10.464942] [Service] Server method called: /rb.api.RobotStateService/GetRobotState
[07/28/26 16:23:20.325676] [debug] [00:15:10.464962] [Service::RobotStateService::GetRobotState] Requested: request_header { request_timestamp { seconds: 1785223347 nanos: 599167832 } }
[07/28/26 16:23:20.326106] [debug] [00:15:10.465389] [Service] Server method called: /rb.api.RobotInfoService/GetRobotInfo
[07/28/26 16:23:20.326121] [debug] [00:15:10.465408] [Service::RobotInfoService::GetRobotInfo] Requested: request_header { request_timestamp { seconds: 1785223347 nanos: 599634456 } }
[07/28/26 16:23:20.326738] [debug] [00:15:10.466021] [Service] Server method called: /rb.api.ControlManagerService/ControlManagerCommand
[07/28/26 16:23:20.326757] [debug] [00:15:10.466043] [Service::ControlManagerService::ControlManagerCommand] Requested: request_header { request_timestamp { seconds: 1785223347 nanos: 600219608 } } command: COMMAND_ENABLE unlimited_mode_enabled { }
[07/28/26 16:23:20.326761] [info] [00:15:10.466048] [ControlManager::Enable] Enable request received. Starting the enabling process...
[07/28/26 16:23:20.327730] [info] [00:15:10.467015] [ControlManager::Enable] Control Manager successfully enabled
[07/28/26 16:23:20.328173] [debug] [00:15:10.467457] [Service] Server method called: /rb.api.ParameterService/SetParameter
[07/28/26 16:23:20.328190] [debug] [00:15:10.467476] [Service::ParameterService::SetParameter] Requested: request_header { request_timestamp { seconds: 1785223347 nanos: 601681036 } } name: "cartesian_command.cutoff_frequency" parameter: "{\"value\":5,\"write_db\":true}"
[07/28/26 16:23:20.335460] [debug] [00:15:10.474743] [Service] Server method called: /rb.api.ParameterService/SetParameter
[07/28/26 16:23:20.335478] [debug] [00:15:10.474764] [Service::ParameterService::SetParameter] Requested: request_header { request_timestamp { seconds: 1785223347 nanos: 608939543 } } name: "default.acceleration_limit_scaling" parameter: "{\"value\":1.0,\"write_db\":true}"
[07/28/26 16:23:20.341570] [debug] [00:15:10.480852] [Service] Server method called: /rb.api.ParameterService/SetParameter
[07/28/26 16:23:20.341589] [debug] [00:15:10.480875] [Service::ParameterService::SetParameter] Requested: request_header { request_timestamp { seconds: 1785223347 nanos: 615087950 } } name: "default.angular_acceleration_limit" parameter: "{\"value\":10,\"write_db\":true}"
[07/28/26 16:23:20.347463] [debug] [00:15:10.486746] [Service] Server method called: /rb.api.ParameterService/SetParameter
[07/28/26 16:23:20.347481] [debug] [00:15:10.486767] [Service::ParameterService::SetParameter] Requested: request_header { request_timestamp { seconds: 1785223347 nanos: 620963214 } } name: "default.linear_acceleration_limit" parameter: "{\"value\":20,\"write_db\":true}"
[07/28/26 16:23:20.353777] [debug] [00:15:10.493059] [Service] Server method called: /rb.api.ParameterService/SetParameter
[07/28/26 16:23:20.353795] [debug] [00:15:10.493081] [Service::ParameterService::SetParameter] Requested: request_header { request_timestamp { seconds: 1785223347 nanos: 627251344 } } name: "joint_position_command.cutoff_frequency" parameter: "{\"value\":5,\"write_db\":true}"
[07/28/26 16:23:20.359601] [debug] [00:15:10.498884] [Service] Server method called: /rb.api.RobotCommandService/RobotCommand
[07/28/26 16:23:20.359669] [debug] [00:15:10.498954] [Service::RobotCommandService::RobotCommand] Requested: robot_command { component_based_command { body_command { joint_position_command { command_header { control_hold_time { seconds: 1 } } minimum_time { nanos: 500000000 } position: -6.834567866817214e-05 position: 1.1439433906728276 position: -1.5168563983971159 position: 0.77944829237116908 position: 0.00085811796550038346 position: 5.3157750075245e-05 position: -0.0210124992083147 position: -0.26211706863888484 position: -0.00054296844719714532 po... [truncated]
[07/28/26 16:23:20.359672] [debug] [00:15:10.498959] [Service::RobotCommandService::RobotCommand]   Peer: ipv4:192.168.30.230:38692
[07/28/26 16:23:20.359818] [debug] [00:15:10.499103] [Service::RobotCommandService::RobotCommand]   IP: 192.168.30.230, Family: ipv4
[07/28/26 16:23:20.365752] [info] [00:15:10.505037] [ControlManager] Control started: {"type":"RobotCommand","control":{"type":"ComponentBasedCommand","components":{"mobility":null,"body":{"type":"BodyCommand","control":{"type":"JointPositionCommand","control":{"type":"JointPositionControl"}}},"head":{"type":"HeadCommand","control":{"type":"JointPositionCommand","control":{"type":"JointPositionControl"}}}}}} (priority: 1)
[07/28/26 16:23:22.123760] [debug] [00:15:12.263039] [ControlManager] Control finished: {"type":"RobotCommand","control":{"type":"ComponentBasedCommand","components":{"mobility":null,"body":{"type":"BodyCommand","control":{"type":"JointPositionCommand","control":{"type":"JointPositionControl"}}},"head":{"type":"HeadCommand","control":{"type":"JointPositionCommand","control":{"type":"JointPositionControl"}}}}}}
[07/28/26 16:23:22.123814] [info] [00:15:12.263096] [ControlInterface] Control completed successfully.
[07/28/26 16:23:22.123822] [debug] [00:15:12.263104] [ControlInterface::ExecutionStats] Average Control Time: 0.001 ms (max: 0.027 ms, min: 0.001 ms, sigma: 0.001 ms, count: 880)
[07/28/26 16:23:22.124471] [debug] [00:15:12.263753] [Service] Server method called: /rb.api.PowerService/ToolFlangePowerCommand
[07/28/26 16:23:22.124509] [debug] [00:15:12.263795] [Service::PowerService::ToolFlangePowerCommand] Requested: request_header { request_timestamp { seconds: 1785223349 nanos: 397794279 } } name: "right" command: COMMAND_POWER_12V
[07/28/26 16:23:22.124513] [debug] [00:15:12.263801] [Service::PowerService::ToolFlangePowerCommand] Result: Success
[07/28/26 16:23:22.124792] [debug] [00:15:12.264076] [Service] Server method called: /rb.api.PowerService/ToolFlangePowerCommand
[07/28/26 16:23:22.124813] [debug] [00:15:12.264099] [Service::PowerService::ToolFlangePowerCommand] Requested: request_header { request_timestamp { seconds: 1785223349 nanos: 398201265 } } name: "left" command: COMMAND_POWER_12V
[07/28/26 16:23:22.124819] [debug] [00:15:12.264106] [Service::PowerService::ToolFlangePowerCommand] Result: Success
[07/28/26 16:23:23.256710] [debug] [00:15:13.395980] [Service] Server method called: /rb.api.RobotCommandService/RobotCommand
[07/28/26 16:23:23.256776] [debug] [00:15:13.396060] [Service::RobotCommandService::RobotCommand] Requested: robot_command { component_based_command { body_command { joint_position_command { command_header { control_hold_time { seconds: 1 } } minimum_time { seconds: 4 } position: 0 position: 0.78539816339744828 position: -1.3962634015954636 position: 0.78539816339744828 position: 0 position: 0 position: 0 position: -0.26179938779914941 position: 0 position: -2.0943951023931953 position: 0 position: 0.52359877559829882 position: 0 position: 0 position: 0... [truncated]
[07/28/26 16:23:23.256780] [debug] [00:15:13.396067] [Service::RobotCommandService::RobotCommand]   Peer: ipv4:192.168.30.230:38692
[07/28/26 16:23:23.256963] [debug] [00:15:13.396248] [Service::RobotCommandService::RobotCommand]   IP: 192.168.30.230, Family: ipv4
[07/28/26 16:23:23.261743] [info] [00:15:13.401027] [ControlManager] Control started: {"type":"RobotCommand","control":{"type":"ComponentBasedCommand","components":{"mobility":null,"body":{"type":"BodyCommand","control":{"type":"JointPositionCommand","control":{"type":"JointPositionControl"}}},"head":{"type":"HeadCommand","control":{"type":"JointPositionCommand","control":{"type":"JointPositionControl"}}}}}} (priority: 1)
[07/28/26 16:23:28.519760] [debug] [00:15:18.659039] [ControlManager] Control finished: {"type":"RobotCommand","control":{"type":"ComponentBasedCommand","components":{"mobility":null,"body":{"type":"BodyCommand","control":{"type":"JointPositionCommand","control":{"type":"JointPositionControl"}}},"head":{"type":"HeadCommand","control":{"type":"JointPositionCommand","control":{"type":"JointPositionControl"}}}}}}
[07/28/26 16:23:28.519818] [info] [00:15:18.659099] [ControlInterface] Control completed successfully.
[07/28/26 16:23:28.519826] [debug] [00:15:18.659108] [ControlInterface::ExecutionStats] Average Control Time: 0.001 ms (max: 0.019 ms, min: 0.001 ms, sigma: 0.000 ms, count: 2630)
[07/28/26 16:23:28.520384] [debug] [00:15:18.659667] [Service] Server method called: /rb.api.RobotCommandService/RobotCommandStream
[07/28/26 16:23:28.520397] [debug] [00:15:18.659683] [Service::RobotCommandService::RobotCommandStream] Stream is created
[07/28/26 16:23:28.552412] [debug] [00:15:18.691693] [Service::RobotCommandService::RobotCommandStream] Requested: robot_command { component_based_command { mobility_command { se2_velocity_command { command_header { control_hold_time { seconds: 1 } } minimum_time { nanos: 10100000 } velocity { linear { } } acceleration_limit { linear { x: 1 y: 1 } angular: 1 } } } body_command { joint_impedance_control_command { command_header { control_hold_time { seconds: 1 } } minimum_time { nanos: 10100000 } position: -0.00013591712774735186 position: 0.7848936963654265 p... [truncated]
[07/28/26 16:23:28.552419] [debug] [00:15:18.691706] [Service::RobotCommandService::RobotCommandStream]   Peer: ipv4:192.168.30.230:38692
[07/28/26 16:23:28.552572] [debug] [00:15:18.691858] [Service::RobotCommandService::RobotCommandStream]   IP: 192.168.30.230, Family: ipv4
[07/28/26 16:23:28.557744] [info] [00:15:18.697030] [ControlManager] Control started: {"type":"RobotCommand","control":{"type":"ComponentBasedCommand","components":{"mobility":{"type":"MobilityCommand","control":{"type":"SE2VelocityCommand","control":{"type":"MobilitySE2VelocityControl"}}},"body":{"type":"BodyCommand","control":{"type":"JointImpedanceControlCommand","control":{"type":"JointImpedanceControl"}}},"head":{"type":"HeadCommand","control":{"type":"JointPositionCommand","control":{"type":"JointPositionControl"}}}}}} (priority: 1)
[07/28/26 16:23:38.555859] [debug] [00:15:28.695129] [ControlInterface::ExecutionStats] Average Control Time: 0.119 ms (max: 0.193 ms, min: 0.109 ms, sigma: 0.005 ms, count: 5000)
[07/28/26 16:23:43.180670] [debug] [00:15:33.319945] [Service::RobotCommandService::RobotCommandStream] OnReadDone (write_done: true, read_done: true)
[07/28/26 16:23:43.180690] [debug] [00:15:33.319970] [Service::RobotCommandService::RobotCommandStream] OnCancel
[07/28/26 16:23:43.180801] [debug] [00:15:33.320085] [Service] Server method called: /rb.api.RobotCommandService/RobotCommand
[07/28/26 16:23:43.180820] [debug] [00:15:33.320106] [Service::RobotCommandService::RobotCommand] Requested: robot_command { whole_body_command { stop_command { } } } priority: 10
[07/28/26 16:23:43.180822] [debug] [00:15:33.320110] [Service::RobotCommandService::RobotCommand]   Peer: ipv4:192.168.30.230:38692
[07/28/26 16:23:43.180845] [debug] [00:15:33.320124] [Service::RobotCommandService::RobotCommandStream] OnDone: robot_command { component_based_command { mobility_command { se2_velocity_command { command_header { control_hold_time { seconds: 1 } } minimum_time { nanos: 10100000 } velocity { linear { } } acceleration_limit { linear { x: 1 y: 1 } angular: 1 } } } body_command { joint_impedance_control_command { command_header { control_hold_time { seconds: 1 } } minimum_time { nanos: 10100000 } position: 0.030624319396127767 position: 1.0021586609804169 posi... [truncated]
[07/28/26 16:23:43.180849] [info] [00:15:33.320136] [ControlManager::CancelControl] Control cancel request received
[07/28/26 16:23:43.180996] [debug] [00:15:33.320281] [Service::RobotCommandService::RobotCommand]   IP: 192.168.30.230, Family: ipv4
[07/28/26 16:23:43.181857] [debug] [00:15:33.321142] [ControlManager::CancelControl] Cancelling control
[07/28/26 16:23:43.181866] [info] [00:15:33.321154] [ControlManager::CancelControl] Control canceling process is successfully starting...
[07/28/26 16:23:43.281890] [debug] [00:15:33.421175] [ControlManager] Control finished: {"type":"RobotCommand","control":{"type":"ComponentBasedCommand","components":{"mobility":{"type":"MobilityCommand","control":{"type":"SE2VelocityCommand","control":{"type":"MobilitySE2VelocityControl"}}},"body":{"type":"BodyCommand","control":{"type":"JointImpedanceControlCommand","control":{"type":"JointImpedanceControl"}}},"head":{"type":"HeadCommand","control":{"type":"JointPositionCommand","control":{"type":"JointPositionControl"}}}}}}
[07/28/26 16:23:43.282009] [info] [00:15:33.421292] [ControlInterface] Control was preempted or canceled by another request.
[07/28/26 16:23:43.282018] [debug] [00:15:33.421300] [ControlInterface::ExecutionStats] Average Control Time: 0.120 ms (max: 0.139 ms, min: 0.111 ms, sigma: 0.005 ms, count: 2363)
[07/28/26 16:23:43.283731] [info] [00:15:33.423017] [ControlManager] Control started: {"type":"RobotCommand","control":{"type":"WholeBodyCommand","control":{"type":"StopControl","control":{"type":"JointVelocityControl"}}}} (priority: 10)
[07/28/26 16:23:43.283750] [debug] [00:15:33.423038] [ControlManager] Control finished: {"type":"RobotCommand","control":{"type":"WholeBodyCommand","control":{"type":"StopControl","control":{"type":"JointVelocityControl"}}}}
[07/28/26 16:23:43.283784] [info] [00:15:33.423069] [ControlInterface] Control completed successfully.
[07/28/26 16:23:43.283791] [debug] [00:15:33.423074] [ControlInterface::ExecutionStats] Average Control Time: 0.005 ms (max: 0.005 ms, min: 0.005 ms, sigma: 0.000 ms, count: 1)
[07/28/26 16:23:46.424324] [debug] [00:15:36.563600] [Service] Server method called: /rb.api.RobotInfoService/GetRobotInfo
[07/28/26 16:23:46.424356] [debug] [00:15:36.563642] [Service::RobotInfoService::GetRobotInfo] Requested: request_header { request_timestamp { seconds: 1785223373 nanos: 696450747 } }
[07/28/26 16:23:46.425046] [debug] [00:15:36.564325] [Service] Server method called: /rb.api.RobotStateService/GetRobotState
[07/28/26 16:23:46.425099] [debug] [00:15:36.564383] [Service::RobotStateService::GetRobotState] Requested: request_header { request_timestamp { seconds: 1785223373 nanos: 697239625 } }
[07/28/26 16:23:46.425856] [debug] [00:15:36.565138] [Service] Server method called: /rb.api.RobotInfoService/GetRobotInfo
[07/28/26 16:23:46.425874] [debug] [00:15:36.565161] [Service::RobotInfoService::GetRobotInfo] Requested: request_header { request_timestamp { seconds: 1785223373 nanos: 698063263 } }
[07/28/26 16:23:46.426451] [debug] [00:15:36.565734] [Service] Server method called: /rb.api.RobotStateService/GetRobotState
[07/28/26 16:23:46.426467] [debug] [00:15:36.565753] [Service::RobotStateService::GetRobotState] Requested: request_header { request_timestamp { seconds: 1785223373 nanos: 698707145 } }
[07/28/26 16:23:46.427032] [debug] [00:15:36.566317] [Service] Server method called: /rb.api.RobotStateService/GetControlManagerState
[07/28/26 16:23:46.427048] [debug] [00:15:36.566334] [Service::RobotStateService::GetControlManagerState] Requested: request_header { request_timestamp { seconds: 1785223373 nanos: 699287565 } }
[07/28/26 16:23:46.427600] [debug] [00:15:36.566882] [Service] Server method called: /rb.api.RobotCommandService/RobotCommand
[07/28/26 16:23:46.427644] [debug] [00:15:36.566930] [Service::RobotCommandService::RobotCommand] Requested: robot_command { whole_body_command { stop_command { } } } priority: 99
[07/28/26 16:23:46.427647] [debug] [00:15:36.566935] [Service::RobotCommandService::RobotCommand]   Peer: ipv4:192.168.30.230:38692
[07/28/26 16:23:46.427818] [debug] [00:15:36.567103] [Service::RobotCommandService::RobotCommand]   IP: 192.168.30.230, Family: ipv4
[07/28/26 16:23:46.433737] [info] [00:15:36.573020] [ControlManager] Control started: {"type":"RobotCommand","control":{"type":"WholeBodyCommand","control":{"type":"StopControl","control":{"type":"JointVelocityControl"}}}} (priority: 99)
[07/28/26 16:23:46.433756] [debug] [00:15:36.573044] [ControlManager] Control finished: {"type":"RobotCommand","control":{"type":"WholeBodyCommand","control":{"type":"StopControl","control":{"type":"JointVelocityControl"}}}}
[07/28/26 16:23:46.433792] [info] [00:15:36.573077] [ControlInterface] Control completed successfully.
[07/28/26 16:23:46.433800] [debug] [00:15:36.573082] [ControlInterface::ExecutionStats] Average Control Time: 0.004 ms (max: 0.004 ms, min: 0.004 ms, sigma: 0.000 ms, count: 1)
[07/28/26 16:23:46.434266] [debug] [00:15:36.573550] [Service] Server method called: /rb.api.ControlManagerService/ControlManagerCommand
[07/28/26 16:23:46.434285] [debug] [00:15:36.573571] [Service::ControlManagerService::ControlManagerCommand] Requested: request_header { request_timestamp { seconds: 1785223373 nanos: 706490639 } } command: COMMAND_DISABLE
[07/28/26 16:23:46.434288] [info] [00:15:36.573576] [ControlManager::Disable] Disable request received. Starting the disabling process...
[07/28/26 16:23:46.435731] [info] [00:15:36.575018] [ControlManager::Disable] Control Manager successfully disabled
[07/28/26 16:23:46.436094] [debug] [00:15:36.575374] [Service] Server method called: /rb.api.RobotInfoService/GetRobotInfo
[07/28/26 16:23:46.436111] [debug] [00:15:36.575397] [Service::RobotInfoService::GetRobotInfo] Requested: request_header { request_timestamp { seconds: 1785223373 nanos: 708303206 } }
[07/28/26 16:23:46.436659] [debug] [00:15:36.575943] [Service] Server method called: /rb.api.RobotStateService/GetRobotState
[07/28/26 16:23:46.436675] [debug] [00:15:36.575961] [Service::RobotStateService::GetRobotState] Requested: request_header { request_timestamp { seconds: 1785223373 nanos: 708871101 } }
[07/28/26 16:23:46.437136] [debug] [00:15:36.576420] [Service] Server method called: /rb.api.RobotStateService/GetRobotState
[07/28/26 16:23:46.437148] [debug] [00:15:36.576435] [Service::RobotStateService::GetRobotState] Requested: request_header { request_timestamp { seconds: 1785223373 nanos: 709377425 } }
[07/28/26 16:23:46.437618] [debug] [00:15:36.576902] [Service] Server method called: /rb.api.RobotInfoService/GetRobotInfo
[07/28/26 16:23:46.437655] [debug] [00:15:36.576941] [Service::RobotInfoService::GetRobotInfo] Requested: request_header { request_timestamp { seconds: 1785223373 nanos: 709838180 } }
[07/28/26 16:23:46.438242] [debug] [00:15:36.577526] [Service] Server method called: /rb.api.ControlManagerService/ControlManagerCommand
[07/28/26 16:23:46.438257] [debug] [00:15:36.577543] [Service::ControlManagerService::ControlManagerCommand] Requested: request_header { request_timestamp { seconds: 1785223373 nanos: 710464812 } } command: COMMAND_ENABLE unlimited_mode_enabled { }
[07/28/26 16:23:46.438260] [info] [00:15:36.577547] [ControlManager::Enable] Enable request received. Starting the enabling process...
[07/28/26 16:23:46.439727] [info] [00:15:36.579013] [ControlManager::Enable] Control Manager successfully enabled
[07/28/26 16:23:46.440179] [debug] [00:15:36.579463] [Service] Server method called: /rb.api.ParameterService/SetParameter
[07/28/26 16:23:46.440224] [debug] [00:15:36.579509] [Service::ParameterService::SetParameter] Requested: request_header { request_timestamp { seconds: 1785223373 nanos: 712402827 } } name: "cartesian_command.cutoff_frequency" parameter: "{\"value\":5,\"write_db\":true}"
[07/28/26 16:23:46.450514] [debug] [00:15:36.589797] [Service] Server method called: /rb.api.ParameterService/SetParameter
[07/28/26 16:23:46.450533] [debug] [00:15:36.589819] [Service::ParameterService::SetParameter] Requested: request_header { request_timestamp { seconds: 1785223373 nanos: 722722644 } } name: "default.acceleration_limit_scaling" parameter: "{\"value\":1.0,\"write_db\":true}"
[07/28/26 16:23:46.456491] [debug] [00:15:36.595774] [Service] Server method called: /rb.api.ParameterService/SetParameter
[07/28/26 16:23:46.456508] [debug] [00:15:36.595795] [Service::ParameterService::SetParameter] Requested: request_header { request_timestamp { seconds: 1785223373 nanos: 728701004 } } name: "default.angular_acceleration_limit" parameter: "{\"value\":10,\"write_db\":true}"
[07/28/26 16:23:46.462460] [debug] [00:15:36.601742] [Service] Server method called: /rb.api.ParameterService/SetParameter
[07/28/26 16:23:46.462478] [debug] [00:15:36.601764] [Service::ParameterService::SetParameter] Requested: request_header { request_timestamp { seconds: 1785223373 nanos: 734667476 } } name: "default.linear_acceleration_limit" parameter: "{\"value\":20,\"write_db\":true}"
[07/28/26 16:23:46.468626] [debug] [00:15:36.607908] [Service] Server method called: /rb.api.ParameterService/SetParameter
[07/28/26 16:23:46.468672] [debug] [00:15:36.607958] [Service::ParameterService::SetParameter] Requested: request_header { request_timestamp { seconds: 1785223373 nanos: 740831494 } } name: "joint_position_command.cutoff_frequency" parameter: "{\"value\":5,\"write_db\":true}"
[07/28/26 16:23:46.474587] [debug] [00:15:36.613869] [Service] Server method called: /rb.api.RobotCommandService/RobotCommand
[07/28/26 16:23:46.474652] [debug] [00:15:36.613936] [Service::RobotCommandService::RobotCommand] Requested: robot_command { component_based_command { body_command { joint_position_command { command_header { control_hold_time { seconds: 1 } } minimum_time { nanos: 500000000 } position: 0.011189706390839072 position: 1.3663098532018738 position: -1.5387535944459687 position: 0.79110123058409243 position: 0.020317651475188284 position: 0.24842135403021279 position: -0.10708628752658104 position: -0.31069565824336232 position: -0.18027691541589694 position... [truncated]
[07/28/26 16:23:46.474655] [debug] [00:15:36.613942] [Service::RobotCommandService::RobotCommand]   Peer: ipv4:192.168.30.230:38692
[07/28/26 16:23:46.474798] [debug] [00:15:36.614084] [Service::RobotCommandService::RobotCommand]   IP: 192.168.30.230, Family: ipv4
[07/28/26 16:23:46.479744] [info] [00:15:36.619030] [ControlManager] Control started: {"type":"RobotCommand","control":{"type":"ComponentBasedCommand","components":{"mobility":null,"body":{"type":"BodyCommand","control":{"type":"JointPositionCommand","control":{"type":"JointPositionControl"}}},"head":{"type":"HeadCommand","control":{"type":"JointPositionCommand","control":{"type":"JointPositionControl"}}}}}} (priority: 1)
[07/28/26 16:23:48.237757] [debug] [00:15:38.377037] [ControlManager] Control finished: {"type":"RobotCommand","control":{"type":"ComponentBasedCommand","components":{"mobility":null,"body":{"type":"BodyCommand","control":{"type":"JointPositionCommand","control":{"type":"JointPositionControl"}}},"head":{"type":"HeadCommand","control":{"type":"JointPositionCommand","control":{"type":"JointPositionControl"}}}}}}
[07/28/26 16:23:48.237813] [info] [00:15:38.377094] [ControlInterface] Control completed successfully.
[07/28/26 16:23:48.237822] [debug] [00:15:38.377103] [ControlInterface::ExecutionStats] Average Control Time: 0.001 ms (max: 0.025 ms, min: 0.001 ms, sigma: 0.001 ms, count: 880)
[07/28/26 16:23:48.238465] [debug] [00:15:38.377747] [Service] Server method called: /rb.api.PowerService/ToolFlangePowerCommand
[07/28/26 16:23:48.238494] [debug] [00:15:38.377780] [Service::PowerService::ToolFlangePowerCommand] Requested: request_header { request_timestamp { seconds: 1785223375 nanos: 510496939 } } name: "right" command: COMMAND_POWER_12V
[07/28/26 16:23:48.238499] [debug] [00:15:38.377786] [Service::PowerService::ToolFlangePowerCommand] Result: Success
[07/28/26 16:23:48.238829] [debug] [00:15:38.378112] [Service] Server method called: /rb.api.PowerService/ToolFlangePowerCommand
[07/28/26 16:23:48.238848] [debug] [00:15:38.378134] [Service::PowerService::ToolFlangePowerCommand] Requested: request_header { request_timestamp { seconds: 1785223375 nanos: 510958487 } } name: "left" command: COMMAND_POWER_12V
[07/28/26 16:23:48.238852] [debug] [00:15:38.378139] [Service::PowerService::ToolFlangePowerCommand] Result: Success
[07/28/26 16:23:48.638724] [debug] [00:15:38.778002] [Hardware] Hardware Loop Stat (avg: 2.000 ms, min: 1.999 ms, max: 2.001 ms, count: 15000)
[07/28/26 16:23:48.661717] [debug] [00:15:38.801002] [ControlManager] Control Manager Loop Stat (avg: 2.000 ms, min: 1.998 ms, max: 2.002 ms, count: 15000)
[07/28/26 16:23:49.367244] [debug] [00:15:39.506523] [Service] Server method called: /rb.api.RobotCommandService/RobotCommand
[07/28/26 16:23:49.367351] [debug] [00:15:39.506634] [Service::RobotCommandService::RobotCommand] Requested: robot_command { component_based_command { body_command { joint_position_command { command_header { control_hold_time { seconds: 1 } } minimum_time { seconds: 4 } position: 0 position: 0.78539816339744828 position: -1.3962634015954636 position: 0.78539816339744828 position: 0 position: 0 position: 0 position: -0.26179938779914941 position: 0 position: -2.0943951023931953 position: 0 position: 0.52359877559829882 position: 0 position: 0 position: 0... [truncated]
[07/28/26 16:23:49.367354] [debug] [00:15:39.506641] [Service::RobotCommandService::RobotCommand]   Peer: ipv4:192.168.30.230:38692
[07/28/26 16:23:49.367505] [debug] [00:15:39.506791] [Service::RobotCommandService::RobotCommand]   IP: 192.168.30.230, Family: ipv4
[07/28/26 16:23:49.371743] [info] [00:15:39.511027] [ControlManager] Control started: {"type":"RobotCommand","control":{"type":"ComponentBasedCommand","components":{"mobility":null,"body":{"type":"BodyCommand","control":{"type":"JointPositionCommand","control":{"type":"JointPositionControl"}}},"head":{"type":"HeadCommand","control":{"type":"JointPositionCommand","control":{"type":"JointPositionControl"}}}}}} (priority: 1)
[07/28/26 16:23:54.629764] [debug] [00:15:44.769041] [ControlManager] Control finished: {"type":"RobotCommand","control":{"type":"ComponentBasedCommand","components":{"mobility":null,"body":{"type":"BodyCommand","control":{"type":"JointPositionCommand","control":{"type":"JointPositionControl"}}},"head":{"type":"HeadCommand","control":{"type":"JointPositionCommand","control":{"type":"JointPositionControl"}}}}}}
[07/28/26 16:23:54.629827] [info] [00:15:44.769108] [ControlInterface] Control completed successfully.
[07/28/26 16:23:54.629837] [debug] [00:15:44.769117] [ControlInterface::ExecutionStats] Average Control Time: 0.001 ms (max: 0.019 ms, min: 0.001 ms, sigma: 0.000 ms, count: 2630)
[07/28/26 16:23:54.630446] [debug] [00:15:44.769727] [Service] Server method called: /rb.api.RobotCommandService/RobotCommandStream
[07/28/26 16:23:54.630459] [debug] [00:15:44.769745] [Service::RobotCommandService::RobotCommandStream] Stream is created
[07/28/26 16:23:54.662137] [debug] [00:15:44.801419] [Service::RobotCommandService::RobotCommandStream] Requested: robot_command { component_based_command { mobility_command { se2_velocity_command { command_header { control_hold_time { seconds: 1 } } minimum_time { nanos: 10100000 } velocity { linear { } } acceleration_limit { linear { x: 1 y: 1 } angular: 1 } } } body_command { joint_impedance_control_command { command_header { control_hold_time { seconds: 1 } } minimum_time { nanos: 10100000 } position: -0.00016360044469081498 position: 0.78480965139470837 ... [truncated]
[07/28/26 16:23:54.662144] [debug] [00:15:44.801431] [Service::RobotCommandService::RobotCommandStream]   Peer: ipv4:192.168.30.230:38692
[07/28/26 16:23:54.662300] [debug] [00:15:44.801586] [Service::RobotCommandService::RobotCommandStream]   IP: 192.168.30.230, Family: ipv4
[07/28/26 16:23:54.667746] [info] [00:15:44.807032] [ControlManager] Control started: {"type":"RobotCommand","control":{"type":"ComponentBasedCommand","components":{"mobility":{"type":"MobilityCommand","control":{"type":"SE2VelocityCommand","control":{"type":"MobilitySE2VelocityControl"}}},"body":{"type":"BodyCommand","control":{"type":"JointImpedanceControlCommand","control":{"type":"JointImpedanceControl"}}},"head":{"type":"HeadCommand","control":{"type":"JointPositionCommand","control":{"type":"JointPositionControl"}}}}}} (priority: 1)
[07/28/26 16:24:01.030734] [debug] [00:15:51.170008] [Service] Server method called: /rb.api.RobotCommandService/RobotCommand
[07/28/26 16:24:01.030767] [debug] [00:15:51.170052] [Service::RobotCommandService::RobotCommand] Requested: robot_command { whole_body_command { stop_command { } } } priority: 99
[07/28/26 16:24:01.030771] [debug] [00:15:51.170058] [Service::RobotCommandService::RobotCommand]   Peer: ipv4:192.168.30.230:38692
[07/28/26 16:24:01.030940] [debug] [00:15:51.170226] [Service::RobotCommandService::RobotCommand]   IP: 192.168.30.230, Family: ipv4
[07/28/26 16:24:01.133887] [debug] [00:15:51.273167] [ControlManager] Control finished: {"type":"RobotCommand","control":{"type":"ComponentBasedCommand","components":{"mobility":{"type":"MobilityCommand","control":{"type":"SE2VelocityCommand","control":{"type":"MobilitySE2VelocityControl"}}},"body":{"type":"BodyCommand","control":{"type":"JointImpedanceControlCommand","control":{"type":"JointImpedanceControl"}}},"head":{"type":"HeadCommand","control":{"type":"JointPositionCommand","control":{"type":"JointPositionControl"}}}}}}
[07/28/26 16:24:01.133985] [debug] [00:15:51.273266] [Service::RobotCommandService::RobotCommandStream] OnReadDone (write_done: true, read_done: true)
[07/28/26 16:24:01.133997] [debug] [00:15:51.273279] [Service::RobotCommandService::RobotCommandStream] OnCancel
[07/28/26 16:24:01.134050] [info] [00:15:51.273332] [ControlInterface] Control was preempted or canceled by another request.
[07/28/26 16:24:01.134062] [debug] [00:15:51.273341] [ControlInterface::ExecutionStats] Average Control Time: 0.120 ms (max: 0.196 ms, min: 0.110 ms, sigma: 0.005 ms, count: 3234)
[07/28/26 16:24:01.134122] [debug] [00:15:51.273406] [Service::RobotCommandService::RobotCommandStream] OnDone: robot_command { component_based_command { mobility_command { se2_velocity_command { command_header { control_hold_time { seconds: 1 } } minimum_time { nanos: 10100000 } velocity { linear { } } acceleration_limit { linear { x: 1 y: 1 } angular: 1 } } } body_command { joint_impedance_control_command { command_header { control_hold_time { seconds: 1 } } minimum_time { nanos: 10100000 } position: -0.0039327335253973 position: 0.86815285336855119 posi... [truncated]
[07/28/26 16:24:01.135731] [info] [00:15:51.275017] [ControlManager] Control started: {"type":"RobotCommand","control":{"type":"WholeBodyCommand","control":{"type":"StopControl","control":{"type":"JointVelocityControl"}}}} (priority: 99)
[07/28/26 16:24:01.135749] [debug] [00:15:51.275036] [ControlManager] Control finished: {"type":"RobotCommand","control":{"type":"WholeBodyCommand","control":{"type":"StopControl","control":{"type":"JointVelocityControl"}}}}
[07/28/26 16:24:01.135780] [info] [00:15:51.275065] [ControlInterface] Control completed successfully.
[07/28/26 16:24:01.135786] [debug] [00:15:51.275070] [ControlInterface::ExecutionStats] Average Control Time: 0.005 ms (max: 0.005 ms, min: 0.005 ms, sigma: 0.000 ms, count: 1)
[07/28/26 16:24:01.136425] [debug] [00:15:51.275707] [Service] Server method called: /rb.api.ControlManagerService/ControlManagerCommand
[07/28/26 16:24:01.136445] [debug] [00:15:51.275731] [Service::ControlManagerService::ControlManagerCommand] Requested: request_header { request_timestamp { seconds: 1785223388 nanos: 407929690 } } command: COMMAND_DISABLE
[07/28/26 16:24:01.136449] [info] [00:15:51.275736] [ControlManager::Disable] Disable request received. Starting the disabling process...
[07/28/26 16:24:01.137735] [info] [00:15:51.277021] [ControlManager::Disable] Control Manager successfully disabled
[07/28/26 16:24:12.324701] [debug] [00:16:02.463975] [Service] Server method called: /rb.api.RobotInfoService/GetRobotInfo
[07/28/26 16:24:12.324735] [debug] [00:16:02.464021] [Service::RobotInfoService::GetRobotInfo] Requested: request_header { request_timestamp { seconds: 1785223399 nanos: 595584682 } }
[07/28/26 16:24:12.325385] [debug] [00:16:02.464669] [Service] Server method called: /rb.api.RobotStateService/GetRobotState
[07/28/26 16:24:12.325404] [debug] [00:16:02.464691] [Service::RobotStateService::GetRobotState] Requested: request_header { request_timestamp { seconds: 1785223399 nanos: 596361955 } }
[07/28/26 16:24:12.325963] [debug] [00:16:02.465245] [Service] Server method called: /rb.api.RobotInfoService/GetRobotInfo
[07/28/26 16:24:12.325979] [debug] [00:16:02.465265] [Service::RobotInfoService::GetRobotInfo] Requested: request_header { request_timestamp { seconds: 1785223399 nanos: 596993425 } }
[07/28/26 16:24:12.326675] [debug] [00:16:02.465958] [Service] Server method called: /rb.api.RobotStateService/GetRobotState
[07/28/26 16:24:12.326692] [debug] [00:16:02.465978] [Service::RobotStateService::GetRobotState] Requested: request_header { request_timestamp { seconds: 1785223399 nanos: 597686534 } }
[07/28/26 16:24:12.327513] [debug] [00:16:02.466797] [Service] Server method called: /rb.api.RobotStateService/GetControlManagerState
[07/28/26 16:24:12.327529] [debug] [00:16:02.466815] [Service::RobotStateService::GetControlManagerState] Requested: request_header { request_timestamp { seconds: 1785223399 nanos: 598521752 } }
[07/28/26 16:24:12.328224] [debug] [00:16:02.467505] [Service] Server method called: /rb.api.RobotInfoService/GetRobotInfo
[07/28/26 16:24:12.328247] [debug] [00:16:02.467533] [Service::RobotInfoService::GetRobotInfo] Requested: request_header { request_timestamp { seconds: 1785223399 nanos: 599202480 } }
[07/28/26 16:24:12.328884] [debug] [00:16:02.468167] [Service] Server method called: /rb.api.RobotStateService/GetRobotState
[07/28/26 16:24:12.328900] [debug] [00:16:02.468186] [Service::RobotStateService::GetRobotState] Requested: request_header { request_timestamp { seconds: 1785223399 nanos: 599893572 } }
[07/28/26 16:24:12.329369] [debug] [00:16:02.468653] [Service] Server method called: /rb.api.RobotStateService/GetRobotState
[07/28/26 16:24:12.329385] [debug] [00:16:02.468671] [Service::RobotStateService::GetRobotState] Requested: request_header { request_timestamp { seconds: 1785223399 nanos: 600408170 } }
[07/28/26 16:24:12.329959] [debug] [00:16:02.469244] [Service] Server method called: /rb.api.RobotInfoService/GetRobotInfo
[07/28/26 16:24:12.329974] [debug] [00:16:02.469260] [Service::RobotInfoService::GetRobotInfo] Requested: request_header { request_timestamp { seconds: 1785223399 nanos: 600979104 } }
[07/28/26 16:24:12.330485] [debug] [00:16:02.469769] [Service] Server method called: /rb.api.ControlManagerService/ControlManagerCommand
[07/28/26 16:24:12.330505] [debug] [00:16:02.469791] [Service::ControlManagerService::ControlManagerCommand] Requested: request_header { request_timestamp { seconds: 1785223399 nanos: 601514124 } } command: COMMAND_ENABLE unlimited_mode_enabled { }
[07/28/26 16:24:12.330509] [info] [00:16:02.469796] [ControlManager::Enable] Enable request received. Starting the enabling process...
[07/28/26 16:24:12.331728] [info] [00:16:02.471015] [ControlManager::Enable] Control Manager successfully enabled
[07/28/26 16:24:12.332166] [debug] [00:16:02.471451] [Service] Server method called: /rb.api.ParameterService/SetParameter
[07/28/26 16:24:12.332184] [debug] [00:16:02.471470] [Service::ParameterService::SetParameter] Requested: request_header { request_timestamp { seconds: 1785223399 nanos: 603199808 } } name: "cartesian_command.cutoff_frequency" parameter: "{\"value\":5,\"write_db\":true}"
[07/28/26 16:24:12.342866] [debug] [00:16:02.482148] [Service] Server method called: /rb.api.ParameterService/SetParameter
[07/28/26 16:24:12.342884] [debug] [00:16:02.482170] [Service::ParameterService::SetParameter] Requested: request_header { request_timestamp { seconds: 1785223399 nanos: 613823307 } } name: "default.acceleration_limit_scaling" parameter: "{\"value\":1.0,\"write_db\":true}"
[07/28/26 16:24:12.348772] [debug] [00:16:02.488054] [Service] Server method called: /rb.api.ParameterService/SetParameter
[07/28/26 16:24:12.348789] [debug] [00:16:02.488075] [Service::ParameterService::SetParameter] Requested: request_header { request_timestamp { seconds: 1785223399 nanos: 619733575 } } name: "default.angular_acceleration_limit" parameter: "{\"value\":10,\"write_db\":true}"
[07/28/26 16:24:12.354697] [debug] [00:16:02.493980] [Service] Server method called: /rb.api.ParameterService/SetParameter
[07/28/26 16:24:12.354723] [debug] [00:16:02.494009] [Service::ParameterService::SetParameter] Requested: request_header { request_timestamp { seconds: 1785223399 nanos: 625701769 } } name: "default.linear_acceleration_limit" parameter: "{\"value\":20,\"write_db\":true}"
[07/28/26 16:24:12.360712] [debug] [00:16:02.499995] [Service] Server method called: /rb.api.ParameterService/SetParameter
[07/28/26 16:24:12.360729] [debug] [00:16:02.500015] [Service::ParameterService::SetParameter] Requested: request_header { request_timestamp { seconds: 1785223399 nanos: 631703521 } } name: "joint_position_command.cutoff_frequency" parameter: "{\"value\":5,\"write_db\":true}"
[07/28/26 16:24:12.366785] [debug] [00:16:02.506067] [Service] Server method called: /rb.api.RobotCommandService/RobotCommand
[07/28/26 16:24:12.366852] [debug] [00:16:02.506137] [Service::RobotCommandService::RobotCommand] Requested: robot_command { component_based_command { body_command { joint_position_command { command_header { control_hold_time { seconds: 1 } } minimum_time { nanos: 500000000 } position: -0.00015947325022573497 position: 1.1440003454050511 position: -1.5179423352915102 position: 0.7775042375112744 position: 0.0011618765373589263 position: -7.5939642964635708e-05 position: -0.02405388190904836 position: -0.2619310165136215 position: -0.00064548696519940349... [truncated]
[07/28/26 16:24:12.366855] [debug] [00:16:02.506143] [Service::RobotCommandService::RobotCommand]   Peer: ipv4:192.168.30.230:38692
[07/28/26 16:24:12.367016] [debug] [00:16:02.506302] [Service::RobotCommandService::RobotCommand]   IP: 192.168.30.230, Family: ipv4
[07/28/26 16:24:12.371754] [info] [00:16:02.511037] [ControlManager] Control started: {"type":"RobotCommand","control":{"type":"ComponentBasedCommand","components":{"mobility":null,"body":{"type":"BodyCommand","control":{"type":"JointPositionCommand","control":{"type":"JointPositionControl"}}},"head":{"type":"HeadCommand","control":{"type":"JointPositionCommand","control":{"type":"JointPositionControl"}}}}}} (priority: 1)
[07/28/26 16:24:14.129761] [debug] [00:16:04.269040] [ControlManager] Control finished: {"type":"RobotCommand","control":{"type":"ComponentBasedCommand","components":{"mobility":null,"body":{"type":"BodyCommand","control":{"type":"JointPositionCommand","control":{"type":"JointPositionControl"}}},"head":{"type":"HeadCommand","control":{"type":"JointPositionCommand","control":{"type":"JointPositionControl"}}}}}}
[07/28/26 16:24:14.129817] [info] [00:16:04.269100] [ControlInterface] Control completed successfully.
[07/28/26 16:24:14.129826] [debug] [00:16:04.269107] [ControlInterface::ExecutionStats] Average Control Time: 0.001 ms (max: 0.025 ms, min: 0.001 ms, sigma: 0.001 ms, count: 880)
[07/28/26 16:24:14.130425] [debug] [00:16:04.269708] [Service] Server method called: /rb.api.PowerService/ToolFlangePowerCommand
[07/28/26 16:24:14.130454] [debug] [00:16:04.269740] [Service::PowerService::ToolFlangePowerCommand] Requested: request_header { request_timestamp { seconds: 1785223401 nanos: 401323189 } } name: "right" command: COMMAND_POWER_12V
[07/28/26 16:24:14.130459] [debug] [00:16:04.269746] [Service::PowerService::ToolFlangePowerCommand] Result: Success
[07/28/26 16:24:14.130790] [debug] [00:16:04.270073] [Service] Server method called: /rb.api.PowerService/ToolFlangePowerCommand
[07/28/26 16:24:14.130804] [debug] [00:16:04.270090] [Service::PowerService::ToolFlangePowerCommand] Requested: request_header { request_timestamp { seconds: 1785223401 nanos: 401730087 } } name: "left" command: COMMAND_POWER_12V
[07/28/26 16:24:14.130808] [debug] [00:16:04.270095] [Service::PowerService::ToolFlangePowerCommand] Result: Success
[07/28/26 16:24:15.297277] [debug] [00:16:05.436554] [Service] Server method called: /rb.api.RobotCommandService/RobotCommand
[07/28/26 16:24:15.297347] [debug] [00:16:05.436631] [Service::RobotCommandService::RobotCommand] Requested: robot_command { component_based_command { body_command { joint_position_command { command_header { control_hold_time { seconds: 1 } } minimum_time { seconds: 4 } position: 0 position: 0.78539816339744828 position: -1.3962634015954636 position: 0.78539816339744828 position: 0 position: 0 position: 0 position: -0.26179938779914941 position: 0 position: -2.0943951023931953 position: 0 position: 0.52359877559829882 position: 0 position: 0 position: 0... [truncated]
[07/28/26 16:24:15.297351] [debug] [00:16:05.436638] [Service::RobotCommandService::RobotCommand]   Peer: ipv4:192.168.30.230:38692
[07/28/26 16:24:15.297508] [debug] [00:16:05.436794] [Service::RobotCommandService::RobotCommand]   IP: 192.168.30.230, Family: ipv4
[07/28/26 16:24:15.301743] [info] [00:16:05.441026] [ControlManager] Control started: {"type":"RobotCommand","control":{"type":"ComponentBasedCommand","components":{"mobility":null,"body":{"type":"BodyCommand","control":{"type":"JointPositionCommand","control":{"type":"JointPositionControl"}}},"head":{"type":"HeadCommand","control":{"type":"JointPositionCommand","control":{"type":"JointPositionControl"}}}}}} (priority: 1)
[07/28/26 16:24:18.638728] [debug] [00:16:08.778002] [Hardware] Hardware Loop Stat (avg: 2.000 ms, min: 1.998 ms, max: 2.002 ms, count: 15000)
[07/28/26 16:24:18.661718] [debug] [00:16:08.801002] [ControlManager] Control Manager Loop Stat (avg: 2.000 ms, min: 1.997 ms, max: 2.003 ms, count: 15000)
[07/28/26 16:24:20.559757] [debug] [00:16:10.699037] [ControlManager] Control finished: {"type":"RobotCommand","control":{"type":"ComponentBasedCommand","components":{"mobility":null,"body":{"type":"BodyCommand","control":{"type":"JointPositionCommand","control":{"type":"JointPositionControl"}}},"head":{"type":"HeadCommand","control":{"type":"JointPositionCommand","control":{"type":"JointPositionControl"}}}}}}
[07/28/26 16:24:20.559817] [info] [00:16:10.699099] [ControlInterface] Control completed successfully.
[07/28/26 16:24:20.559826] [debug] [00:16:10.699107] [ControlInterface::ExecutionStats] Average Control Time: 0.001 ms (max: 0.019 ms, min: 0.001 ms, sigma: 0.000 ms, count: 2630)
[07/28/26 16:24:20.560508] [debug] [00:16:10.699790] [Service] Server method called: /rb.api.RobotCommandService/RobotCommandStream
[07/28/26 16:24:20.560521] [debug] [00:16:10.699807] [Service::RobotCommandService::RobotCommandStream] Stream is created
[07/28/26 16:24:20.592208] [debug] [00:16:10.731489] [Service::RobotCommandService::RobotCommandStream] Requested: robot_command { component_based_command { mobility_command { se2_velocity_command { command_header { control_hold_time { seconds: 1 } } minimum_time { nanos: 10100000 } velocity { linear { } } acceleration_limit { linear { x: 1 y: 1 } angular: 1 } } } body_command { joint_impedance_control_command { command_header { control_hold_time { seconds: 1 } } minimum_time { nanos: 10100000 } position: -0.00013250409107522511 position: 0.784895168059313 po... [truncated]
[07/28/26 16:24:20.592215] [debug] [00:16:10.731502] [Service::RobotCommandService::RobotCommandStream]   Peer: ipv4:192.168.30.230:38692
[07/28/26 16:24:20.592370] [debug] [00:16:10.731655] [Service::RobotCommandService::RobotCommandStream]   IP: 192.168.30.230, Family: ipv4
[07/28/26 16:24:20.597744] [info] [00:16:10.737030] [ControlManager] Control started: {"type":"RobotCommand","control":{"type":"ComponentBasedCommand","components":{"mobility":{"type":"MobilityCommand","control":{"type":"SE2VelocityCommand","control":{"type":"MobilitySE2VelocityControl"}}},"body":{"type":"BodyCommand","control":{"type":"JointImpedanceControlCommand","control":{"type":"JointImpedanceControl"}}},"head":{"type":"HeadCommand","control":{"type":"JointPositionCommand","control":{"type":"JointPositionControl"}}}}}} (priority: 1)
[07/28/26 16:24:26.960034] [debug] [00:16:17.099304] [Service] Server method called: /rb.api.RobotCommandService/RobotCommand
[07/28/26 16:24:26.960067] [debug] [00:16:17.099352] [Service::RobotCommandService::RobotCommand] Requested: robot_command { whole_body_command { stop_command { } } } priority: 99
[07/28/26 16:24:26.960071] [debug] [00:16:17.099358] [Service::RobotCommandService::RobotCommand]   Peer: ipv4:192.168.30.230:38692
[07/28/26 16:24:26.960231] [debug] [00:16:17.099517] [Service::RobotCommandService::RobotCommand]   IP: 192.168.30.230, Family: ipv4
[07/28/26 16:24:27.063896] [debug] [00:16:17.203176] [ControlManager] Control finished: {"type":"RobotCommand","control":{"type":"ComponentBasedCommand","components":{"mobility":{"type":"MobilityCommand","control":{"type":"SE2VelocityCommand","control":{"type":"MobilitySE2VelocityControl"}}},"body":{"type":"BodyCommand","control":{"type":"JointImpedanceControlCommand","control":{"type":"JointImpedanceControl"}}},"head":{"type":"HeadCommand","control":{"type":"JointPositionCommand","control":{"type":"JointPositionControl"}}}}}}
[07/28/26 16:24:27.064010] [debug] [00:16:17.203291] [Service::RobotCommandService::RobotCommandStream] OnReadDone (write_done: true, read_done: true)
[07/28/26 16:24:27.064038] [debug] [00:16:17.203319] [Service::RobotCommandService::RobotCommandStream] OnCancel
[07/28/26 16:24:27.064095] [info] [00:16:17.203379] [ControlInterface] Control was preempted or canceled by another request.
[07/28/26 16:24:27.064105] [debug] [00:16:17.203386] [ControlInterface::ExecutionStats] Average Control Time: 0.120 ms (max: 0.200 ms, min: 0.111 ms, sigma: 0.005 ms, count: 3234)
[07/28/26 16:24:27.064152] [debug] [00:16:17.203437] [Service::RobotCommandService::RobotCommandStream] OnDone: robot_command { component_based_command { mobility_command { se2_velocity_command { command_header { control_hold_time { seconds: 1 } } minimum_time { nanos: 10100000 } velocity { linear { } } acceleration_limit { linear { x: 1 y: 1 } angular: 1 } } } body_command { joint_impedance_control_command { command_header { control_hold_time { seconds: 1 } } minimum_time { nanos: 10100000 } position: -0.0054865205442518354 position: 0.87152471399490572 p... [truncated]
[07/28/26 16:24:27.065732] [info] [00:16:17.205018] [ControlManager] Control started: {"type":"RobotCommand","control":{"type":"WholeBodyCommand","control":{"type":"StopControl","control":{"type":"JointVelocityControl"}}}} (priority: 99)
[07/28/26 16:24:27.065750] [debug] [00:16:17.205037] [ControlManager] Control finished: {"type":"RobotCommand","control":{"type":"WholeBodyCommand","control":{"type":"StopControl","control":{"type":"JointVelocityControl"}}}}
[07/28/26 16:24:27.065781] [info] [00:16:17.205066] [ControlInterface] Control completed successfully.
[07/28/26 16:24:27.065785] [debug] [00:16:17.205071] [ControlInterface::ExecutionStats] Average Control Time: 0.005 ms (max: 0.005 ms, min: 0.005 ms, sigma: 0.000 ms, count: 1)
[07/28/26 16:24:27.066294] [debug] [00:16:17.205578] [Service] Server method called: /rb.api.ControlManagerService/ControlManagerCommand
[07/28/26 16:24:27.066314] [debug] [00:16:17.205600] [Service::ControlManagerService::ControlManagerCommand] Requested: request_header { request_timestamp { seconds: 1785223414 nanos: 336631141 } } command: COMMAND_DISABLE
[07/28/26 16:24:27.066317] [info] [00:16:17.205605] [ControlManager::Disable] Disable request received. Starting the disabling process...
[07/28/26 16:24:27.067732] [info] [00:16:17.207018] [ControlManager::Disable] Control Manager successfully disabled
[07/28/26 16:24:48.638731] [debug] [00:16:38.778002] [Hardware] Hardware Loop Stat (avg: 2.000 ms, min: 1.998 ms, max: 2.002 ms, count: 15000)
[07/28/26 16:24:48.661719] [debug] [00:16:38.801003] [ControlManager] Control Manager Loop Stat (avg: 2.000 ms, min: 1.997 ms, max: 2.003 ms, count: 15000)
[07/28/26 16:24:54.263034] [debug] [00:16:44.402306] [Service] Server method called: /rb.api.RobotInfoService/GetRobotInfo
[07/28/26 16:24:54.263068] [debug] [00:16:44.402355] [Service::RobotInfoService::GetRobotInfo] Requested: request_header { request_timestamp { seconds: 1785223441 nanos: 532104080 } }
[07/28/26 16:24:54.263743] [debug] [00:16:44.403022] [Service] Server method called: /rb.api.RobotStateService/GetRobotState
[07/28/26 16:24:54.263765] [debug] [00:16:44.403050] [Service::RobotStateService::GetRobotState] Requested: request_header { request_timestamp { seconds: 1785223441 nanos: 532926975 } }
[07/28/26 16:24:54.264320] [debug] [00:16:44.403603] [Service] Server method called: /rb.api.RobotInfoService/GetRobotInfo
[07/28/26 16:24:54.264335] [debug] [00:16:44.403621] [Service::RobotInfoService::GetRobotInfo] Requested: request_header { request_timestamp { seconds: 1785223441 nanos: 533558760 } }
[07/28/26 16:24:54.264998] [debug] [00:16:44.404284] [Service] Server method called: /rb.api.RobotStateService/GetRobotState
[07/28/26 16:24:54.265009] [debug] [00:16:44.404296] [Service::RobotStateService::GetRobotState] Requested: request_header { request_timestamp { seconds: 1785223441 nanos: 534205804 } }
[07/28/26 16:24:54.265527] [debug] [00:16:44.404809] [Service] Server method called: /rb.api.RobotStateService/GetControlManagerState
[07/28/26 16:24:54.265544] [debug] [00:16:44.404830] [Service::RobotStateService::GetControlManagerState] Requested: request_header { request_timestamp { seconds: 1785223441 nanos: 534756417 } }
[07/28/26 16:24:54.265862] [debug] [00:16:44.405146] [Service] Server method called: /rb.api.RobotInfoService/GetRobotInfo
[07/28/26 16:24:54.265876] [debug] [00:16:44.405162] [Service::RobotInfoService::GetRobotInfo] Requested: request_header { request_timestamp { seconds: 1785223441 nanos: 535099738 } }
[07/28/26 16:24:54.266427] [debug] [00:16:44.405712] [Service] Server method called: /rb.api.RobotStateService/GetRobotState
[07/28/26 16:24:54.266440] [debug] [00:16:44.405727] [Service::RobotStateService::GetRobotState] Requested: request_header { request_timestamp { seconds: 1785223441 nanos: 535649801 } }
[07/28/26 16:24:54.266871] [debug] [00:16:44.406158] [Service] Server method called: /rb.api.RobotStateService/GetRobotState
[07/28/26 16:24:54.266879] [debug] [00:16:44.406166] [Service::RobotStateService::GetRobotState] Requested: request_header { request_timestamp { seconds: 1785223441 nanos: 536106245 } }
[07/28/26 16:24:54.267490] [debug] [00:16:44.406774] [Service] Server method called: /rb.api.RobotInfoService/GetRobotInfo
[07/28/26 16:24:54.267503] [debug] [00:16:44.406790] [Service::RobotInfoService::GetRobotInfo] Requested: request_header { request_timestamp { seconds: 1785223441 nanos: 536704116 } }
[07/28/26 16:24:54.268197] [debug] [00:16:44.407479] [Service] Server method called: /rb.api.ControlManagerService/ControlManagerCommand
[07/28/26 16:24:54.268217] [debug] [00:16:44.407503] [Service::ControlManagerService::ControlManagerCommand] Requested: request_header { request_timestamp { seconds: 1785223441 nanos: 537375819 } } command: COMMAND_ENABLE unlimited_mode_enabled { }
[07/28/26 16:24:54.268221] [info] [00:16:44.407508] [ControlManager::Enable] Enable request received. Starting the enabling process...
[07/28/26 16:24:54.269730] [info] [00:16:44.409016] [ControlManager::Enable] Control Manager successfully enabled
[07/28/26 16:24:54.270224] [debug] [00:16:44.409507] [Service] Server method called: /rb.api.ParameterService/SetParameter
[07/28/26 16:24:54.270245] [debug] [00:16:44.409531] [Service::ParameterService::SetParameter] Requested: request_header { request_timestamp { seconds: 1785223441 nanos: 539419068 } } name: "cartesian_command.cutoff_frequency" parameter: "{\"value\":5,\"write_db\":true}"
[07/28/26 16:24:54.280546] [debug] [00:16:44.419829] [Service] Server method called: /rb.api.ParameterService/SetParameter
[07/28/26 16:24:54.280562] [debug] [00:16:44.419848] [Service::ParameterService::SetParameter] Requested: request_header { request_timestamp { seconds: 1785223441 nanos: 549740712 } } name: "default.acceleration_limit_scaling" parameter: "{\"value\":1.0,\"write_db\":true}"
[07/28/26 16:24:54.286464] [debug] [00:16:44.425746] [Service] Server method called: /rb.api.ParameterService/SetParameter
[07/28/26 16:24:54.286489] [debug] [00:16:44.425775] [Service::ParameterService::SetParameter] Requested: request_header { request_timestamp { seconds: 1785223441 nanos: 555667364 } } name: "default.angular_acceleration_limit" parameter: "{\"value\":10,\"write_db\":true}"
[07/28/26 16:24:54.292438] [debug] [00:16:44.431721] [Service] Server method called: /rb.api.ParameterService/SetParameter
[07/28/26 16:24:54.292455] [debug] [00:16:44.431741] [Service::ParameterService::SetParameter] Requested: request_header { request_timestamp { seconds: 1785223441 nanos: 561633190 } } name: "default.linear_acceleration_limit" parameter: "{\"value\":20,\"write_db\":true}"
[07/28/26 16:24:54.298753] [debug] [00:16:44.438036] [Service] Server method called: /rb.api.ParameterService/SetParameter
[07/28/26 16:24:54.298776] [debug] [00:16:44.438062] [Service::ParameterService::SetParameter] Requested: request_header { request_timestamp { seconds: 1785223441 nanos: 567916090 } } name: "joint_position_command.cutoff_frequency" parameter: "{\"value\":5,\"write_db\":true}"
[07/28/26 16:24:54.304696] [debug] [00:16:44.443978] [Service] Server method called: /rb.api.RobotCommandService/RobotCommand
[07/28/26 16:24:54.304771] [debug] [00:16:44.444048] [Service::RobotCommandService::RobotCommand] Requested: robot_command { component_based_command { body_command { joint_position_command { command_header { control_hold_time { seconds: 1 } } minimum_time { nanos: 500000000 } position: -0.00015567626807750319 position: 1.141771516884039 position: -1.5205090952237148 position: 0.7770637875820795 position: 0.00050120164356659569 position: 3.0375857185854283e-05 position: -0.022022496459744356 position: -0.2617639492990993 position: -0.00096063648350264163... [truncated]
[07/28/26 16:24:54.304775] [debug] [00:16:44.444062] [Service::RobotCommandService::RobotCommand]   Peer: ipv4:192.168.30.230:38692
[07/28/26 16:24:54.304921] [debug] [00:16:44.444207] [Service::RobotCommandService::RobotCommand]   IP: 192.168.30.230, Family: ipv4
[07/28/26 16:24:54.309756] [info] [00:16:44.449040] [ControlManager] Control started: {"type":"RobotCommand","control":{"type":"ComponentBasedCommand","components":{"mobility":null,"body":{"type":"BodyCommand","control":{"type":"JointPositionCommand","control":{"type":"JointPositionControl"}}},"head":{"type":"HeadCommand","control":{"type":"JointPositionCommand","control":{"type":"JointPositionControl"}}}}}} (priority: 1)
[07/28/26 16:24:56.067760] [debug] [00:16:46.207039] [ControlManager] Control finished: {"type":"RobotCommand","control":{"type":"ComponentBasedCommand","components":{"mobility":null,"body":{"type":"BodyCommand","control":{"type":"JointPositionCommand","control":{"type":"JointPositionControl"}}},"head":{"type":"HeadCommand","control":{"type":"JointPositionCommand","control":{"type":"JointPositionControl"}}}}}}
[07/28/26 16:24:56.067817] [info] [00:16:46.207099] [ControlInterface] Control completed successfully.
[07/28/26 16:24:56.067826] [debug] [00:16:46.207107] [ControlInterface::ExecutionStats] Average Control Time: 0.001 ms (max: 0.027 ms, min: 0.001 ms, sigma: 0.001 ms, count: 880)
[07/28/26 16:24:56.068746] [debug] [00:16:46.208029] [Service] Server method called: /rb.api.PowerService/ToolFlangePowerCommand
[07/28/26 16:24:56.068774] [debug] [00:16:46.208062] [Service::PowerService::ToolFlangePowerCommand] Requested: request_header { request_timestamp { seconds: 1785223443 nanos: 337792571 } } name: "right" command: COMMAND_POWER_12V
[07/28/26 16:24:56.068778] [debug] [00:16:46.208066] [Service::PowerService::ToolFlangePowerCommand] Result: Success
[07/28/26 16:24:56.069237] [debug] [00:16:46.208520] [Service] Server method called: /rb.api.PowerService/ToolFlangePowerCommand
[07/28/26 16:24:56.069255] [debug] [00:16:46.208541] [Service::PowerService::ToolFlangePowerCommand] Requested: request_header { request_timestamp { seconds: 1785223443 nanos: 338370135 } } name: "left" command: COMMAND_POWER_12V
[07/28/26 16:24:56.069259] [debug] [00:16:46.208547] [Service::PowerService::ToolFlangePowerCommand] Result: Success
[07/28/26 16:24:57.225692] [debug] [00:16:47.364963] [Service] Server method called: /rb.api.RobotCommandService/RobotCommand
[07/28/26 16:24:57.225782] [debug] [00:16:47.365065] [Service::RobotCommandService::RobotCommand] Requested: robot_command { component_based_command { body_command { joint_position_command { command_header { control_hold_time { seconds: 1 } } minimum_time { seconds: 4 } position: 0 position: 0.78539816339744828 position: -1.3962634015954636 position: 0.78539816339744828 position: 0 position: 0 position: 0 position: -0.26179938779914941 position: 0 position: -2.0943951023931953 position: 0 position: 0.52359877559829882 position: 0 position: 0 position: 0... [truncated]
[07/28/26 16:24:57.225786] [debug] [00:16:47.365073] [Service::RobotCommandService::RobotCommand]   Peer: ipv4:192.168.30.230:38692
[07/28/26 16:24:57.225946] [debug] [00:16:47.365231] [Service::RobotCommandService::RobotCommand]   IP: 192.168.30.230, Family: ipv4
[07/28/26 16:24:57.231750] [info] [00:16:47.371030] [ControlManager] Control started: {"type":"RobotCommand","control":{"type":"ComponentBasedCommand","components":{"mobility":null,"body":{"type":"BodyCommand","control":{"type":"JointPositionCommand","control":{"type":"JointPositionControl"}}},"head":{"type":"HeadCommand","control":{"type":"JointPositionCommand","control":{"type":"JointPositionControl"}}}}}} (priority: 1)
[07/28/26 16:25:02.489761] [debug] [00:16:52.629039] [ControlManager] Control finished: {"type":"RobotCommand","control":{"type":"ComponentBasedCommand","components":{"mobility":null,"body":{"type":"BodyCommand","control":{"type":"JointPositionCommand","control":{"type":"JointPositionControl"}}},"head":{"type":"HeadCommand","control":{"type":"JointPositionCommand","control":{"type":"JointPositionControl"}}}}}}
[07/28/26 16:25:02.489829] [info] [00:16:52.629111] [ControlInterface] Control completed successfully.
[07/28/26 16:25:02.489838] [debug] [00:16:52.629119] [ControlInterface::ExecutionStats] Average Control Time: 0.001 ms (max: 0.021 ms, min: 0.001 ms, sigma: 0.000 ms, count: 2630)
[07/28/26 16:25:02.490556] [debug] [00:16:52.629839] [Service] Server method called: /rb.api.RobotCommandService/RobotCommandStream
[07/28/26 16:25:02.490567] [debug] [00:16:52.629854] [Service::RobotCommandService::RobotCommandStream] Stream is created
[07/28/26 16:25:02.522029] [debug] [00:16:52.661311] [Service::RobotCommandService::RobotCommandStream] Requested: robot_command { component_based_command { mobility_command { se2_velocity_command { command_header { control_hold_time { seconds: 1 } } minimum_time { nanos: 10100000 } velocity { linear { } } acceleration_limit { linear { x: 1 y: 1 } angular: 1 } } } body_command { joint_impedance_control_command { command_header { control_hold_time { seconds: 1 } } minimum_time { nanos: 10100000 } position: -0.00013960323010770527 position: 0.78489700921215155 ... [truncated]
[07/28/26 16:25:02.522036] [debug] [00:16:52.661323] [Service::RobotCommandService::RobotCommandStream]   Peer: ipv4:192.168.30.230:38692
[07/28/26 16:25:02.522192] [debug] [00:16:52.661477] [Service::RobotCommandService::RobotCommandStream]   IP: 192.168.30.230, Family: ipv4
[07/28/26 16:25:02.527747] [info] [00:16:52.667032] [ControlManager] Control started: {"type":"RobotCommand","control":{"type":"ComponentBasedCommand","components":{"mobility":{"type":"MobilityCommand","control":{"type":"SE2VelocityCommand","control":{"type":"MobilitySE2VelocityControl"}}},"body":{"type":"BodyCommand","control":{"type":"JointImpedanceControlCommand","control":{"type":"JointImpedanceControl"}}},"head":{"type":"HeadCommand","control":{"type":"JointPositionCommand","control":{"type":"JointPositionControl"}}}}}} (priority: 1)
[07/28/26 16:25:05.287102] [debug] [00:16:55.426373] [Service] Server method called: /rb.api.RobotCommandService/RobotCommand
[07/28/26 16:25:05.287136] [debug] [00:16:55.426421] [Service::RobotCommandService::RobotCommand] Requested: robot_command { whole_body_command { stop_command { } } } priority: 99
[07/28/26 16:25:05.287139] [debug] [00:16:55.426426] [Service::RobotCommandService::RobotCommand]   Peer: ipv4:192.168.30.230:38692
[07/28/26 16:25:05.287325] [debug] [00:16:55.426610] [Service::RobotCommandService::RobotCommand]   IP: 192.168.30.230, Family: ipv4
[07/28/26 16:25:05.389898] [debug] [00:16:55.529178] [ControlManager] Control finished: {"type":"RobotCommand","control":{"type":"ComponentBasedCommand","components":{"mobility":{"type":"MobilityCommand","control":{"type":"SE2VelocityCommand","control":{"type":"MobilitySE2VelocityControl"}}},"body":{"type":"BodyCommand","control":{"type":"JointImpedanceControlCommand","control":{"type":"JointImpedanceControl"}}},"head":{"type":"HeadCommand","control":{"type":"JointPositionCommand","control":{"type":"JointPositionControl"}}}}}}
[07/28/26 16:25:05.390023] [debug] [00:16:55.529303] [Service::RobotCommandService::RobotCommandStream] OnReadDone (write_done: true, read_done: true)
[07/28/26 16:25:05.390037] [debug] [00:16:55.529320] [Service::RobotCommandService::RobotCommandStream] OnCancel
[07/28/26 16:25:05.390141] [info] [00:16:55.529424] [ControlInterface] Control was preempted or canceled by another request.
[07/28/26 16:25:05.390151] [debug] [00:16:55.529432] [ControlInterface::ExecutionStats] Average Control Time: 0.120 ms (max: 0.202 ms, min: 0.112 ms, sigma: 0.005 ms, count: 1432)
[07/28/26 16:25:05.390184] [debug] [00:16:55.529466] [Service::RobotCommandService::RobotCommandStream] OnDone: robot_command { component_based_command { mobility_command { se2_velocity_command { command_header { control_hold_time { seconds: 1 } } minimum_time { nanos: 10100000 } velocity { linear { } } acceleration_limit { linear { x: 1 y: 1 } angular: 1 } } } body_command { joint_impedance_control_command { command_header { control_hold_time { seconds: 1 } } minimum_time { nanos: 10100000 } position: -0.0044749569460787505 position: 0.85831863104063533 p... [truncated]
[07/28/26 16:25:05.391732] [info] [00:16:55.531018] [ControlManager] Control started: {"type":"RobotCommand","control":{"type":"WholeBodyCommand","control":{"type":"StopControl","control":{"type":"JointVelocityControl"}}}} (priority: 99)
[07/28/26 16:25:05.391750] [debug] [00:16:55.531038] [ControlManager] Control finished: {"type":"RobotCommand","control":{"type":"WholeBodyCommand","control":{"type":"StopControl","control":{"type":"JointVelocityControl"}}}}
[07/28/26 16:25:05.391786] [info] [00:16:55.531070] [ControlInterface] Control completed successfully.
[07/28/26 16:25:05.391792] [debug] [00:16:55.531076] [ControlInterface::ExecutionStats] Average Control Time: 0.005 ms (max: 0.005 ms, min: 0.005 ms, sigma: 0.000 ms, count: 1)
[07/28/26 16:25:05.392420] [debug] [00:16:55.531706] [Service] Server method called: /rb.api.ControlManagerService/ControlManagerCommand
[07/28/26 16:25:05.392436] [debug] [00:16:55.531724] [Service::ControlManagerService::ControlManagerCommand] Requested: request_header { request_timestamp { seconds: 1785223452 nanos: 661147605 } } command: COMMAND_DISABLE
[07/28/26 16:25:05.392439] [info] [00:16:55.531727] [ControlManager::Disable] Disable request received. Starting the disabling process...
[07/28/26 16:25:05.393731] [info] [00:16:55.533018] [ControlManager::Disable] Control Manager successfully disabled
[07/28/26 16:25:18.638731] [debug] [00:17:08.778002] [Hardware] Hardware Loop Stat (avg: 2.000 ms, min: 1.997 ms, max: 2.003 ms, count: 15000)
[07/28/26 16:25:18.661719] [debug] [00:17:08.801003] [ControlManager] Control Manager Loop Stat (avg: 2.000 ms, min: 1.996 ms, max: 2.004 ms, count: 15000)
[07/28/26 16:25:32.703592] [debug] [00:17:22.842868] [Service] Server method called: /rb.api.RobotInfoService/GetRobotInfo
[07/28/26 16:25:32.703627] [debug] [00:17:22.842913] [Service::RobotInfoService::GetRobotInfo] Requested: request_header { request_timestamp { seconds: 1785223479 nanos: 971130279 } }
[07/28/26 16:25:32.704349] [debug] [00:17:22.843626] [Service] Server method called: /rb.api.RobotStateService/GetRobotState
[07/28/26 16:25:32.704377] [debug] [00:17:22.843663] [Service::RobotStateService::GetRobotState] Requested: request_header { request_timestamp { seconds: 1785223479 nanos: 971950225 } }
[07/28/26 16:25:32.705014] [debug] [00:17:22.844296] [Service] Server method called: /rb.api.RobotInfoService/GetRobotInfo
[07/28/26 16:25:32.705031] [debug] [00:17:22.844317] [Service::RobotInfoService::GetRobotInfo] Requested: request_header { request_timestamp { seconds: 1785223479 nanos: 972693998 } }
[07/28/26 16:25:32.705744] [debug] [00:17:22.845027] [Service] Server method called: /rb.api.RobotStateService/GetRobotState
[07/28/26 16:25:32.705786] [debug] [00:17:22.845071] [Service::RobotStateService::GetRobotState] Requested: request_header { request_timestamp { seconds: 1785223479 nanos: 973399932 } }
[07/28/26 16:25:32.706556] [debug] [00:17:22.845837] [Service] Server method called: /rb.api.RobotStateService/GetControlManagerState
[07/28/26 16:25:32.706577] [debug] [00:17:22.845862] [Service::RobotStateService::GetControlManagerState] Requested: request_header { request_timestamp { seconds: 1785223479 nanos: 974205340 } }
[07/28/26 16:25:32.707023] [debug] [00:17:22.846307] [Service] Server method called: /rb.api.RobotInfoService/GetRobotInfo
[07/28/26 16:25:32.707044] [debug] [00:17:22.846330] [Service::RobotInfoService::GetRobotInfo] Requested: request_header { request_timestamp { seconds: 1785223479 nanos: 974722129 } }
[07/28/26 16:25:32.707598] [debug] [00:17:22.846882] [Service] Server method called: /rb.api.RobotStateService/GetRobotState
[07/28/26 16:25:32.707612] [debug] [00:17:22.846898] [Service::RobotStateService::GetRobotState] Requested: request_header { request_timestamp { seconds: 1785223479 nanos: 975280572 } }
[07/28/26 16:25:32.708026] [debug] [00:17:22.847312] [Service] Server method called: /rb.api.RobotStateService/GetRobotState
[07/28/26 16:25:32.708035] [debug] [00:17:22.847323] [Service::RobotStateService::GetRobotState] Requested: request_header { request_timestamp { seconds: 1785223479 nanos: 975710523 } }
[07/28/26 16:25:32.708433] [debug] [00:17:22.847716] [Service] Server method called: /rb.api.RobotInfoService/GetRobotInfo
[07/28/26 16:25:32.708449] [debug] [00:17:22.847735] [Service::RobotInfoService::GetRobotInfo] Requested: request_header { request_timestamp { seconds: 1785223479 nanos: 976124242 } }
[07/28/26 16:25:32.708974] [debug] [00:17:22.848261] [Service] Server method called: /rb.api.ControlManagerService/ControlManagerCommand
[07/28/26 16:25:32.708988] [debug] [00:17:22.848275] [Service::ControlManagerService::ControlManagerCommand] Requested: request_header { request_timestamp { seconds: 1785223479 nanos: 976675083 } } command: COMMAND_ENABLE unlimited_mode_enabled { }
[07/28/26 16:25:32.708991] [info] [00:17:22.848278] [ControlManager::Enable] Enable request received. Starting the enabling process...
[07/28/26 16:25:32.709729] [info] [00:17:22.849016] [ControlManager::Enable] Control Manager successfully enabled
[07/28/26 16:25:32.710061] [debug] [00:17:22.849345] [Service] Server method called: /rb.api.ParameterService/SetParameter
[07/28/26 16:25:32.710078] [debug] [00:17:22.849364] [Service::ParameterService::SetParameter] Requested: request_header { request_timestamp { seconds: 1785223479 nanos: 977738464 } } name: "cartesian_command.cutoff_frequency" parameter: "{\"value\":5,\"write_db\":true}"
[07/28/26 16:25:32.720290] [debug] [00:17:22.859573] [Service] Server method called: /rb.api.ParameterService/SetParameter
[07/28/26 16:25:32.720306] [debug] [00:17:22.859592] [Service::ParameterService::SetParameter] Requested: request_header { request_timestamp { seconds: 1785223479 nanos: 987945973 } } name: "default.acceleration_limit_scaling" parameter: "{\"value\":1.0,\"write_db\":true}"
[07/28/26 16:25:32.726315] [debug] [00:17:22.865597] [Service] Server method called: /rb.api.ParameterService/SetParameter
[07/28/26 16:25:32.726332] [debug] [00:17:22.865618] [Service::ParameterService::SetParameter] Requested: request_header { request_timestamp { seconds: 1785223479 nanos: 993961576 } } name: "default.angular_acceleration_limit" parameter: "{\"value\":10,\"write_db\":true}"
[07/28/26 16:25:32.732477] [debug] [00:17:22.871759] [Service] Server method called: /rb.api.ParameterService/SetParameter
[07/28/26 16:25:32.732494] [debug] [00:17:22.871780] [Service::ParameterService::SetParameter] Requested: request_header { request_timestamp { seconds: 1785223480 nanos: 120765 } } name: "default.linear_acceleration_limit" parameter: "{\"value\":20,\"write_db\":true}"
[07/28/26 16:25:32.738614] [debug] [00:17:22.877900] [Service] Server method called: /rb.api.ParameterService/SetParameter
[07/28/26 16:25:32.738624] [debug] [00:17:22.877911] [Service::ParameterService::SetParameter] Requested: request_header { request_timestamp { seconds: 1785223480 nanos: 6284196 } } name: "joint_position_command.cutoff_frequency" parameter: "{\"value\":5,\"write_db\":true}"
[07/28/26 16:25:32.744285] [debug] [00:17:22.883568] [Service] Server method called: /rb.api.RobotCommandService/RobotCommand
[07/28/26 16:25:32.744354] [debug] [00:17:22.883639] [Service::RobotCommandService::RobotCommand] Requested: robot_command { component_based_command { body_command { joint_position_command { command_header { control_hold_time { seconds: 1 } } minimum_time { nanos: 500000000 } position: -0.00017086419667043033 position: 1.0774164664536585 position: -1.513564414874599 position: 0.78016971897933318 position: 0.00084293003690745635 position: 7.5939642964635707e-06 position: -0.018012883311211588 position: -0.26187785876354625 position: -0.000508795607863059... [truncated]
[07/28/26 16:25:32.744358] [debug] [00:17:22.883645] [Service::RobotCommandService::RobotCommand]   Peer: ipv4:192.168.30.230:38692
[07/28/26 16:25:32.744502] [debug] [00:17:22.883788] [Service::RobotCommandService::RobotCommand]   IP: 192.168.30.230, Family: ipv4
[07/28/26 16:25:32.749754] [info] [00:17:22.889039] [ControlManager] Control started: {"type":"RobotCommand","control":{"type":"ComponentBasedCommand","components":{"mobility":null,"body":{"type":"BodyCommand","control":{"type":"JointPositionCommand","control":{"type":"JointPositionControl"}}},"head":{"type":"HeadCommand","control":{"type":"JointPositionCommand","control":{"type":"JointPositionControl"}}}}}} (priority: 1)
[07/28/26 16:25:34.507759] [debug] [00:17:24.647038] [ControlManager] Control finished: {"type":"RobotCommand","control":{"type":"ComponentBasedCommand","components":{"mobility":null,"body":{"type":"BodyCommand","control":{"type":"JointPositionCommand","control":{"type":"JointPositionControl"}}},"head":{"type":"HeadCommand","control":{"type":"JointPositionCommand","control":{"type":"JointPositionControl"}}}}}}
[07/28/26 16:25:34.507815] [info] [00:17:24.647098] [ControlInterface] Control completed successfully.
[07/28/26 16:25:34.507824] [debug] [00:17:24.647105] [ControlInterface::ExecutionStats] Average Control Time: 0.001 ms (max: 0.025 ms, min: 0.001 ms, sigma: 0.001 ms, count: 880)
[07/28/26 16:25:34.509016] [debug] [00:17:24.648298] [Service] Server method called: /rb.api.PowerService/ToolFlangePowerCommand
[07/28/26 16:25:34.509047] [debug] [00:17:24.648333] [Service::PowerService::ToolFlangePowerCommand] Requested: request_header { request_timestamp { seconds: 1785223481 nanos: 776523415 } } name: "right" command: COMMAND_POWER_12V
[07/28/26 16:25:34.509050] [debug] [00:17:24.648338] [Service::PowerService::ToolFlangePowerCommand] Result: Success
[07/28/26 16:25:34.509473] [debug] [00:17:24.648756] [Service] Server method called: /rb.api.PowerService/ToolFlangePowerCommand
[07/28/26 16:25:34.509493] [debug] [00:17:24.648779] [Service::PowerService::ToolFlangePowerCommand] Requested: request_header { request_timestamp { seconds: 1785223481 nanos: 777058519 } } name: "left" command: COMMAND_POWER_12V
[07/28/26 16:25:34.509497] [debug] [00:17:24.648784] [Service::PowerService::ToolFlangePowerCommand] Result: Success
[07/28/26 16:25:35.686393] [debug] [00:17:25.825671] [Service] Server method called: /rb.api.RobotCommandService/RobotCommand
[07/28/26 16:25:35.686456] [debug] [00:17:25.825742] [Service::RobotCommandService::RobotCommand] Requested: robot_command { component_based_command { body_command { joint_position_command { command_header { control_hold_time { seconds: 1 } } minimum_time { seconds: 4 } position: 0 position: 0.78539816339744828 position: -1.3962634015954636 position: 0.78539816339744828 position: 0 position: 0 position: 0 position: -0.26179938779914941 position: 0 position: -2.0943951023931953 position: 0 position: 0.52359877559829882 position: 0 position: 0 position: 0... [truncated]
[07/28/26 16:25:35.686459] [debug] [00:17:25.825747] [Service::RobotCommandService::RobotCommand]   Peer: ipv4:192.168.30.230:38692
[07/28/26 16:25:35.686589] [debug] [00:17:25.825876] [Service::RobotCommandService::RobotCommand]   IP: 192.168.30.230, Family: ipv4
[07/28/26 16:25:35.691742] [info] [00:17:25.831026] [ControlManager] Control started: {"type":"RobotCommand","control":{"type":"ComponentBasedCommand","components":{"mobility":null,"body":{"type":"BodyCommand","control":{"type":"JointPositionCommand","control":{"type":"JointPositionControl"}}},"head":{"type":"HeadCommand","control":{"type":"JointPositionCommand","control":{"type":"JointPositionControl"}}}}}} (priority: 1)
[07/28/26 16:25:40.949760] [debug] [00:17:31.089039] [ControlManager] Control finished: {"type":"RobotCommand","control":{"type":"ComponentBasedCommand","components":{"mobility":null,"body":{"type":"BodyCommand","control":{"type":"JointPositionCommand","control":{"type":"JointPositionControl"}}},"head":{"type":"HeadCommand","control":{"type":"JointPositionCommand","control":{"type":"JointPositionControl"}}}}}}
[07/28/26 16:25:40.949820] [info] [00:17:31.089101] [ControlInterface] Control completed successfully.
[07/28/26 16:25:40.949832] [debug] [00:17:31.089111] [ControlInterface::ExecutionStats] Average Control Time: 0.001 ms (max: 0.019 ms, min: 0.001 ms, sigma: 0.000 ms, count: 2630)
[07/28/26 16:25:40.950870] [debug] [00:17:31.090152] [Service] Server method called: /rb.api.RobotCommandService/RobotCommandStream
[07/28/26 16:25:40.950882] [debug] [00:17:31.090168] [Service::RobotCommandService::RobotCommandStream] Stream is created
[07/28/26 16:25:40.982537] [debug] [00:17:31.121821] [Service::RobotCommandService::RobotCommandStream] Requested: robot_command { component_based_command { mobility_command { se2_velocity_command { command_header { control_hold_time { seconds: 1 } } minimum_time { nanos: 10100000 } velocity { linear { } } acceleration_limit { linear { x: 1 y: 1 } angular: 1 } } } body_command { joint_impedance_control_command { command_header { control_hold_time { seconds: 1 } } minimum_time { nanos: 10100000 } position: -0.00012872872971087513 position: 0.78492793145286321 ... [truncated]
[07/28/26 16:25:40.982542] [debug] [00:17:31.121830] [Service::RobotCommandService::RobotCommandStream]   Peer: ipv4:192.168.30.230:38692
[07/28/26 16:25:40.982672] [debug] [00:17:31.121959] [Service::RobotCommandService::RobotCommandStream]   IP: 192.168.30.230, Family: ipv4
[07/28/26 16:25:40.987745] [info] [00:17:31.127030] [ControlManager] Control started: {"type":"RobotCommand","control":{"type":"ComponentBasedCommand","components":{"mobility":{"type":"MobilityCommand","control":{"type":"SE2VelocityCommand","control":{"type":"MobilitySE2VelocityControl"}}},"body":{"type":"BodyCommand","control":{"type":"JointImpedanceControlCommand","control":{"type":"JointImpedanceControl"}}},"head":{"type":"HeadCommand","control":{"type":"JointPositionCommand","control":{"type":"JointPositionControl"}}}}}} (priority: 1)
[07/28/26 16:25:48.638730] [debug] [00:17:38.778002] [Hardware] Hardware Loop Stat (avg: 2.000 ms, min: 1.998 ms, max: 2.002 ms, count: 15000)
[07/28/26 16:25:48.661720] [debug] [00:17:38.801003] [ControlManager] Control Manager Loop Stat (avg: 2.000 ms, min: 1.997 ms, max: 2.003 ms, count: 15000)
[07/28/26 16:25:50.985868] [debug] [00:17:41.125137] [ControlInterface::ExecutionStats] Average Control Time: 0.120 ms (max: 0.199 ms, min: 0.110 ms, sigma: 0.005 ms, count: 5000)
[07/28/26 16:25:55.059600] [debug] [00:17:45.198874] [Service] Server method called: /rb.api.RobotCommandService/RobotCommand
[07/28/26 16:25:55.059633] [debug] [00:17:45.198918] [Service::RobotCommandService::RobotCommand] Requested: robot_command { whole_body_command { stop_command { } } } priority: 99
[07/28/26 16:25:55.059637] [debug] [00:17:45.198925] [Service::RobotCommandService::RobotCommand]   Peer: ipv4:192.168.30.230:38692
[07/28/26 16:25:55.059808] [debug] [00:17:45.199090] [Service::RobotCommandService::RobotCommand]   IP: 192.168.30.230, Family: ipv4
[07/28/26 16:25:55.163900] [debug] [00:17:45.303180] [ControlManager] Control finished: {"type":"RobotCommand","control":{"type":"ComponentBasedCommand","components":{"mobility":{"type":"MobilityCommand","control":{"type":"SE2VelocityCommand","control":{"type":"MobilitySE2VelocityControl"}}},"body":{"type":"BodyCommand","control":{"type":"JointImpedanceControlCommand","control":{"type":"JointImpedanceControl"}}},"head":{"type":"HeadCommand","control":{"type":"JointPositionCommand","control":{"type":"JointPositionControl"}}}}}}
[07/28/26 16:25:55.164000] [debug] [00:17:45.303280] [Service::RobotCommandService::RobotCommandStream] OnReadDone (write_done: true, read_done: true)
[07/28/26 16:25:55.164020] [debug] [00:17:45.303303] [Service::RobotCommandService::RobotCommandStream] OnCancel
[07/28/26 16:25:55.164112] [info] [00:17:45.303397] [ControlInterface] Control was preempted or canceled by another request.
[07/28/26 16:25:55.164120] [debug] [00:17:45.303402] [ControlInterface::ExecutionStats] Average Control Time: 0.119 ms (max: 0.134 ms, min: 0.110 ms, sigma: 0.004 ms, count: 2089)
[07/28/26 16:25:55.164157] [debug] [00:17:45.303442] [Service::RobotCommandService::RobotCommandStream] OnDone: robot_command { component_based_command { mobility_command { se2_velocity_command { command_header { control_hold_time { seconds: 1 } } minimum_time { nanos: 10100000 } velocity { linear { } } acceleration_limit { linear { x: 1 y: 1 } angular: 1 } } } body_command { joint_impedance_control_command { command_header { control_hold_time { seconds: 1 } } minimum_time { nanos: 10100000 } position: 0.00025168296866465812 position: 0.88170290600412693 p... [truncated]
[07/28/26 16:25:55.165733] [info] [00:17:45.305018] [ControlManager] Control started: {"type":"RobotCommand","control":{"type":"WholeBodyCommand","control":{"type":"StopControl","control":{"type":"JointVelocityControl"}}}} (priority: 99)
[07/28/26 16:25:55.165751] [debug] [00:17:45.305039] [ControlManager] Control finished: {"type":"RobotCommand","control":{"type":"WholeBodyCommand","control":{"type":"StopControl","control":{"type":"JointVelocityControl"}}}}
[07/28/26 16:25:55.165784] [info] [00:17:45.305070] [ControlInterface] Control completed successfully.
[07/28/26 16:25:55.165788] [debug] [00:17:45.305074] [ControlInterface::ExecutionStats] Average Control Time: 0.005 ms (max: 0.005 ms, min: 0.005 ms, sigma: 0.000 ms, count: 1)
[07/28/26 16:25:55.166602] [debug] [00:17:45.305885] [Service] Server method called: /rb.api.ControlManagerService/ControlManagerCommand
[07/28/26 16:25:55.166762] [debug] [00:17:45.306047] [Service::ControlManagerService::ControlManagerCommand] Requested: request_header { request_timestamp { seconds: 1785223502 nanos: 433336462 } } command: COMMAND_DISABLE
[07/28/26 16:25:55.166904] [info] [00:17:45.306190] [ControlManager::Disable] Disable request received. Starting the disabling process...
[07/28/26 16:25:55.167734] [info] [00:17:45.307020] [ControlManager::Disable] Control Manager successfully disabled
[07/28/26 16:25:55.457162] [debug] [00:17:45.596443] [Service] Server method called: /rb.api.RobotInfoService/GetRobotInfo
[07/28/26 16:25:55.457182] [debug] [00:17:45.596468] [Service::RobotInfoService::GetRobotInfo] Requested: request_header { request_timestamp { seconds: 1785223502 nanos: 723902549 } }
[07/28/26 16:25:55.457727] [debug] [00:17:45.597009] [Service] Server method called: /rb.api.RobotStateService/GetRobotState
[07/28/26 16:25:55.457747] [debug] [00:17:45.597033] [Service::RobotStateService::GetRobotState] Requested: request_header { request_timestamp { seconds: 1785223502 nanos: 724526241 } }
[07/28/26 16:25:55.458369] [debug] [00:17:45.597653] [Service] Server method called: /rb.api.RobotInfoService/GetRobotInfo
[07/28/26 16:25:55.458382] [debug] [00:17:45.597669] [Service::RobotInfoService::GetRobotInfo] Requested: request_header { request_timestamp { seconds: 1785223502 nanos: 725171897 } }
[07/28/26 16:25:55.458986] [debug] [00:17:45.598269] [Service] Server method called: /rb.api.RobotStateService/GetRobotState
[07/28/26 16:25:55.459001] [debug] [00:17:45.598287] [Service::RobotStateService::GetRobotState] Requested: request_header { request_timestamp { seconds: 1785223502 nanos: 725791841 } }
[07/28/26 16:25:55.459534] [debug] [00:17:45.598818] [Service] Server method called: /rb.api.RobotStateService/GetControlManagerState
[07/28/26 16:25:55.459548] [debug] [00:17:45.598834] [Service::RobotStateService::GetControlManagerState] Requested: request_header { request_timestamp { seconds: 1785223502 nanos: 726349445 } }
[07/28/26 16:25:55.459951] [debug] [00:17:45.599238] [Service] Server method called: /rb.api.RobotInfoService/GetRobotInfo
[07/28/26 16:25:55.459959] [debug] [00:17:45.599246] [Service::RobotInfoService::GetRobotInfo] Requested: request_header { request_timestamp { seconds: 1785223502 nanos: 726776660 } }
[07/28/26 16:25:55.460426] [debug] [00:17:45.599710] [Service] Server method called: /rb.api.RobotStateService/GetRobotState
[07/28/26 16:25:55.460439] [debug] [00:17:45.599726] [Service::RobotStateService::GetRobotState] Requested: request_header { request_timestamp { seconds: 1785223502 nanos: 727235401 } }
[07/28/26 16:25:55.461112] [debug] [00:17:45.600396] [Service] Server method called: /rb.api.RobotStateService/GetRobotState
[07/28/26 16:25:55.461127] [debug] [00:17:45.600413] [Service::RobotStateService::GetRobotState] Requested: request_header { request_timestamp { seconds: 1785223502 nanos: 727922168 } }
[07/28/26 16:25:55.461858] [debug] [00:17:45.601142] [Service] Server method called: /rb.api.RobotInfoService/GetRobotInfo
[07/28/26 16:25:55.461871] [debug] [00:17:45.601158] [Service::RobotInfoService::GetRobotInfo] Requested: request_header { request_timestamp { seconds: 1785223502 nanos: 728681682 } }
[07/28/26 16:25:55.462602] [debug] [00:17:45.601885] [Service] Server method called: /rb.api.ControlManagerService/ControlManagerCommand
[07/28/26 16:25:55.462629] [debug] [00:17:45.601915] [Service::ControlManagerService::ControlManagerCommand] Requested: request_header { request_timestamp { seconds: 1785223502 nanos: 729412728 } } command: COMMAND_ENABLE unlimited_mode_enabled { }
[07/28/26 16:25:55.462633] [info] [00:17:45.601920] [ControlManager::Enable] Enable request received. Starting the enabling process...
[07/28/26 16:25:55.463729] [info] [00:17:45.603014] [ControlManager::Enable] Control Manager successfully enabled
[07/28/26 16:25:55.464069] [debug] [00:17:45.603353] [Service] Server method called: /rb.api.ParameterService/SetParameter
[07/28/26 16:25:55.464087] [debug] [00:17:45.603373] [Service::ParameterService::SetParameter] Requested: request_header { request_timestamp { seconds: 1785223502 nanos: 730875377 } } name: "cartesian_command.cutoff_frequency" parameter: "{\"value\":5,\"write_db\":true}"
[07/28/26 16:25:55.474709] [debug] [00:17:45.613995] [Service] Server method called: /rb.api.ParameterService/SetParameter
[07/28/26 16:25:55.474727] [debug] [00:17:45.614014] [Service::ParameterService::SetParameter] Requested: request_header { request_timestamp { seconds: 1785223502 nanos: 741479004 } } name: "default.acceleration_limit_scaling" parameter: "{\"value\":1.0,\"write_db\":true}"
[07/28/26 16:25:55.480460] [debug] [00:17:45.619742] [Service] Server method called: /rb.api.ParameterService/SetParameter
[07/28/26 16:25:55.480479] [debug] [00:17:45.619764] [Service::ParameterService::SetParameter] Requested: request_header { request_timestamp { seconds: 1785223502 nanos: 747216655 } } name: "default.angular_acceleration_limit" parameter: "{\"value\":10,\"write_db\":true}"
[07/28/26 16:25:55.486359] [debug] [00:17:45.625641] [Service] Server method called: /rb.api.ParameterService/SetParameter
[07/28/26 16:25:55.486375] [debug] [00:17:45.625662] [Service::ParameterService::SetParameter] Requested: request_header { request_timestamp { seconds: 1785223502 nanos: 753109964 } } name: "default.linear_acceleration_limit" parameter: "{\"value\":20,\"write_db\":true}"
[07/28/26 16:25:55.492462] [debug] [00:17:45.631745] [Service] Server method called: /rb.api.ParameterService/SetParameter
[07/28/26 16:25:55.492485] [debug] [00:17:45.631771] [Service::ParameterService::SetParameter] Requested: request_header { request_timestamp { seconds: 1785223502 nanos: 759250731 } } name: "joint_position_command.cutoff_frequency" parameter: "{\"value\":5,\"write_db\":true}"
[07/28/26 16:25:55.498542] [debug] [00:17:45.637825] [Service] Server method called: /rb.api.RobotCommandService/RobotCommand
[07/28/26 16:25:55.498601] [debug] [00:17:45.637887] [Service::RobotCommandService::RobotCommand] Requested: robot_command { component_based_command { body_command { joint_position_command { command_header { control_hold_time { seconds: 1 } } minimum_time { nanos: 500000000 } position: 1.8984910741158927e-05 position: 1.1494755936628014 position: -1.5259235917670935 position: 0.771812561271075 position: 0.00091507269772386031 position: -7.5939642964635707e-06 position: -0.020796071225865489 position: -0.26183988894206389 position: -0.0003113525361550063... [truncated]
[07/28/26 16:25:55.498603] [debug] [00:17:45.637891] [Service::RobotCommandService::RobotCommand]   Peer: ipv4:192.168.30.230:38692
[07/28/26 16:25:55.498743] [debug] [00:17:45.638030] [Service::RobotCommandService::RobotCommand]   IP: 192.168.30.230, Family: ipv4
[07/28/26 16:25:55.503742] [info] [00:17:45.643027] [ControlManager] Control started: {"type":"RobotCommand","control":{"type":"ComponentBasedCommand","components":{"mobility":null,"body":{"type":"BodyCommand","control":{"type":"JointPositionCommand","control":{"type":"JointPositionControl"}}},"head":{"type":"HeadCommand","control":{"type":"JointPositionCommand","control":{"type":"JointPositionControl"}}}}}} (priority: 1)
[07/28/26 16:25:57.261770] [debug] [00:17:47.401045] [ControlManager] Control finished: {"type":"RobotCommand","control":{"type":"ComponentBasedCommand","components":{"mobility":null,"body":{"type":"BodyCommand","control":{"type":"JointPositionCommand","control":{"type":"JointPositionControl"}}},"head":{"type":"HeadCommand","control":{"type":"JointPositionCommand","control":{"type":"JointPositionControl"}}}}}}
[07/28/26 16:25:57.261828] [info] [00:17:47.401110] [ControlInterface] Control completed successfully.
[07/28/26 16:25:57.261838] [debug] [00:17:47.401118] [ControlInterface::ExecutionStats] Average Control Time: 0.001 ms (max: 0.022 ms, min: 0.001 ms, sigma: 0.001 ms, count: 880)
[07/28/26 16:25:57.262500] [debug] [00:17:47.401782] [Service] Server method called: /rb.api.PowerService/ToolFlangePowerCommand
[07/28/26 16:25:57.262532] [debug] [00:17:47.401818] [Service::PowerService::ToolFlangePowerCommand] Requested: request_header { request_timestamp { seconds: 1785223504 nanos: 529127341 } } name: "right" command: COMMAND_POWER_12V
[07/28/26 16:25:57.262541] [debug] [00:17:47.401828] [Service::PowerService::ToolFlangePowerCommand] Result: Success
[07/28/26 16:25:57.262991] [debug] [00:17:47.402276] [Service] Server method called: /rb.api.PowerService/ToolFlangePowerCommand
[07/28/26 16:25:57.263007] [debug] [00:17:47.402294] [Service::PowerService::ToolFlangePowerCommand] Requested: request_header { request_timestamp { seconds: 1785223504 nanos: 529704727 } } name: "left" command: COMMAND_POWER_12V
[07/28/26 16:25:57.263011] [debug] [00:17:47.402298] [Service::PowerService::ToolFlangePowerCommand] Result: Success
[07/28/26 16:25:58.438286] [debug] [00:17:48.577564] [Service] Server method called: /rb.api.RobotCommandService/RobotCommand
[07/28/26 16:25:58.438352] [debug] [00:17:48.577637] [Service::RobotCommandService::RobotCommand] Requested: robot_command { component_based_command { body_command { joint_position_command { command_header { control_hold_time { seconds: 1 } } minimum_time { seconds: 4 } position: 0 position: 0.78539816339744828 position: -1.3962634015954636 position: 0.78539816339744828 position: 0 position: 0 position: 0 position: -0.26179938779914941 position: 0 position: -2.0943951023931953 position: 0 position: 0.52359877559829882 position: 0 position: 0 position: 0... [truncated]
[07/28/26 16:25:58.438356] [debug] [00:17:48.577644] [Service::RobotCommandService::RobotCommand]   Peer: ipv4:192.168.30.230:38692
[07/28/26 16:25:58.438512] [debug] [00:17:48.577798] [Service::RobotCommandService::RobotCommand]   IP: 192.168.30.230, Family: ipv4
[07/28/26 16:25:58.443744] [info] [00:17:48.583027] [ControlManager] Control started: {"type":"RobotCommand","control":{"type":"ComponentBasedCommand","components":{"mobility":null,"body":{"type":"BodyCommand","control":{"type":"JointPositionCommand","control":{"type":"JointPositionControl"}}},"head":{"type":"HeadCommand","control":{"type":"JointPositionCommand","control":{"type":"JointPositionControl"}}}}}} (priority: 1)
[07/28/26 16:26:03.701757] [debug] [00:17:53.841038] [ControlManager] Control finished: {"type":"RobotCommand","control":{"type":"ComponentBasedCommand","components":{"mobility":null,"body":{"type":"BodyCommand","control":{"type":"JointPositionCommand","control":{"type":"JointPositionControl"}}},"head":{"type":"HeadCommand","control":{"type":"JointPositionCommand","control":{"type":"JointPositionControl"}}}}}}
[07/28/26 16:26:03.701821] [info] [00:17:53.841103] [ControlInterface] Control completed successfully.
[07/28/26 16:26:03.701830] [debug] [00:17:53.841112] [ControlInterface::ExecutionStats] Average Control Time: 0.001 ms (max: 0.019 ms, min: 0.001 ms, sigma: 0.000 ms, count: 2630)
[07/28/26 16:26:03.702495] [debug] [00:17:53.841778] [Service] Server method called: /rb.api.RobotCommandService/RobotCommandStream
[07/28/26 16:26:03.702508] [debug] [00:17:53.841794] [Service::RobotCommandService::RobotCommandStream] Stream is created
[07/28/26 16:26:03.734389] [debug] [00:17:53.873671] [Service::RobotCommandService::RobotCommandStream] Requested: robot_command { component_based_command { mobility_command { se2_velocity_command { command_header { control_hold_time { seconds: 1 } } minimum_time { nanos: 10100000 } velocity { linear { } } acceleration_limit { linear { x: 1 y: 1 } angular: 1 } } } body_command { joint_impedance_control_command { command_header { control_hold_time { seconds: 1 } } minimum_time { nanos: 10100000 } position: -0.00014003689944412642 position: 0.784950461873518 po... [truncated]
[07/28/26 16:26:03.734397] [debug] [00:17:53.873683] [Service::RobotCommandService::RobotCommandStream]   Peer: ipv4:192.168.30.230:38692
[07/28/26 16:26:03.734553] [debug] [00:17:53.873839] [Service::RobotCommandService::RobotCommandStream]   IP: 192.168.30.230, Family: ipv4
[07/28/26 16:26:03.739746] [info] [00:17:53.879031] [ControlManager] Control started: {"type":"RobotCommand","control":{"type":"ComponentBasedCommand","components":{"mobility":{"type":"MobilityCommand","control":{"type":"SE2VelocityCommand","control":{"type":"MobilitySE2VelocityControl"}}},"body":{"type":"BodyCommand","control":{"type":"JointImpedanceControlCommand","control":{"type":"JointImpedanceControl"}}},"head":{"type":"HeadCommand","control":{"type":"JointPositionCommand","control":{"type":"JointPositionControl"}}}}}} (priority: 1)
[07/28/26 16:26:06.602195] [debug] [00:17:56.741467] [Service] Server method called: /rb.api.RobotCommandService/RobotCommand
[07/28/26 16:26:06.602228] [debug] [00:17:56.741515] [Service::RobotCommandService::RobotCommand] Requested: robot_command { whole_body_command { stop_command { } } } priority: 99
[07/28/26 16:26:06.602230] [debug] [00:17:56.741518] [Service::RobotCommandService::RobotCommand]   Peer: ipv4:192.168.30.230:38692
[07/28/26 16:26:06.602372] [debug] [00:17:56.741659] [Service::RobotCommandService::RobotCommand]   IP: 192.168.30.230, Family: ipv4
[07/28/26 16:26:06.705896] [debug] [00:17:56.845178] [ControlManager] Control finished: {"type":"RobotCommand","control":{"type":"ComponentBasedCommand","components":{"mobility":{"type":"MobilityCommand","control":{"type":"SE2VelocityCommand","control":{"type":"MobilitySE2VelocityControl"}}},"body":{"type":"BodyCommand","control":{"type":"JointImpedanceControlCommand","control":{"type":"JointImpedanceControl"}}},"head":{"type":"HeadCommand","control":{"type":"JointPositionCommand","control":{"type":"JointPositionControl"}}}}}}
[07/28/26 16:26:06.706055] [debug] [00:17:56.845338] [Service::RobotCommandService::RobotCommandStream] OnCancel
[07/28/26 16:26:06.706064] [debug] [00:17:56.845330] [Service::RobotCommandService::RobotCommandStream] OnReadDone (write_done: true, read_done: true)
[07/28/26 16:26:06.706210] [debug] [00:17:56.845494] [Service::RobotCommandService::RobotCommandStream] OnDone: robot_command { component_based_command { mobility_command { se2_velocity_command { command_header { control_hold_time { seconds: 1 } } minimum_time { nanos: 10100000 } velocity { linear { } } acceleration_limit { linear { x: 1 y: 1 } angular: 1 } } } body_command { joint_impedance_control_command { command_header { control_hold_time { seconds: 1 } } minimum_time { nanos: 10100000 } position: -0.0023682174259111906 position: 0.86745301243124251 p... [truncated]
[07/28/26 16:26:06.706239] [info] [00:17:56.845524] [ControlInterface] Control was preempted or canceled by another request.
[07/28/26 16:26:06.706248] [debug] [00:17:56.845529] [ControlInterface::ExecutionStats] Average Control Time: 0.120 ms (max: 0.194 ms, min: 0.111 ms, sigma: 0.005 ms, count: 1484)
[07/28/26 16:26:06.707731] [info] [00:17:56.847017] [ControlManager] Control started: {"type":"RobotCommand","control":{"type":"WholeBodyCommand","control":{"type":"StopControl","control":{"type":"JointVelocityControl"}}}} (priority: 99)
[07/28/26 16:26:06.707750] [debug] [00:17:56.847038] [ControlManager] Control finished: {"type":"RobotCommand","control":{"type":"WholeBodyCommand","control":{"type":"StopControl","control":{"type":"JointVelocityControl"}}}}
[07/28/26 16:26:06.707778] [info] [00:17:56.847065] [ControlInterface] Control completed successfully.
[07/28/26 16:26:06.707786] [debug] [00:17:56.847068] [ControlInterface::ExecutionStats] Average Control Time: 0.005 ms (max: 0.005 ms, min: 0.005 ms, sigma: 0.000 ms, count: 1)
[07/28/26 16:26:06.708481] [debug] [00:17:56.847763] [Service] Server method called: /rb.api.ControlManagerService/ControlManagerCommand
[07/28/26 16:26:06.708503] [debug] [00:17:56.847788] [Service::ControlManagerService::ControlManagerCommand] Requested: request_header { request_timestamp { seconds: 1785223513 nanos: 974801285 } } command: COMMAND_DISABLE
[07/28/26 16:26:06.708506] [info] [00:17:56.847793] [ControlManager::Disable] Disable request received. Starting the disabling process...
[07/28/26 16:26:06.709737] [info] [00:17:56.849022] [ControlManager::Disable] Control Manager successfully disabled
[07/28/26 16:26:18.638730] [debug] [00:18:08.778003] [Hardware] Hardware Loop Stat (avg: 2.000 ms, min: 1.997 ms, max: 2.003 ms, count: 15000)
[07/28/26 16:26:18.661719] [debug] [00:18:08.801003] [ControlManager] Control Manager Loop Stat (avg: 2.000 ms, min: 1.997 ms, max: 2.003 ms, count: 15000)
[07/28/26 16:26:41.248516] [debug] [00:18:31.387791] [Service] Server method called: /rb.api.RobotInfoService/GetRobotInfo
[07/28/26 16:26:41.248549] [debug] [00:18:31.387835] [Service::RobotInfoService::GetRobotInfo] Requested: request_header { request_timestamp { seconds: 1785223548 nanos: 513466026 } }
[07/28/26 16:26:41.249102] [debug] [00:18:31.388381] [Service] Server method called: /rb.api.RobotStateService/GetRobotState
[07/28/26 16:26:41.249128] [debug] [00:18:31.388415] [Service::RobotStateService::GetRobotState] Requested: request_header { request_timestamp { seconds: 1785223548 nanos: 514143792 } }
[07/28/26 16:26:41.249802] [debug] [00:18:31.389085] [Service] Server method called: /rb.api.RobotInfoService/GetRobotInfo
[07/28/26 16:26:41.249818] [debug] [00:18:31.389104] [Service::RobotInfoService::GetRobotInfo] Requested: request_header { request_timestamp { seconds: 1785223548 nanos: 514882755 } }
[07/28/26 16:26:41.250273] [debug] [00:18:31.389540] [Service] Server method called: /rb.api.RobotStateService/GetRobotState
[07/28/26 16:26:41.250289] [debug] [00:18:31.389575] [Service::RobotStateService::GetRobotState] Requested: request_header { request_timestamp { seconds: 1785223548 nanos: 515365599 } }
[07/28/26 16:26:41.250806] [debug] [00:18:31.390090] [Service] Server method called: /rb.api.RobotStateService/GetControlManagerState
[07/28/26 16:26:41.250820] [debug] [00:18:31.390107] [Service::RobotStateService::GetControlManagerState] Requested: request_header { request_timestamp { seconds: 1785223548 nanos: 515894447 } }
[07/28/26 16:26:41.251156] [debug] [00:18:31.390438] [Service] Server method called: /rb.api.RobotInfoService/GetRobotInfo
[07/28/26 16:26:41.251173] [debug] [00:18:31.390459] [Service::RobotInfoService::GetRobotInfo] Requested: request_header { request_timestamp { seconds: 1785223548 nanos: 516247620 } }
[07/28/26 16:26:41.251634] [debug] [00:18:31.390918] [Service] Server method called: /rb.api.RobotStateService/GetRobotState
[07/28/26 16:26:41.251647] [debug] [00:18:31.390933] [Service::RobotStateService::GetRobotState] Requested: request_header { request_timestamp { seconds: 1785223548 nanos: 516719466 } }
[07/28/26 16:26:41.252077] [debug] [00:18:31.391360] [Service] Server method called: /rb.api.RobotStateService/GetRobotState
[07/28/26 16:26:41.252092] [debug] [00:18:31.391378] [Service::RobotStateService::GetRobotState] Requested: request_header { request_timestamp { seconds: 1785223548 nanos: 517157977 } }
[07/28/26 16:26:41.252508] [debug] [00:18:31.391792] [Service] Server method called: /rb.api.RobotInfoService/GetRobotInfo
[07/28/26 16:26:41.252521] [debug] [00:18:31.391807] [Service::RobotInfoService::GetRobotInfo] Requested: request_header { request_timestamp { seconds: 1785223548 nanos: 517594635 } }
[07/28/26 16:26:41.252967] [debug] [00:18:31.392250] [Service] Server method called: /rb.api.ControlManagerService/ControlManagerCommand
[07/28/26 16:26:41.252987] [debug] [00:18:31.392273] [Service::ControlManagerService::ControlManagerCommand] Requested: request_header { request_timestamp { seconds: 1785223548 nanos: 518036168 } } command: COMMAND_ENABLE unlimited_mode_enabled { }
[07/28/26 16:26:41.252991] [info] [00:18:31.392278] [ControlManager::Enable] Enable request received. Starting the enabling process...
[07/28/26 16:26:41.253731] [info] [00:18:31.393016] [ControlManager::Enable] Control Manager successfully enabled
[07/28/26 16:26:41.254004] [debug] [00:18:31.393288] [Service] Server method called: /rb.api.ParameterService/SetParameter
[07/28/26 16:26:41.254022] [debug] [00:18:31.393308] [Service::ParameterService::SetParameter] Requested: request_header { request_timestamp { seconds: 1785223548 nanos: 519086418 } } name: "cartesian_command.cutoff_frequency" parameter: "{\"value\":5,\"write_db\":true}"
[07/28/26 16:26:41.264394] [debug] [00:18:31.403677] [Service] Server method called: /rb.api.ParameterService/SetParameter
[07/28/26 16:26:41.264410] [debug] [00:18:31.403696] [Service::ParameterService::SetParameter] Requested: request_header { request_timestamp { seconds: 1785223548 nanos: 529438257 } } name: "default.acceleration_limit_scaling" parameter: "{\"value\":1.0,\"write_db\":true}"
[07/28/26 16:26:41.270357] [debug] [00:18:31.409639] [Service] Server method called: /rb.api.ParameterService/SetParameter
[07/28/26 16:26:41.270374] [debug] [00:18:31.409660] [Service::ParameterService::SetParameter] Requested: request_header { request_timestamp { seconds: 1785223548 nanos: 535364281 } } name: "default.angular_acceleration_limit" parameter: "{\"value\":10,\"write_db\":true}"
[07/28/26 16:26:41.276043] [debug] [00:18:31.415325] [Service] Server method called: /rb.api.ParameterService/SetParameter
[07/28/26 16:26:41.276059] [debug] [00:18:31.415345] [Service::ParameterService::SetParameter] Requested: request_header { request_timestamp { seconds: 1785223548 nanos: 541085421 } } name: "default.linear_acceleration_limit" parameter: "{\"value\":20,\"write_db\":true}"
[07/28/26 16:26:41.282239] [debug] [00:18:31.421522] [Service] Server method called: /rb.api.ParameterService/SetParameter
[07/28/26 16:26:41.282256] [debug] [00:18:31.421542] [Service::ParameterService::SetParameter] Requested: request_header { request_timestamp { seconds: 1785223548 nanos: 547265677 } } name: "joint_position_command.cutoff_frequency" parameter: "{\"value\":5,\"write_db\":true}"
[07/28/26 16:26:41.288407] [debug] [00:18:31.427690] [Service] Server method called: /rb.api.RobotCommandService/RobotCommand
[07/28/26 16:26:41.288473] [debug] [00:18:31.427758] [Service::RobotCommandService::RobotCommand] Requested: robot_command { component_based_command { body_command { joint_position_command { command_header { control_hold_time { seconds: 1 } } minimum_time { nanos: 500000000 } position: -6.4548696519940349e-05 position: 1.0906983100081733 position: -1.5144718936080264 position: 0.78029881637237308 position: 0.00044804389349135064 position: 0 position: -0.01514236480714836 position: -0.26183988894206389 position: -0.00031514951830323819 position: -2.09499... [truncated]
[07/28/26 16:26:41.288477] [debug] [00:18:31.427764] [Service::RobotCommandService::RobotCommand]   Peer: ipv4:192.168.30.230:38692
[07/28/26 16:26:41.288627] [debug] [00:18:31.427913] [Service::RobotCommandService::RobotCommand]   IP: 192.168.30.230, Family: ipv4
[07/28/26 16:26:41.293753] [info] [00:18:31.433037] [ControlManager] Control started: {"type":"RobotCommand","control":{"type":"ComponentBasedCommand","components":{"mobility":null,"body":{"type":"BodyCommand","control":{"type":"JointPositionCommand","control":{"type":"JointPositionControl"}}},"head":{"type":"HeadCommand","control":{"type":"JointPositionCommand","control":{"type":"JointPositionControl"}}}}}} (priority: 1)
[07/28/26 16:26:43.051757] [debug] [00:18:33.191037] [ControlManager] Control finished: {"type":"RobotCommand","control":{"type":"ComponentBasedCommand","components":{"mobility":null,"body":{"type":"BodyCommand","control":{"type":"JointPositionCommand","control":{"type":"JointPositionControl"}}},"head":{"type":"HeadCommand","control":{"type":"JointPositionCommand","control":{"type":"JointPositionControl"}}}}}}
[07/28/26 16:26:43.051820] [info] [00:18:33.191101] [ControlInterface] Control completed successfully.
[07/28/26 16:26:43.051829] [debug] [00:18:33.191110] [ControlInterface::ExecutionStats] Average Control Time: 0.001 ms (max: 0.029 ms, min: 0.001 ms, sigma: 0.001 ms, count: 880)
[07/28/26 16:26:43.052650] [debug] [00:18:33.191933] [Service] Server method called: /rb.api.PowerService/ToolFlangePowerCommand
[07/28/26 16:26:43.052681] [debug] [00:18:33.191968] [Service::PowerService::ToolFlangePowerCommand] Requested: request_header { request_timestamp { seconds: 1785223550 nanos: 317564298 } } name: "right" command: COMMAND_POWER_12V
[07/28/26 16:26:43.052686] [debug] [00:18:33.191973] [Service::PowerService::ToolFlangePowerCommand] Result: Success
[07/28/26 16:26:43.053114] [debug] [00:18:33.192398] [Service] Server method called: /rb.api.PowerService/ToolFlangePowerCommand
[07/28/26 16:26:43.053142] [debug] [00:18:33.192428] [Service::PowerService::ToolFlangePowerCommand] Requested: request_header { request_timestamp { seconds: 1785223550 nanos: 318106285 } } name: "left" command: COMMAND_POWER_12V
[07/28/26 16:26:43.053146] [debug] [00:18:33.192433] [Service::PowerService::ToolFlangePowerCommand] Result: Success
[07/28/26 16:26:44.228144] [debug] [00:18:34.367422] [Service] Server method called: /rb.api.RobotCommandService/RobotCommand
[07/28/26 16:26:44.228223] [debug] [00:18:34.367507] [Service::RobotCommandService::RobotCommand] Requested: robot_command { component_based_command { body_command { joint_position_command { command_header { control_hold_time { seconds: 1 } } minimum_time { seconds: 4 } position: 0 position: 0.78539816339744828 position: -1.3962634015954636 position: 0.78539816339744828 position: 0 position: 0 position: 0 position: -0.26179938779914941 position: 0 position: -2.0943951023931953 position: 0 position: 0.52359877559829882 position: 0 position: 0 position: 0... [truncated]
[07/28/26 16:26:44.228226] [debug] [00:18:34.367514] [Service::RobotCommandService::RobotCommand]   Peer: ipv4:192.168.30.230:38692
[07/28/26 16:26:44.228378] [debug] [00:18:34.367664] [Service::RobotCommandService::RobotCommand]   IP: 192.168.30.230, Family: ipv4
[07/28/26 16:26:44.233744] [info] [00:18:34.373026] [ControlManager] Control started: {"type":"RobotCommand","control":{"type":"ComponentBasedCommand","components":{"mobility":null,"body":{"type":"BodyCommand","control":{"type":"JointPositionCommand","control":{"type":"JointPositionControl"}}},"head":{"type":"HeadCommand","control":{"type":"JointPositionCommand","control":{"type":"JointPositionControl"}}}}}} (priority: 1)
[07/28/26 16:26:48.638727] [debug] [00:18:38.778002] [Hardware] Hardware Loop Stat (avg: 2.000 ms, min: 1.997 ms, max: 2.003 ms, count: 15000)
[07/28/26 16:26:48.661718] [debug] [00:18:38.801002] [ControlManager] Control Manager Loop Stat (avg: 2.000 ms, min: 1.996 ms, max: 2.004 ms, count: 15000)
[07/28/26 16:26:49.491757] [debug] [00:18:39.631040] [ControlManager] Control finished: {"type":"RobotCommand","control":{"type":"ComponentBasedCommand","components":{"mobility":null,"body":{"type":"BodyCommand","control":{"type":"JointPositionCommand","control":{"type":"JointPositionControl"}}},"head":{"type":"HeadCommand","control":{"type":"JointPositionCommand","control":{"type":"JointPositionControl"}}}}}}
[07/28/26 16:26:49.491814] [info] [00:18:39.631096] [ControlInterface] Control completed successfully.
[07/28/26 16:26:49.491822] [debug] [00:18:39.631105] [ControlInterface::ExecutionStats] Average Control Time: 0.001 ms (max: 0.021 ms, min: 0.001 ms, sigma: 0.000 ms, count: 2630)
[07/28/26 16:26:49.492450] [debug] [00:18:39.631731] [Service] Server method called: /rb.api.RobotCommandService/RobotCommandStream
[07/28/26 16:26:49.492462] [debug] [00:18:39.631748] [Service::RobotCommandService::RobotCommandStream] Stream is created
[07/28/26 16:26:49.534608] [debug] [00:18:39.673888] [Service::RobotCommandService::RobotCommandStream] Requested: robot_command { component_based_command { mobility_command { se2_velocity_command { command_header { control_hold_time { seconds: 1 } } minimum_time { nanos: 10100000 } velocity { linear { } } acceleration_limit { linear { x: 1 y: 1 } angular: 1 } } } body_command { joint_impedance_control_command { command_header { control_hold_time { seconds: 1 } } minimum_time { nanos: 10100000 } position: -0.00013246446017892963 position: 0.78492538713987892 ... [truncated]
[07/28/26 16:26:49.534615] [debug] [00:18:39.673902] [Service::RobotCommandService::RobotCommandStream]   Peer: ipv4:192.168.30.230:38692
[07/28/26 16:26:49.534768] [debug] [00:18:39.674054] [Service::RobotCommandService::RobotCommandStream]   IP: 192.168.30.230, Family: ipv4
[07/28/26 16:26:49.539747] [info] [00:18:39.679033] [ControlManager] Control started: {"type":"RobotCommand","control":{"type":"ComponentBasedCommand","components":{"mobility":{"type":"MobilityCommand","control":{"type":"SE2VelocityCommand","control":{"type":"MobilitySE2VelocityControl"}}},"body":{"type":"BodyCommand","control":{"type":"JointImpedanceControlCommand","control":{"type":"JointImpedanceControl"}}},"head":{"type":"HeadCommand","control":{"type":"JointPositionCommand","control":{"type":"JointPositionControl"}}}}}} (priority: 1)
[07/28/26 16:26:59.537857] [debug] [00:18:49.677130] [ControlInterface::ExecutionStats] Average Control Time: 0.121 ms (max: 0.204 ms, min: 0.112 ms, sigma: 0.005 ms, count: 5000)
[07/28/26 16:27:05.110628] [debug] [00:18:55.249902] [Service::RobotCommandService::RobotCommandStream] OnReadDone (write_done: true, read_done: true)
[07/28/26 16:27:05.110633] [debug] [00:18:55.249910] [Service::RobotCommandService::RobotCommandStream] OnCancel
[07/28/26 16:27:05.110833] [debug] [00:18:55.250119] [Service::RobotCommandService::RobotCommandStream] OnDone: robot_command { component_based_command { mobility_command { se2_velocity_command { command_header { control_hold_time { seconds: 1 } } minimum_time { nanos: 10100000 } velocity { linear { } } acceleration_limit { linear { x: 1 y: 1 } angular: 1 } } } body_command { joint_impedance_control_command { command_header { control_hold_time { seconds: 1 } } minimum_time { nanos: 10100000 } position: 0.031057603298952449 position: 1.0831515874138287 posi... [truncated]
[07/28/26 16:27:05.110836] [info] [00:18:55.250124] [ControlManager::CancelControl] Control cancel request received
[07/28/26 16:27:05.110888] [debug] [00:18:55.250171] [Service] Server method called: /rb.api.RobotCommandService/RobotCommand
[07/28/26 16:27:05.110907] [debug] [00:18:55.250193] [Service::RobotCommandService::RobotCommand] Requested: robot_command { whole_body_command { stop_command { } } } priority: 10
[07/28/26 16:27:05.110910] [debug] [00:18:55.250197] [Service::RobotCommandService::RobotCommand]   Peer: ipv4:192.168.30.230:38692
[07/28/26 16:27:05.111097] [debug] [00:18:55.250383] [Service::RobotCommandService::RobotCommand]   IP: 192.168.30.230, Family: ipv4
[07/28/26 16:27:05.111863] [debug] [00:18:55.251148] [ControlManager::CancelControl] Cancelling control
[07/28/26 16:27:05.111870] [info] [00:18:55.251157] [ControlManager::CancelControl] Control canceling process is successfully starting...
[07/28/26 16:27:05.113857] [info] [00:18:55.253143] [ControlManager::CancelControl] Control cancel request received
[07/28/26 16:27:05.115850] [warning] [00:18:55.255137] [ControlManager::CancelControl] Target control is not currently running
[07/28/26 16:27:05.115865] [error] [00:18:55.255146] [ControlManager::CancelControl] Failed to start control canceling process
[07/28/26 16:27:05.115868] [info] [00:18:55.255155] [Service::RobotCommandService::RobotCommand] Control canceled
[07/28/26 16:27:05.211892] [debug] [00:18:55.351176] [ControlManager] Control finished: {"type":"RobotCommand","control":{"type":"ComponentBasedCommand","components":{"mobility":{"type":"MobilityCommand","control":{"type":"SE2VelocityCommand","control":{"type":"MobilitySE2VelocityControl"}}},"body":{"type":"BodyCommand","control":{"type":"JointImpedanceControlCommand","control":{"type":"JointImpedanceControl"}}},"head":{"type":"HeadCommand","control":{"type":"JointPositionCommand","control":{"type":"JointPositionControl"}}}}}}
[07/28/26 16:27:05.211950] [info] [00:18:55.351234] [ControlInterface] Control was preempted or canceled by another request.
[07/28/26 16:27:05.211960] [debug] [00:18:55.351241] [ControlInterface::ExecutionStats] Average Control Time: 0.121 ms (max: 0.138 ms, min: 0.112 ms, sigma: 0.004 ms, count: 2837)
[07/28/26 16:27:05.213731] [info] [00:18:55.353017] [ControlManager] Control started: {"type":"RobotCommand","control":{"type":"WholeBodyCommand","control":{"type":"StopControl","control":{"type":"JointVelocityControl"}}}} (priority: 10)
[07/28/26 16:27:05.213750] [debug] [00:18:55.353037] [ControlManager] Control finished: {"type":"RobotCommand","control":{"type":"WholeBodyCommand","control":{"type":"StopControl","control":{"type":"JointVelocityControl"}}}}
[07/28/26 16:27:05.213781] [info] [00:18:55.353067] [ControlInterface] Control completed successfully.
[07/28/26 16:27:05.213785] [debug] [00:18:55.353070] [ControlInterface::ExecutionStats] Average Control Time: 0.006 ms (max: 0.006 ms, min: 0.006 ms, sigma: 0.000 ms, count: 1)
[07/28/26 16:27:06.910419] [debug] [00:18:57.049694] [Service] Server method called: /rb.api.RobotInfoService/GetRobotInfo
[07/28/26 16:27:06.910449] [debug] [00:18:57.049735] [Service::RobotInfoService::GetRobotInfo] Requested: request_header { request_timestamp { seconds: 1785223574 nanos: 174453469 } }
[07/28/26 16:27:06.911201] [debug] [00:18:57.050483] [Service] Server method called: /rb.api.RobotStateService/GetRobotState
[07/28/26 16:27:06.911392] [debug] [00:18:57.050677] [Service::RobotStateService::GetRobotState] Requested: request_header { request_timestamp { seconds: 1785223574 nanos: 175310026 } }
[07/28/26 16:27:06.912416] [debug] [00:18:57.051694] [Service] Server method called: /rb.api.RobotInfoService/GetRobotInfo
[07/28/26 16:27:06.912438] [debug] [00:18:57.051725] [Service::RobotInfoService::GetRobotInfo] Requested: request_header { request_timestamp { seconds: 1785223574 nanos: 176509607 } }
[07/28/26 16:27:06.913352] [debug] [00:18:57.052635] [Service] Server method called: /rb.api.RobotStateService/GetRobotState
[07/28/26 16:27:06.913369] [debug] [00:18:57.052655] [Service::RobotStateService::GetRobotState] Requested: request_header { request_timestamp { seconds: 1785223574 nanos: 177464216 } }
[07/28/26 16:27:06.914112] [debug] [00:18:57.053396] [Service] Server method called: /rb.api.RobotStateService/GetControlManagerState
[07/28/26 16:27:06.914127] [debug] [00:18:57.053413] [Service::RobotStateService::GetControlManagerState] Requested: request_header { request_timestamp { seconds: 1785223574 nanos: 178245686 } }
[07/28/26 16:27:06.914584] [debug] [00:18:57.053866] [Service] Server method called: /rb.api.RobotCommandService/RobotCommand
[07/28/26 16:27:06.914603] [debug] [00:18:57.053889] [Service::RobotCommandService::RobotCommand] Requested: robot_command { whole_body_command { stop_command { } } } priority: 99
[07/28/26 16:27:06.914606] [debug] [00:18:57.053893] [Service::RobotCommandService::RobotCommand]   Peer: ipv4:192.168.30.230:38692
[07/28/26 16:27:06.914756] [debug] [00:18:57.054041] [Service::RobotCommandService::RobotCommand]   IP: 192.168.30.230, Family: ipv4
[07/28/26 16:27:06.919734] [info] [00:18:57.059020] [ControlManager] Control started: {"type":"RobotCommand","control":{"type":"WholeBodyCommand","control":{"type":"StopControl","control":{"type":"JointVelocityControl"}}}} (priority: 99)
[07/28/26 16:27:06.919753] [debug] [00:18:57.059041] [ControlManager] Control finished: {"type":"RobotCommand","control":{"type":"WholeBodyCommand","control":{"type":"StopControl","control":{"type":"JointVelocityControl"}}}}
[07/28/26 16:27:06.919782] [info] [00:18:57.059068] [ControlInterface] Control completed successfully.
[07/28/26 16:27:06.919790] [debug] [00:18:57.059072] [ControlInterface::ExecutionStats] Average Control Time: 0.004 ms (max: 0.004 ms, min: 0.004 ms, sigma: 0.000 ms, count: 1)
[07/28/26 16:27:06.920383] [debug] [00:18:57.059664] [Service] Server method called: /rb.api.ControlManagerService/ControlManagerCommand
[07/28/26 16:27:06.920400] [debug] [00:18:57.059687] [Service::ControlManagerService::ControlManagerCommand] Requested: request_header { request_timestamp { seconds: 1785223574 nanos: 184517603 } } command: COMMAND_DISABLE
[07/28/26 16:27:06.920404] [info] [00:18:57.059691] [ControlManager::Disable] Disable request received. Starting the disabling process...
[07/28/26 16:27:06.921730] [info] [00:18:57.061018] [ControlManager::Disable] Control Manager successfully disabled
[07/28/26 16:27:06.922227] [debug] [00:18:57.061511] [Service] Server method called: /rb.api.RobotInfoService/GetRobotInfo
[07/28/26 16:27:06.922242] [debug] [00:18:57.061529] [Service::RobotInfoService::GetRobotInfo] Requested: request_header { request_timestamp { seconds: 1785223574 nanos: 186366075 } }
[07/28/26 16:27:06.922830] [debug] [00:18:57.062113] [Service] Server method called: /rb.api.RobotStateService/GetRobotState
[07/28/26 16:27:06.922844] [debug] [00:18:57.062131] [Service::RobotStateService::GetRobotState] Requested: request_header { request_timestamp { seconds: 1785223574 nanos: 186952491 } }
[07/28/26 16:27:06.923289] [debug] [00:18:57.062572] [Service] Server method called: /rb.api.RobotStateService/GetRobotState
[07/28/26 16:27:06.923305] [debug] [00:18:57.062591] [Service::RobotStateService::GetRobotState] Requested: request_header { request_timestamp { seconds: 1785223574 nanos: 187440432 } }
[07/28/26 16:27:06.923877] [debug] [00:18:57.063164] [Service] Server method called: /rb.api.RobotInfoService/GetRobotInfo
[07/28/26 16:27:06.923885] [debug] [00:18:57.063172] [Service::RobotInfoService::GetRobotInfo] Requested: request_header { request_timestamp { seconds: 1785223574 nanos: 188029797 } }
[07/28/26 16:27:06.924274] [debug] [00:18:57.063558] [Service] Server method called: /rb.api.ControlManagerService/ControlManagerCommand
[07/28/26 16:27:06.924291] [debug] [00:18:57.063577] [Service::ControlManagerService::ControlManagerCommand] Requested: request_header { request_timestamp { seconds: 1785223574 nanos: 188439081 } } command: COMMAND_ENABLE unlimited_mode_enabled { }
[07/28/26 16:27:06.924294] [info] [00:18:57.063581] [ControlManager::Enable] Enable request received. Starting the enabling process...
[07/28/26 16:27:06.925727] [info] [00:18:57.065014] [ControlManager::Enable] Control Manager successfully enabled
[07/28/26 16:27:06.926220] [debug] [00:18:57.065504] [Service] Server method called: /rb.api.ParameterService/SetParameter
[07/28/26 16:27:06.926238] [debug] [00:18:57.065524] [Service::ParameterService::SetParameter] Requested: request_header { request_timestamp { seconds: 1785223574 nanos: 190356329 } } name: "cartesian_command.cutoff_frequency" parameter: "{\"value\":5,\"write_db\":true}"
[07/28/26 16:27:06.936630] [debug] [00:18:57.075913] [Service] Server method called: /rb.api.ParameterService/SetParameter
[07/28/26 16:27:06.936646] [debug] [00:18:57.075932] [Service::ParameterService::SetParameter] Requested: request_header { request_timestamp { seconds: 1785223574 nanos: 200752793 } } name: "default.acceleration_limit_scaling" parameter: "{\"value\":1.0,\"write_db\":true}"
[07/28/26 16:27:06.942729] [debug] [00:18:57.082011] [Service] Server method called: /rb.api.ParameterService/SetParameter
[07/28/26 16:27:06.942746] [debug] [00:18:57.082032] [Service::ParameterService::SetParameter] Requested: request_header { request_timestamp { seconds: 1785223574 nanos: 206845085 } } name: "default.angular_acceleration_limit" parameter: "{\"value\":10,\"write_db\":true}"
[07/28/26 16:27:06.950798] [debug] [00:18:57.090080] [Service] Server method called: /rb.api.ParameterService/SetParameter
[07/28/26 16:27:06.950816] [debug] [00:18:57.090101] [Service::ParameterService::SetParameter] Requested: request_header { request_timestamp { seconds: 1785223574 nanos: 214863339 } } name: "default.linear_acceleration_limit" parameter: "{\"value\":20,\"write_db\":true}"
[07/28/26 16:27:06.956749] [debug] [00:18:57.096034] [Service] Server method called: /rb.api.ParameterService/SetParameter
[07/28/26 16:27:06.956761] [debug] [00:18:57.096048] [Service::ParameterService::SetParameter] Requested: request_header { request_timestamp { seconds: 1785223574 nanos: 220872768 } } name: "joint_position_command.cutoff_frequency" parameter: "{\"value\":5,\"write_db\":true}"
[07/28/26 16:27:06.962839] [debug] [00:18:57.102122] [Service] Server method called: /rb.api.RobotCommandService/RobotCommand
[07/28/26 16:27:06.962903] [debug] [00:18:57.102188] [Service::RobotCommandService::RobotCommand] Requested: robot_command { component_based_command { body_command { joint_position_command { command_header { control_hold_time { seconds: 1 } } minimum_time { nanos: 500000000 } position: 0.010585986229270218 position: 1.384151872316415 position: -1.5471525189578572 position: 0.83516141143217415 position: 0.019645585634951258 position: 0.42969687575109466 position: -0.11055293222791666 position: -0.37377871965408516 position: -0.31863894489746319 position:... [truncated]
[07/28/26 16:27:06.962906] [debug] [00:18:57.102193] [Service::RobotCommandService::RobotCommand]   Peer: ipv4:192.168.30.230:38692
[07/28/26 16:27:06.963048] [debug] [00:18:57.102334] [Service::RobotCommandService::RobotCommand]   IP: 192.168.30.230, Family: ipv4
[07/28/26 16:27:06.967745] [info] [00:18:57.107031] [ControlManager] Control started: {"type":"RobotCommand","control":{"type":"ComponentBasedCommand","components":{"mobility":null,"body":{"type":"BodyCommand","control":{"type":"JointPositionCommand","control":{"type":"JointPositionControl"}}},"head":{"type":"HeadCommand","control":{"type":"JointPositionCommand","control":{"type":"JointPositionControl"}}}}}} (priority: 1)
[07/28/26 16:27:08.725761] [debug] [00:18:58.865039] [ControlManager] Control finished: {"type":"RobotCommand","control":{"type":"ComponentBasedCommand","components":{"mobility":null,"body":{"type":"BodyCommand","control":{"type":"JointPositionCommand","control":{"type":"JointPositionControl"}}},"head":{"type":"HeadCommand","control":{"type":"JointPositionCommand","control":{"type":"JointPositionControl"}}}}}}
[07/28/26 16:27:08.725829] [info] [00:18:58.865101] [ControlInterface] Control completed successfully.
[07/28/26 16:27:08.725839] [debug] [00:18:58.865119] [ControlInterface::ExecutionStats] Average Control Time: 0.001 ms (max: 0.027 ms, min: 0.001 ms, sigma: 0.001 ms, count: 880)
[07/28/26 16:27:08.726795] [debug] [00:18:58.866078] [Service] Server method called: /rb.api.PowerService/ToolFlangePowerCommand
[07/28/26 16:27:08.726826] [debug] [00:18:58.866112] [Service::PowerService::ToolFlangePowerCommand] Requested: request_header { request_timestamp { seconds: 1785223575 nanos: 990806285 } } name: "right" command: COMMAND_POWER_12V
[07/28/26 16:27:08.726830] [debug] [00:18:58.866117] [Service::PowerService::ToolFlangePowerCommand] Result: Success
[07/28/26 16:27:08.727192] [debug] [00:18:58.866474] [Service] Server method called: /rb.api.PowerService/ToolFlangePowerCommand
[07/28/26 16:27:08.727215] [debug] [00:18:58.866501] [Service::PowerService::ToolFlangePowerCommand] Requested: request_header { request_timestamp { seconds: 1785223575 nanos: 991243982 } } name: "left" command: COMMAND_POWER_12V
[07/28/26 16:27:08.727220] [debug] [00:18:58.866507] [Service::PowerService::ToolFlangePowerCommand] Result: Success
[07/28/26 16:27:09.858054] [debug] [00:18:59.997325] [Service] Server method called: /rb.api.RobotCommandService/RobotCommand
[07/28/26 16:27:09.858132] [debug] [00:18:59.997415] [Service::RobotCommandService::RobotCommand] Requested: robot_command { component_based_command { body_command { joint_position_command { command_header { control_hold_time { seconds: 1 } } minimum_time { seconds: 4 } position: 0 position: 0.78539816339744828 position: -1.3962634015954636 position: 0.78539816339744828 position: 0 position: 0 position: 0 position: -0.26179938779914941 position: 0 position: -2.0943951023931953 position: 0 position: 0.52359877559829882 position: 0 position: 0 position: 0... [truncated]
[07/28/26 16:27:09.858136] [debug] [00:18:59.997423] [Service::RobotCommandService::RobotCommand]   Peer: ipv4:192.168.30.230:38692
[07/28/26 16:27:09.858297] [debug] [00:18:59.997583] [Service::RobotCommandService::RobotCommand]   IP: 192.168.30.230, Family: ipv4
[07/28/26 16:27:09.863752] [info] [00:19:00.003031] [ControlManager] Control started: {"type":"RobotCommand","control":{"type":"ComponentBasedCommand","components":{"mobility":null,"body":{"type":"BodyCommand","control":{"type":"JointPositionCommand","control":{"type":"JointPositionControl"}}},"head":{"type":"HeadCommand","control":{"type":"JointPositionCommand","control":{"type":"JointPositionControl"}}}}}} (priority: 1)
[07/28/26 16:27:15.121763] [debug] [00:19:05.261041] [ControlManager] Control finished: {"type":"RobotCommand","control":{"type":"ComponentBasedCommand","components":{"mobility":null,"body":{"type":"BodyCommand","control":{"type":"JointPositionCommand","control":{"type":"JointPositionControl"}}},"head":{"type":"HeadCommand","control":{"type":"JointPositionCommand","control":{"type":"JointPositionControl"}}}}}}
[07/28/26 16:27:15.121827] [info] [00:19:05.261109] [ControlInterface] Control completed successfully.
[07/28/26 16:27:15.121836] [debug] [00:19:05.261118] [ControlInterface::ExecutionStats] Average Control Time: 0.001 ms (max: 0.019 ms, min: 0.001 ms, sigma: 0.000 ms, count: 2630)
[07/28/26 16:27:15.122657] [debug] [00:19:05.261937] [Service] Server method called: /rb.api.RobotCommandService/RobotCommandStream
[07/28/26 16:27:15.122669] [debug] [00:19:05.261956] [Service::RobotCommandService::RobotCommandStream] Stream is created
[07/28/26 16:27:15.144351] [debug] [00:19:05.283634] [Service::RobotCommandService::RobotCommandStream] Requested: robot_command { component_based_command { mobility_command { se2_velocity_command { command_header { control_hold_time { seconds: 1 } } minimum_time { nanos: 10100000 } velocity { linear { } } acceleration_limit { linear { x: 1 y: 1 } angular: 1 } } } body_command { joint_impedance_control_command { command_header { control_hold_time { seconds: 1 } } minimum_time { nanos: 10100000 } position: -0.00015503164864531766 position: 0.78480937890568125 ... [truncated]
[07/28/26 16:27:15.144358] [debug] [00:19:05.283644] [Service::RobotCommandService::RobotCommandStream]   Peer: ipv4:192.168.30.230:38692
[07/28/26 16:27:15.144510] [debug] [00:19:05.283796] [Service::RobotCommandService::RobotCommandStream]   IP: 192.168.30.230, Family: ipv4
[07/28/26 16:27:15.149746] [info] [00:19:05.289031] [ControlManager] Control started: {"type":"RobotCommand","control":{"type":"ComponentBasedCommand","components":{"mobility":{"type":"MobilityCommand","control":{"type":"SE2VelocityCommand","control":{"type":"MobilitySE2VelocityControl"}}},"body":{"type":"BodyCommand","control":{"type":"JointImpedanceControlCommand","control":{"type":"JointImpedanceControl"}}},"head":{"type":"HeadCommand","control":{"type":"JointPositionCommand","control":{"type":"JointPositionControl"}}}}}} (priority: 1)
[07/28/26 16:27:18.560645] [debug] [00:19:08.699917] [Service::RobotCommandService::RobotCommandStream] OnReadDone (write_done: true, read_done: true)
[07/28/26 16:27:18.560646] [debug] [00:19:08.699921] [Service::RobotCommandService::RobotCommandStream] OnCancel
[07/28/26 16:27:18.560828] [debug] [00:19:08.700111] [Service::RobotCommandService::RobotCommandStream] OnDone: robot_command { component_based_command { mobility_command { se2_velocity_command { command_header { control_hold_time { seconds: 1 } } minimum_time { nanos: 10100000 } velocity { linear { } } acceleration_limit { linear { x: 1 y: 1 } angular: 1 } } } body_command { joint_impedance_control_command { command_header { control_hold_time { seconds: 1 } } minimum_time { nanos: 10100000 } position: -0.0068639244368128207 position: 1.0109556635828587 po... [truncated]
[07/28/26 16:27:18.560832] [info] [00:19:08.700119] [ControlManager::CancelControl] Control cancel request received
[07/28/26 16:27:18.560843] [debug] [00:19:08.700124] [Service] Server method called: /rb.api.RobotCommandService/RobotCommand
[07/28/26 16:27:18.560897] [debug] [00:19:08.700182] [Service::RobotCommandService::RobotCommand] Requested: robot_command { whole_body_command { stop_command { } } } priority: 10
[07/28/26 16:27:18.560900] [debug] [00:19:08.700187] [Service::RobotCommandService::RobotCommand]   Peer: ipv4:192.168.30.230:38692
[07/28/26 16:27:18.561055] [debug] [00:19:08.700341] [Service::RobotCommandService::RobotCommand]   IP: 192.168.30.230, Family: ipv4
[07/28/26 16:27:18.561854] [debug] [00:19:08.701139] [ControlManager::CancelControl] Cancelling control
[07/28/26 16:27:18.561871] [info] [00:19:08.701157] [ControlManager::CancelControl] Control canceling process is successfully starting...
[07/28/26 16:27:18.563854] [info] [00:19:08.703140] [ControlManager::CancelControl] Control cancel request received
[07/28/26 16:27:18.565847] [warning] [00:19:08.705134] [ControlManager::CancelControl] Target control is not currently running
[07/28/26 16:27:18.565857] [error] [00:19:08.705143] [ControlManager::CancelControl] Failed to start control canceling process
[07/28/26 16:27:18.565859] [info] [00:19:08.705146] [Service::RobotCommandService::RobotCommand] Control canceled
[07/28/26 16:27:18.638723] [debug] [00:19:08.778002] [Hardware] Hardware Loop Stat (avg: 2.000 ms, min: 1.997 ms, max: 2.003 ms, count: 15000)
[07/28/26 16:27:18.661717] [debug] [00:19:08.801002] [ControlManager] Control Manager Loop Stat (avg: 2.000 ms, min: 1.996 ms, max: 2.003 ms, count: 15000)
[07/28/26 16:27:18.661904] [debug] [00:19:08.801189] [ControlManager] Control finished: {"type":"RobotCommand","control":{"type":"ComponentBasedCommand","components":{"mobility":{"type":"MobilityCommand","control":{"type":"SE2VelocityCommand","control":{"type":"MobilitySE2VelocityControl"}}},"body":{"type":"BodyCommand","control":{"type":"JointImpedanceControlCommand","control":{"type":"JointImpedanceControl"}}},"head":{"type":"HeadCommand","control":{"type":"JointPositionCommand","control":{"type":"JointPositionControl"}}}}}}
[07/28/26 16:27:18.661965] [info] [00:19:08.801247] [ControlInterface] Control was preempted or canceled by another request.
[07/28/26 16:27:18.661973] [debug] [00:19:08.801257] [ControlInterface::ExecutionStats] Average Control Time: 0.120 ms (max: 0.194 ms, min: 0.111 ms, sigma: 0.005 ms, count: 1757)
[07/28/26 16:27:18.663730] [info] [00:19:08.803017] [ControlManager] Control started: {"type":"RobotCommand","control":{"type":"WholeBodyCommand","control":{"type":"StopControl","control":{"type":"JointVelocityControl"}}}} (priority: 10)
[07/28/26 16:27:18.663749] [debug] [00:19:08.803037] [ControlManager] Control finished: {"type":"RobotCommand","control":{"type":"WholeBodyCommand","control":{"type":"StopControl","control":{"type":"JointVelocityControl"}}}}
[07/28/26 16:27:18.663786] [info] [00:19:08.803069] [ControlInterface] Control completed successfully.
[07/28/26 16:27:18.663791] [debug] [00:19:08.803076] [ControlInterface::ExecutionStats] Average Control Time: 0.005 ms (max: 0.005 ms, min: 0.005 ms, sigma: 0.000 ms, count: 1)
[07/28/26 16:27:34.027728] [error] [00:19:24.167007] [ControlManager] Joint 5 torso_1 TEMPERATURE ERROR
[07/28/26 16:27:34.027736] [info] [00:19:24.167024] [ControlManager] Control Manager state changed to 'MajorFault'.
[07/28/26 16:27:34.027739] [error] [00:19:24.167027] [ControlManager] Major Fault Reaction Started...
[07/28/26 16:27:34.027755] [error] [00:19:24.167043] [ControlManager] Motor Error Occurred
[07/28/26 16:27:34.027782] [info] [00:19:24.167061] [Hardware::ExecutePowerCommand] Started: device name = 48v|.*, command = PowerOff
[07/28/26 16:27:34.326898] [info] [00:19:24.466179] [Hardware::ExecutePowerCommand] Power command succeeded
[07/28/26 16:27:35.473358] [error] [00:19:25.612635] [RobotApp] Robot states have been saved: [logs/fault-2026-07-28_16-27-35-340.csv]
[07/28/26 16:27:48.638734] [debug] [00:19:38.778003] [Hardware] Hardware Loop Stat (avg: 2.000 ms, min: 1.998 ms, max: 2.002 ms, count: 15000)
[07/28/26 16:27:48.661720] [debug] [00:19:38.801003] [ControlManager] Control Manager Loop Stat (avg: 2.000 ms, min: 1.996 ms, max: 2.003 ms, count: 15000)
[07/28/26 16:27:51.037675] [debug] [00:19:41.176950] [Service] Server method called: /rb.api.RobotInfoService/GetRobotModel
[07/28/26 16:27:51.037715] [debug] [00:19:41.177000] [Service::RobotInfoService::GetRobotModel] Requested: request_header { request_timestamp { seconds: 1785223618 nanos: 300819488 } }
[07/28/26 16:27:51.041862] [debug] [00:19:41.181142] [Service] Server method called: /rb.api.RobotStateService/GetRobotStateStream
[07/28/26 16:27:51.041894] [debug] [00:19:41.181180] [Service::RobotStateService::GetRobotStateStream] Requested: request_header { request_timestamp { seconds: 1785223618 nanos: 305060198 } } update_rate: 100
[07/28/26 16:28:03.906481] [debug] [00:19:54.045757] [Service] Server method called: /rb.api.RobotInfoService/GetRobotInfo
[07/28/26 16:28:03.906514] [debug] [00:19:54.045800] [Service::RobotInfoService::GetRobotInfo] Requested: request_header { request_timestamp { seconds: 1785223631 nanos: 170263161 } }
[07/28/26 16:28:03.907081] [debug] [00:19:54.046363] [Service] Server method called: /rb.api.RobotStateService/GetRobotState
[07/28/26 16:28:03.907101] [debug] [00:19:54.046387] [Service::RobotStateService::GetRobotState] Requested: request_header { request_timestamp { seconds: 1785223631 nanos: 170972481 } }
[07/28/26 16:28:03.907778] [debug] [00:19:54.047058] [Service] Server method called: /rb.api.PowerService/PowerCommand
[07/28/26 16:28:03.907802] [debug] [00:19:54.047088] [Service::PowerService::PowerCommand] Requested: request_header { request_timestamp { seconds: 1785223631 nanos: 171659125 } } name: ".*" command: COMMAND_POWER_ON
[07/28/26 16:28:03.907807] [info] [00:19:54.047094] [Hardware::ExecutePowerCommand] Started: device name = .*, command = PowerOn
[07/28/26 16:28:05.166891] [error] [00:19:55.306171] [Hardware::ExecutePowerCommand] EMO Error: Please check EMO Switch
[07/28/26 16:28:05.166912] [error] [00:19:55.306189] [Hardware::ExecutePowerCommand] Timeout: Power command failed - unmatched power states: 48v
[07/28/26 16:28:05.166917] [debug] [00:19:55.306204] [Service::PowerService::PowerCommand] Result: Failed
[07/28/26 16:28:12.896617] [debug] [00:20:03.035881] [Service] Server method called: /rb.api.RobotInfoService/GetRobotInfo
[07/28/26 16:28:12.896654] [debug] [00:20:03.035940] [Service::RobotInfoService::GetRobotInfo] Requested: request_header { request_timestamp { seconds: 1785223640 nanos: 160403966 } }
[07/28/26 16:28:12.897377] [debug] [00:20:03.036657] [Service] Server method called: /rb.api.RobotStateService/GetRobotState
[07/28/26 16:28:12.897422] [debug] [00:20:03.036707] [Service::RobotStateService::GetRobotState] Requested: request_header { request_timestamp { seconds: 1785223640 nanos: 161220055 } }
[07/28/26 16:28:12.898147] [debug] [00:20:03.037429] [Service] Server method called: /rb.api.PowerService/PowerCommand
[07/28/26 16:28:12.898172] [debug] [00:20:03.037458] [Service::PowerService::PowerCommand] Requested: request_header { request_timestamp { seconds: 1785223640 nanos: 162023472 } } name: ".*" command: COMMAND_POWER_ON
[07/28/26 16:28:12.898177] [info] [00:20:03.037464] [Hardware::ExecutePowerCommand] Started: device name = .*, command = PowerOn
[07/28/26 16:28:13.328892] [info] [00:20:03.468172] [Hardware::ExecutePowerCommand] Power command succeeded
[07/28/26 16:28:13.328899] [debug] [00:20:03.468186] [Service::PowerService::PowerCommand] Result: Success
[07/28/26 16:28:13.329479] [debug] [00:20:03.468763] [Service] Server method called: /rb.api.RobotInfoService/GetRobotInfo
[07/28/26 16:28:13.329499] [debug] [00:20:03.468786] [Service::RobotInfoService::GetRobotInfo] Requested: request_header { request_timestamp { seconds: 1785223640 nanos: 593350965 } }
[07/28/26 16:28:13.330107] [debug] [00:20:03.469390] [Service] Server method called: /rb.api.RobotStateService/GetRobotState
[07/28/26 16:28:13.330125] [debug] [00:20:03.469411] [Service::RobotStateService::GetRobotState] Requested: request_header { request_timestamp { seconds: 1785223640 nanos: 593990725 } }
[07/28/26 16:28:13.330857] [debug] [00:20:03.470138] [Service] Server method called: /rb.api.PowerService/JointCommand
[07/28/26 16:28:13.330879] [debug] [00:20:03.470165] [Service::PowerService::JointCommand] Requested: request_header { request_timestamp { seconds: 1785223640 nanos: 594725497 } } name: ".*" command: COMMAND_SERVO_ON
[07/28/26 16:28:16.304908] [debug] [00:20:06.444184] [Service::PowerService::JointCommand] Result: Success
[07/28/26 16:28:16.305660] [debug] [00:20:06.444941] [Service] Server method called: /rb.api.RobotStateService/GetControlManagerState
[07/28/26 16:28:16.305691] [debug] [00:20:06.444977] [Service::RobotStateService::GetControlManagerState] Requested: request_header { request_timestamp { seconds: 1785223643 nanos: 569460621 } }
[07/28/26 16:28:16.306462] [debug] [00:20:06.445742] [Service] Server method called: /rb.api.ControlManagerService/ControlManagerCommand
[07/28/26 16:28:16.306489] [debug] [00:20:06.445775] [Service::ControlManagerService::ControlManagerCommand] Requested: request_header { request_timestamp { seconds: 1785223643 nanos: 570284024 } } command: COMMAND_RESET_FAULT
[07/28/26 16:28:16.306493] [info] [00:20:06.445780] [ControlManager::ResetFault] Reset fault request received. Starting the process...
[07/28/26 16:28:16.307726] [info] [00:20:06.447012] [ControlManager::ResetFault] Control Manager successfully reset
[07/28/26 16:28:16.308437] [debug] [00:20:06.447721] [Service] Server method called: /rb.api.RobotInfoService/GetRobotInfo
[07/28/26 16:28:16.308454] [debug] [00:20:06.447740] [Service::RobotInfoService::GetRobotInfo] Requested: request_header { request_timestamp { seconds: 1785223643 nanos: 572320222 } }
[07/28/26 16:28:16.309045] [debug] [00:20:06.448328] [Service] Server method called: /rb.api.RobotStateService/GetRobotState
[07/28/26 16:28:16.309064] [debug] [00:20:06.448350] [Service::RobotStateService::GetRobotState] Requested: request_header { request_timestamp { seconds: 1785223643 nanos: 572951825 } }
[07/28/26 16:28:16.309619] [debug] [00:20:06.448903] [Service] Server method called: /rb.api.RobotStateService/GetRobotState
[07/28/26 16:28:16.309635] [debug] [00:20:06.448921] [Service::RobotStateService::GetRobotState] Requested: request_header { request_timestamp { seconds: 1785223643 nanos: 573542936 } }
[07/28/26 16:28:16.310264] [debug] [00:20:06.449546] [Service] Server method called: /rb.api.RobotInfoService/GetRobotInfo
[07/28/26 16:28:16.310280] [debug] [00:20:06.449566] [Service::RobotInfoService::GetRobotInfo] Requested: request_header { request_timestamp { seconds: 1785223643 nanos: 574174500 } }
[07/28/26 16:28:16.310915] [debug] [00:20:06.450198] [Service] Server method called: /rb.api.ControlManagerService/ControlManagerCommand
[07/28/26 16:28:16.310956] [debug] [00:20:06.450241] [Service::ControlManagerService::ControlManagerCommand] Requested: request_header { request_timestamp { seconds: 1785223643 nanos: 574823991 } } command: COMMAND_ENABLE unlimited_mode_enabled { }
[07/28/26 16:28:16.310960] [info] [00:20:06.450247] [ControlManager::Enable] Enable request received. Starting the enabling process...
[07/28/26 16:28:16.311731] [info] [00:20:06.451017] [ControlManager::Enable] Control Manager successfully enabled
[07/28/26 16:28:16.312272] [debug] [00:20:06.451557] [Service] Server method called: /rb.api.ParameterService/SetParameter
[07/28/26 16:28:16.312291] [debug] [00:20:06.451577] [Service::ParameterService::SetParameter] Requested: request_header { request_timestamp { seconds: 1785223643 nanos: 576171878 } } name: "cartesian_command.cutoff_frequency" parameter: "{\"value\":5,\"write_db\":true}"
[07/28/26 16:28:16.322502] [debug] [00:20:06.461786] [Service] Server method called: /rb.api.ParameterService/SetParameter
[07/28/26 16:28:16.322520] [debug] [00:20:06.461806] [Service::ParameterService::SetParameter] Requested: request_header { request_timestamp { seconds: 1785223643 nanos: 586423295 } } name: "default.acceleration_limit_scaling" parameter: "{\"value\":1.0,\"write_db\":true}"
[07/28/26 16:28:16.328401] [debug] [00:20:06.467683] [Service] Server method called: /rb.api.ParameterService/SetParameter
[07/28/26 16:28:16.328419] [debug] [00:20:06.467705] [Service::ParameterService::SetParameter] Requested: request_header { request_timestamp { seconds: 1785223643 nanos: 592328497 } } name: "default.angular_acceleration_limit" parameter: "{\"value\":10,\"write_db\":true}"
[07/28/26 16:28:16.334432] [debug] [00:20:06.473712] [Service] Server method called: /rb.api.ParameterService/SetParameter
[07/28/26 16:28:16.334454] [debug] [00:20:06.473741] [Service::ParameterService::SetParameter] Requested: request_header { request_timestamp { seconds: 1785223643 nanos: 598318320 } } name: "default.linear_acceleration_limit" parameter: "{\"value\":20,\"write_db\":true}"
[07/28/26 16:28:16.340506] [debug] [00:20:06.479788] [Service] Server method called: /rb.api.ParameterService/SetParameter
[07/28/26 16:28:16.340524] [debug] [00:20:06.479810] [Service::ParameterService::SetParameter] Requested: request_header { request_timestamp { seconds: 1785223643 nanos: 604393335 } } name: "joint_position_command.cutoff_frequency" parameter: "{\"value\":5,\"write_db\":true}"
[07/28/26 16:28:16.346490] [debug] [00:20:06.485773] [Service] Server method called: /rb.api.ParameterService/SetParameter
[07/28/26 16:28:16.346508] [debug] [00:20:06.485794] [Service::ParameterService::SetParameter] Requested: request_header { request_timestamp { seconds: 1785223643 nanos: 610349069 } } name: "manipulability_threshold" parameter: "{\"value\":1e4,\"write_db\":true}"
[07/28/26 16:28:16.352848] [debug] [00:20:06.492130] [Service] Server method called: /rb.api.RobotCommandService/RobotCommand
[07/28/26 16:28:16.352928] [debug] [00:20:06.492211] [Service::RobotCommandService::RobotCommand] Requested: robot_command { component_based_command { body_command { joint_position_command { command_header { control_hold_time { seconds: 1 } } minimum_time { nanos: 500000000 } position: 0.0032312318081452493 position: 1.3843607063345678 position: -1.535845106120423 position: 0.813488237330067 position: 1.1390946444695356e-05 position: -0.00025060082178329784 position: -0.066431999665463315 position: -0.26047677235084871 position: -0.00014808230378103964 ... [truncated]
[07/28/26 16:28:16.352932] [debug] [00:20:06.492219] [Service::RobotCommandService::RobotCommand]   Peer: ipv4:192.168.30.230:60108
[07/28/26 16:28:16.353133] [debug] [00:20:06.492418] [Service::RobotCommandService::RobotCommand]   IP: 192.168.30.230, Family: ipv4
[07/28/26 16:28:16.357757] [info] [00:20:06.497041] [ControlManager] Control started: {"type":"RobotCommand","control":{"type":"ComponentBasedCommand","components":{"mobility":null,"body":{"type":"BodyCommand","control":{"type":"JointPositionCommand","control":{"type":"JointPositionControl"}}},"head":{"type":"HeadCommand","control":{"type":"JointPositionCommand","control":{"type":"JointPositionControl"}}}}}} (priority: 1)
[07/28/26 16:28:18.115761] [debug] [00:20:08.255040] [ControlManager] Control finished: {"type":"RobotCommand","control":{"type":"ComponentBasedCommand","components":{"mobility":null,"body":{"type":"BodyCommand","control":{"type":"JointPositionCommand","control":{"type":"JointPositionControl"}}},"head":{"type":"HeadCommand","control":{"type":"JointPositionCommand","control":{"type":"JointPositionControl"}}}}}}
[07/28/26 16:28:18.115817] [info] [00:20:08.255098] [ControlInterface] Control completed successfully.
[07/28/26 16:28:18.115827] [debug] [00:20:08.255108] [ControlInterface::ExecutionStats] Average Control Time: 0.001 ms (max: 0.031 ms, min: 0.001 ms, sigma: 0.001 ms, count: 880)
[07/28/26 16:28:18.116769] [debug] [00:20:08.256052] [Service] Server method called: /rb.api.PowerService/ToolFlangePowerCommand
[07/28/26 16:28:18.116801] [debug] [00:20:08.256087] [Service::PowerService::ToolFlangePowerCommand] Requested: request_header { request_timestamp { seconds: 1785223645 nanos: 380580019 } } name: "right" command: COMMAND_POWER_12V
[07/28/26 16:28:18.116805] [debug] [00:20:08.256093] [Service::PowerService::ToolFlangePowerCommand] Result: Success
[07/28/26 16:28:18.117263] [debug] [00:20:08.256512] [Service] Server method called: /rb.api.PowerService/ToolFlangePowerCommand
[07/28/26 16:28:18.117281] [debug] [00:20:08.256567] [Service::PowerService::ToolFlangePowerCommand] Requested: request_header { request_timestamp { seconds: 1785223645 nanos: 381140617 } } name: "left" command: COMMAND_POWER_12V
[07/28/26 16:28:18.117285] [debug] [00:20:08.256572] [Service::PowerService::ToolFlangePowerCommand] Result: Success
[07/28/26 16:28:18.638726] [debug] [00:20:08.778002] [Hardware] Hardware Loop Stat (avg: 2.000 ms, min: 1.997 ms, max: 2.003 ms, count: 15000)
[07/28/26 16:28:18.661721] [debug] [00:20:08.801003] [ControlManager] Control Manager Loop Stat (avg: 2.000 ms, min: 1.996 ms, max: 2.004 ms, count: 15000)
[07/28/26 16:28:30.485047] [debug] [00:20:20.624318] [Service] Server method called: /rb.api.RobotCommandService/RobotCommand
[07/28/26 16:28:30.485154] [debug] [00:20:20.624438] [Service::RobotCommandService::RobotCommand] Requested: robot_command { component_based_command { body_command { joint_position_command { command_header { control_hold_time { seconds: 1 } } minimum_time { seconds: 4 } position: 0 position: 0.78539816339744828 position: -1.3962634015954636 position: 0.78539816339744828 position: 0 position: 0 position: 0 position: -0.26179938779914941 position: 0 position: -2.0943951023931953 position: 0 position: 0.52359877559829882 position: 0 position: 0 position: 0... [truncated]
[07/28/26 16:28:30.485159] [debug] [00:20:20.624446] [Service::RobotCommandService::RobotCommand]   Peer: ipv4:192.168.30.230:60108
[07/28/26 16:28:30.485324] [debug] [00:20:20.624610] [Service::RobotCommandService::RobotCommand]   IP: 192.168.30.230, Family: ipv4
[07/28/26 16:28:30.489756] [info] [00:20:20.629037] [ControlManager] Control started: {"type":"RobotCommand","control":{"type":"ComponentBasedCommand","components":{"mobility":null,"body":{"type":"BodyCommand","control":{"type":"JointPositionCommand","control":{"type":"JointPositionControl"}}},"head":{"type":"HeadCommand","control":{"type":"JointPositionCommand","control":{"type":"JointPositionControl"}}}}}} (priority: 1)
[07/28/26 16:28:35.747760] [debug] [00:20:25.887040] [ControlManager] Control finished: {"type":"RobotCommand","control":{"type":"ComponentBasedCommand","components":{"mobility":null,"body":{"type":"BodyCommand","control":{"type":"JointPositionCommand","control":{"type":"JointPositionControl"}}},"head":{"type":"HeadCommand","control":{"type":"JointPositionCommand","control":{"type":"JointPositionControl"}}}}}}
[07/28/26 16:28:35.747820] [info] [00:20:25.887101] [ControlInterface] Control completed successfully.
[07/28/26 16:28:35.747830] [debug] [00:20:25.887111] [ControlInterface::ExecutionStats] Average Control Time: 0.001 ms (max: 0.024 ms, min: 0.001 ms, sigma: 0.000 ms, count: 2630)
[07/28/26 16:28:35.748357] [debug] [00:20:25.887639] [Service] Server method called: /rb.api.RobotCommandService/RobotCommandStream
[07/28/26 16:28:35.748371] [debug] [00:20:25.887657] [Service::RobotCommandService::RobotCommandStream] Stream is created
[07/28/26 16:28:35.779542] [debug] [00:20:25.918824] [Service::RobotCommandService::RobotCommandStream] Requested: robot_command { component_based_command { mobility_command { se2_velocity_command { command_header { control_hold_time { seconds: 1 } } minimum_time { nanos: 10100000 } velocity { linear { } } acceleration_limit { linear { x: 1 y: 1 } angular: 1 } } } body_command { body_component_based_command { right_arm_command { joint_impedance_control_command { command_header { control_hold_time { seconds: 1 } } minimum_time { nanos: 10100000 } position: 0.0... [truncated]
[07/28/26 16:28:35.779549] [debug] [00:20:25.918836] [Service::RobotCommandService::RobotCommandStream]   Peer: ipv4:192.168.30.230:60108
[07/28/26 16:28:35.779692] [debug] [00:20:25.918978] [Service::RobotCommandService::RobotCommandStream]   IP: 192.168.30.230, Family: ipv4
[07/28/26 16:28:35.785764] [info] [00:20:25.925048] [ControlManager] Control started: {"type":"RobotCommand","control":{"type":"ComponentBasedCommand","components":{"mobility":{"type":"MobilityCommand","control":{"type":"SE2VelocityCommand","control":{"type":"MobilitySE2VelocityControl"}}},"body":{"type":"BodyCommand","control":{"type":"BodyComponentBasedCommand","components":{"torso":{"type":"TorsoCommand","control":{"type":"JointImpedanceControlCommand","control":{"type":"JointImpedanceControl"}}},"right_arm":{"type":"ArmCommand","control":{"type":"JointImpedanceControlCommand","control":{"type":"JointImpedanceControl"}}},"left_arm":{"type":"ArmCommand","control":{"type":"JointImpedanceControlCommand","control":{"type":"JointImpedanceControl"}}}}}},"head":{"type":"HeadCommand","control":{"type":"JointPositionCommand","control":{"type":"JointPositionControl"}}}}}} (priority: 1)
[07/28/26 16:28:37.542327] [debug] [00:20:27.681600] [Service] Server method called: /rb.api.RobotCommandService/RobotCommand
[07/28/26 16:28:37.542361] [debug] [00:20:27.681647] [Service::RobotCommandService::RobotCommand] Requested: robot_command { whole_body_command { stop_command { } } } priority: 99
[07/28/26 16:28:37.542364] [debug] [00:20:27.681651] [Service::RobotCommandService::RobotCommand]   Peer: ipv4:192.168.30.230:60108
[07/28/26 16:28:37.542513] [debug] [00:20:27.681799] [Service::RobotCommandService::RobotCommand]   IP: 192.168.30.230, Family: ipv4
[07/28/26 16:28:37.646148] [debug] [00:20:27.785426] [ControlManager] Control finished: {"type":"RobotCommand","control":{"type":"ComponentBasedCommand","components":{"mobility":{"type":"MobilityCommand","control":{"type":"SE2VelocityCommand","control":{"type":"MobilitySE2VelocityControl"}}},"body":{"type":"BodyCommand","control":{"type":"BodyComponentBasedCommand","components":{"torso":{"type":"TorsoCommand","control":{"type":"JointImpedanceControlCommand","control":{"type":"JointImpedanceControl"}}},"right_arm":{"type":"ArmCommand","control":{"type":"JointImpedanceControlCommand","control":{"type":"JointImpedanceControl"}}},"left_arm":{"type":"ArmCommand","control":{"type":"JointImpedanceControlCommand","control":{"type":"JointImpedanceControl"}}}}}},"head":{"type":"HeadCommand","control":{"type":"JointPositionCommand","control":{"type":"JointPositionControl"}}}}}}
[07/28/26 16:28:37.646282] [debug] [00:20:27.785562] [Service::RobotCommandService::RobotCommandStream] OnReadDone (write_done: true, read_done: true)
[07/28/26 16:28:37.646295] [debug] [00:20:27.785577] [Service::RobotCommandService::RobotCommandStream] OnCancel
[07/28/26 16:28:37.646366] [info] [00:20:27.785648] [ControlInterface] Control was preempted or canceled by another request.
[07/28/26 16:28:37.646377] [debug] [00:20:27.785658] [ControlInterface::ExecutionStats] Average Control Time: 0.349 ms (max: 0.469 ms, min: 0.333 ms, sigma: 0.008 ms, count: 931)
[07/28/26 16:28:37.646445] [debug] [00:20:27.785730] [Service::RobotCommandService::RobotCommandStream] OnDone: robot_command { component_based_command { mobility_command { se2_velocity_command { command_header { control_hold_time { seconds: 1 } } minimum_time { nanos: 10100000 } velocity { linear { } } acceleration_limit { linear { x: 1 y: 1 } angular: 1 } } } body_command { body_component_based_command { right_arm_command { joint_impedance_control_command { command_header { control_hold_time { seconds: 1 } } minimum_time { nanos: 10100000 } position: 2.7... [truncated]
[07/28/26 16:28:37.647731] [info] [00:20:27.787017] [ControlManager] Control started: {"type":"RobotCommand","control":{"type":"WholeBodyCommand","control":{"type":"StopControl","control":{"type":"JointVelocityControl"}}}} (priority: 99)
[07/28/26 16:28:37.647750] [debug] [00:20:27.787037] [ControlManager] Control finished: {"type":"RobotCommand","control":{"type":"WholeBodyCommand","control":{"type":"StopControl","control":{"type":"JointVelocityControl"}}}}
[07/28/26 16:28:37.647784] [info] [00:20:27.787069] [ControlInterface] Control completed successfully.
[07/28/26 16:28:37.647789] [debug] [00:20:27.787074] [ControlInterface::ExecutionStats] Average Control Time: 0.005 ms (max: 0.005 ms, min: 0.005 ms, sigma: 0.000 ms, count: 1)
[07/28/26 16:28:37.656674] [debug] [00:20:27.795957] [Service] Server method called: /rb.api.ControlManagerService/ControlManagerCommand
[07/28/26 16:28:37.656695] [debug] [00:20:27.795981] [Service::ControlManagerService::ControlManagerCommand] Requested: request_header { request_timestamp { seconds: 1785223664 nanos: 920532517 } } command: COMMAND_DISABLE
[07/28/26 16:28:37.656699] [info] [00:20:27.795986] [ControlManager::Disable] Disable request received. Starting the disabling process...
[07/28/26 16:28:37.657733] [info] [00:20:27.797019] [ControlManager::Disable] Control Manager successfully disabled
[07/28/26 16:28:48.638729] [debug] [00:20:38.778003] [Hardware] Hardware Loop Stat (avg: 2.000 ms, min: 1.997 ms, max: 2.003 ms, count: 15000)
[07/28/26 16:28:48.661720] [debug] [00:20:38.801003] [ControlManager] Control Manager Loop Stat (avg: 2.000 ms, min: 1.996 ms, max: 2.004 ms, count: 15000)
[07/28/26 16:29:18.638730] [debug] [00:21:08.778002] [Hardware] Hardware Loop Stat (avg: 2.000 ms, min: 1.996 ms, max: 2.004 ms, count: 15000)
[07/28/26 16:29:18.661718] [debug] [00:21:08.801002] [ControlManager] Control Manager Loop Stat (avg: 2.000 ms, min: 1.996 ms, max: 2.004 ms, count: 15000)
[07/28/26 16:29:43.963467] [debug] [00:21:34.102744] [Service] Server method called: /rb.api.RobotInfoService/GetRobotInfo
[07/28/26 16:29:43.963501] [debug] [00:21:34.102787] [Service::RobotInfoService::GetRobotInfo] Requested: request_header { request_timestamp { seconds: 1785223731 nanos: 226836761 } }
[07/28/26 16:29:43.964021] [debug] [00:21:34.103304] [Service] Server method called: /rb.api.RobotStateService/GetRobotState
[07/28/26 16:29:43.964061] [debug] [00:21:34.103346] [Service::RobotStateService::GetRobotState] Requested: request_header { request_timestamp { seconds: 1785223731 nanos: 227542283 } }
[07/28/26 16:29:43.964871] [debug] [00:21:34.104152] [Service] Server method called: /rb.api.RobotInfoService/GetRobotInfo
[07/28/26 16:29:43.964894] [debug] [00:21:34.104180] [Service::RobotInfoService::GetRobotInfo] Requested: request_header { request_timestamp { seconds: 1785223731 nanos: 228352760 } }
[07/28/26 16:29:43.965432] [debug] [00:21:34.104715] [Service] Server method called: /rb.api.RobotStateService/GetRobotState
[07/28/26 16:29:43.965450] [debug] [00:21:34.104736] [Service::RobotStateService::GetRobotState] Requested: request_header { request_timestamp { seconds: 1785223731 nanos: 228959013 } }
[07/28/26 16:29:43.965977] [debug] [00:21:34.105261] [Service] Server method called: /rb.api.RobotStateService/GetControlManagerState
[07/28/26 16:29:43.965993] [debug] [00:21:34.105279] [Service::RobotStateService::GetControlManagerState] Requested: request_header { request_timestamp { seconds: 1785223731 nanos: 229496647 } }
[07/28/26 16:29:43.966431] [debug] [00:21:34.105713] [Service] Server method called: /rb.api.RobotInfoService/GetRobotInfo
[07/28/26 16:29:43.966450] [debug] [00:21:34.105736] [Service::RobotInfoService::GetRobotInfo] Requested: request_header { request_timestamp { seconds: 1785223731 nanos: 229932515 } }
[07/28/26 16:29:43.966957] [debug] [00:21:34.106241] [Service] Server method called: /rb.api.RobotStateService/GetRobotState
[07/28/26 16:29:43.966974] [debug] [00:21:34.106260] [Service::RobotStateService::GetRobotState] Requested: request_header { request_timestamp { seconds: 1785223731 nanos: 230477450 } }
[07/28/26 16:29:43.967450] [debug] [00:21:34.106734] [Service] Server method called: /rb.api.RobotStateService/GetRobotState
[07/28/26 16:29:43.967486] [debug] [00:21:34.106772] [Service::RobotStateService::GetRobotState] Requested: request_header { request_timestamp { seconds: 1785223731 nanos: 230981593 } }
[07/28/26 16:29:43.967984] [debug] [00:21:34.107267] [Service] Server method called: /rb.api.RobotInfoService/GetRobotInfo
[07/28/26 16:29:43.968000] [debug] [00:21:34.107286] [Service::RobotInfoService::GetRobotInfo] Requested: request_header { request_timestamp { seconds: 1785223731 nanos: 231532453 } }
[07/28/26 16:29:43.968558] [debug] [00:21:34.107842] [Service] Server method called: /rb.api.ControlManagerService/ControlManagerCommand
[07/28/26 16:29:43.968577] [debug] [00:21:34.107863] [Service::ControlManagerService::ControlManagerCommand] Requested: request_header { request_timestamp { seconds: 1785223731 nanos: 232101095 } } command: COMMAND_ENABLE unlimited_mode_enabled { }
[07/28/26 16:29:43.968580] [info] [00:21:34.107867] [ControlManager::Enable] Enable request received. Starting the enabling process...
[07/28/26 16:29:43.969728] [info] [00:21:34.109015] [ControlManager::Enable] Control Manager successfully enabled
[07/28/26 16:29:43.970155] [debug] [00:21:34.109440] [Service] Server method called: /rb.api.ParameterService/SetParameter
[07/28/26 16:29:43.970173] [debug] [00:21:34.109459] [Service::ParameterService::SetParameter] Requested: request_header { request_timestamp { seconds: 1785223731 nanos: 233701533 } } name: "cartesian_command.cutoff_frequency" parameter: "{\"value\":5,\"write_db\":true}"
[07/28/26 16:29:43.980409] [debug] [00:21:34.119692] [Service] Server method called: /rb.api.ParameterService/SetParameter
[07/28/26 16:29:43.980426] [debug] [00:21:34.119712] [Service::ParameterService::SetParameter] Requested: request_header { request_timestamp { seconds: 1785223731 nanos: 243937225 } } name: "default.acceleration_limit_scaling" parameter: "{\"value\":1.0,\"write_db\":true}"
[07/28/26 16:29:43.986471] [debug] [00:21:34.125753] [Service] Server method called: /rb.api.ParameterService/SetParameter
[07/28/26 16:29:43.986489] [debug] [00:21:34.125775] [Service::ParameterService::SetParameter] Requested: request_header { request_timestamp { seconds: 1785223731 nanos: 249970151 } } name: "default.angular_acceleration_limit" parameter: "{\"value\":10,\"write_db\":true}"
[07/28/26 16:29:43.992571] [debug] [00:21:34.131854] [Service] Server method called: /rb.api.ParameterService/SetParameter
[07/28/26 16:29:43.992588] [debug] [00:21:34.131874] [Service::ParameterService::SetParameter] Requested: request_header { request_timestamp { seconds: 1785223731 nanos: 256084800 } } name: "default.linear_acceleration_limit" parameter: "{\"value\":20,\"write_db\":true}"
[07/28/26 16:29:43.999095] [debug] [00:21:34.138375] [Service] Server method called: /rb.api.ParameterService/SetParameter
[07/28/26 16:29:43.999113] [debug] [00:21:34.138399] [Service::ParameterService::SetParameter] Requested: request_header { request_timestamp { seconds: 1785223731 nanos: 262561788 } } name: "joint_position_command.cutoff_frequency" parameter: "{\"value\":5,\"write_db\":true}"
[07/28/26 16:29:44.004684] [debug] [00:21:34.143966] [Service] Server method called: /rb.api.ParameterService/SetParameter
[07/28/26 16:29:44.004703] [debug] [00:21:34.143989] [Service::ParameterService::SetParameter] Requested: request_header { request_timestamp { seconds: 1785223731 nanos: 268174765 } } name: "manipulability_threshold" parameter: "{\"value\":1e4,\"write_db\":true}"
[07/28/26 16:29:44.010647] [debug] [00:21:34.149929] [Service] Server method called: /rb.api.RobotCommandService/RobotCommand
[07/28/26 16:29:44.010717] [debug] [00:21:34.150002] [Service::RobotCommandService::RobotCommand] Requested: robot_command { component_based_command { body_command { joint_position_command { command_header { control_hold_time { seconds: 1 } } minimum_time { nanos: 500000000 } position: -0.0001025185180022582 position: 0.93080359476398455 position: -1.4151200587173935 position: 0.78187456396388921 position: -3.7969821482317853e-06 position: 1.1390946444695356e-05 position: -6.4548696519940349e-05 position: -0.26111466535175165 position: 3.037585718585428... [truncated]
[07/28/26 16:29:44.010720] [debug] [00:21:34.150008] [Service::RobotCommandService::RobotCommand]   Peer: ipv4:192.168.30.230:60108
[07/28/26 16:29:44.010867] [debug] [00:21:34.150153] [Service::RobotCommandService::RobotCommand]   IP: 192.168.30.230, Family: ipv4
[07/28/26 16:29:44.015754] [info] [00:21:34.155037] [ControlManager] Control started: {"type":"RobotCommand","control":{"type":"ComponentBasedCommand","components":{"mobility":null,"body":{"type":"BodyCommand","control":{"type":"JointPositionCommand","control":{"type":"JointPositionControl"}}},"head":{"type":"HeadCommand","control":{"type":"JointPositionCommand","control":{"type":"JointPositionControl"}}}}}} (priority: 1)
[07/28/26 16:29:45.773757] [debug] [00:21:35.913038] [ControlManager] Control finished: {"type":"RobotCommand","control":{"type":"ComponentBasedCommand","components":{"mobility":null,"body":{"type":"BodyCommand","control":{"type":"JointPositionCommand","control":{"type":"JointPositionControl"}}},"head":{"type":"HeadCommand","control":{"type":"JointPositionCommand","control":{"type":"JointPositionControl"}}}}}}
[07/28/26 16:29:45.773817] [info] [00:21:35.913099] [ControlInterface] Control completed successfully.
[07/28/26 16:29:45.773827] [debug] [00:21:35.913108] [ControlInterface::ExecutionStats] Average Control Time: 0.001 ms (max: 0.026 ms, min: 0.001 ms, sigma: 0.001 ms, count: 880)
[07/28/26 16:29:45.774987] [debug] [00:21:35.914270] [Service] Server method called: /rb.api.PowerService/ToolFlangePowerCommand
[07/28/26 16:29:45.775016] [debug] [00:21:35.914302] [Service::PowerService::ToolFlangePowerCommand] Requested: request_header { request_timestamp { seconds: 1785223733 nanos: 38406058 } } name: "right" command: COMMAND_POWER_12V
[07/28/26 16:29:45.775021] [debug] [00:21:35.914308] [Service::PowerService::ToolFlangePowerCommand] Result: Success
[07/28/26 16:29:45.775442] [debug] [00:21:35.914726] [Service] Server method called: /rb.api.PowerService/ToolFlangePowerCommand
[07/28/26 16:29:45.775458] [debug] [00:21:35.914744] [Service::PowerService::ToolFlangePowerCommand] Requested: request_header { request_timestamp { seconds: 1785223733 nanos: 38952627 } } name: "left" command: COMMAND_POWER_12V
[07/28/26 16:29:45.775463] [debug] [00:21:35.914750] [Service::PowerService::ToolFlangePowerCommand] Result: Success
[07/28/26 16:29:46.943055] [debug] [00:21:37.082331] [Service] Server method called: /rb.api.RobotCommandService/RobotCommand
[07/28/26 16:29:46.943116] [debug] [00:21:37.082400] [Service::RobotCommandService::RobotCommand] Requested: robot_command { component_based_command { body_command { joint_position_command { command_header { control_hold_time { seconds: 1 } } minimum_time { seconds: 4 } position: 0 position: 0.78539816339744828 position: -1.3962634015954636 position: 0.78539816339744828 position: 0 position: 0 position: 0 position: -0.26179938779914941 position: 0 position: -2.0943951023931953 position: 0 position: 0.52359877559829882 position: 0 position: 0 position: 0... [truncated]
[07/28/26 16:29:46.943119] [debug] [00:21:37.082406] [Service::RobotCommandService::RobotCommand]   Peer: ipv4:192.168.30.230:60108
[07/28/26 16:29:46.943262] [debug] [00:21:37.082548] [Service::RobotCommandService::RobotCommand]   IP: 192.168.30.230, Family: ipv4
[07/28/26 16:29:46.947746] [info] [00:21:37.087028] [ControlManager] Control started: {"type":"RobotCommand","control":{"type":"ComponentBasedCommand","components":{"mobility":null,"body":{"type":"BodyCommand","control":{"type":"JointPositionCommand","control":{"type":"JointPositionControl"}}},"head":{"type":"HeadCommand","control":{"type":"JointPositionCommand","control":{"type":"JointPositionControl"}}}}}} (priority: 1)
[07/28/26 16:29:48.638726] [debug] [00:21:38.778003] [Hardware] Hardware Loop Stat (avg: 2.000 ms, min: 1.997 ms, max: 2.003 ms, count: 15000)
[07/28/26 16:29:48.661717] [debug] [00:21:38.801002] [ControlManager] Control Manager Loop Stat (avg: 2.000 ms, min: 1.996 ms, max: 2.004 ms, count: 15000)
[07/28/26 16:29:52.205756] [debug] [00:21:42.345037] [ControlManager] Control finished: {"type":"RobotCommand","control":{"type":"ComponentBasedCommand","components":{"mobility":null,"body":{"type":"BodyCommand","control":{"type":"JointPositionCommand","control":{"type":"JointPositionControl"}}},"head":{"type":"HeadCommand","control":{"type":"JointPositionCommand","control":{"type":"JointPositionControl"}}}}}}
[07/28/26 16:29:52.205812] [info] [00:21:42.345093] [ControlInterface] Control completed successfully.
[07/28/26 16:29:52.205821] [debug] [00:21:42.345102] [ControlInterface::ExecutionStats] Average Control Time: 0.001 ms (max: 0.018 ms, min: 0.001 ms, sigma: 0.000 ms, count: 2630)
[07/28/26 16:29:52.206575] [debug] [00:21:42.345857] [Service] Server method called: /rb.api.RobotCommandService/RobotCommandStream
[07/28/26 16:29:52.206589] [debug] [00:21:42.345875] [Service::RobotCommandService::RobotCommandStream] Stream is created
[07/28/26 16:29:52.237742] [debug] [00:21:42.377023] [Service::RobotCommandService::RobotCommandStream] Requested: robot_command { component_based_command { mobility_command { se2_velocity_command { command_header { control_hold_time { seconds: 1 } } minimum_time { nanos: 10100000 } velocity { linear { } } acceleration_limit { linear { x: 1 y: 1 } angular: 1 } } } body_command { body_component_based_command { right_arm_command { joint_impedance_control_command { command_header { control_hold_time { seconds: 1 } } minimum_time { nanos: 10100000 } position: 2.6... [truncated]
[07/28/26 16:29:52.237749] [debug] [00:21:42.377036] [Service::RobotCommandService::RobotCommandStream]   Peer: ipv4:192.168.30.230:60108
[07/28/26 16:29:52.237946] [debug] [00:21:42.377232] [Service::RobotCommandService::RobotCommandStream]   IP: 192.168.30.230, Family: ipv4
[07/28/26 16:29:52.243772] [info] [00:21:42.383055] [ControlManager] Control started: {"type":"RobotCommand","control":{"type":"ComponentBasedCommand","components":{"mobility":{"type":"MobilityCommand","control":{"type":"SE2VelocityCommand","control":{"type":"MobilitySE2VelocityControl"}}},"body":{"type":"BodyCommand","control":{"type":"BodyComponentBasedCommand","components":{"torso":{"type":"TorsoCommand","control":{"type":"JointImpedanceControlCommand","control":{"type":"JointImpedanceControl"}}},"right_arm":{"type":"ArmCommand","control":{"type":"JointImpedanceControlCommand","control":{"type":"JointImpedanceControl"}}},"left_arm":{"type":"ArmCommand","control":{"type":"JointImpedanceControlCommand","control":{"type":"JointImpedanceControl"}}}}}},"head":{"type":"HeadCommand","control":{"type":"JointPositionCommand","control":{"type":"JointPositionControl"}}}}}} (priority: 1)
[07/28/26 16:29:55.812964] [debug] [00:21:45.952237] [Service] Server method called: /rb.api.RobotCommandService/RobotCommand
[07/28/26 16:29:55.812997] [debug] [00:21:45.952283] [Service::RobotCommandService::RobotCommand] Requested: robot_command { whole_body_command { stop_command { } } } priority: 99
[07/28/26 16:29:55.813001] [debug] [00:21:45.952288] [Service::RobotCommandService::RobotCommand]   Peer: ipv4:192.168.30.230:60108
[07/28/26 16:29:55.813152] [debug] [00:21:45.952438] [Service::RobotCommandService::RobotCommand]   IP: 192.168.30.230, Family: ipv4
[07/28/26 16:29:55.916146] [debug] [00:21:46.055422] [ControlManager] Control finished: {"type":"RobotCommand","control":{"type":"ComponentBasedCommand","components":{"mobility":{"type":"MobilityCommand","control":{"type":"SE2VelocityCommand","control":{"type":"MobilitySE2VelocityControl"}}},"body":{"type":"BodyCommand","control":{"type":"BodyComponentBasedCommand","components":{"torso":{"type":"TorsoCommand","control":{"type":"JointImpedanceControlCommand","control":{"type":"JointImpedanceControl"}}},"right_arm":{"type":"ArmCommand","control":{"type":"JointImpedanceControlCommand","control":{"type":"JointImpedanceControl"}}},"left_arm":{"type":"ArmCommand","control":{"type":"JointImpedanceControlCommand","control":{"type":"JointImpedanceControl"}}}}}},"head":{"type":"HeadCommand","control":{"type":"JointPositionCommand","control":{"type":"JointPositionControl"}}}}}}
[07/28/26 16:29:55.916254] [debug] [00:21:46.055535] [Service::RobotCommandService::RobotCommandStream] OnReadDone (write_done: true, read_done: true)
[07/28/26 16:29:55.916301] [debug] [00:21:46.055584] [Service::RobotCommandService::RobotCommandStream] OnCancel
[07/28/26 16:29:55.916373] [info] [00:21:46.055658] [ControlInterface] Control was preempted or canceled by another request.
[07/28/26 16:29:55.916382] [debug] [00:21:46.055664] [ControlInterface::ExecutionStats] Average Control Time: 0.346 ms (max: 0.451 ms, min: 0.328 ms, sigma: 0.008 ms, count: 1837)
[07/28/26 16:29:55.916445] [debug] [00:21:46.055730] [Service::RobotCommandService::RobotCommandStream] OnDone: robot_command { component_based_command { mobility_command { se2_velocity_command { command_header { control_hold_time { seconds: 1 } } minimum_time { nanos: 10100000 } velocity { linear { } } acceleration_limit { linear { x: 1 y: 1 } angular: 1 } } } body_command { body_component_based_command { right_arm_command { joint_impedance_control_command { command_header { control_hold_time { seconds: 1 } } minimum_time { nanos: 10100000 } position: -8.... [truncated]
[07/28/26 16:29:55.917733] [info] [00:21:46.057018] [ControlManager] Control started: {"type":"RobotCommand","control":{"type":"WholeBodyCommand","control":{"type":"StopControl","control":{"type":"JointVelocityControl"}}}} (priority: 99)
[07/28/26 16:29:55.917753] [debug] [00:21:46.057040] [ControlManager] Control finished: {"type":"RobotCommand","control":{"type":"WholeBodyCommand","control":{"type":"StopControl","control":{"type":"JointVelocityControl"}}}}
[07/28/26 16:29:55.917787] [info] [00:21:46.057072] [ControlInterface] Control completed successfully.
[07/28/26 16:29:55.917792] [debug] [00:21:46.057076] [ControlInterface::ExecutionStats] Average Control Time: 0.006 ms (max: 0.006 ms, min: 0.006 ms, sigma: 0.000 ms, count: 1)
[07/28/26 16:29:55.918396] [debug] [00:21:46.057677] [Service] Server method called: /rb.api.ControlManagerService/ControlManagerCommand
[07/28/26 16:29:55.918420] [debug] [00:21:46.057706] [Service::ControlManagerService::ControlManagerCommand] Requested: request_header { request_timestamp { seconds: 1785223743 nanos: 181775777 } } command: COMMAND_DISABLE
[07/28/26 16:29:55.918424] [info] [00:21:46.057711] [ControlManager::Disable] Disable request received. Starting the disabling process...
[07/28/26 16:29:55.919734] [info] [00:21:46.059020] [ControlManager::Disable] Control Manager successfully disabled
[07/28/26 16:30:18.638730] [debug] [0