[07/30/26 10:46:49.272293] [info] [00:00:08.400931] [App] App main
[07/30/26 10:46:49.272313] [info] [00:00:08.401511] [App] RBY1 Model: rby1m, Model Version: v1.3
[07/30/26 10:46:49.272315] [info] [00:00:08.401520] [App] RBY1 Version: 0.10.4
[07/30/26 10:46:49.272374] [info] [00:00:08.401577] [App] RBY1-SDK Version: 0.9.1 - a3274bb
[07/30/26 10:46:49.295037] [info] [00:00:08.423731] [RobotApp] Using default model: /root/exe/app/models/rby1m/urdf/model_v1.3.urdf
[07/30/26 10:46:49.300104] [info] [00:00:08.428991] [RobotApp] Building robot ...
[07/30/26 10:46:49.301969] [info] [00:00:08.430548] [RobotApp] Link Names: ["ee_finger_l1", "ee_finger_r2", "ee_left", "link_torso_5", "ee_finger_l2", "wheel_fl_link", "ee_finger_r1", "ee_right", "wheel_rl_link", "link_left_arm_6", "link_torso_4", "link_right_arm_3", "link_torso_0", "link_right_arm_4", "link_right_arm_0", "link_left_arm_2", "link_right_arm_5", "link_left_arm_0", "link_torso_1", "base", "link_left_arm_3", "link_torso_3", "wheel_rr_link", "wheel_fr_link", "link_head_0", "link_torso_2", "link_head_1", "link_right_arm_1", "link_left_arm_1", "link_left_arm_4", "link_right_arm_2", "link_head_2", "link_left_arm_5", "link_right_arm_6"]
[07/30/26 10:46:49.301989] [info] [00:00:08.431183] [RobotApp] Joint Names: ["left_arm_6", "left_arm_2", "right_arm_6", "head_0", "wheel_fr", "left_arm_3", "wheel_fl", "left_arm_5", "wheel_rr", "torso_4", "wheel_rl", "right_arm_5", "head_1", "torso_0", "right_arm_2", "torso_3", "left_arm_1", "torso_1", "right_arm_3", "torso_2", "torso_5", "left_arm_0", "right_arm_4", "right_arm_0", "left_arm_4", "right_arm_1"]
[07/30/26 10:46:50.550515] [info] [00:00:09.679708] [RobotApp] Server listening on 0.0.0.0:50051
[07/30/26 10:46:58.940519] [debug] [00:00:18.069695] [Service] Server method called: /rb.api.RobotInfoService/GetRobotInfo
[07/30/26 10:46:58.941483] [debug] [00:00:18.070682] [Service::RobotInfoService::GetRobotInfo] Requested: request_header { request_timestamp { seconds: 1785376018 nanos: 939035951 } }
[07/30/26 10:47:19.302818] [debug] [00:00:38.432003] [Hardware] Hardware Loop Stat (avg: 2.000 ms, min: 1.992 ms, max: 2.004 ms, count: 15000)
[07/30/26 10:47:19.437806] [debug] [00:00:38.567003] [ControlManager] Control Manager Loop Stat (avg: 2.000 ms, min: 1.999 ms, max: 2.002 ms, count: 15000)
[07/30/26 10:47:49.302812] [debug] [00:01:08.432003] [Hardware] Hardware Loop Stat (avg: 2.000 ms, min: 1.998 ms, max: 2.002 ms, count: 15000)
[07/30/26 10:47:49.437802] [debug] [00:01:08.567003] [ControlManager] Control Manager Loop Stat (avg: 2.000 ms, min: 1.999 ms, max: 2.001 ms, count: 15000)
[07/30/26 10:48:19.302815] [debug] [00:01:38.432003] [Hardware] Hardware Loop Stat (avg: 2.000 ms, min: 1.999 ms, max: 2.001 ms, count: 15000)
[07/30/26 10:48:19.437801] [debug] [00:01:38.567002] [ControlManager] Control Manager Loop Stat (avg: 2.000 ms, min: 1.999 ms, max: 2.001 ms, count: 15000)
[07/30/26 10:48:49.302810] [debug] [00:02:08.432003] [Hardware] Hardware Loop Stat (avg: 2.000 ms, min: 1.999 ms, max: 2.001 ms, count: 15000)
[07/30/26 10:48:49.437800] [debug] [00:02:08.567002] [ControlManager] Control Manager Loop Stat (avg: 2.000 ms, min: 1.999 ms, max: 2.001 ms, count: 15000)
[07/30/26 10:49:19.302809] [debug] [00:02:38.432003] [Hardware] Hardware Loop Stat (avg: 2.000 ms, min: 1.999 ms, max: 2.001 ms, count: 15000)
[07/30/26 10:49:19.437800] [debug] [00:02:38.567002] [ControlManager] Control Manager Loop Stat (avg: 2.000 ms, min: 1.999 ms, max: 2.002 ms, count: 15000)
[07/30/26 10:49:49.302809] [debug] [00:03:08.432003] [Hardware] Hardware Loop Stat (avg: 2.000 ms, min: 1.999 ms, max: 2.001 ms, count: 15000)
[07/30/26 10:49:49.437799] [debug] [00:03:08.567002] [ControlManager] Control Manager Loop Stat (avg: 2.000 ms, min: 1.999 ms, max: 2.001 ms, count: 15000)
[07/30/26 10:50:19.302810] [debug] [00:03:38.432003] [Hardware] Hardware Loop Stat (avg: 2.000 ms, min: 1.999 ms, max: 2.001 ms, count: 15000)
[07/30/26 10:50:19.437799] [debug] [00:03:38.567002] [ControlManager] Control Manager Loop Stat (avg: 2.000 ms, min: 1.999 ms, max: 2.001 ms, count: 15000)
[07/30/26 10:50:49.302809] [debug] [00:04:08.432003] [Hardware] Hardware Loop Stat (avg: 2.000 ms, min: 1.999 ms, max: 2.001 ms, count: 15000)
[07/30/26 10:50:49.437799] [debug] [00:04:08.567002] [ControlManager] Control Manager Loop Stat (avg: 2.000 ms, min: 1.999 ms, max: 2.001 ms, count: 15000)
[07/30/26 10:51:19.302810] [debug] [00:04:38.432003] [Hardware] Hardware Loop Stat (avg: 2.000 ms, min: 1.999 ms, max: 2.001 ms, count: 15000)
[07/30/26 10:51:19.437799] [debug] [00:04:38.567002] [ControlManager] Control Manager Loop Stat (avg: 2.000 ms, min: 1.999 ms, max: 2.001 ms, count: 15000)
[07/30/26 10:51:49.302810] [debug] [00:05:08.432003] [Hardware] Hardware Loop Stat (avg: 2.000 ms, min: 1.999 ms, max: 2.001 ms, count: 15000)
[07/30/26 10:51:49.437799] [debug] [00:05:08.567002] [ControlManager] Control Manager Loop Stat (avg: 2.000 ms, min: 1.999 ms, max: 2.001 ms, count: 15000)
[07/30/26 10:52:19.302810] [debug] [00:05:38.432002] [Hardware] Hardware Loop Stat (avg: 2.000 ms, min: 1.999 ms, max: 2.002 ms, count: 15000)
[07/30/26 10:52:19.437800] [debug] [00:05:38.567002] [ControlManager] Control Manager Loop Stat (avg: 2.000 ms, min: 1.999 ms, max: 2.002 ms, count: 15000)
[07/30/26 10:52:49.302808] [debug] [00:06:08.432003] [Hardware] Hardware Loop Stat (avg: 2.000 ms, min: 1.999 ms, max: 2.001 ms, count: 15000)
[07/30/26 10:52:49.437799] [debug] [00:06:08.567002] [ControlManager] Control Manager Loop Stat (avg: 2.000 ms, min: 1.999 ms, max: 2.001 ms, count: 15000)
[07/30/26 10:53:19.302809] [debug] [00:06:38.432003] [Hardware] Hardware Loop Stat (avg: 2.000 ms, min: 1.999 ms, max: 2.001 ms, count: 15000)
[07/30/26 10:53:19.437799] [debug] [00:06:38.567002] [ControlManager] Control Manager Loop Stat (avg: 2.000 ms, min: 1.999 ms, max: 2.001 ms, count: 15000)
[07/30/26 10:53:49.302809] [debug] [00:07:08.432003] [Hardware] Hardware Loop Stat (avg: 2.000 ms, min: 1.999 ms, max: 2.001 ms, count: 15000)
[07/30/26 10:53:49.437800] [debug] [00:07:08.567002] [ControlManager] Control Manager Loop Stat (avg: 2.000 ms, min: 1.999 ms, max: 2.001 ms, count: 15000)
[07/30/26 10:54:19.302809] [debug] [00:07:38.432002] [Hardware] Hardware Loop Stat (avg: 2.000 ms, min: 1.999 ms, max: 2.001 ms, count: 15000)
[07/30/26 10:54:19.437799] [debug] [00:07:38.567002] [ControlManager] Control Manager Loop Stat (avg: 2.000 ms, min: 1.999 ms, max: 2.001 ms, count: 15000)
[07/30/26 10:54:49.302808] [debug] [00:08:08.432003] [Hardware] Hardware Loop Stat (avg: 2.000 ms, min: 1.999 ms, max: 2.001 ms, count: 15000)
[07/30/26 10:54:49.437799] [debug] [00:08:08.567002] [ControlManager] Control Manager Loop Stat (avg: 2.000 ms, min: 1.999 ms, max: 2.001 ms, count: 15000)
[07/30/26 10:55:19.302808] [debug] [00:08:38.432003] [Hardware] Hardware Loop Stat (avg: 2.000 ms, min: 1.998 ms, max: 2.002 ms, count: 15000)
[07/30/26 10:55:19.437799] [debug] [00:08:38.567002] [ControlManager] Control Manager Loop Stat (avg: 2.000 ms, min: 1.999 ms, max: 2.001 ms, count: 15000)
[07/30/26 10:55:49.302809] [debug] [00:09:08.432002] [Hardware] Hardware Loop Stat (avg: 2.000 ms, min: 1.999 ms, max: 2.001 ms, count: 15000)
[07/30/26 10:55:49.437800] [debug] [00:09:08.567002] [ControlManager] Control Manager Loop Stat (avg: 2.000 ms, min: 1.999 ms, max: 2.001 ms, count: 15000)
[07/30/26 10:56:19.302808] [debug] [00:09:38.432003] [Hardware] Hardware Loop Stat (avg: 2.000 ms, min: 1.999 ms, max: 2.001 ms, count: 15000)
[07/30/26 10:56:19.437799] [debug] [00:09:38.567002] [ControlManager] Control Manager Loop Stat (avg: 2.000 ms, min: 1.999 ms, max: 2.001 ms, count: 15000)
[07/30/26 10:56:49.302809] [debug] [00:10:08.432003] [Hardware] Hardware Loop Stat (avg: 2.000 ms, min: 1.999 ms, max: 2.001 ms, count: 15000)
[07/30/26 10:56:49.437799] [debug] [00:10:08.567002] [ControlManager] Control Manager Loop Stat (avg: 2.000 ms, min: 1.999 ms, max: 2.001 ms, count: 15000)
[07/30/26 10:57:19.302809] [debug] [00:10:38.432002] [Hardware] Hardware Loop Stat (avg: 2.000 ms, min: 1.999 ms, max: 2.001 ms, count: 15000)
[07/30/26 10:57:19.437799] [debug] [00:10:38.567002] [ControlManager] Control Manager Loop Stat (avg: 2.000 ms, min: 1.998 ms, max: 2.002 ms, count: 15000)
[07/30/26 10:57:49.302809] [debug] [00:11:08.432003] [Hardware] Hardware Loop Stat (avg: 2.000 ms, min: 1.999 ms, max: 2.001 ms, count: 15000)
[07/30/26 10:57:49.437799] [debug] [00:11:08.567002] [ControlManager] Control Manager Loop Stat (avg: 2.000 ms, min: 1.999 ms, max: 2.001 ms, count: 15000)
[07/30/26 10:58:19.302809] [debug] [00:11:38.432003] [Hardware] Hardware Loop Stat (avg: 2.000 ms, min: 1.999 ms, max: 2.001 ms, count: 15000)
[07/30/26 10:58:19.437799] [debug] [00:11:38.567002] [ControlManager] Control Manager Loop Stat (avg: 2.000 ms, min: 1.999 ms, max: 2.001 ms, count: 15000)
[07/30/26 10:58:49.302808] [debug] [00:12:08.432003] [Hardware] Hardware Loop Stat (avg: 2.000 ms, min: 1.999 ms, max: 2.001 ms, count: 15000)
[07/30/26 10:58:49.437799] [debug] [00:12:08.567002] [ControlManager] Control Manager Loop Stat (avg: 2.000 ms, min: 1.999 ms, max: 2.001 ms, count: 15000)
[07/30/26 10:59:19.302808] [debug] [00:12:38.432002] [Hardware] Hardware Loop Stat (avg: 2.000 ms, min: 1.998 ms, max: 2.002 ms, count: 15000)
[07/30/26 10:59:19.437800] [debug] [00:12:38.567002] [ControlManager] Control Manager Loop Stat (avg: 2.000 ms, min: 1.999 ms, max: 2.001 ms, count: 15000)
[07/30/26 10:59:49.302809] [debug] [00:13:08.432003] [Hardware] Hardware Loop Stat (avg: 2.000 ms, min: 1.999 ms, max: 2.001 ms, count: 15000)
[07/30/26 10:59:49.437799] [debug] [00:13:08.567002] [ControlManager] Control Manager Loop Stat (avg: 2.000 ms, min: 1.999 ms, max: 2.001 ms, count: 15000)
[07/30/26 11:00:19.302808] [debug] [00:13:38.432003] [Hardware] Hardware Loop Stat (avg: 2.000 ms, min: 1.999 ms, max: 2.001 ms, count: 15000)
[07/30/26 11:00:19.437800] [debug] [00:13:38.567002] [ControlManager] Control Manager Loop Stat (avg: 2.000 ms, min: 1.999 ms, max: 2.001 ms, count: 15000)
[07/30/26 11:00:44.747079] [debug] [00:14:03.876273] [Service] Server method called: /rb.api.RobotInfoService/GetRobotModel
[07/30/26 11:00:44.747121] [debug] [00:14:03.876325] [Service::RobotInfoService::GetRobotModel] Requested: request_header { request_timestamp { seconds: 1785376791 nanos: 58234103 } }
[07/30/26 11:00:44.752220] [debug] [00:14:03.881420] [Service] Server method called: /rb.api.RobotStateService/GetRobotStateStream
[07/30/26 11:00:44.752516] [debug] [00:14:03.881718] [Service::RobotStateService::GetRobotStateStream] Requested: request_header { request_timestamp { seconds: 1785376791 nanos: 63762720 } } update_rate: 100
[07/30/26 11:00:49.302809] [debug] [00:14:08.432002] [Hardware] Hardware Loop Stat (avg: 2.000 ms, min: 1.999 ms, max: 2.001 ms, count: 15000)
[07/30/26 11:00:49.437799] [debug] [00:14:08.567002] [ControlManager] Control Manager Loop Stat (avg: 2.000 ms, min: 1.999 ms, max: 2.001 ms, count: 15000)
[07/30/26 11:01:19.302809] [debug] [00:14:38.432003] [Hardware] Hardware Loop Stat (avg: 2.000 ms, min: 1.999 ms, max: 2.001 ms, count: 15000)
[07/30/26 11:01:19.437800] [debug] [00:14:38.567002] [ControlManager] Control Manager Loop Stat (avg: 2.000 ms, min: 1.999 ms, max: 2.001 ms, count: 15000)
[07/30/26 11:01:49.302807] [debug] [00:15:08.432002] [Hardware] Hardware Loop Stat (avg: 2.000 ms, min: 1.999 ms, max: 2.001 ms, count: 15000)
[07/30/26 11:01:49.437799] [debug] [00:15:08.567002] [ControlManager] Control Manager Loop Stat (avg: 2.000 ms, min: 1.999 ms, max: 2.001 ms, count: 15000)
[07/30/26 11:02:19.302809] [debug] [00:15:38.432003] [Hardware] Hardware Loop Stat (avg: 2.000 ms, min: 1.999 ms, max: 2.001 ms, count: 15000)
[07/30/26 11:02:19.437800] [debug] [00:15:38.567002] [ControlManager] Control Manager Loop Stat (avg: 2.000 ms, min: 1.999 ms, max: 2.001 ms, count: 15000)
[07/30/26 11:02:49.302808] [debug] [00:16:08.432003] [Hardware] Hardware Loop Stat (avg: 2.000 ms, min: 1.999 ms, max: 2.001 ms, count: 15000)
[07/30/26 11:02:49.437799] [debug] [00:16:08.567002] [ControlManager] Control Manager Loop Stat (avg: 2.000 ms, min: 1.998 ms, max: 2.002 ms, count: 15000)
[07/30/26 11:03:19.302809] [debug] [00:16:38.432002] [Hardware] Hardware Loop Stat (avg: 2.000 ms, min: 1.999 ms, max: 2.001 ms, count: 15000)
[07/30/26 11:03:19.437799] [debug] [00:16:38.567002] [ControlManager] Control Manager Loop Stat (avg: 2.000 ms, min: 1.999 ms, max: 2.001 ms, count: 15000)
[07/30/26 11:03:49.302808] [debug] [00:17:08.432003] [Hardware] Hardware Loop Stat (avg: 2.000 ms, min: 1.999 ms, max: 2.001 ms, count: 15000)
[07/30/26 11:03:49.437799] [debug] [00:17:08.567002] [ControlManager] Control Manager Loop Stat (avg: 2.000 ms, min: 1.999 ms, max: 2.001 ms, count: 15000)
[07/30/26 11:04:19.302808] [debug] [00:17:38.432002] [Hardware] Hardware Loop Stat (avg: 2.000 ms, min: 1.999 ms, max: 2.001 ms, count: 15000)
[07/30/26 11:04:19.437799] [debug] [00:17:38.567002] [ControlManager] Control Manager Loop Stat (avg: 2.000 ms, min: 1.999 ms, max: 2.001 ms, count: 15000)
[07/30/26 11:04:49.302807] [debug] [00:18:08.432002] [Hardware] Hardware Loop Stat (avg: 2.000 ms, min: 1.999 ms, max: 2.001 ms, count: 15000)
[07/30/26 11:04:49.437799] [debug] [00:18:08.567002] [ControlManager] Control Manager Loop Stat (avg: 2.000 ms, min: 1.999 ms, max: 2.001 ms, count: 15000)
[07/30/26 11:05:19.302808] [debug] [00:18:38.432002] [Hardware] Hardware Loop Stat (avg: 2.000 ms, min: 1.999 ms, max: 2.001 ms, count: 15000)
[07/30/26 11:05:19.437799] [debug] [00:18:38.567002] [ControlManager] Control Manager Loop Stat (avg: 2.000 ms, min: 1.999 ms, max: 2.001 ms, count: 15000)
[07/30/26 11:05:49.302808] [debug] [00:19:08.432003] [Hardware] Hardware Loop Stat (avg: 2.000 ms, min: 1.999 ms, max: 2.001 ms, count: 15000)
[07/30/26 11:05:49.437799] [debug] [00:19:08.567002] [ControlManager] Control Manager Loop Stat (avg: 2.000 ms, min: 1.999 ms, max: 2.001 ms, count: 15000)
[07/30/26 11:06:19.302808] [debug] [00:19:38.432003] [Hardware] Hardware Loop Stat (avg: 2.000 ms, min: 1.999 ms, max: 2.001 ms, count: 15000)
[07/30/26 11:06:19.437799] [debug] [00:19:38.567002] [ControlManager] Control Manager Loop Stat (avg: 2.000 ms, min: 1.999 ms, max: 2.001 ms, count: 15000)
[07/30/26 11:06:37.603661] [debug] [00:19:56.732856] [Service] Server method called: /rb.api.RobotInfoService/GetRobotModel
[07/30/26 11:06:37.603698] [debug] [00:19:56.732902] [Service::RobotInfoService::GetRobotModel] Requested: request_header { request_timestamp { seconds: 1785377143 nanos: 956619754 } }
[07/30/26 11:06:37.606568] [debug] [00:19:56.735767] [Service] Server method called: /rb.api.RobotStateService/GetRobotStateStream
[07/30/26 11:06:37.606599] [debug] [00:19:56.735802] [Service::RobotStateService::GetRobotStateStream] Requested: request_header { request_timestamp { seconds: 1785377143 nanos: 959779417 } } update_rate: 100
[07/30/26 11:06:49.302807] [debug] [00:20:08.432003] [Hardware] Hardware Loop Stat (avg: 2.000 ms, min: 1.999 ms, max: 2.001 ms, count: 15000)
[07/30/26 11:06:49.437799] [debug] [00:20:08.567002] [ControlManager] Control Manager Loop Stat (avg: 2.000 ms, min: 1.999 ms, max: 2.001 ms, count: 15000)
[07/30/26 11:07:19.302808] [debug] [00:20:38.432003] [Hardware] Hardware Loop Stat (avg: 2.000 ms, min: 1.998 ms, max: 2.002 ms, count: 15000)
[07/30/26 11:07:19.437800] [debug] [00:20:38.567002] [ControlManager] Control Manager Loop Stat (avg: 2.000 ms, min: 1.999 ms, max: 2.001 ms, count: 15000)
[07/30/26 11:07:49.302808] [debug] [00:21:08.432002] [Hardware] Hardware Loop Stat (avg: 2.000 ms, min: 1.999 ms, max: 2.001 ms, count: 15000)
[07/30/26 11:07:49.437800] [debug] [00:21:08.567002] [ControlManager] Control Manager Loop Stat (avg: 2.000 ms, min: 1.999 ms, max: 2.001 ms, count: 15000)
[07/30/26 11:08:19.302808] [debug] [00:21:38.432003] [Hardware] Hardware Loop Stat (avg: 2.000 ms, min: 1.997 ms, max: 2.002 ms, count: 15000)
[07/30/26 11:08:19.437800] [debug] [00:21:38.567002] [ControlManager] Control Manager Loop Stat (avg: 2.000 ms, min: 1.999 ms, max: 2.001 ms, count: 15000)
[07/30/26 11:08:49.302807] [debug] [00:22:08.432003] [Hardware] Hardware Loop Stat (avg: 2.000 ms, min: 1.999 ms, max: 2.001 ms, count: 15000)
[07/30/26 11:08:49.437799] [debug] [00:22:08.567002] [ControlManager] Control Manager Loop Stat (avg: 2.000 ms, min: 1.999 ms, max: 2.001 ms, count: 15000)
[07/30/26 11:09:19.302808] [debug] [00:22:38.432003] [Hardware] Hardware Loop Stat (avg: 2.000 ms, min: 1.999 ms, max: 2.001 ms, count: 15000)
[07/30/26 11:09:19.437800] [debug] [00:22:38.567002] [ControlManager] Control Manager Loop Stat (avg: 2.000 ms, min: 1.999 ms, max: 2.001 ms, count: 15000)
[07/30/26 11:09:49.302812] [debug] [00:23:08.432003] [Hardware] Hardware Loop Stat (avg: 2.000 ms, min: 1.999 ms, max: 2.001 ms, count: 15000)
[07/30/26 11:09:49.437800] [debug] [00:23:08.567002] [ControlManager] Control Manager Loop Stat (avg: 2.000 ms, min: 1.999 ms, max: 2.001 ms, count: 15000)
[07/30/26 11:10:19.302810] [debug] [00:23:38.432003] [Hardware] Hardware Loop Stat (avg: 2.000 ms, min: 1.999 ms, max: 2.001 ms, count: 15000)
[07/30/26 11:10:19.437800] [debug] [00:23:38.567002] [ControlManager] Control Manager Loop Stat (avg: 2.000 ms, min: 1.999 ms, max: 2.001 ms, count: 15000)
[07/30/26 11:10:37.980393] [debug] [00:23:57.109586] [Service] Server method called: /rb.api.RobotStateService/GetRobotStateStream
[07/30/26 11:10:37.980424] [debug] [00:23:57.109628] [Service::RobotStateService::GetRobotStateStream] Requested: update_rate: 20
[07/30/26 11:10:38.043461] [debug] [00:23:57.172655] [Service] Server method called: /rb.api.RobotInfoService/GetRobotInfo
[07/30/26 11:10:38.043491] [debug] [00:23:57.172694] [Service::RobotInfoService::GetRobotInfo] Requested: request_header { request_timestamp { seconds: 1785377438 nanos: 43071041 } }
[07/30/26 11:10:38.045254] [debug] [00:23:57.174451] [Service] Server method called: /rb.api.RobotInfoService/GetRobotInfo
[07/30/26 11:10:38.045277] [debug] [00:23:57.174481] [Service::RobotInfoService::GetRobotInfo] Requested: request_header { request_timestamp { seconds: 1785377438 nanos: 45077623 } }
[07/30/26 11:10:38.048268] [debug] [00:23:57.177465] [Service] Server method called: /rb.api.RobotInfoService/GetRobotInfo
[07/30/26 11:10:38.048292] [debug] [00:23:57.177496] [Service::RobotInfoService::GetRobotInfo] Requested: request_header { request_timestamp { seconds: 1785377438 nanos: 48079417 } }
[07/30/26 11:10:38.050077] [debug] [00:23:57.179274] [Service] Server method called: /rb.api.RobotInfoService/GetRobotInfo
[07/30/26 11:10:38.050098] [debug] [00:23:57.179302] [Service::RobotInfoService::GetRobotInfo] Requested: request_header { request_timestamp { seconds: 1785377438 nanos: 49907417 } }
[07/30/26 11:10:38.051886] [debug] [00:23:57.181085] [Service] Server method called: /rb.api.LogService/GetLogStream
[07/30/26 11:10:38.052017] [debug] [00:23:57.181219] [Service::LogService::GetLogStream] Requested: update_rate: 10
[07/30/26 11:10:38.052720] [debug] [00:23:57.181919] [Service] Server method called: /rb.api.RobotInfoService/GetRobotInfo
[07/30/26 11:10:38.052737] [debug] [00:23:57.181941] [Service::RobotInfoService::GetRobotInfo] Requested: request_header { request_timestamp { seconds: 1785377438 nanos: 52523583 } }
[07/30/26 11:10:38.091726] [debug] [00:23:57.220915] [Service] Server method called: /rb.api.ControlManagerService/GetTimeScale
[07/30/26 11:10:38.091900] [debug] [00:23:57.221102] [Service::ControlManagerService::GetTimeScale] Requested: request_header { request_timestamp { seconds: 1785377438 nanos: 91407065 } }
[07/30/26 11:10:41.737227] [debug] [00:24:00.866416] [Service] Server method called: /rb.api.PowerService/PowerCommand
[07/30/26 11:10:41.737415] [debug] [00:24:00.866616] [Service::PowerService::PowerCommand] Requested: request_header { request_timestamp { seconds: 1785377441 nanos: 736770509 } } name: "^(5v|12v|24v|48v)$" command: COMMAND_POWER_ON
[07/30/26 11:10:41.737452] [info] [00:24:00.866625] [Hardware::ExecutePowerCommand] Started: device name = ^(5v|12v|24v|48v)$, command = PowerOn
[07/30/26 11:10:42.108974] [info] [00:24:01.238173] [Hardware::ExecutePowerCommand] Power command succeeded
[07/30/26 11:10:42.108983] [debug] [00:24:01.238188] [Service::PowerService::PowerCommand] Result: Success
[07/30/26 11:10:49.302812] [debug] [00:24:08.432003] [Hardware] Hardware Loop Stat (avg: 2.000 ms, min: 1.999 ms, max: 2.001 ms, count: 15000)
[07/30/26 11:10:49.437800] [debug] [00:24:08.567002] [ControlManager] Control Manager Loop Stat (avg: 2.000 ms, min: 1.999 ms, max: 2.001 ms, count: 15000)
[07/30/26 11:10:54.529414] [debug] [00:24:13.658604] [Service] Server method called: /rb.api.RobotInfoService/GetRobotModel
[07/30/26 11:10:54.529451] [debug] [00:24:13.658654] [Service::RobotInfoService::GetRobotModel] Requested: request_header { request_timestamp { seconds: 1785377400 nanos: 872772468 } }
[07/30/26 11:10:54.532441] [debug] [00:24:13.661639] [Service] Server method called: /rb.api.RobotStateService/GetRobotStateStream
[07/30/26 11:10:54.532475] [debug] [00:24:13.661678] [Service::RobotStateService::GetRobotStateStream] Requested: request_header { request_timestamp { seconds: 1785377400 nanos: 876033900 } } update_rate: 100
[07/30/26 11:11:15.503739] [debug] [00:24:34.632930] [Service] Server method called: /rb.api.RobotInfoService/GetRobotInfo
[07/30/26 11:11:15.503774] [debug] [00:24:34.632977] [Service::RobotInfoService::GetRobotInfo] Requested: request_header { request_timestamp { seconds: 1785377421 nanos: 833280017 } }
[07/30/26 11:11:15.505034] [debug] [00:24:34.634233] [Service] Server method called: /rb.api.RobotStateService/GetRobotState
[07/30/26 11:11:15.505059] [debug] [00:24:34.634262] [Service::RobotStateService::GetRobotState] Requested: request_header { request_timestamp { seconds: 1785377421 nanos: 834286364 } }
[07/30/26 11:11:15.505912] [debug] [00:24:34.635112] [Service] Server method called: /rb.api.RobotInfoService/GetRobotInfo
[07/30/26 11:11:15.505934] [debug] [00:24:34.635138] [Service::RobotInfoService::GetRobotInfo] Requested: request_header { request_timestamp { seconds: 1785377421 nanos: 835553201 } }
[07/30/26 11:11:15.506660] [debug] [00:24:34.635862] [Service] Server method called: /rb.api.RobotStateService/GetRobotState
[07/30/26 11:11:15.506683] [debug] [00:24:34.635887] [Service::RobotStateService::GetRobotState] Requested: request_header { request_timestamp { seconds: 1785377421 nanos: 836326998 } }
[07/30/26 11:11:15.507726] [debug] [00:24:34.636925] [Service] Server method called: /rb.api.PowerService/JointCommand
[07/30/26 11:11:15.507750] [debug] [00:24:34.636953] [Service::PowerService::JointCommand] Requested: request_header { request_timestamp { seconds: 1785377421 nanos: 837315885 } } name: ".*" command: COMMAND_SERVO_ON
[07/30/26 11:11:17.750986] [debug] [00:24:36.880178] [Service::PowerService::JointCommand] Result: Success
[07/30/26 11:11:17.751822] [debug] [00:24:36.881016] [Service] Server method called: /rb.api.RobotStateService/GetControlManagerState
[07/30/26 11:11:17.751852] [debug] [00:24:36.881057] [Service::RobotStateService::GetControlManagerState] Requested: request_header { request_timestamp { seconds: 1785377424 nanos: 79971733 } }
[07/30/26 11:11:17.752464] [debug] [00:24:36.881664] [Service] Server method called: /rb.api.RobotInfoService/GetRobotInfo
[07/30/26 11:11:17.752506] [debug] [00:24:36.881709] [Service::RobotInfoService::GetRobotInfo] Requested: request_header { request_timestamp { seconds: 1785377424 nanos: 80704088 } }
[07/30/26 11:11:17.753330] [debug] [00:24:36.882532] [Service] Server method called: /rb.api.RobotStateService/GetRobotState
[07/30/26 11:11:17.753349] [debug] [00:24:36.882553] [Service::RobotStateService::GetRobotState] Requested: request_header { request_timestamp { seconds: 1785377424 nanos: 81620478 } }
[07/30/26 11:11:17.753968] [debug] [00:24:36.883168] [Service] Server method called: /rb.api.RobotStateService/GetRobotState
[07/30/26 11:11:17.753998] [debug] [00:24:36.883202] [Service::RobotStateService::GetRobotState] Requested: request_header { request_timestamp { seconds: 1785377424 nanos: 82259755 } }
[07/30/26 11:11:17.754603] [debug] [00:24:36.883803] [Service] Server method called: /rb.api.RobotInfoService/GetRobotInfo
[07/30/26 11:11:17.754620] [debug] [00:24:36.883824] [Service::RobotInfoService::GetRobotInfo] Requested: request_header { request_timestamp { seconds: 1785377424 nanos: 82930662 } }
[07/30/26 11:11:17.755177] [debug] [00:24:36.884381] [Service] Server method called: /rb.api.ControlManagerService/ControlManagerCommand
[07/30/26 11:11:17.755289] [debug] [00:24:36.884494] [Service::ControlManagerService::ControlManagerCommand] Requested: request_header { request_timestamp { seconds: 1785377424 nanos: 83516210 } } command: COMMAND_ENABLE unlimited_mode_enabled { }
[07/30/26 11:11:17.755292] [info] [00:24:36.884497] [ControlManager::Enable] Enable request received. Starting the enabling process...
[07/30/26 11:11:17.755810] [info] [00:24:36.885016] [ControlManager::Enable] Control Manager successfully enabled
[07/30/26 11:11:17.756233] [debug] [00:24:36.885435] [Service] Server method called: /rb.api.ParameterService/SetParameter
[07/30/26 11:11:17.756359] [debug] [00:24:36.885561] [Service::ParameterService::SetParameter] Requested: request_header { request_timestamp { seconds: 1785377424 nanos: 84553350 } } name: "cartesian_command.cutoff_frequency" parameter: "{\"value\":5,\"write_db\":true}"
[07/30/26 11:11:17.762711] [debug] [00:24:36.891912] [Service] Server method called: /rb.api.ParameterService/SetParameter
[07/30/26 11:11:17.762728] [debug] [00:24:36.891932] [Service::ParameterService::SetParameter] Requested: request_header { request_timestamp { seconds: 1785377424 nanos: 90952269 } } name: "default.acceleration_limit_scaling" parameter: "{\"value\":1.0,\"write_db\":true}"
[07/30/26 11:11:17.768650] [debug] [00:24:36.897854] [Service] Server method called: /rb.api.ParameterService/SetParameter
[07/30/26 11:11:17.768661] [debug] [00:24:36.897867] [Service::ParameterService::SetParameter] Requested: request_header { request_timestamp { seconds: 1785377424 nanos: 96916518 } } name: "default.angular_acceleration_limit" parameter: "{\"value\":10,\"write_db\":true}"
[07/30/26 11:11:17.774680] [debug] [00:24:36.903880] [Service] Server method called: /rb.api.ParameterService/SetParameter
[07/30/26 11:11:17.774707] [debug] [00:24:36.903911] [Service::ParameterService::SetParameter] Requested: request_header { request_timestamp { seconds: 1785377424 nanos: 102972305 } } name: "default.linear_acceleration_limit" parameter: "{\"value\":20,\"write_db\":true}"
[07/30/26 11:11:17.780570] [debug] [00:24:36.909772] [Service] Server method called: /rb.api.ParameterService/SetParameter
[07/30/26 11:11:17.780586] [debug] [00:24:36.909790] [Service::ParameterService::SetParameter] Requested: request_header { request_timestamp { seconds: 1785377424 nanos: 108863624 } } name: "joint_position_command.cutoff_frequency" parameter: "{\"value\":5,\"write_db\":true}"
[07/30/26 11:11:17.786492] [debug] [00:24:36.915690] [Service] Server method called: /rb.api.ParameterService/SetParameter
[07/30/26 11:11:17.786514] [debug] [00:24:36.915718] [Service::ParameterService::SetParameter] Requested: request_header { request_timestamp { seconds: 1785377424 nanos: 114773235 } } name: "manipulability_threshold" parameter: "{\"value\":1e4,\"write_db\":true}"
[07/30/26 11:11:17.799582] [debug] [00:24:36.928781] [Service] Server method called: /rb.api.RobotCommandService/RobotCommand
[07/30/26 11:11:17.800327] [debug] [00:24:36.929527] [Service::RobotCommandService::RobotCommand] Requested: robot_command { component_based_command { body_command { joint_position_command { command_header { control_hold_time { seconds: 1 } } minimum_time { nanos: 500000000 } position: -0.0030717585579195144 position: 0.964949855223033 position: -1.4285499845756893 position: 0.79911665989900982 position: 0.010460685818378569 position: -0.00023920987533860248 position: 0.011204894319431998 position: -0.2605033512258863 position: 0.015305635039522326 posi... [truncated]
[07/30/26 11:11:17.800334] [debug] [00:24:36.929538] [Service::RobotCommandService::RobotCommand]   Peer: ipv4:192.168.30.230:40324
[07/30/26 11:11:17.800550] [debug] [00:24:36.929753] [Service::RobotCommandService::RobotCommand]   IP: 192.168.30.230, Family: ipv4
[07/30/26 11:11:17.807833] [info] [00:24:36.937035] [ControlManager] Control started: {"type":"RobotCommand","control":{"type":"ComponentBasedCommand","components":{"mobility":null,"body":{"type":"BodyCommand","control":{"type":"JointPositionCommand","control":{"type":"JointPositionControl"}}},"head":{"type":"HeadCommand","control":{"type":"JointPositionCommand","control":{"type":"JointPositionControl"}}}}}} (priority: 1)
[07/30/26 11:11:19.302813] [debug] [00:24:38.432003] [Hardware] Hardware Loop Stat (avg: 2.000 ms, min: 1.999 ms, max: 2.001 ms, count: 15000)
[07/30/26 11:11:19.437804] [debug] [00:24:38.567002] [ControlManager] Control Manager Loop Stat (avg: 2.000 ms, min: 1.999 ms, max: 2.001 ms, count: 15000)
[07/30/26 11:11:19.565842] [debug] [00:24:38.695042] [ControlManager] Control finished: {"type":"RobotCommand","control":{"type":"ComponentBasedCommand","components":{"mobility":null,"body":{"type":"BodyCommand","control":{"type":"JointPositionCommand","control":{"type":"JointPositionControl"}}},"head":{"type":"HeadCommand","control":{"type":"JointPositionCommand","control":{"type":"JointPositionControl"}}}}}}
[07/30/26 11:11:19.565937] [info] [00:24:38.695136] [ControlInterface] Control completed successfully.
[07/30/26 11:11:19.565943] [debug] [00:24:38.695145] [ControlInterface::ExecutionStats] Average Control Time: 0.001 ms (max: 0.031 ms, min: 0.001 ms, sigma: 0.001 ms, count: 880)
[07/30/26 11:11:19.566907] [debug] [00:24:38.696107] [Service] Server method called: /rb.api.PowerService/ToolFlangePowerCommand
[07/30/26 11:11:19.566939] [debug] [00:24:38.696143] [Service::PowerService::ToolFlangePowerCommand] Requested: request_header { request_timestamp { seconds: 1785377425 nanos: 894020480 } } name: "right" command: COMMAND_POWER_12V
[07/30/26 11:11:19.566948] [debug] [00:24:38.696154] [Service::PowerService::ToolFlangePowerCommand] Result: Success
[07/30/26 11:11:19.567486] [debug] [00:24:38.696689] [Service] Server method called: /rb.api.PowerService/ToolFlangePowerCommand
[07/30/26 11:11:19.567504] [debug] [00:24:38.696708] [Service::PowerService::ToolFlangePowerCommand] Requested: request_header { request_timestamp { seconds: 1785377425 nanos: 894686596 } } name: "left" command: COMMAND_POWER_12V
[07/30/26 11:11:19.567510] [debug] [00:24:38.696715] [Service::PowerService::ToolFlangePowerCommand] Result: Success
[07/30/26 11:11:35.768307] [debug] [00:24:54.897498] [Service] Server method called: /rb.api.RobotCommandService/RobotCommand
[07/30/26 11:11:35.768382] [debug] [00:24:54.897583] [Service::RobotCommandService::RobotCommand] Requested: robot_command { component_based_command { body_command { joint_position_command { command_header { control_hold_time { seconds: 1 } } minimum_time { seconds: 4 } position: 0 position: 0.78539816339744828 position: -1.3962634015954636 position: 0.78539816339744828 position: 0 position: 0 position: 0 position: -0.26179938779914941 position: 0 position: -2.0943951023931953 position: 0 position: 0.52359877559829882 position: 0 position: 0 position: 0... [truncated]
[07/30/26 11:11:35.768385] [debug] [00:24:54.897591] [Service::RobotCommandService::RobotCommand]   Peer: ipv4:192.168.30.230:40324
[07/30/26 11:11:35.768537] [debug] [00:24:54.897741] [Service::RobotCommandService::RobotCommand]   IP: 192.168.30.230, Family: ipv4
[07/30/26 11:11:35.773838] [info] [00:24:54.903035] [ControlManager] Control started: {"type":"RobotCommand","control":{"type":"ComponentBasedCommand","components":{"mobility":null,"body":{"type":"BodyCommand","control":{"type":"JointPositionCommand","control":{"type":"JointPositionControl"}}},"head":{"type":"HeadCommand","control":{"type":"JointPositionCommand","control":{"type":"JointPositionControl"}}}}}} (priority: 1)
[07/30/26 11:11:41.031843] [debug] [00:25:00.161039] [ControlManager] Control finished: {"type":"RobotCommand","control":{"type":"ComponentBasedCommand","components":{"mobility":null,"body":{"type":"BodyCommand","control":{"type":"JointPositionCommand","control":{"type":"JointPositionControl"}}},"head":{"type":"HeadCommand","control":{"type":"JointPositionCommand","control":{"type":"JointPositionControl"}}}}}}
[07/30/26 11:11:41.031911] [info] [00:25:00.161110] [ControlInterface] Control completed successfully.
[07/30/26 11:11:41.031920] [debug] [00:25:00.161119] [ControlInterface::ExecutionStats] Average Control Time: 0.001 ms (max: 0.024 ms, min: 0.001 ms, sigma: 0.000 ms, count: 2630)
[07/30/26 11:11:41.032627] [debug] [00:25:00.161825] [Service] Server method called: /rb.api.RobotCommandService/RobotCommandStream
[07/30/26 11:11:41.032651] [debug] [00:25:00.161856] [Service::RobotCommandService::RobotCommandStream] Stream is created
[07/30/26 11:11:41.074640] [debug] [00:25:00.203835] [Service::RobotCommandService::RobotCommandStream] Requested: robot_command { component_based_command { mobility_command { se2_velocity_command { command_header { control_hold_time { seconds: 1 } } minimum_time { nanos: 10100000 } velocity { linear { } } acceleration_limit { linear { x: 1 y: 1 } angular: 1 } } } body_command { body_component_based_command { right_arm_command { joint_impedance_control_command { command_header { control_hold_time { seconds: 1 } } minimum_time { nanos: 10100000 } position: -2.... [truncated]
[07/30/26 11:11:41.074649] [debug] [00:25:00.203854] [Service::RobotCommandService::RobotCommandStream]   Peer: ipv4:192.168.30.230:40324
[07/30/26 11:11:41.074797] [debug] [00:25:00.204001] [Service::RobotCommandService::RobotCommandStream]   IP: 192.168.30.230, Family: ipv4
[07/30/26 11:11:41.079846] [info] [00:25:00.209047] [ControlManager] Control started: {"type":"RobotCommand","control":{"type":"ComponentBasedCommand","components":{"mobility":{"type":"MobilityCommand","control":{"type":"SE2VelocityCommand","control":{"type":"MobilitySE2VelocityControl"}}},"body":{"type":"BodyCommand","control":{"type":"BodyComponentBasedCommand","components":{"torso":{"type":"TorsoCommand","control":{"type":"JointImpedanceControlCommand","control":{"type":"JointImpedanceControl"}}},"right_arm":{"type":"ArmCommand","control":{"type":"JointImpedanceControlCommand","control":{"type":"JointImpedanceControl"}}},"left_arm":{"type":"ArmCommand","control":{"type":"JointImpedanceControlCommand","control":{"type":"JointImpedanceControl"}}}}}},"head":{"type":"HeadCommand","control":{"type":"JointPositionCommand","control":{"type":"JointPositionControl"}}}}}} (priority: 1)
[07/30/26 11:11:49.302813] [debug] [00:25:08.432002] [Hardware] Hardware Loop Stat (avg: 2.000 ms, min: 1.998 ms, max: 2.002 ms, count: 15000)
[07/30/26 11:11:49.437810] [debug] [00:25:08.567003] [ControlManager] Control Manager Loop Stat (avg: 2.000 ms, min: 1.999 ms, max: 2.001 ms, count: 15000)
[07/30/26 11:11:51.078185] [debug] [00:25:10.207371] [ControlInterface::ExecutionStats] Average Control Time: 0.352 ms (max: 0.477 ms, min: 0.326 ms, sigma: 0.010 ms, count: 5000)
[07/30/26 11:12:01.078197] [debug] [00:25:20.207384] [ControlInterface::ExecutionStats] Average Control Time: 0.352 ms (max: 0.387 ms, min: 0.331 ms, sigma: 0.009 ms, count: 5000)
[07/30/26 11:12:10.465867] [debug] [00:25:29.595056] [Service] Server method called: /rb.api.RobotCommandService/RobotCommand
[07/30/26 11:12:10.465986] [debug] [00:25:29.595187] [Service::RobotCommandService::RobotCommand] Requested: robot_command { whole_body_command { stop_command { } } } priority: 99
[07/30/26 11:12:10.465990] [debug] [00:25:29.595195] [Service::RobotCommandService::RobotCommand]   Peer: ipv4:192.168.30.230:40324
[07/30/26 11:12:10.466156] [debug] [00:25:29.595360] [Service::RobotCommandService::RobotCommand]   IP: 192.168.30.230, Family: ipv4
[07/30/26 11:12:10.570244] [debug] [00:25:29.699437] [ControlManager] Control finished: {"type":"RobotCommand","control":{"type":"ComponentBasedCommand","components":{"mobility":{"type":"MobilityCommand","control":{"type":"SE2VelocityCommand","control":{"type":"MobilitySE2VelocityControl"}}},"body":{"type":"BodyCommand","control":{"type":"BodyComponentBasedCommand","components":{"torso":{"type":"TorsoCommand","control":{"type":"JointImpedanceControlCommand","control":{"type":"JointImpedanceControl"}}},"right_arm":{"type":"ArmCommand","control":{"type":"JointImpedanceControlCommand","control":{"type":"JointImpedanceControl"}}},"left_arm":{"type":"ArmCommand","control":{"type":"JointImpedanceControlCommand","control":{"type":"JointImpedanceControl"}}}}}},"head":{"type":"HeadCommand","control":{"type":"JointPositionCommand","control":{"type":"JointPositionControl"}}}}}}
[07/30/26 11:12:10.570366] [debug] [00:25:29.699564] [Service::RobotCommandService::RobotCommandStream] OnReadDone (write_done: true, read_done: true)
[07/30/26 11:12:10.570385] [debug] [00:25:29.699586] [Service::RobotCommandService::RobotCommandStream] OnCancel
[07/30/26 11:12:10.570521] [debug] [00:25:29.699724] [Service::RobotCommandService::RobotCommandStream] OnDone: robot_command { component_based_command { mobility_command { se2_velocity_command { command_header { control_hold_time { seconds: 1 } } minimum_time { nanos: 10100000 } velocity { linear { } } acceleration_limit { linear { x: 1 y: 1 } angular: 1 } } } body_command { body_component_based_command { right_arm_command { joint_impedance_control_command { command_header { control_hold_time { seconds: 1 } } minimum_time { nanos: 10100000 } position: -0.... [truncated]
[07/30/26 11:12:10.570525] [info] [00:25:29.699730] [ControlManager::CancelControl] Control cancel request received
[07/30/26 11:12:10.571814] [info] [00:25:29.701016] [ControlManager] Control started: {"type":"RobotCommand","control":{"type":"WholeBodyCommand","control":{"type":"StopControl","control":{"type":"JointVelocityControl"}}}} (priority: 99)
[07/30/26 11:12:10.571835] [debug] [00:25:29.701040] [ControlManager] Control finished: {"type":"RobotCommand","control":{"type":"WholeBodyCommand","control":{"type":"StopControl","control":{"type":"JointVelocityControl"}}}}
[07/30/26 11:12:10.571847] [warning] [00:25:29.701052] [ControlManager::CancelControl] Target control is not currently running
[07/30/26 11:12:10.571876] [error] [00:25:29.701079] [ControlManager::CancelControl] Failed to start control canceling process
[07/30/26 11:12:10.571889] [info] [00:25:29.701093] [ControlInterface] Control completed successfully.
[07/30/26 11:12:10.571896] [debug] [00:25:29.701096] [ControlInterface::ExecutionStats] Average Control Time: 0.007 ms (max: 0.007 ms, min: 0.007 ms, sigma: 0.000 ms, count: 1)
[07/30/26 11:12:10.572003] [info] [00:25:29.701203] [ControlInterface] Control was preempted or canceled by another request.
[07/30/26 11:12:10.572012] [debug] [00:25:29.701212] [ControlInterface::ExecutionStats] Average Control Time: 0.350 ms (max: 0.386 ms, min: 0.329 ms, sigma: 0.008 ms, count: 4746)
[07/30/26 11:12:10.579047] [debug] [00:25:29.708246] [Service] Server method called: /rb.api.ControlManagerService/ControlManagerCommand
[07/30/26 11:12:10.579073] [debug] [00:25:29.708276] [Service::ControlManagerService::ControlManagerCommand] Requested: request_header { request_timestamp { seconds: 1785377476 nanos: 880499795 } } command: COMMAND_DISABLE
[07/30/26 11:12:10.579076] [info] [00:25:29.708282] [ControlManager::Disable] Disable request received. Starting the disabling process...
[07/30/26 11:12:10.579817] [info] [00:25:29.709021] [ControlManager::Disable] Control Manager successfully disabled
[07/30/26 11:12:19.302812] [debug] [00:25:38.432002] [Hardware] Hardware Loop Stat (avg: 2.000 ms, min: 1.999 ms, max: 2.001 ms, count: 15000)
[07/30/26 11:12:19.437804] [debug] [00:25:38.567003] [ControlManager] Control Manager Loop Stat (avg: 2.000 ms, min: 1.999 ms, max: 2.001 ms, count: 15000)
[07/30/26 11:12:20.046421] [debug] [00:25:39.175613] [Service] Server method called: /rb.api.RobotInfoService/GetRobotModel
[07/30/26 11:12:20.046469] [debug] [00:25:39.175672] [Service::RobotInfoService::GetRobotModel] Requested: request_header { request_timestamp { seconds: 1785377486 nanos: 343569542 } }
[07/30/26 11:12:20.049595] [debug] [00:25:39.178793] [Service] Server method called: /rb.api.RobotStateService/GetRobotStateStream
[07/30/26 11:12:20.049629] [debug] [00:25:39.178833] [Service::RobotStateService::GetRobotStateStream] Requested: request_header { request_timestamp { seconds: 1785377486 nanos: 346976474 } } update_rate: 100
[07/30/26 11:12:32.441864] [debug] [00:25:51.571054] [Service] Server method called: /rb.api.RobotInfoService/GetRobotInfo
[07/30/26 11:12:32.441900] [debug] [00:25:51.571103] [Service::RobotInfoService::GetRobotInfo] Requested: request_header { request_timestamp { seconds: 1785377498 nanos: 734903236 } }
[07/30/26 11:12:32.442472] [debug] [00:25:51.571673] [Service] Server method called: /rb.api.RobotStateService/GetRobotState
[07/30/26 11:12:32.442498] [debug] [00:25:51.571702] [Service::RobotStateService::GetRobotState] Requested: request_header { request_timestamp { seconds: 1785377498 nanos: 735597317 } }
[07/30/26 11:12:32.443389] [debug] [00:25:51.572586] [Service] Server method called: /rb.api.PowerService/PowerCommand
[07/30/26 11:12:32.443415] [debug] [00:25:51.572619] [Service::PowerService::PowerCommand] Requested: request_header { request_timestamp { seconds: 1785377498 nanos: 736525306 } } name: ".*" command: COMMAND_POWER_ON
[07/30/26 11:12:32.443421] [info] [00:25:51.572625] [Hardware::ExecutePowerCommand] Started: device name = .*, command = PowerOn
[07/30/26 11:12:33.702974] [error] [00:25:52.832170] [Hardware::ExecutePowerCommand] EMO Error: Please check EMO Switch
[07/30/26 11:12:33.703001] [error] [00:25:52.832191] [Hardware::ExecutePowerCommand] Timeout: Power command failed - unmatched power states: 48v
[07/30/26 11:12:33.703007] [debug] [00:25:52.832212] [Service::PowerService::PowerCommand] Result: Failed
[07/30/26 11:12:37.324298] [debug] [00:25:56.453478] [Service] Server method called: /rb.api.RobotInfoService/GetRobotInfo
[07/30/26 11:12:37.324334] [debug] [00:25:56.453538] [Service::RobotInfoService::GetRobotInfo] Requested: request_header { request_timestamp { seconds: 1785377503 nanos: 615588266 } }
[07/30/26 11:12:37.325135] [debug] [00:25:56.454337] [Service] Server method called: /rb.api.RobotStateService/GetRobotState
[07/30/26 11:12:37.325179] [debug] [00:25:56.454383] [Service::RobotStateService::GetRobotState] Requested: request_header { request_timestamp { seconds: 1785377503 nanos: 616543381 } }
[07/30/26 11:12:37.326010] [debug] [00:25:56.455208] [Service] Server method called: /rb.api.PowerService/PowerCommand
[07/30/26 11:12:37.326037] [debug] [00:25:56.455241] [Service::PowerService::PowerCommand] Requested: request_header { request_timestamp { seconds: 1785377503 nanos: 617411239 } } name: ".*" command: COMMAND_POWER_ON
[07/30/26 11:12:37.326042] [info] [00:25:56.455247] [Hardware::ExecutePowerCommand] Started: device name = .*, command = PowerOn
[07/30/26 11:12:37.708978] [info] [00:25:56.838174] [Hardware::ExecutePowerCommand] Power command succeeded
[07/30/26 11:12:37.708986] [debug] [00:25:56.838191] [Service::PowerService::PowerCommand] Result: Success
[07/30/26 11:12:37.710581] [debug] [00:25:56.839780] [Service] Server method called: /rb.api.RobotInfoService/GetRobotInfo
[07/30/26 11:12:37.710609] [debug] [00:25:56.839813] [Service::RobotInfoService::GetRobotInfo] Requested: request_header { request_timestamp { seconds: 1785377504 nanos: 1295348 } }
[07/30/26 11:12:37.712134] [debug] [00:25:56.841334] [Service] Server method called: /rb.api.RobotStateService/GetRobotState
[07/30/26 11:12:37.712178] [debug] [00:25:56.841381] [Service::RobotStateService::GetRobotState] Requested: request_header { request_timestamp { seconds: 1785377504 nanos: 3108170 } }
[07/30/26 11:12:37.713928] [debug] [00:25:56.843130] [Service] Server method called: /rb.api.PowerService/JointCommand
[07/30/26 11:12:37.713947] [debug] [00:25:56.843151] [Service::PowerService::JointCommand] Requested: request_header { request_timestamp { seconds: 1785377504 nanos: 4994441 } } name: ".*" command: COMMAND_SERVO_ON
[07/30/26 11:12:40.736994] [debug] [00:25:59.866184] [Service::PowerService::JointCommand] Result: Success
[07/30/26 11:12:40.738039] [debug] [00:25:59.867219] [Service] Server method called: /rb.api.RobotStateService/GetControlManagerState
[07/30/26 11:12:40.738073] [debug] [00:25:59.867276] [Service::RobotStateService::GetControlManagerState] Requested: request_header { request_timestamp { seconds: 1785377507 nanos: 28134023 } }
[07/30/26 11:12:40.738823] [debug] [00:25:59.868021] [Service] Server method called: /rb.api.RobotInfoService/GetRobotInfo
[07/30/26 11:12:40.738846] [debug] [00:25:59.868050] [Service::RobotInfoService::GetRobotInfo] Requested: request_header { request_timestamp { seconds: 1785377507 nanos: 28999099 } }
[07/30/26 11:12:40.739876] [debug] [00:25:59.869078] [Service] Server method called: /rb.api.RobotStateService/GetRobotState
[07/30/26 11:12:40.739895] [debug] [00:25:59.869099] [Service::RobotStateService::GetRobotState] Requested: request_header { request_timestamp { seconds: 1785377507 nanos: 30097432 } }
[07/30/26 11:12:40.740644] [debug] [00:25:59.869846] [Service] Server method called: /rb.api.RobotStateService/GetRobotState
[07/30/26 11:12:40.740658] [debug] [00:25:59.869862] [Service::RobotStateService::GetRobotState] Requested: request_header { request_timestamp { seconds: 1785377507 nanos: 30888195 } }
[07/30/26 11:12:40.741389] [debug] [00:25:59.870588] [Service] Server method called: /rb.api.RobotInfoService/GetRobotInfo
[07/30/26 11:12:40.741409] [debug] [00:25:59.870613] [Service::RobotInfoService::GetRobotInfo] Requested: request_header { request_timestamp { seconds: 1785377507 nanos: 31643795 } }
[07/30/26 11:12:40.742128] [debug] [00:25:59.871330] [Service] Server method called: /rb.api.ControlManagerService/ControlManagerCommand
[07/30/26 11:12:40.742158] [debug] [00:25:59.871362] [Service::ControlManagerService::ControlManagerCommand] Requested: request_header { request_timestamp { seconds: 1785377507 nanos: 32396635 } } command: COMMAND_ENABLE unlimited_mode_enabled { }
[07/30/26 11:12:40.742162] [info] [00:25:59.871367] [ControlManager::Enable] Enable request received. Starting the enabling process...
[07/30/26 11:12:40.743811] [info] [00:25:59.873015] [ControlManager::Enable] Control Manager successfully enabled
[07/30/26 11:12:40.744399] [debug] [00:25:59.873600] [Service] Server method called: /rb.api.ParameterService/SetParameter
[07/30/26 11:12:40.744419] [debug] [00:25:59.873623] [Service::ParameterService::SetParameter] Requested: request_header { request_timestamp { seconds: 1785377507 nanos: 34602040 } } name: "cartesian_command.cutoff_frequency" parameter: "{\"value\":5,\"write_db\":true}"
[07/30/26 11:12:40.752162] [debug] [00:25:59.881363] [Service] Server method called: /rb.api.ParameterService/SetParameter
[07/30/26 11:12:40.752180] [debug] [00:25:59.881384] [Service::ParameterService::SetParameter] Requested: request_header { request_timestamp { seconds: 1785377507 nanos: 42315316 } } name: "default.acceleration_limit_scaling" parameter: "{\"value\":1.0,\"write_db\":true}"
[07/30/26 11:12:40.758193] [debug] [00:25:59.887391] [Service] Server method called: /rb.api.ParameterService/SetParameter
[07/30/26 11:12:40.758214] [debug] [00:25:59.887417] [Service::ParameterService::SetParameter] Requested: request_header { request_timestamp { seconds: 1785377507 nanos: 48364316 } } name: "default.angular_acceleration_limit" parameter: "{\"value\":10,\"write_db\":true}"
[07/30/26 11:12:40.764155] [debug] [00:25:59.893355] [Service] Server method called: /rb.api.ParameterService/SetParameter
[07/30/26 11:12:40.764173] [debug] [00:25:59.893377] [Service::ParameterService::SetParameter] Requested: request_header { request_timestamp { seconds: 1785377507 nanos: 54335312 } } name: "default.linear_acceleration_limit" parameter: "{\"value\":20,\"write_db\":true}"
[07/30/26 11:12:40.769995] [debug] [00:25:59.899195] [Service] Server method called: /rb.api.ParameterService/SetParameter
[07/30/26 11:12:40.770012] [debug] [00:25:59.899216] [Service::ParameterService::SetParameter] Requested: request_header { request_timestamp { seconds: 1785377507 nanos: 60244408 } } name: "joint_position_command.cutoff_frequency" parameter: "{\"value\":5,\"write_db\":true}"
[07/30/26 11:12:40.775834] [debug] [00:25:59.905035] [Service] Server method called: /rb.api.ParameterService/SetParameter
[07/30/26 11:12:40.775852] [debug] [00:25:59.905056] [Service::ParameterService::SetParameter] Requested: request_header { request_timestamp { seconds: 1785377507 nanos: 66143199 } } name: "manipulability_threshold" parameter: "{\"value\":1e4,\"write_db\":true}"
[07/30/26 11:12:40.781921] [debug] [00:25:59.911121] [Service] Server method called: /rb.api.RobotCommandService/RobotCommand
[07/30/26 11:12:40.781994] [debug] [00:25:59.911196] [Service::RobotCommandService::RobotCommand] Requested: robot_command { component_based_command { body_command { joint_position_command { command_header { control_hold_time { seconds: 1 } } minimum_time { nanos: 500000000 } position: 0.0057714128653123141 position: 0.79371355430207591 position: -1.4442125359371454 position: 0.79912425386330621 position: 0.0015339807878856412 position: -0.00077078737609105239 position: -0.051084597822310437 position: -0.27607477501578487 position: -0.000201240053856284... [truncated]
[07/30/26 11:12:40.781998] [debug] [00:25:59.911203] [Service::RobotCommandService::RobotCommand]   Peer: ipv4:192.168.30.230:40038
[07/30/26 11:12:40.782154] [debug] [00:25:59.911358] [Service::RobotCommandService::RobotCommand]   IP: 192.168.30.230, Family: ipv4
[07/30/26 11:12:40.787834] [info] [00:25:59.917035] [ControlManager] Control started: {"type":"RobotCommand","control":{"type":"ComponentBasedCommand","components":{"mobility":null,"body":{"type":"BodyCommand","control":{"type":"JointPositionCommand","control":{"type":"JointPositionControl"}}},"head":{"type":"HeadCommand","control":{"type":"JointPositionCommand","control":{"type":"JointPositionControl"}}}}}} (priority: 1)
[07/30/26 11:12:42.545841] [debug] [00:26:01.675036] [ControlManager] Control finished: {"type":"RobotCommand","control":{"type":"ComponentBasedCommand","components":{"mobility":null,"body":{"type":"BodyCommand","control":{"type":"JointPositionCommand","control":{"type":"JointPositionControl"}}},"head":{"type":"HeadCommand","control":{"type":"JointPositionCommand","control":{"type":"JointPositionControl"}}}}}}
[07/30/26 11:12:42.545899] [info] [00:26:01.675097] [ControlInterface] Control completed successfully.
[07/30/26 11:12:42.545908] [debug] [00:26:01.675107] [ControlInterface::ExecutionStats] Average Control Time: 0.001 ms (max: 0.027 ms, min: 0.001 ms, sigma: 0.001 ms, count: 880)
[07/30/26 11:12:42.546550] [debug] [00:26:01.675751] [Service] Server method called: /rb.api.PowerService/ToolFlangePowerCommand
[07/30/26 11:12:42.546582] [debug] [00:26:01.675786] [Service::PowerService::ToolFlangePowerCommand] Requested: request_header { request_timestamp { seconds: 1785377508 nanos: 836185747 } } name: "right" command: COMMAND_POWER_12V
[07/30/26 11:12:42.546587] [debug] [00:26:01.675792] [Service::PowerService::ToolFlangePowerCommand] Result: Success
[07/30/26 11:12:42.547045] [debug] [00:26:01.676248] [Service] Server method called: /rb.api.PowerService/ToolFlangePowerCommand
[07/30/26 11:12:42.547060] [debug] [00:26:01.676264] [Service::PowerService::ToolFlangePowerCommand] Requested: request_header { request_timestamp { seconds: 1785377508 nanos: 836752435 } } name: "left" command: COMMAND_POWER_12V
[07/30/26 11:12:42.547064] [debug] [00:26:01.676270] [Service::PowerService::ToolFlangePowerCommand] Result: Success
[07/30/26 11:12:49.302812] [debug] [00:26:08.432002] [Hardware] Hardware Loop Stat (avg: 2.000 ms, min: 1.999 ms, max: 2.001 ms, count: 15000)
[07/30/26 11:12:49.437805] [debug] [00:26:08.567003] [ControlManager] Control Manager Loop Stat (avg: 2.000 ms, min: 1.997 ms, max: 2.003 ms, count: 15000)
[07/30/26 11:12:54.961383] [debug] [00:26:14.090573] [Service] Server method called: /rb.api.RobotCommandService/RobotCommand
[07/30/26 11:12:54.961460] [debug] [00:26:14.090662] [Service::RobotCommandService::RobotCommand] Requested: robot_command { component_based_command { body_command { joint_position_command { command_header { control_hold_time { seconds: 1 } } minimum_time { seconds: 4 } position: 0 position: 0.78539816339744828 position: -1.3962634015954636 position: 0.78539816339744828 position: 0 position: 0 position: 0 position: -0.26179938779914941 position: 0 position: -2.0943951023931953 position: 0 position: 0.52359877559829882 position: 0 position: 0 position: 0... [truncated]
[07/30/26 11:12:54.961464] [debug] [00:26:14.090669] [Service::RobotCommandService::RobotCommand]   Peer: ipv4:192.168.30.230:40038
[07/30/26 11:12:54.961633] [debug] [00:26:14.090836] [Service::RobotCommandService::RobotCommand]   IP: 192.168.30.230, Family: ipv4
[07/30/26 11:12:54.967834] [info] [00:26:14.097034] [ControlManager] Control started: {"type":"RobotCommand","control":{"type":"ComponentBasedCommand","components":{"mobility":null,"body":{"type":"BodyCommand","control":{"type":"JointPositionCommand","control":{"type":"JointPositionControl"}}},"head":{"type":"HeadCommand","control":{"type":"JointPositionCommand","control":{"type":"JointPositionControl"}}}}}} (priority: 1)
[07/30/26 11:13:00.225842] [debug] [00:26:19.355038] [ControlManager] Control finished: {"type":"RobotCommand","control":{"type":"ComponentBasedCommand","components":{"mobility":null,"body":{"type":"BodyCommand","control":{"type":"JointPositionCommand","control":{"type":"JointPositionControl"}}},"head":{"type":"HeadCommand","control":{"type":"JointPositionCommand","control":{"type":"JointPositionControl"}}}}}}
[07/30/26 11:13:00.225901] [info] [00:26:19.355099] [ControlInterface] Control completed successfully.
[07/30/26 11:13:00.225910] [debug] [00:26:19.355109] [ControlInterface::ExecutionStats] Average Control Time: 0.001 ms (max: 0.021 ms, min: 0.001 ms, sigma: 0.000 ms, count: 2630)
[07/30/26 11:13:00.227274] [debug] [00:26:19.356475] [Service] Server method called: /rb.api.RobotCommandService/RobotCommandStream
[07/30/26 11:13:00.227286] [debug] [00:26:19.356490] [Service::RobotCommandService::RobotCommandStream] Stream is created
[07/30/26 11:13:00.279238] [debug] [00:26:19.408433] [Service::RobotCommandService::RobotCommandStream] Requested: robot_command { component_based_command { mobility_command { se2_velocity_command { command_header { control_hold_time { seconds: 1 } } minimum_time { nanos: 10100000 } velocity { linear { } } acceleration_limit { linear { x: 1 y: 1 } angular: 1 } } } body_command { body_component_based_command { right_arm_command { joint_impedance_control_command { command_header { control_hold_time { seconds: 1 } } minimum_time { nanos: 10100000 } position: 4.5... [truncated]
[07/30/26 11:13:00.279246] [debug] [00:26:19.408450] [Service::RobotCommandService::RobotCommandStream]   Peer: ipv4:192.168.30.230:40038
[07/30/26 11:13:00.279395] [debug] [00:26:19.408599] [Service::RobotCommandService::RobotCommandStream]   IP: 192.168.30.230, Family: ipv4
[07/30/26 11:13:00.285860] [info] [00:26:19.415058] [ControlManager] Control started: {"type":"RobotCommand","control":{"type":"ComponentBasedCommand","components":{"mobility":{"type":"MobilityCommand","control":{"type":"SE2VelocityCommand","control":{"type":"MobilitySE2VelocityControl"}}},"body":{"type":"BodyCommand","control":{"type":"BodyComponentBasedCommand","components":{"torso":{"type":"TorsoCommand","control":{"type":"JointImpedanceControlCommand","control":{"type":"JointImpedanceControl"}}},"right_arm":{"type":"ArmCommand","control":{"type":"JointImpedanceControlCommand","control":{"type":"JointImpedanceControl"}}},"left_arm":{"type":"ArmCommand","control":{"type":"JointImpedanceControlCommand","control":{"type":"JointImpedanceControl"}}}}}},"head":{"type":"HeadCommand","control":{"type":"JointPositionCommand","control":{"type":"JointPositionControl"}}}}}} (priority: 1)
[07/30/26 11:13:10.284208] [debug] [00:26:29.413391] [ControlInterface::ExecutionStats] Average Control Time: 0.350 ms (max: 0.456 ms, min: 0.328 ms, sigma: 0.010 ms, count: 5000)
[07/30/26 11:13:13.329637] [debug] [00:26:32.458827] [Service] Server method called: /rb.api.RobotCommandService/RobotCommand
[07/30/26 11:13:13.329672] [debug] [00:26:32.458876] [Service::RobotCommandService::RobotCommand] Requested: robot_command { whole_body_command { stop_command { } } } priority: 99
[07/30/26 11:13:13.329675] [debug] [00:26:32.458880] [Service::RobotCommandService::RobotCommand]   Peer: ipv4:192.168.30.230:40038
[07/30/26 11:13:13.329843] [debug] [00:26:32.459047] [Service::RobotCommandService::RobotCommand]   IP: 192.168.30.230, Family: ipv4
[07/30/26 11:13:13.432236] [debug] [00:26:32.561429] [ControlManager] Control finished: {"type":"RobotCommand","control":{"type":"ComponentBasedCommand","components":{"mobility":{"type":"MobilityCommand","control":{"type":"SE2VelocityCommand","control":{"type":"MobilitySE2VelocityControl"}}},"body":{"type":"BodyCommand","control":{"type":"BodyComponentBasedCommand","components":{"torso":{"type":"TorsoCommand","control":{"type":"JointImpedanceControlCommand","control":{"type":"JointImpedanceControl"}}},"right_arm":{"type":"ArmCommand","control":{"type":"JointImpedanceControlCommand","control":{"type":"JointImpedanceControl"}}},"left_arm":{"type":"ArmCommand","control":{"type":"JointImpedanceControlCommand","control":{"type":"JointImpedanceControl"}}}}}},"head":{"type":"HeadCommand","control":{"type":"JointPositionCommand","control":{"type":"JointPositionControl"}}}}}}
[07/30/26 11:13:13.432400] [debug] [00:26:32.561597] [Service::RobotCommandService::RobotCommandStream] OnReadDone (write_done: true, read_done: true)
[07/30/26 11:13:13.432417] [debug] [00:26:32.561616] [Service::RobotCommandService::RobotCommandStream] OnCancel
[07/30/26 11:13:13.432522] [info] [00:26:32.561724] [ControlInterface] Control was preempted or canceled by another request.
[07/30/26 11:13:13.432532] [debug] [00:26:32.561731] [ControlInterface::ExecutionStats] Average Control Time: 0.348 ms (max: 0.380 ms, min: 0.326 ms, sigma: 0.008 ms, count: 1574)
[07/30/26 11:13:13.432663] [debug] [00:26:32.561863] [Service::RobotCommandService::RobotCommandStream] OnDone: robot_command { component_based_command { mobility_command { se2_velocity_command { command_header { control_hold_time { seconds: 1 } } minimum_time { nanos: 10100000 } velocity { linear { } } acceleration_limit { linear { x: 1 y: 1 } angular: 1 } } } body_command { body_component_based_command { right_arm_command { joint_impedance_control_command { command_header { control_hold_time { seconds: 1 } } minimum_time { nanos: 10100000 } position: 0.1... [truncated]
[07/30/26 11:13:13.433818] [info] [00:26:32.563021] [ControlManager] Control started: {"type":"RobotCommand","control":{"type":"WholeBodyCommand","control":{"type":"StopControl","control":{"type":"JointVelocityControl"}}}} (priority: 99)
[07/30/26 11:13:13.433839] [debug] [00:26:32.563044] [ControlManager] Control finished: {"type":"RobotCommand","control":{"type":"WholeBodyCommand","control":{"type":"StopControl","control":{"type":"JointVelocityControl"}}}}
[07/30/26 11:13:13.435824] [info] [00:26:32.565025] [ControlInterface] Control completed successfully.
[07/30/26 11:13:13.435835] [debug] [00:26:32.565036] [ControlInterface::ExecutionStats] Average Control Time: 0.006 ms (max: 0.006 ms, min: 0.006 ms, sigma: 0.000 ms, count: 1)
[07/30/26 11:13:13.436349] [debug] [00:26:32.565550] [Service] Server method called: /rb.api.ControlManagerService/ControlManagerCommand
[07/30/26 11:13:13.436373] [debug] [00:26:32.565577] [Service::ControlManagerService::ControlManagerCommand] Requested: request_header { request_timestamp { seconds: 1785377539 nanos: 716954493 } } command: COMMAND_DISABLE
[07/30/26 11:13:13.436377] [info] [00:26:32.565582] [ControlManager::Disable] Disable request received. Starting the disabling process...
[07/30/26 11:13:13.437815] [info] [00:26:32.567019] [ControlManager::Disable] Control Manager successfully disabled
[07/30/26 11:13:19.302813] [debug] [00:26:38.432002] [Hardware] Hardware Loop Stat (avg: 2.000 ms, min: 1.999 ms, max: 2.001 ms, count: 15000)
[07/30/26 11:13:19.437806] [debug] [00:26:38.567003] [ControlManager] Control Manager Loop Stat (avg: 2.000 ms, min: 1.998 ms, max: 2.002 ms, count: 15000)
[07/30/26 11:13:21.415530] [debug] [00:26:40.544721] [Service] Server method called: /rb.api.RobotInfoService/GetRobotModel
[07/30/26 11:13:21.415566] [debug] [00:26:40.544769] [Service::RobotInfoService::GetRobotModel] Requested: request_header { request_timestamp { seconds: 1785377547 nanos: 693345422 } }
[07/30/26 11:13:21.420079] [debug] [00:26:40.549276] [Service] Server method called: /rb.api.RobotStateService/GetRobotStateStream
[07/30/26 11:13:21.420116] [debug] [00:26:40.549320] [Service::RobotStateService::GetRobotStateStream] Requested: request_header { request_timestamp { seconds: 1785377547 nanos: 698297207 } } update_rate: 100
[07/30/26 11:13:26.938142] [debug] [00:26:46.067334] [Service] Server method called: /rb.api.RobotInfoService/GetRobotInfo
[07/30/26 11:13:26.938175] [debug] [00:26:46.067379] [Service::RobotInfoService::GetRobotInfo] Requested: request_header { request_timestamp { seconds: 1785377553 nanos: 215271030 } }
[07/30/26 11:13:26.938910] [debug] [00:26:46.068111] [Service] Server method called: /rb.api.RobotStateService/GetRobotState
[07/30/26 11:13:26.938930] [debug] [00:26:46.068134] [Service::RobotStateService::GetRobotState] Requested: request_header { request_timestamp { seconds: 1785377553 nanos: 216159215 } }
[07/30/26 11:13:26.939744] [debug] [00:26:46.068945] [Service] Server method called: /rb.api.RobotInfoService/GetRobotInfo
[07/30/26 11:13:26.939761] [debug] [00:26:46.068964] [Service::RobotInfoService::GetRobotInfo] Requested: request_header { request_timestamp { seconds: 1785377553 nanos: 217012977 } }
[07/30/26 11:13:26.940459] [debug] [00:26:46.069656] [Service] Server method called: /rb.api.RobotStateService/GetRobotState
[07/30/26 11:13:26.940507] [debug] [00:26:46.069710] [Service::RobotStateService::GetRobotState] Requested: request_header { request_timestamp { seconds: 1785377553 nanos: 217680327 } }
[07/30/26 11:13:26.941275] [debug] [00:26:46.070475] [Service] Server method called: /rb.api.RobotStateService/GetControlManagerState
[07/30/26 11:13:26.941294] [debug] [00:26:46.070498] [Service::RobotStateService::GetControlManagerState] Requested: request_header { request_timestamp { seconds: 1785377553 nanos: 218500198 } }
[07/30/26 11:13:26.941874] [debug] [00:26:46.071075] [Service] Server method called: /rb.api.RobotInfoService/GetRobotInfo
[07/30/26 11:13:26.941892] [debug] [00:26:46.071096] [Service::RobotInfoService::GetRobotInfo] Requested: request_header { request_timestamp { seconds: 1785377553 nanos: 219113406 } }
[07/30/26 11:13:26.942686] [debug] [00:26:46.071887] [Service] Server method called: /rb.api.RobotStateService/GetRobotState
[07/30/26 11:13:26.942702] [debug] [00:26:46.071906] [Service::RobotStateService::GetRobotState] Requested: request_header { request_timestamp { seconds: 1785377553 nanos: 219931155 } }
[07/30/26 11:13:26.943379] [debug] [00:26:46.072580] [Service] Server method called: /rb.api.RobotStateService/GetRobotState
[07/30/26 11:13:26.943394] [debug] [00:26:46.072598] [Service::RobotStateService::GetRobotState] Requested: request_header { request_timestamp { seconds: 1785377553 nanos: 220638109 } }
[07/30/26 11:13:26.944095] [debug] [00:26:46.073297] [Service] Server method called: /rb.api.RobotInfoService/GetRobotInfo
[07/30/26 11:13:26.944109] [debug] [00:26:46.073313] [Service::RobotInfoService::GetRobotInfo] Requested: request_header { request_timestamp { seconds: 1785377553 nanos: 221359863 } }
[07/30/26 11:13:26.944792] [debug] [00:26:46.073994] [Service] Server method called: /rb.api.ControlManagerService/ControlManagerCommand
[07/30/26 11:13:26.944811] [debug] [00:26:46.074015] [Service::ControlManagerService::ControlManagerCommand] Requested: request_header { request_timestamp { seconds: 1785377553 nanos: 222045022 } } command: COMMAND_ENABLE unlimited_mode_enabled { }
[07/30/26 11:13:26.944814] [info] [00:26:46.074019] [ControlManager::Enable] Enable request received. Starting the enabling process...
[07/30/26 11:13:26.945811] [info] [00:26:46.075015] [ControlManager::Enable] Control Manager successfully enabled
[07/30/26 11:13:26.946338] [debug] [00:26:46.075539] [Service] Server method called: /rb.api.ParameterService/SetParameter
[07/30/26 11:13:26.946358] [debug] [00:26:46.075562] [Service::ParameterService::SetParameter] Requested: request_header { request_timestamp { seconds: 1785377553 nanos: 223576913 } } name: "cartesian_command.cutoff_frequency" parameter: "{\"value\":5,\"write_db\":true}"
[07/30/26 11:13:26.953532] [debug] [00:26:46.082729] [Service] Server method called: /rb.api.ParameterService/SetParameter
[07/30/26 11:13:26.953552] [debug] [00:26:46.082755] [Service::ParameterService::SetParameter] Requested: request_header { request_timestamp { seconds: 1785377553 nanos: 230685106 } } name: "default.acceleration_limit_scaling" parameter: "{\"value\":1.0,\"write_db\":true}"
[07/30/26 11:13:26.959657] [debug] [00:26:46.088855] [Service] Server method called: /rb.api.ParameterService/SetParameter
[07/30/26 11:13:26.959676] [debug] [00:26:46.088880] [Service::ParameterService::SetParameter] Requested: request_header { request_timestamp { seconds: 1785377553 nanos: 236788643 } } name: "default.angular_acceleration_limit" parameter: "{\"value\":10,\"write_db\":true}"
[07/30/26 11:13:26.965782] [debug] [00:26:46.094981] [Service] Server method called: /rb.api.ParameterService/SetParameter
[07/30/26 11:13:26.965801] [debug] [00:26:46.095004] [Service::ParameterService::SetParameter] Requested: request_header { request_timestamp { seconds: 1785377553 nanos: 242867463 } } name: "default.linear_acceleration_limit" parameter: "{\"value\":20,\"write_db\":true}"
[07/30/26 11:13:26.971638] [debug] [00:26:46.100839] [Service] Server method called: /rb.api.ParameterService/SetParameter
[07/30/26 11:13:26.971655] [debug] [00:26:46.100859] [Service::ParameterService::SetParameter] Requested: request_header { request_timestamp { seconds: 1785377553 nanos: 248782927 } } name: "joint_position_command.cutoff_frequency" parameter: "{\"value\":5,\"write_db\":true}"
[07/30/26 11:13:26.985099] [debug] [00:26:46.114298] [Service] Server method called: /rb.api.RobotCommandService/RobotCommand
[07/30/26 11:13:26.985171] [debug] [00:26:46.114373] [Service::RobotCommandService::RobotCommand] Requested: robot_command { component_based_command { body_command { joint_position_command { command_header { control_hold_time { seconds: 1 } } minimum_time { nanos: 500000000 } position: -0.00029236762541384747 position: 0.78523869014722258 position: -1.4029735128251999 position: 0.784262865735127 position: 0.00085052400120392 position: -0.000618908090161781 position: 0.09712680335176907 position: -0.40877550411433755 position: 0.26952118382793683 positio... [truncated]
[07/30/26 11:13:26.985174] [debug] [00:26:46.114379] [Service::RobotCommandService::RobotCommand]   Peer: ipv4:192.168.30.230:40606
[07/30/26 11:13:26.985334] [debug] [00:26:46.114537] [Service::RobotCommandService::RobotCommand]   IP: 192.168.30.230, Family: ipv4
[07/30/26 11:13:26.989836] [info] [00:26:46.119038] [ControlManager] Control started: {"type":"RobotCommand","control":{"type":"ComponentBasedCommand","components":{"mobility":null,"body":{"type":"BodyCommand","control":{"type":"JointPositionCommand","control":{"type":"JointPositionControl"}}},"head":{"type":"HeadCommand","control":{"type":"JointPositionCommand","control":{"type":"JointPositionControl"}}}}}} (priority: 1)
[07/30/26 11:13:28.747842] [debug] [00:26:47.877039] [ControlManager] Control finished: {"type":"RobotCommand","control":{"type":"ComponentBasedCommand","components":{"mobility":null,"body":{"type":"BodyCommand","control":{"type":"JointPositionCommand","control":{"type":"JointPositionControl"}}},"head":{"type":"HeadCommand","control":{"type":"JointPositionCommand","control":{"type":"JointPositionControl"}}}}}}
[07/30/26 11:13:28.747905] [info] [00:26:47.877103] [ControlInterface] Control completed successfully.
[07/30/26 11:13:28.747914] [debug] [00:26:47.877113] [ControlInterface::ExecutionStats] Average Control Time: 0.001 ms (max: 0.025 ms, min: 0.001 ms, sigma: 0.001 ms, count: 880)
[07/30/26 11:13:28.748727] [debug] [00:26:47.877928] [Service] Server method called: /rb.api.PowerService/ToolFlangePowerCommand
[07/30/26 11:13:28.748759] [debug] [00:26:47.877963] [Service::PowerService::ToolFlangePowerCommand] Requested: request_header { request_timestamp { seconds: 1785377555 nanos: 25499736 } } name: "right" command: COMMAND_POWER_12V
[07/30/26 11:13:28.748765] [debug] [00:26:47.877970] [Service::PowerService::ToolFlangePowerCommand] Result: Success
[07/30/26 11:13:28.749304] [debug] [00:26:47.878507] [Service] Server method called: /rb.api.PowerService/ToolFlangePowerCommand
[07/30/26 11:13:28.749321] [debug] [00:26:47.878525] [Service::PowerService::ToolFlangePowerCommand] Requested: request_header { request_timestamp { seconds: 1785377555 nanos: 26139837 } } name: "left" command: COMMAND_POWER_12V
[07/30/26 11:13:28.749326] [debug] [00:26:47.878531] [Service::PowerService::ToolFlangePowerCommand] Result: Success
[07/30/26 11:13:29.887236] [debug] [00:26:49.016426] [Service] Server method called: /rb.api.RobotCommandService/RobotCommand
[07/30/26 11:13:29.887309] [debug] [00:26:49.016511] [Service::RobotCommandService::RobotCommand] Requested: robot_command { component_based_command { body_command { joint_position_command { command_header { control_hold_time { seconds: 1 } } minimum_time { seconds: 4 } position: 0 position: 0.78539816339744828 position: -1.3962634015954636 position: 0.78539816339744828 position: 0 position: 0 position: 0 position: -0.26179938779914941 position: 0 position: -2.0943951023931953 position: 0 position: 0.52359877559829882 position: 0 position: 0 position: 0... [truncated]
[07/30/26 11:13:29.887312] [debug] [00:26:49.016518] [Service::RobotCommandService::RobotCommand]   Peer: ipv4:192.168.30.230:40606
[07/30/26 11:13:29.887464] [debug] [00:26:49.016667] [Service::RobotCommandService::RobotCommand]   IP: 192.168.30.230, Family: ipv4
[07/30/26 11:13:29.891830] [info] [00:26:49.021029] [ControlManager] Control started: {"type":"RobotCommand","control":{"type":"ComponentBasedCommand","components":{"mobility":null,"body":{"type":"BodyCommand","control":{"type":"JointPositionCommand","control":{"type":"JointPositionControl"}}},"head":{"type":"HeadCommand","control":{"type":"JointPositionCommand","control":{"type":"JointPositionControl"}}}}}} (priority: 1)
[07/30/26 11:13:35.149844] [debug] [00:26:54.279038] [ControlManager] Control finished: {"type":"RobotCommand","control":{"type":"ComponentBasedCommand","components":{"mobility":null,"body":{"type":"BodyCommand","control":{"type":"JointPositionCommand","control":{"type":"JointPositionControl"}}},"head":{"type":"HeadCommand","control":{"type":"JointPositionCommand","control":{"type":"JointPositionControl"}}}}}}
[07/30/26 11:13:35.149906] [info] [00:26:54.279104] [ControlInterface] Control completed successfully.
[07/30/26 11:13:35.149916] [debug] [00:26:54.279115] [ControlInterface::ExecutionStats] Average Control Time: 0.001 ms (max: 0.020 ms, min: 0.001 ms, sigma: 0.000 ms, count: 2630)
[07/30/26 11:13:35.150569] [debug] [00:26:54.279770] [Service] Server method called: /rb.api.RobotCommandService/RobotCommandStream
[07/30/26 11:13:35.150581] [debug] [00:26:54.279785] [Service::RobotCommandService::RobotCommandStream] Stream is created
[07/30/26 11:13:35.192648] [debug] [00:26:54.321845] [Service::RobotCommandService::RobotCommandStream] Requested: robot_command { component_based_command { mobility_command { se2_velocity_command { command_header { control_hold_time { seconds: 1 } } minimum_time { nanos: 10100000 } velocity { linear { } } acceleration_limit { linear { x: 1 y: 1 } angular: 1 } } } body_command { joint_impedance_control_command { command_header { control_hold_time { seconds: 1 } } minimum_time { nanos: 10100000 } position: -0.00011786654839325125 position: 0.78513841052410294 ... [truncated]
[07/30/26 11:13:35.192655] [debug] [00:26:54.321860] [Service::RobotCommandService::RobotCommandStream]   Peer: ipv4:192.168.30.230:40606
[07/30/26 11:13:35.192809] [debug] [00:26:54.322013] [Service::RobotCommandService::RobotCommandStream]   IP: 192.168.30.230, Family: ipv4
[07/30/26 11:13:35.197827] [info] [00:26:54.327029] [ControlManager] Control started: {"type":"RobotCommand","control":{"type":"ComponentBasedCommand","components":{"mobility":{"type":"MobilityCommand","control":{"type":"SE2VelocityCommand","control":{"type":"MobilitySE2VelocityControl"}}},"body":{"type":"BodyCommand","control":{"type":"JointImpedanceControlCommand","control":{"type":"JointImpedanceControl"}}},"head":{"type":"HeadCommand","control":{"type":"JointPositionCommand","control":{"type":"JointPositionControl"}}}}}} (priority: 1)
[07/30/26 11:13:45.195949] [debug] [00:27:04.325137] [ControlInterface::ExecutionStats] Average Control Time: 0.121 ms (max: 0.211 ms, min: 0.109 ms, sigma: 0.005 ms, count: 5000)
[07/30/26 11:13:49.302814] [debug] [00:27:08.432003] [Hardware] Hardware Loop Stat (avg: 2.000 ms, min: 1.999 ms, max: 2.001 ms, count: 15000)
[07/30/26 11:13:49.437809] [debug] [00:27:08.567003] [ControlManager] Control Manager Loop Stat (avg: 2.000 ms, min: 1.999 ms, max: 2.001 ms, count: 15000)
[07/30/26 11:13:55.195945] [debug] [00:27:14.325133] [ControlInterface::ExecutionStats] Average Control Time: 0.121 ms (max: 0.150 ms, min: 0.109 ms, sigma: 0.005 ms, count: 5000)
[07/30/26 11:13:58.060688] [debug] [00:27:17.189876] [Service] Server method called: /rb.api.RobotCommandService/RobotCommand
[07/30/26 11:13:58.060722] [debug] [00:27:17.189926] [Service::RobotCommandService::RobotCommand] Requested: robot_command { whole_body_command { stop_command { } } } priority: 99
[07/30/26 11:13:58.060726] [debug] [00:27:17.189931] [Service::RobotCommandService::RobotCommand]   Peer: ipv4:192.168.30.230:40606
[07/30/26 11:13:58.060896] [debug] [00:27:17.190099] [Service::RobotCommandService::RobotCommand]   IP: 192.168.30.230, Family: ipv4
[07/30/26 11:13:58.163981] [debug] [00:27:17.293175] [ControlManager] Control finished: {"type":"RobotCommand","control":{"type":"ComponentBasedCommand","components":{"mobility":{"type":"MobilityCommand","control":{"type":"SE2VelocityCommand","control":{"type":"MobilitySE2VelocityControl"}}},"body":{"type":"BodyCommand","control":{"type":"JointImpedanceControlCommand","control":{"type":"JointImpedanceControl"}}},"head":{"type":"HeadCommand","control":{"type":"JointPositionCommand","control":{"type":"JointPositionControl"}}}}}}
[07/30/26 11:13:58.164087] [debug] [00:27:17.293284] [Service::RobotCommandService::RobotCommandStream] OnReadDone (write_done: true, read_done: true)
[07/30/26 11:13:58.164101] [debug] [00:27:17.293302] [Service::RobotCommandService::RobotCommandStream] OnCancel
[07/30/26 11:13:58.164254] [info] [00:27:17.293454] [ControlInterface] Control was preempted or canceled by another request.
[07/30/26 11:13:58.164264] [debug] [00:27:17.293463] [ControlInterface::ExecutionStats] Average Control Time: 0.122 ms (max: 0.138 ms, min: 0.112 ms, sigma: 0.005 ms, count: 1484)
[07/30/26 11:13:58.164264] [debug] [00:27:17.293465] [Service::RobotCommandService::RobotCommandStream] OnDone: robot_command { component_based_command { mobility_command { se2_velocity_command { command_header { control_hold_time { seconds: 1 } } minimum_time { nanos: 10100000 } velocity { linear { } } acceleration_limit { linear { x: 1 y: 1 } angular: 1 } } } body_command { joint_impedance_control_command { command_header { control_hold_time { seconds: 1 } } minimum_time { nanos: 10100000 } position: 0.04160665511234532 position: 1.0248482721457361 posit... [truncated]
[07/30/26 11:13:58.165815] [info] [00:27:17.295019] [ControlManager] Control started: {"type":"RobotCommand","control":{"type":"WholeBodyCommand","control":{"type":"StopControl","control":{"type":"JointVelocityControl"}}}} (priority: 99)
[07/30/26 11:13:58.165836] [debug] [00:27:17.295041] [ControlManager] Control finished: {"type":"RobotCommand","control":{"type":"WholeBodyCommand","control":{"type":"StopControl","control":{"type":"JointVelocityControl"}}}}
[07/30/26 11:13:58.165871] [info] [00:27:17.295074] [ControlInterface] Control completed successfully.
[07/30/26 11:13:58.165875] [debug] [00:27:17.295079] [ControlInterface::ExecutionStats] Average Control Time: 0.006 ms (max: 0.006 ms, min: 0.006 ms, sigma: 0.000 ms, count: 1)
[07/30/26 11:13:58.173503] [debug] [00:27:17.302703] [Service] Server method called: /rb.api.ControlManagerService/ControlManagerCommand
[07/30/26 11:13:58.173527] [debug] [00:27:17.302731] [Service::ControlManagerService::ControlManagerCommand] Requested: request_header { request_timestamp { seconds: 1785377584 nanos: 444031217 } } command: COMMAND_DISABLE
[07/30/26 11:13:58.173531] [info] [00:27:17.302736] [ControlManager::Disable] Disable request received. Starting the disabling process...
[07/30/26 11:13:58.173817] [info] [00:27:17.303021] [ControlManager::Disable] Control Manager successfully disabled
[07/30/26 11:14:19.302812] [debug] [00:27:38.432003] [Hardware] Hardware Loop Stat (avg: 2.000 ms, min: 1.996 ms, max: 2.004 ms, count: 15000)
[07/30/26 11:14:19.437804] [debug] [00:27:38.567003] [ControlManager] Control Manager Loop Stat (avg: 2.000 ms, min: 1.998 ms, max: 2.002 ms, count: 15000)
[07/30/26 11:14:49.302810] [debug] [00:28:08.432002] [Hardware] Hardware Loop Stat (avg: 2.000 ms, min: 1.999 ms, max: 2.001 ms, count: 15000)
[07/30/26 11:14:49.437801] [debug] [00:28:08.567002] [ControlManager] Control Manager Loop Stat (avg: 2.000 ms, min: 1.999 ms, max: 2.001 ms, count: 15000)
[07/30/26 11:15:19.302812] [debug] [00:28:38.432003] [Hardware] Hardware Loop Stat (avg: 2.000 ms, min: 1.999 ms, max: 2.001 ms, count: 15000)
[07/30/26 11:15:19.437800] [debug] [00:28:38.567002] [ControlManager] Control Manager Loop Stat (avg: 2.000 ms, min: 1.999 ms, max: 2.001 ms, count: 15000)
[07/30/26 11:15:49.302810] [debug] [00:29:08.432003] [Hardware] Hardware Loop Stat (avg: 2.000 ms, min: 1.999 ms, max: 2.001 ms, count: 15000)
[07/30/26 11:15:49.437801] [debug] [00:29:08.567002] [ControlManager] Control Manager Loop Stat (avg: 2.000 ms, min: 1.999 ms, max: 2.001 ms, count: 15000)
[07/30/26 11:16:19.302811] [debug] [00:29:38.432003] [Hardware] Hardware Loop Stat (avg: 2.000 ms, min: 1.999 ms, max: 2.001 ms, count: 15000)
[07/30/26 11:16:19.437801] [debug] [00:29:38.567002] [ControlManager] Control Manager Loop Stat (avg: 2.000 ms, min: 1.999 ms, max: 2.001 ms, count: 15000)
[07/30/26 11:16:49.302810] [debug] [00:30:08.432003] [Hardware] Hardware Loop Stat (avg: 2.000 ms, min: 1.999 ms, max: 2.001 ms, count: 15000)
[07/30/26 11:16:49.437801] [debug] [00:30:08.567002] [ControlManager] Control Manager Loop Stat (avg: 2.000 ms, min: 1.998 ms, max: 2.002 ms, count: 15000)
[07/30/26 11:17:19.302813] [debug] [00:30:38.432003] [Hardware] Hardware Loop Stat (avg: 2.000 ms, min: 1.998 ms, max: 2.002 ms, count: 15000)
[07/30/26 11:17:19.437801] [debug] [00:30:38.567002] [ControlManager] Control Manager Loop Stat (avg: 2.000 ms, min: 1.998 ms, max: 2.002 ms, count: 15000)
[07/30/26 11:17:49.302810] [debug] [00:31:08.432002] [Hardware] Hardware Loop Stat (avg: 2.000 ms, min: 1.999 ms, max: 2.001 ms, count: 15000)
[07/30/26 11:17:49.437801] [debug] [00:31:08.567002] [ControlManager] Control Manager Loop Stat (avg: 2.000 ms, min: 1.999 ms, max: 2.001 ms, count: 15000)
[07/30/26 11:18:19.302812] [debug] [00:31:38.432003] [Hardware] Hardware Loop Stat (avg: 2.000 ms, min: 1.998 ms, max: 2.002 ms, count: 15000)
[07/30/26 11:18:19.437802] [debug] [00:31:38.567002] [ControlManager] Control Manager Loop Stat (avg: 2.000 ms, min: 1.998 ms, max: 2.002 ms, count: 15000)
[07/30/26 11:18:49.302810] [debug] [00:32:08.432003] [Hardware] Hardware Loop Stat (avg: 2.000 ms, min: 1.998 ms, max: 2.002 ms, count: 15000)
[07/30/26 11:18:49.437801] [debug] [00:32:08.567002] [ControlManager] Control Manager Loop Stat (avg: 2.000 ms, min: 1.999 ms, max: 2.001 ms, count: 15000)
[07/30/26 11:19:19.302811] [debug] [00:32:38.432003] [Hardware] Hardware Loop Stat (avg: 2.000 ms, min: 1.998 ms, max: 2.002 ms, count: 15000)
[07/30/26 11:19:19.437801] [debug] [00:32:38.567002] [ControlManager] Control Manager Loop Stat (avg: 2.000 ms, min: 1.999 ms, max: 2.001 ms, count: 15000)
[07/30/26 11:19:49.302814] [debug] [00:33:08.432003] [Hardware] Hardware Loop Stat (avg: 2.000 ms, min: 1.999 ms, max: 2.001 ms, count: 15000)
[07/30/26 11:19:49.437801] [debug] [00:33:08.567002] [ControlManager] Control Manager Loop Stat (avg: 2.000 ms, min: 1.998 ms, max: 2.002 ms, count: 15000)
[07/30/26 11:20:19.302811] [debug] [00:33:38.432003] [Hardware] Hardware Loop Stat (avg: 2.000 ms, min: 1.999 ms, max: 2.001 ms, count: 15000)
[07/30/26 11:20:19.437801] [debug] [00:33:38.567002] [ControlManager] Control Manager Loop Stat (avg: 2.000 ms, min: 1.999 ms, max: 2.001 ms, count: 15000)
[07/30/26 11:20:49.302810] [debug] [00:34:08.432003] [Hardware] Hardware Loop Stat (avg: 2.000 ms, min: 1.998 ms, max: 2.002 ms, count: 15000)
[07/30/26 11:20:49.437801] [debug] [00:34:08.567002] [ControlManager] Control Manager Loop Stat (avg: 2.000 ms, min: 1.999 ms, max: 2.001 ms, count: 15000)
[07/30/26 11:21:19.302812] [debug] [00:34:38.432002] [Hardware] Hardware Loop Stat (avg: 2.000 ms, min: 1.998 ms, max: 2.002 ms, count: 15000)
[07/30/26 11:21:19.437800] [debug] [00:34:38.567002] [ControlManager] Control Manager Loop Stat (avg: 2.000 ms, min: 1.999 ms, max: 2.001 ms, count: 15000)
[07/30/26 11:21:49.302810] [debug] [00:35:08.432003] [Hardware] Hardware Loop Stat (avg: 2.000 ms, min: 1.999 ms, max: 2.001 ms, count: 15000)
[07/30/26 11:21:49.437801] [debug] [00:35:08.567002] [ControlManager] Control Manager Loop Stat (avg: 2.000 ms, min: 1.999 ms, max: 2.001 ms, count: 15000)
[07/30/26 11:22:19.302810] [debug] [00:35:38.432003] [Hardware] Hardware Loop Stat (avg: 2.000 ms, min: 1.999 ms, max: 2.001 ms, count: 15000)
[07/30/26 11:22:19.437801] [debug] [00:35:38.567002] [ControlManager] Control Manager Loop Stat (avg: 2.000 ms, min: 1.999 ms, max: 2.001 ms, count: 15000)
[07/30/26 11:22:49.302812] [debug] [00:36:08.432003] [Hardware] Hardware Loop Stat (avg: 2.000 ms, min: 1.999 ms, max: 2.001 ms, count: 15000)
[07/30/26 11:22:49.437802] [debug] [00:36:08.567002] [ControlManager] Control Manager Loop Stat (avg: 2.000 ms, min: 1.999 ms, max: 2.001 ms, count: 15000)
[07/30/26 11:23:19.302811] [debug] [00:36:38.432003] [Hardware] Hardware Loop Stat (avg: 2.000 ms, min: 1.998 ms, max: 2.002 ms, count: 15000)
[07/30/26 11:23:19.437800] [debug] [00:36:38.567002] [ControlManager] Control Manager Loop Stat (avg: 2.000 ms, min: 1.999 ms, max: 2.001 ms, count: 15000)
[07/30/26 11:23:49.302811] [debug] [00:37:08.432003] [Hardware] Hardware Loop Stat (avg: 2.000 ms, min: 1.999 ms, max: 2.001 ms, count: 15000)
[07/30/26 11:23:49.437801] [debug] [00:37:08.567002] [ControlManager] Control Manager Loop Stat (avg: 2.000 ms, min: 1.998 ms, max: 2.002 ms, count: 15000)
[07/30/26 11:24:19.302811] [debug] [00:37:38.432003] [Hardware] Hardware Loop Stat (avg: 2.000 ms, min: 1.999 ms, max: 2.001 ms, count: 15000)
[07/30/26 11:24:19.437801] [debug] [00:37:38.567002] [ControlManager] Control Manager Loop Stat (avg: 2.000 ms, min: 1.999 ms, max: 2.001 ms, count: 15000)
[07/30/26 11:24:49.302811] [debug] [00:38:08.432003] [Hardware] Hardware Loop Stat (avg: 2.000 ms, min: 1.985 ms, max: 2.015 ms, count: 15000)
[07/30/26 11:24:49.437801] [debug] [00:38:08.567002] [ControlManager] Control Manager Loop Stat (avg: 2.000 ms, min: 1.999 ms, max: 2.001 ms, count: 15000)
[07/30/26 11:25:01.408298] [debug] [00:38:20.537479] [Service] Server method called: /rb.api.RobotInfoService/GetRobotModel
[07/30/26 11:25:01.408336] [debug] [00:38:20.537540] [Service::RobotInfoService::GetRobotModel] Requested: request_header { request_timestamp { seconds: 1785378247 nanos: 658121198 } }
[07/30/26 11:25:01.411128] [debug] [00:38:20.540328] [Service] Server method called: /rb.api.RobotStateService/GetRobotStateStream
[07/30/26 11:25:01.411162] [debug] [00:38:20.540365] [Service::RobotStateService::GetRobotStateStream] Requested: request_header { request_timestamp { seconds: 1785378247 nanos: 661225474 } } update_rate: 100
[07/30/26 11:25:19.302812] [debug] [00:38:38.432002] [Hardware] Hardware Loop Stat (avg: 2.000 ms, min: 1.998 ms, max: 2.002 ms, count: 15000)
[07/30/26 11:25:19.437801] [debug] [00:38:38.567002] [ControlManager] Control Manager Loop Stat (avg: 2.000 ms, min: 1.999 ms, max: 2.001 ms, count: 15000)
[07/30/26 11:25:49.302812] [debug] [00:39:08.432003] [Hardware] Hardware Loop Stat (avg: 2.000 ms, min: 1.999 ms, max: 2.001 ms, count: 15000)
[07/30/26 11:25:49.437802] [debug] [00:39:08.567002] [ControlManager] Control Manager Loop Stat (avg: 2.000 ms, min: 1.998 ms, max: 2.002 ms, count: 15000)
[07/30/26 11:26:19.302811] [debug] [00:39:38.432003] [Hardware] Hardware Loop Stat (avg: 2.000 ms, min: 1.998 ms, max: 2.002 ms, count: 15000)
[07/30/26 11:26:19.437803] [debug] [00:39:38.567002] [ControlManager] Control Manager Loop Stat (avg: 2.000 ms, min: 1.999 ms, max: 2.001 ms, count: 15000)
[07/30/26 11:26:20.136773] [debug] [00:39:39.265963] [Service] Server method called: /rb.api.RobotInfoService/GetRobotInfo
[07/30/26 11:26:20.136809] [debug] [00:39:39.266012] [Service::RobotInfoService::GetRobotInfo] Requested: request_header { request_timestamp { seconds: 1785378326 nanos: 386740985 } }
[07/30/26 11:26:20.137435] [debug] [00:39:39.266633] [Service] Server method called: /rb.api.RobotStateService/GetRobotState
[07/30/26 11:26:20.137458] [debug] [00:39:39.266662] [Service::RobotStateService::GetRobotState] Requested: request_header { request_timestamp { seconds: 1785378326 nanos: 387555110 } }
[07/30/26 11:26:20.138240] [debug] [00:39:39.267440] [Service] Server method called: /rb.api.RobotInfoService/GetRobotInfo
[07/30/26 11:26:20.138259] [debug] [00:39:39.267463] [Service::RobotInfoService::GetRobotInfo] Requested: request_header { request_timestamp { seconds: 1785378326 nanos: 388397501 } }
[07/30/26 11:26:20.138727] [debug] [00:39:39.267928] [Service] Server method called: /rb.api.RobotStateService/GetRobotState
[07/30/26 11:26:20.138745] [debug] [00:39:39.267949] [Service::RobotStateService::GetRobotState] Requested: request_header { request_timestamp { seconds: 1785378326 nanos: 388870954 } }
[07/30/26 11:26:20.139220] [debug] [00:39:39.268422] [Service] Server method called: /rb.api.RobotStateService/GetControlManagerState
[07/30/26 11:26:20.139234] [debug] [00:39:39.268439] [Service::RobotStateService::GetControlManagerState] Requested: request_header { request_timestamp { seconds: 1785378326 nanos: 389376235 } }
[07/30/26 11:26:20.139563] [debug] [00:39:39.268762] [Service] Server method called: /rb.api.RobotInfoService/GetRobotInfo
[07/30/26 11:26:20.139582] [debug] [00:39:39.268786] [Service::RobotInfoService::GetRobotInfo] Requested: request_header { request_timestamp { seconds: 1785378326 nanos: 389718335 } }
[07/30/26 11:26:20.140032] [debug] [00:39:39.269234] [Service] Server method called: /rb.api.RobotStateService/GetRobotState
[07/30/26 11:26:20.140046] [debug] [00:39:39.269250] [Service::RobotStateService::GetRobotState] Requested: request_header { request_timestamp { seconds: 1785378326 nanos: 390198213 } }
[07/30/26 11:26:20.140460] [debug] [00:39:39.269661] [Service] Server method called: /rb.api.RobotStateService/GetRobotState
[07/30/26 11:26:20.140477] [debug] [00:39:39.269681] [Service::RobotStateService::GetRobotState] Requested: request_header { request_timestamp { seconds: 1785378326 nanos: 390622225 } }
[07/30/26 11:26:20.140880] [debug] [00:39:39.270083] [Service] Server method called: /rb.api.RobotInfoService/GetRobotInfo
[07/30/26 11:26:20.140893] [debug] [00:39:39.270097] [Service::RobotInfoService::GetRobotInfo] Requested: request_header { request_timestamp { seconds: 1785378326 nanos: 391074765 } }
[07/30/26 11:26:20.141394] [debug] [00:39:39.270596] [Service] Server method called: /rb.api.ControlManagerService/ControlManagerCommand
[07/30/26 11:26:20.141414] [debug] [00:39:39.270617] [Service::ControlManagerService::ControlManagerCommand] Requested: request_header { request_timestamp { seconds: 1785378326 nanos: 391573032 } } command: COMMAND_ENABLE unlimited_mode_enabled { }
[07/30/26 11:26:20.141417] [info] [00:39:39.270622] [ControlManager::Enable] Enable request received. Starting the enabling process...
[07/30/26 11:26:20.141812] [info] [00:39:39.271017] [ControlManager::Enable] Control Manager successfully enabled
[07/30/26 11:26:20.142130] [debug] [00:39:39.271332] [Service] Server method called: /rb.api.ParameterService/SetParameter
[07/30/26 11:26:20.142148] [debug] [00:39:39.271352] [Service::ParameterService::SetParameter] Requested: request_header { request_timestamp { seconds: 1785378326 nanos: 392290797 } } name: "cartesian_command.cutoff_frequency" parameter: "{\"value\":5,\"write_db\":true}"
[07/30/26 11:26:20.154313] [debug] [00:39:39.283511] [Service] Server method called: /rb.api.ParameterService/SetParameter
[07/30/26 11:26:20.154333] [debug] [00:39:39.283537] [Service::ParameterService::SetParameter] Requested: request_header { request_timestamp { seconds: 1785378326 nanos: 404413138 } } name: "default.acceleration_limit_scaling" parameter: "{\"value\":1.0,\"write_db\":true}"
[07/30/26 11:26:20.160276] [debug] [00:39:39.289477] [Service] Server method called: /rb.api.ParameterService/SetParameter
[07/30/26 11:26:20.160292] [debug] [00:39:39.289496] [Service::ParameterService::SetParameter] Requested: request_header { request_timestamp { seconds: 1785378326 nanos: 410389350 } } name: "default.angular_acceleration_limit" parameter: "{\"value\":10,\"write_db\":true}"
[07/30/26 11:26:20.166343] [debug] [00:39:39.295542] [Service] Server method called: /rb.api.ParameterService/SetParameter
[07/30/26 11:26:20.166379] [debug] [00:39:39.295584] [Service::ParameterService::SetParameter] Requested: request_header { request_timestamp { seconds: 1785378326 nanos: 416492808 } } name: "default.linear_acceleration_limit" parameter: "{\"value\":20,\"write_db\":true}"
[07/30/26 11:26:20.172098] [debug] [00:39:39.301300] [Service] Server method called: /rb.api.ParameterService/SetParameter
[07/30/26 11:26:20.172116] [debug] [00:39:39.301320] [Service::ParameterService::SetParameter] Requested: request_header { request_timestamp { seconds: 1785378326 nanos: 422255122 } } name: "joint_position_command.cutoff_frequency" parameter: "{\"value\":5,\"write_db\":true}"
[07/30/26 11:26:20.178306] [debug] [00:39:39.307505] [Service] Server method called: /rb.api.RobotCommandService/RobotCommand
[07/30/26 11:26:20.178376] [debug] [00:39:39.307578] [Service::RobotCommandService::RobotCommand] Requested: robot_command { component_based_command { body_command { joint_position_command { command_header { control_hold_time { seconds: 1 } } minimum_time { nanos: 500000000 } position: 0.035327121907148533 position: 1.0594415529639292 position: -1.8514540592635973 position: 0.79675873398495778 position: 0.038406474429364505 position: 0.056840822759029824 position: -0.18756712114050197 position: -0.26846562279072839 position: -0.19754938720820334 positio... [truncated]
[07/30/26 11:26:20.178379] [debug] [00:39:39.307584] [Service::RobotCommandService::RobotCommand]   Peer: ipv4:192.168.30.230:43022
[07/30/26 11:26:20.178530] [debug] [00:39:39.307734] [Service::RobotCommandService::RobotCommand]   IP: 192.168.30.230, Family: ipv4
[07/30/26 11:26:20.183843] [info] [00:39:39.313045] [ControlManager] Control started: {"type":"RobotCommand","control":{"type":"ComponentBasedCommand","components":{"mobility":null,"body":{"type":"BodyCommand","control":{"type":"JointPositionCommand","control":{"type":"JointPositionControl"}}},"head":{"type":"HeadCommand","control":{"type":"JointPositionCommand","control":{"type":"JointPositionControl"}}}}}} (priority: 1)
[07/30/26 11:26:21.941844] [debug] [00:39:41.071039] [ControlManager] Control finished: {"type":"RobotCommand","control":{"type":"ComponentBasedCommand","components":{"mobility":null,"body":{"type":"BodyCommand","control":{"type":"JointPositionCommand","control":{"type":"JointPositionControl"}}},"head":{"type":"HeadCommand","control":{"type":"JointPositionCommand","control":{"type":"JointPositionControl"}}}}}}
[07/30/26 11:26:21.941938] [info] [00:39:41.071138] [ControlInterface] Control completed successfully.
[07/30/26 11:26:21.941948] [debug] [00:39:41.071147] [ControlInterface::ExecutionStats] Average Control Time: 0.001 ms (max: 0.029 ms, min: 0.001 ms, sigma: 0.001 ms, count: 880)
[07/30/26 11:26:21.942986] [debug] [00:39:41.072185] [Service] Server method called: /rb.api.PowerService/ToolFlangePowerCommand
[07/30/26 11:26:21.943021] [debug] [00:39:41.072225] [Service::PowerService::ToolFlangePowerCommand] Requested: request_header { request_timestamp { seconds: 1785378328 nanos: 192920734 } } name: "right" command: COMMAND_POWER_12V
[07/30/26 11:26:21.943027] [debug] [00:39:41.072232] [Service::PowerService::ToolFlangePowerCommand] Result: Success
[07/30/26 11:26:21.943699] [debug] [00:39:41.072901] [Service] Server method called: /rb.api.PowerService/ToolFlangePowerCommand
[07/30/26 11:26:21.943732] [debug] [00:39:41.072936] [Service::PowerService::ToolFlangePowerCommand] Requested: request_header { request_timestamp { seconds: 1785378328 nanos: 193793118 } } name: "left" command: COMMAND_POWER_12V
[07/30/26 11:26:21.943738] [debug] [00:39:41.072943] [Service::PowerService::ToolFlangePowerCommand] Result: Success
[07/30/26 11:26:22.564166] [debug] [00:39:41.693360] [Service] Server method called: /rb.api.RobotCommandService/RobotCommand
[07/30/26 11:26:22.564238] [debug] [00:39:41.693440] [Service::RobotCommandService::RobotCommand] Requested: robot_command { component_based_command { body_command { joint_position_command { command_header { control_hold_time { seconds: 1 } } minimum_time { seconds: 4 } position: 0 position: 0.78539816339744828 position: -1.3962634015954636 position: 0.78539816339744828 position: 0 position: 0 position: 0 position: -0.26179938779914941 position: 0 position: -2.0943951023931953 position: 0 position: 0.52359877559829882 position: 0 position: 0 position: 0... [truncated]
[07/30/26 11:26:22.564242] [debug] [00:39:41.693447] [Service::RobotCommandService::RobotCommand]   Peer: ipv4:192.168.30.230:43022
[07/30/26 11:26:22.564392] [debug] [00:39:41.693596] [Service::RobotCommandService::RobotCommand]   IP: 192.168.30.230, Family: ipv4
[07/30/26 11:26:22.569828] [info] [00:39:41.699027] [ControlManager] Control started: {"type":"RobotCommand","control":{"type":"ComponentBasedCommand","components":{"mobility":null,"body":{"type":"BodyCommand","control":{"type":"JointPositionCommand","control":{"type":"JointPositionControl"}}},"head":{"type":"HeadCommand","control":{"type":"JointPositionCommand","control":{"type":"JointPositionControl"}}}}}} (priority: 1)
[07/30/26 11:26:27.827846] [debug] [00:39:46.957041] [ControlManager] Control finished: {"type":"RobotCommand","control":{"type":"ComponentBasedCommand","components":{"mobility":null,"body":{"type":"BodyCommand","control":{"type":"JointPositionCommand","control":{"type":"JointPositionControl"}}},"head":{"type":"HeadCommand","control":{"type":"JointPositionCommand","control":{"type":"JointPositionControl"}}}}}}
[07/30/26 11:26:27.827906] [info] [00:39:46.957105] [ControlInterface] Control completed successfully.
[07/30/26 11:26:27.827915] [debug] [00:39:46.957114] [ControlInterface::ExecutionStats] Average Control Time: 0.001 ms (max: 0.017 ms, min: 0.001 ms, sigma: 0.000 ms, count: 2630)
[07/30/26 11:26:27.828905] [debug] [00:39:46.958104] [Service] Server method called: /rb.api.RobotCommandService/RobotCommandStream
[07/30/26 11:26:27.828918] [debug] [00:39:46.958122] [Service::RobotCommandService::RobotCommandStream] Stream is created
[07/30/26 11:26:27.881533] [debug] [00:39:47.010728] [Service::RobotCommandService::RobotCommandStream] Requested: robot_command { component_based_command { mobility_command { se2_velocity_command { command_header { control_hold_time { seconds: 1 } } minimum_time { nanos: 10100000 } velocity { linear { } } acceleration_limit { linear { x: 1 y: 1 } angular: 1 } } } body_command { joint_impedance_control_command { command_header { control_hold_time { seconds: 1 } } minimum_time { nanos: 10100000 } position: -0.00013666615220559524 position: 0.78510552285164248 ... [truncated]
[07/30/26 11:26:27.881541] [debug] [00:39:47.010745] [Service::RobotCommandService::RobotCommandStream]   Peer: ipv4:192.168.30.230:43022
[07/30/26 11:26:27.881688] [debug] [00:39:47.010892] [Service::RobotCommandService::RobotCommandStream]   IP: 192.168.30.230, Family: ipv4
[07/30/26 11:26:27.887832] [info] [00:39:47.017033] [ControlManager] Control started: {"type":"RobotCommand","control":{"type":"ComponentBasedCommand","components":{"mobility":{"type":"MobilityCommand","control":{"type":"SE2VelocityCommand","control":{"type":"MobilitySE2VelocityControl"}}},"body":{"type":"BodyCommand","control":{"type":"JointImpedanceControlCommand","control":{"type":"JointImpedanceControl"}}},"head":{"type":"HeadCommand","control":{"type":"JointPositionCommand","control":{"type":"JointPositionControl"}}}}}} (priority: 1)
[07/30/26 11:26:28.062217] [debug] [00:39:47.191409] [Service] Server method called: /rb.api.RobotCommandService/RobotCommand
[07/30/26 11:26:28.062413] [debug] [00:39:47.191616] [Service::RobotCommandService::RobotCommand] Requested: robot_command { whole_body_command { stop_command { } } } priority: 99
[07/30/26 11:26:28.062550] [debug] [00:39:47.191754] [Service::RobotCommandService::RobotCommand]   Peer: ipv4:192.168.30.230:43022
[07/30/26 11:26:28.062820] [debug] [00:39:47.192024] [Service::RobotCommandService::RobotCommand]   IP: 192.168.30.230, Family: ipv4
[07/30/26 11:26:28.165965] [debug] [00:39:47.295163] [ControlManager] Control finished: {"type":"RobotCommand","control":{"type":"ComponentBasedCommand","components":{"mobility":{"type":"MobilityCommand","control":{"type":"SE2VelocityCommand","control":{"type":"MobilitySE2VelocityControl"}}},"body":{"type":"BodyCommand","control":{"type":"JointImpedanceControlCommand","control":{"type":"JointImpedanceControl"}}},"head":{"type":"HeadCommand","control":{"type":"JointPositionCommand","control":{"type":"JointPositionControl"}}}}}}
[07/30/26 11:26:28.166059] [debug] [00:39:47.295258] [Service::RobotCommandService::RobotCommandStream] OnReadDone (write_done: true, read_done: true)
[07/30/26 11:26:28.166103] [debug] [00:39:47.295302] [Service::RobotCommandService::RobotCommandStream] OnCancel
[07/30/26 11:26:28.166129] [info] [00:39:47.295331] [ControlInterface] Control was preempted or canceled by another request.
[07/30/26 11:26:28.166139] [debug] [00:39:47.295338] [ControlInterface::ExecutionStats] Average Control Time: 0.121 ms (max: 0.209 ms, min: 0.112 ms, sigma: 0.009 ms, count: 140)
[07/30/26 11:26:28.166229] [debug] [00:39:47.295431] [Service::RobotCommandService::RobotCommandStream] OnDone: robot_command { component_based_command { mobility_command { se2_velocity_command { command_header { control_hold_time { seconds: 1 } } minimum_time { nanos: 10100000 } velocity { linear { } } acceleration_limit { linear { x: 1 y: 1 } angular: 1 } } } body_command { joint_impedance_control_command { command_header { control_hold_time { seconds: 1 } } minimum_time { nanos: 10100000 } position: -0.0011703768364214138 position: 0.78836034125426113 p... [truncated]
[07/30/26 11:26:28.167813] [info] [00:39:47.297017] [ControlManager] Control started: {"type":"RobotCommand","control":{"type":"WholeBodyCommand","control":{"type":"StopControl","control":{"type":"JointVelocityControl"}}}} (priority: 99)
[07/30/26 11:26:28.167832] [debug] [00:39:47.297037] [ControlManager] Control finished: {"type":"RobotCommand","control":{"type":"WholeBodyCommand","control":{"type":"StopControl","control":{"type":"JointVelocityControl"}}}}
[07/30/26 11:26:28.167865] [info] [00:39:47.297068] [ControlInterface] Control completed successfully.
[07/30/26 11:26:28.167871] [debug] [00:39:47.297073] [ControlInterface::ExecutionStats] Average Control Time: 0.005 ms (max: 0.005 ms, min: 0.005 ms, sigma: 0.000 ms, count: 1)
[07/30/26 11:26:28.168631] [debug] [00:39:47.297832] [Service] Server method called: /rb.api.ControlManagerService/ControlManagerCommand
[07/30/26 11:26:28.168654] [debug] [00:39:47.297858] [Service::ControlManagerService::ControlManagerCommand] Requested: request_header { request_timestamp { seconds: 1785378334 nanos: 418695153 } } command: COMMAND_DISABLE
[07/30/26 11:26:28.168658] [info] [00:39:47.297863] [ControlManager::Disable] Disable request received. Starting the disabling process...
[07/30/26 11:26:28.169814] [info] [00:39:47.299019] [ControlManager::Disable] Control Manager successfully disabled
[07/30/26 11:26:49.302813] [debug] [00:40:08.432003] [Hardware] Hardware Loop Stat (avg: 2.000 ms, min: 1.998 ms, max: 2.002 ms, count: 15000)
[07/30/26 11:26:49.437803] [debug] [00:40:08.567003] [ControlManager] Control Manager Loop Stat (avg: 2.000 ms, min: 1.999 ms, max: 2.002 ms, count: 15000)
[07/30/26 11:27:19.302812] [debug] [00:40:38.432003] [Hardware] Hardware Loop Stat (avg: 2.000 ms, min: 1.999 ms, max: 2.001 ms, count: 15000)
[07/30/26 11:27:19.437803] [debug] [00:40:38.567002] [ControlManager] Control Manager Loop Stat (avg: 2.000 ms, min: 1.997 ms, max: 2.003 ms, count: 15000)
[07/30/26 11:27:27.454594] [debug] [00:40:46.583785] [Service] Server method called: /rb.api.RobotInfoService/GetRobotInfo
[07/30/26 11:27:27.454628] [debug] [00:40:46.583832] [Service::RobotInfoService::GetRobotInfo] Requested: request_header { request_timestamp { seconds: 1785378393 nanos: 704130580 } }
[07/30/26 11:27:27.455488] [debug] [00:40:46.584686] [Service] Server method called: /rb.api.RobotStateService/GetRobotState
[07/30/26 11:27:27.455518] [debug] [00:40:46.584722] [Service::RobotStateService::GetRobotState] Requested: request_header { request_timestamp { seconds: 1785378393 nanos: 705057863 } }
[07/30/26 11:27:27.456397] [debug] [00:40:46.585597] [Service] Server method called: /rb.api.RobotInfoService/GetRobotInfo
[07/30/26 11:27:27.456417] [debug] [00:40:46.585621] [Service::RobotInfoService::GetRobotInfo] Requested: request_header { request_timestamp { seconds: 1785378393 nanos: 706008196 } }
[07/30/26 11:27:27.457249] [debug] [00:40:46.586449] [Service] Server method called: /rb.api.RobotStateService/GetRobotState
[07/30/26 11:27:27.457267] [debug] [00:40:46.586471] [Service::RobotStateService::GetRobotState] Requested: request_header { request_timestamp { seconds: 1785378393 nanos: 706854966 } }
[07/30/26 11:27:27.458229] [debug] [00:40:46.587430] [Service] Server method called: /rb.api.RobotStateService/GetControlManagerState
[07/30/26 11:27:27.458255] [debug] [00:40:46.587459] [Service::RobotStateService::GetControlManagerState] Requested: request_header { request_timestamp { seconds: 1785378393 nanos: 707822021 } }
[07/30/26 11:27:27.458969] [debug] [00:40:46.588171] [Service] Server method called: /rb.api.RobotInfoService/GetRobotInfo
[07/30/26 11:27:27.458985] [debug] [00:40:46.588189] [Service::RobotInfoService::GetRobotInfo] Requested: request_header { request_timestamp { seconds: 1785378393 nanos: 708574217 } }
[07/30/26 11:27:27.459713] [debug] [00:40:46.588915] [Service] Server method called: /rb.api.RobotStateService/GetRobotState
[07/30/26 11:27:27.459730] [debug] [00:40:46.588934] [Service::RobotStateService::GetRobotState] Requested: request_header { request_timestamp { seconds: 1785378393 nanos: 709304276 } }
[07/30/26 11:27:27.460455] [debug] [00:40:46.589656] [Service] Server method called: /rb.api.RobotStateService/GetRobotState
[07/30/26 11:27:27.460470] [debug] [00:40:46.589674] [Service::RobotStateService::GetRobotState] Requested: request_header { request_timestamp { seconds: 1785378393 nanos: 710072114 } }
[07/30/26 11:27:27.461296] [debug] [00:40:46.590498] [Service] Server method called: /rb.api.RobotInfoService/GetRobotInfo
[07/30/26 11:27:27.461317] [debug] [00:40:46.590521] [Service::RobotInfoService::GetRobotInfo] Requested: request_header { request_timestamp { seconds: 1785378393 nanos: 710946575 } }
[07/30/26 11:27:27.462085] [debug] [00:40:46.591284] [Service] Server method called: /rb.api.ControlManagerService/ControlManagerCommand
[07/30/26 11:27:27.462107] [debug] [00:40:46.591311] [Service::ControlManagerService::ControlManagerCommand] Requested: request_header { request_timestamp { seconds: 1785378393 nanos: 711697444 } } command: COMMAND_ENABLE unlimited_mode_enabled { }
[07/30/26 11:27:27.462112] [info] [00:40:46.591317] [ControlManager::Enable] Enable request received. Starting the enabling process...
[07/30/26 11:27:27.463814] [info] [00:40:46.593015] [ControlManager::Enable] Control Manager successfully enabled
[07/30/26 11:27:27.464481] [debug] [00:40:46.593680] [Service] Server method called: /rb.api.ParameterService/SetParameter
[07/30/26 11:27:27.464503] [debug] [00:40:46.593707] [Service::ParameterService::SetParameter] Requested: request_header { request_timestamp { seconds: 1785378393 nanos: 714072174 } } name: "cartesian_command.cutoff_frequency" parameter: "{\"value\":5,\"write_db\":true}"
[07/30/26 11:27:27.474903] [debug] [00:40:46.604102] [Service] Server method called: /rb.api.ParameterService/SetParameter
[07/30/26 11:27:27.474924] [debug] [00:40:46.604128] [Service::ParameterService::SetParameter] Requested: request_header { request_timestamp { seconds: 1785378393 nanos: 724377542 } } name: "default.acceleration_limit_scaling" parameter: "{\"value\":1.0,\"write_db\":true}"
[07/30/26 11:27:27.478531] [debug] [00:40:46.607731] [Service] Server method called: /rb.api.ParameterService/SetParameter
[07/30/26 11:27:27.478551] [debug] [00:40:46.607754] [Service::ParameterService::SetParameter] Requested: request_header { request_timestamp { seconds: 1785378393 nanos: 728071838 } } name: "default.angular_acceleration_limit" parameter: "{\"value\":10,\"write_db\":true}"
[07/30/26 11:27:27.481885] [debug] [00:40:46.611085] [Service] Server method called: /rb.api.ParameterService/SetParameter
[07/30/26 11:27:27.481905] [debug] [00:40:46.611109] [Service::ParameterService::SetParameter] Requested: request_header { request_timestamp { seconds: 1785378393 nanos: 731476873 } } name: "default.linear_acceleration_limit" parameter: "{\"value\":20,\"write_db\":true}"
[07/30/26 11:27:27.486576] [debug] [00:40:46.615774] [Service] Server method called: /rb.api.ParameterService/SetParameter
[07/30/26 11:27:27.486595] [debug] [00:40:46.615800] [Service::ParameterService::SetParameter] Requested: request_header { request_timestamp { seconds: 1785378393 nanos: 736167954 } } name: "joint_position_command.cutoff_frequency" parameter: "{\"value\":5,\"write_db\":true}"
[07/30/26 11:27:27.490392] [debug] [00:40:46.619592] [Service] Server method called: /rb.api.RobotCommandService/RobotCommand
[07/30/26 11:27:27.490460] [debug] [00:40:46.619663] [Service::RobotCommandService::RobotCommand] Requested: robot_command { component_based_command { body_command { joint_position_command { command_header { control_hold_time { seconds: 1 } } minimum_time { nanos: 500000000 } position: -1.8984910741158927e-05 position: 0.78548929096900588 position: -1.4044163660415281 position: 0.78546271209396823 position: -6.4548696519940349e-05 position: -8.3533607261099277e-05 position: -0.0018871001276711972 position: -0.2617639492990993 position: 4.176680363054963... [truncated]
[07/30/26 11:27:27.490464] [debug] [00:40:46.619669] [Service::RobotCommandService::RobotCommand]   Peer: ipv4:192.168.30.230:43022
[07/30/26 11:27:27.490609] [debug] [00:40:46.619813] [Service::RobotCommandService::RobotCommand]   IP: 192.168.30.230, Family: ipv4
[07/30/26 11:27:27.495839] [info] [00:40:46.625042] [ControlManager] Control started: {"type":"RobotCommand","control":{"type":"ComponentBasedCommand","components":{"mobility":null,"body":{"type":"BodyCommand","control":{"type":"JointPositionCommand","control":{"type":"JointPositionControl"}}},"head":{"type":"HeadCommand","control":{"type":"JointPositionCommand","control":{"type":"JointPositionControl"}}}}}} (priority: 1)
[07/30/26 11:27:29.253841] [debug] [00:40:48.383038] [ControlManager] Control finished: {"type":"RobotCommand","control":{"type":"ComponentBasedCommand","components":{"mobility":null,"body":{"type":"BodyCommand","control":{"type":"JointPositionCommand","control":{"type":"JointPositionControl"}}},"head":{"type":"HeadCommand","control":{"type":"JointPositionCommand","control":{"type":"JointPositionControl"}}}}}}
[07/30/26 11:27:29.253901] [info] [00:40:48.383101] [ControlInterface] Control completed successfully.
[07/30/26 11:27:29.253910] [debug] [00:40:48.383109] [ControlInterface::ExecutionStats] Average Control Time: 0.001 ms (max: 0.026 ms, min: 0.001 ms, sigma: 0.001 ms, count: 880)
[07/30/26 11:27:29.254597] [debug] [00:40:48.383798] [Service] Server method called: /rb.api.PowerService/ToolFlangePowerCommand
[07/30/26 11:27:29.254629] [debug] [00:40:48.383833] [Service::PowerService::ToolFlangePowerCommand] Requested: request_header { request_timestamp { seconds: 1785378395 nanos: 504200618 } } name: "right" command: COMMAND_POWER_12V
[07/30/26 11:27:29.254633] [debug] [00:40:48.383838] [Service::PowerService::ToolFlangePowerCommand] Result: Success
[07/30/26 11:27:29.255041] [debug] [00:40:48.384240] [Service] Server method called: /rb.api.PowerService/ToolFlangePowerCommand
[07/30/26 11:27:29.255087] [debug] [00:40:48.384290] [Service::PowerService::ToolFlangePowerCommand] Requested: request_header { request_timestamp { seconds: 1785378395 nanos: 504691421 } } name: "left" command: COMMAND_POWER_12V
[07/30/26 11:27:29.255092] [debug] [00:40:48.384297] [Service::PowerService::ToolFlangePowerCommand] Result: Success
[07/30/26 11:27:42.733642] [debug] [00:41:01.862832] [Service] Server method called: /rb.api.RobotCommandService/RobotCommand
[07/30/26 11:27:42.733715] [debug] [00:41:01.862917] [Service::RobotCommandService::RobotCommand] Requested: robot_command { component_based_command { body_command { joint_position_command { command_header { control_hold_time { seconds: 1 } } minimum_time { seconds: 4 } position: 0 position: 0.78539816339744828 position: -1.3962634015954636 position: 0.78539816339744828 position: 0 position: 0 position: 0 position: -0.26179938779914941 position: 0 position: -2.0943951023931953 position: 0 position: 0.52359877559829882 position: 0 position: 0 position: 0... [truncated]
[07/30/26 11:27:42.733719] [debug] [00:41:01.862924] [Service::RobotCommandService::RobotCommand]   Peer: ipv4:192.168.30.230:43022
[07/30/26 11:27:42.733887] [debug] [00:41:01.863091] [Service::RobotCommandService::RobotCommand]   IP: 192.168.30.230, Family: ipv4
[07/30/26 11:27:42.739837] [info] [00:41:01.869034] [ControlManager] Control started: {"type":"RobotCommand","control":{"type":"ComponentBasedCommand","components":{"mobility":null,"body":{"type":"BodyCommand","control":{"type":"JointPositionCommand","control":{"type":"JointPositionControl"}}},"head":{"type":"HeadCommand","control":{"type":"JointPositionCommand","control":{"type":"JointPositionControl"}}}}}} (priority: 1)
[07/30/26 11:27:47.997843] [debug] [00:41:07.127039] [ControlManager] Control finished: {"type":"RobotCommand","control":{"type":"ComponentBasedCommand","components":{"mobility":null,"body":{"type":"BodyCommand","control":{"type":"JointPositionCommand","control":{"type":"JointPositionControl"}}},"head":{"type":"HeadCommand","control":{"type":"JointPositionCommand","control":{"type":"JointPositionControl"}}}}}}
[07/30/26 11:27:47.997911] [info] [00:41:07.127110] [ControlInterface] Control completed successfully.
[07/30/26 11:27:47.997920] [debug] [00:41:07.127119] [ControlInterface::ExecutionStats] Average Control Time: 0.001 ms (max: 0.023 ms, min: 0.001 ms, sigma: 0.000 ms, count: 2630)
[07/30/26 11:27:47.998549] [debug] [00:41:07.127748] [Service] Server method called: /rb.api.RobotCommandService/RobotCommandStream
[07/30/26 11:27:47.998588] [debug] [00:41:07.127790] [Service::RobotCommandService::RobotCommandStream] Stream is created
[07/30/26 11:27:48.011616] [debug] [00:41:07.140815] [Service::RobotCommandService::RobotCommandStream] Requested: robot_command { component_based_command { mobility_command { se2_velocity_command { command_header { control_hold_time { seconds: 1 } } minimum_time { nanos: 10100000 } velocity { linear { } } acceleration_limit { linear { x: 1 y: 1 } angular: 1 } } } body_command { joint_impedance_control_command { command_header { control_hold_time { seconds: 1 } } minimum_time { nanos: 10100000 } position: -0.00012869603245916857 position: 0.78515573671106564 ... [truncated]
[07/30/26 11:27:48.011624] [debug] [00:41:07.140828] [Service::RobotCommandService::RobotCommandStream]   Peer: ipv4:192.168.30.230:43022
[07/30/26 11:27:48.011772] [debug] [00:41:07.140976] [Service::RobotCommandService::RobotCommandStream]   IP: 192.168.30.230, Family: ipv4
[07/30/26 11:27:48.017828] [info] [00:41:07.147031] [ControlManager] Control started: {"type":"RobotCommand","control":{"type":"ComponentBasedCommand","components":{"mobility":{"type":"MobilityCommand","control":{"type":"SE2VelocityCommand","control":{"type":"MobilitySE2VelocityControl"}}},"body":{"type":"BodyCommand","control":{"type":"JointImpedanceControlCommand","control":{"type":"JointImpedanceControl"}}},"head":{"type":"HeadCommand","control":{"type":"JointPositionCommand","control":{"type":"JointPositionControl"}}}}}} (priority: 1)
[07/30/26 11:27:49.302812] [debug] [00:41:08.432003] [Hardware] Hardware Loop Stat (avg: 2.000 ms, min: 1.999 ms, max: 2.001 ms, count: 15000)
[07/30/26 11:27:49.437806] [debug] [00:41:08.567003] [ControlManager] Control Manager Loop Stat (avg: 2.000 ms, min: 1.999 ms, max: 2.001 ms, count: 15000)
[07/30/26 11:27:58.015943] [debug] [00:41:17.145132] [ControlInterface::ExecutionStats] Average Control Time: 0.121 ms (max: 0.222 ms, min: 0.111 ms, sigma: 0.005 ms, count: 5000)
[07/30/26 11:28:06.680844] [debug] [00:41:25.810034] [Service] Server method called: /rb.api.RobotCommandService/RobotCommand
[07/30/26 11:28:06.680880] [debug] [00:41:25.810084] [Service::RobotCommandService::RobotCommand] Requested: robot_command { whole_body_command { stop_command { } } } priority: 99
[07/30/26 11:28:06.680884] [debug] [00:41:25.810089] [Service::RobotCommandService::RobotCommand]   Peer: ipv4:192.168.30.230:43022
[07/30/26 11:28:06.681036] [debug] [00:41:25.810239] [Service::RobotCommandService::RobotCommand]   IP: 192.168.30.230, Family: ipv4
[07/30/26 11:28:06.783988] [debug] [00:41:25.913182] [ControlManager] Control finished: {"type":"RobotCommand","control":{"type":"ComponentBasedCommand","components":{"mobility":{"type":"MobilityCommand","control":{"type":"SE2VelocityCommand","control":{"type":"MobilitySE2VelocityControl"}}},"body":{"type":"BodyCommand","control":{"type":"JointImpedanceControlCommand","control":{"type":"JointImpedanceControl"}}},"head":{"type":"HeadCommand","control":{"type":"JointPositionCommand","control":{"type":"JointPositionControl"}}}}}}
[07/30/26 11:28:06.784143] [debug] [00:41:25.913340] [Service::RobotCommandService::RobotCommandStream] OnReadDone (write_done: true, read_done: true)
[07/30/26 11:28:06.784163] [debug] [00:41:25.913362] [Service::RobotCommandService::RobotCommandStream] OnCancel
[07/30/26 11:28:06.784225] [info] [00:41:25.913426] [ControlInterface] Control was preempted or canceled by another request.
[07/30/26 11:28:06.784235] [debug] [00:41:25.913434] [ControlInterface::ExecutionStats] Average Control Time: 0.122 ms (max: 0.143 ms, min: 0.111 ms, sigma: 0.005 ms, count: 4384)
[07/30/26 11:28:06.784321] [debug] [00:41:25.913521] [Service::RobotCommandService::RobotCommandStream] OnDone: robot_command { component_based_command { mobility_command { se2_velocity_command { command_header { control_hold_time { seconds: 1 } } minimum_time { nanos: 10100000 } velocity { linear { } } acceleration_limit { linear { x: 1 y: 1 } angular: 1 } } } body_command { joint_impedance_control_command { command_header { control_hold_time { seconds: 1 } } minimum_time { nanos: 10100000 } position: 0.00089962135768546249 position: 0.81705728207280415 p... [truncated]
[07/30/26 11:28:06.785814] [info] [00:41:25.915018] [ControlManager] Control started: {"type":"RobotCommand","control":{"type":"WholeBodyCommand","control":{"type":"StopControl","control":{"type":"JointVelocityControl"}}}} (priority: 99)
[07/30/26 11:28:06.785834] [debug] [00:41:25.915040] [ControlManager] Control finished: {"type":"RobotCommand","control":{"type":"WholeBodyCommand","control":{"type":"StopControl","control":{"type":"JointVelocityControl"}}}}
[07/30/26 11:28:06.785873] [info] [00:41:25.915076] [ControlInterface] Control completed successfully.
[07/30/26 11:28:06.785880] [debug] [00:41:25.915080] [ControlInterface::ExecutionStats] Average Control Time: 0.006 ms (max: 0.006 ms, min: 0.006 ms, sigma: 0.000 ms, count: 1)
[07/30/26 11:28:06.786550] [debug] [00:41:25.915751] [Service] Server method called: /rb.api.ControlManagerService/ControlManagerCommand
[07/30/26 11:28:06.786598] [debug] [00:41:25.915801] [Service::ControlManagerService::ControlManagerCommand] Requested: request_header { request_timestamp { seconds: 1785378433 nanos: 35880374 } } command: COMMAND_DISABLE
[07/30/26 11:28:06.786602] [info] [00:41:25.915807] [ControlManager::Disable] Disable request received. Starting the disabling process...
[07/30/26 11:28:06.787815] [info] [00:41:25.917019] [ControlManager::Disable] Control Manager successfully disabled
[07/30/26 11:28:19.302813] [debug] [00:41:38.432003] [Hardware] Hardware Loop Stat (avg: 2.000 ms, min: 1.998 ms, max: 2.002 ms, count: 15000)
[07/30/26 11:28:19.437804] [debug] [00:41:38.567003] [ControlManager] Control Manager Loop Stat (avg: 2.000 ms, min: 1.999 ms, max: 2.001 ms, count: 15000)
[07/30/26 11:28:49.302813] [debug] [00:42:08.432002] [Hardware] Hardware Loop Stat (avg: 2.000 ms, min: 1.998 ms, max: 2.002 ms, count: 15000)
[07/30/26 11:28:49.437803] [debug] [00:42:08.567002] [ControlManager] Control Manager Loop Stat (avg: 2.000 ms, min: 1.998 ms, max: 2.002 ms, count: 15000)
[07/30/26 11:28:50.854220] [debug] [00:42:09.983409] [Service] Server method called: /rb.api.RobotInfoService/GetRobotInfo
[07/30/26 11:28:50.854256] [debug] [00:42:09.983459] [Service::RobotInfoService::GetRobotInfo] Requested: request_header { request_timestamp { seconds: 1785378477 nanos: 103063088 } }
[07/30/26 11:28:50.854828] [debug] [00:42:09.984029] [Service] Server method called: /rb.api.RobotStateService/GetRobotState
[07/30/26 11:28:50.854848] [debug] [00:42:09.984051] [Service::RobotStateService::GetRobotState] Requested: request_header { request_timestamp { seconds: 1785378477 nanos: 103788145 } }
[07/30/26 11:28:50.855421] [debug] [00:42:09.984621] [Service] Server method called: /rb.api.RobotInfoService/GetRobotInfo
[07/30/26 11:28:50.855438] [debug] [00:42:09.984642] [Service::RobotInfoService::GetRobotInfo] Requested: request_header { request_timestamp { seconds: 1785378477 nanos: 104361784 } }
[07/30/26 11:28:50.856118] [debug] [00:42:09.985316] [Service] Server method called: /rb.api.RobotStateService/GetRobotState
[07/30/26 11:28:50.856141] [debug] [00:42:09.985345] [Service::RobotStateService::GetRobotState] Requested: request_header { request_timestamp { seconds: 1785378477 nanos: 105069850 } }
[07/30/26 11:28:50.856722] [debug] [00:42:09.985922] [Service] Server method called: /rb.api.RobotStateService/GetControlManagerState
[07/30/26 11:28:50.856739] [debug] [00:42:09.985943] [Service::RobotStateService::GetControlManagerState] Requested: request_header { request_timestamp { seconds: 1785378477 nanos: 105656815 } }
[07/30/26 11:28:50.857222] [debug] [00:42:09.986424] [Service] Server method called: /rb.api.RobotInfoService/GetRobotInfo
[07/30/26 11:28:50.857236] [debug] [00:42:09.986441] [Service::RobotInfoService::GetRobotInfo] Requested: request_header { request_timestamp { seconds: 1785378477 nanos: 106199324 } }
[07/30/26 11:28:50.857684] [debug] [00:42:09.986885] [Service] Server method called: /rb.api.RobotStateService/GetRobotState
[07/30/26 11:28:50.857703] [debug] [00:42:09.986906] [Service::RobotStateService::GetRobotState] Requested: request_header { request_timestamp { seconds: 1785378477 nanos: 106648181 } }
[07/30/26 11:28:50.858113] [debug] [00:42:09.987315] [Service] Server method called: /rb.api.RobotStateService/GetRobotState
[07/30/26 11:28:50.858127] [debug] [00:42:09.987331] [Service::RobotStateService::GetRobotState] Requested: request_header { request_timestamp { seconds: 1785378477 nanos: 107080316 } }
[07/30/26 11:28:50.858573] [debug] [00:42:09.987775] [Service] Server method called: /rb.api.RobotInfoService/GetRobotInfo
[07/30/26 11:28:50.858588] [debug] [00:42:09.987792] [Service::RobotInfoService::GetRobotInfo] Requested: request_header { request_timestamp { seconds: 1785378477 nanos: 107555777 } }
[07/30/26 11:28:50.859119] [debug] [00:42:09.988320] [Service] Server method called: /rb.api.ControlManagerService/ControlManagerCommand
[07/30/26 11:28:50.859164] [debug] [00:42:09.988367] [Service::ControlManagerService::ControlManagerCommand] Requested: request_header { request_timestamp { seconds: 1785378477 nanos: 108080244 } } command: COMMAND_ENABLE unlimited_mode_enabled { }
[07/30/26 11:28:50.859167] [info] [00:42:09.988372] [ControlManager::Enable] Enable request received. Starting the enabling process...
[07/30/26 11:28:50.859814] [info] [00:42:09.989017] [ControlManager::Enable] Control Manager successfully enabled
[07/30/26 11:28:50.860259] [debug] [00:42:09.989461] [Service] Server method called: /rb.api.ParameterService/SetParameter
[07/30/26 11:28:50.860278] [debug] [00:42:09.989482] [Service::ParameterService::SetParameter] Requested: request_header { request_timestamp { seconds: 1785378477 nanos: 109225076 } } name: "cartesian_command.cutoff_frequency" parameter: "{\"value\":5,\"write_db\":true}"
[07/30/26 11:28:50.872253] [debug] [00:42:10.001452] [Service] Server method called: /rb.api.ParameterService/SetParameter
[07/30/26 11:28:50.872271] [debug] [00:42:10.001475] [Service::ParameterService::SetParameter] Requested: request_header { request_timestamp { seconds: 1785378477 nanos: 121209105 } } name: "default.acceleration_limit_scaling" parameter: "{\"value\":1.0,\"write_db\":true}"
[07/30/26 11:28:50.878356] [debug] [00:42:10.007557] [Service] Server method called: /rb.api.ParameterService/SetParameter
[07/30/26 11:28:50.878375] [debug] [00:42:10.007579] [Service::ParameterService::SetParameter] Requested: request_header { request_timestamp { seconds: 1785378477 nanos: 127291309 } } name: "default.angular_acceleration_limit" parameter: "{\"value\":10,\"write_db\":true}"
[07/30/26 11:28:50.886590] [debug] [00:42:10.015787] [Service] Server method called: /rb.api.ParameterService/SetParameter
[07/30/26 11:28:50.886610] [debug] [00:42:10.015814] [Service::ParameterService::SetParameter] Requested: request_header { request_timestamp { seconds: 1785378477 nanos: 135483388 } } name: "default.linear_acceleration_limit" parameter: "{\"value\":20,\"write_db\":true}"
[07/30/26 11:28:50.892572] [debug] [00:42:10.021772] [Service] Server method called: /rb.api.ParameterService/SetParameter
[07/30/26 11:28:50.892591] [debug] [00:42:10.021795] [Service::ParameterService::SetParameter] Requested: request_header { request_timestamp { seconds: 1785378477 nanos: 141476850 } } name: "joint_position_command.cutoff_frequency" parameter: "{\"value\":5,\"write_db\":true}"
[07/30/26 11:28:50.898514] [debug] [00:42:10.027713] [Service] Server method called: /rb.api.RobotCommandService/RobotCommand
[07/30/26 11:28:50.898622] [debug] [00:42:10.027824] [Service::RobotCommandService::RobotCommand] Requested: robot_command { component_based_command { body_command { joint_position_command { command_header { control_hold_time { seconds: 1 } } minimum_time { nanos: 500000000 } position: 0.013198309947253685 position: 0.83866602595499207 position: -1.3023041251291307 position: 0.4601752514549512 position: -0.0429096952571674 position: -0.017978710471877504 position: -0.586128743276096 position: -0.48860705378091085 position: -0.40451529014402149 position:... [truncated]
[07/30/26 11:28:50.898626] [debug] [00:42:10.027832] [Service::RobotCommandService::RobotCommand]   Peer: ipv4:192.168.30.230:43022
[07/30/26 11:28:50.898779] [debug] [00:42:10.027983] [Service::RobotCommandService::RobotCommand]   IP: 192.168.30.230, Family: ipv4
[07/30/26 11:28:50.903836] [info] [00:42:10.033038] [ControlManager] Control started: {"type":"RobotCommand","control":{"type":"ComponentBasedCommand","components":{"mobility":null,"body":{"type":"BodyCommand","control":{"type":"JointPositionCommand","control":{"type":"JointPositionControl"}}},"head":{"type":"HeadCommand","control":{"type":"JointPositionCommand","control":{"type":"JointPositionControl"}}}}}} (priority: 1)
[07/30/26 11:28:52.661844] [debug] [00:42:11.791040] [ControlManager] Control finished: {"type":"RobotCommand","control":{"type":"ComponentBasedCommand","components":{"mobility":null,"body":{"type":"BodyCommand","control":{"type":"JointPositionCommand","control":{"type":"JointPositionControl"}}},"head":{"type":"HeadCommand","control":{"type":"JointPositionCommand","control":{"type":"JointPositionControl"}}}}}}
[07/30/26 11:28:52.661905] [info] [00:42:11.791104] [ControlInterface] Control completed successfully.
[07/30/26 11:28:52.661915] [debug] [00:42:11.791114] [ControlInterface::ExecutionStats] Average Control Time: 0.001 ms (max: 0.025 ms, min: 0.001 ms, sigma: 0.001 ms, count: 880)
[07/30/26 11:28:52.662937] [debug] [00:42:11.792137] [Service] Server method called: /rb.api.PowerService/ToolFlangePowerCommand
[07/30/26 11:28:52.662970] [debug] [00:42:11.792174] [Service::PowerService::ToolFlangePowerCommand] Requested: request_header { request_timestamp { seconds: 1785378478 nanos: 911702183 } } name: "right" command: COMMAND_POWER_12V
[07/30/26 11:28:52.662975] [debug] [00:42:11.792180] [Service::PowerService::ToolFlangePowerCommand] Result: Success
[07/30/26 11:28:52.664277] [debug] [00:42:11.793467] [Service] Server method called: /rb.api.PowerService/ToolFlangePowerCommand
[07/30/26 11:28:52.664308] [debug] [00:42:11.793512] [Service::PowerService::ToolFlangePowerCommand] Requested: request_header { request_timestamp { seconds: 1785378478 nanos: 913082828 } } name: "left" command: COMMAND_POWER_12V
[07/30/26 11:28:52.664313] [debug] [00:42:11.793518] [Service::PowerService::ToolFlangePowerCommand] Result: Success
[07/30/26 11:28:53.793914] [debug] [00:42:12.923105] [Service] Server method called: /rb.api.RobotCommandService/RobotCommand
[07/30/26 11:28:53.793987] [debug] [00:42:12.923188] [Service::RobotCommandService::RobotCommand] Requested: robot_command { component_based_command { body_command { joint_position_command { command_header { control_hold_time { seconds: 1 } } minimum_time { seconds: 4 } position: 0 position: 0.78539816339744828 position: -1.3962634015954636 position: 0.78539816339744828 position: 0 position: 0 position: 0 position: -0.26179938779914941 position: 0 position: -2.0943951023931953 position: 0 position: 0.52359877559829882 position: 0 position: 0 position: 0... [truncated]
[07/30/26 11:28:53.793990] [debug] [00:42:12.923195] [Service::RobotCommandService::RobotCommand]   Peer: ipv4:192.168.30.230:43022
[07/30/26 11:28:53.794144] [debug] [00:42:12.923348] [Service::RobotCommandService::RobotCommand]   IP: 192.168.30.230, Family: ipv4
[07/30/26 11:28:53.799832] [info] [00:42:12.929031] [ControlManager] Control started: {"type":"RobotCommand","control":{"type":"ComponentBasedCommand","components":{"mobility":null,"body":{"type":"BodyCommand","control":{"type":"JointPositionCommand","control":{"type":"JointPositionControl"}}},"head":{"type":"HeadCommand","control":{"type":"JointPositionCommand","control":{"type":"JointPositionControl"}}}}}} (priority: 1)
[07/30/26 11:28:59.057847] [debug] [00:42:18.187041] [ControlManager] Control finished: {"type":"RobotCommand","control":{"type":"ComponentBasedCommand","components":{"mobility":null,"body":{"type":"BodyCommand","control":{"type":"JointPositionCommand","control":{"type":"JointPositionControl"}}},"head":{"type":"HeadCommand","control":{"type":"JointPositionCommand","control":{"type":"JointPositionControl"}}}}}}
[07/30/26 11:28:59.057906] [info] [00:42:18.187105] [ControlInterface] Control completed successfully.
[07/30/26 11:28:59.057916] [debug] [00:42:18.187114] [ControlInterface::ExecutionStats] Average Control Time: 0.001 ms (max: 0.019 ms, min: 0.001 ms, sigma: 0.000 ms, count: 2630)
[07/30/26 11:28:59.059135] [debug] [00:42:18.188336] [Service] Server method called: /rb.api.RobotCommandService/RobotCommandStream
[07/30/26 11:28:59.059147] [debug] [00:42:18.188351] [Service::RobotCommandService::RobotCommandStream] Stream is created
[07/30/26 11:28:59.072458] [debug] [00:42:18.201657] [Service::RobotCommandService::RobotCommandStream] Requested: robot_command { component_based_command { mobility_command { se2_velocity_command { command_header { control_hold_time { seconds: 1 } } minimum_time { nanos: 10100000 } velocity { linear { } } acceleration_limit { linear { x: 1 y: 1 } angular: 1 } } } body_command { joint_impedance_control_command { command_header { control_hold_time { seconds: 1 } } minimum_time { nanos: 10100000 } position: -0.00016406168823191665 position: 0.7851770142125184 p... [truncated]
[07/30/26 11:28:59.072465] [debug] [00:42:18.201670] [Service::RobotCommandService::RobotCommandStream]   Peer: ipv4:192.168.30.230:43022
[07/30/26 11:28:59.072639] [debug] [00:42:18.201842] [Service::RobotCommandService::RobotCommandStream]   IP: 192.168.30.230, Family: ipv4
[07/30/26 11:28:59.077827] [info] [00:42:18.207031] [ControlManager] Control started: {"type":"RobotCommand","control":{"type":"ComponentBasedCommand","components":{"mobility":{"type":"MobilityCommand","control":{"type":"SE2VelocityCommand","control":{"type":"MobilitySE2VelocityControl"}}},"body":{"type":"BodyCommand","control":{"type":"JointImpedanceControlCommand","control":{"type":"JointImpedanceControl"}}},"head":{"type":"HeadCommand","control":{"type":"JointPositionCommand","control":{"type":"JointPositionControl"}}}}}} (priority: 1)
[07/30/26 11:29:09.075947] [debug] [00:42:28.205134] [ControlInterface::ExecutionStats] Average Control Time: 0.120 ms (max: 0.203 ms, min: 0.110 ms, sigma: 0.005 ms, count: 5000)
[07/30/26 11:29:17.548898] [debug] [00:42:36.678089] [Service] Server method called: /rb.api.RobotCommandService/RobotCommand
[07/30/26 11:29:17.548933] [debug] [00:42:36.678137] [Service::RobotCommandService::RobotCommand] Requested: robot_command { whole_body_command { stop_command { } } } priority: 99
[07/30/26 11:29:17.548936] [debug] [00:42:36.678141] [Service::RobotCommandService::RobotCommand]   Peer: ipv4:192.168.30.230:43022
[07/30/26 11:29:17.549103] [debug] [00:42:36.678306] [Service::RobotCommandService::RobotCommand]   IP: 192.168.30.230, Family: ipv4
[07/30/26 11:29:17.651983] [debug] [00:42:36.781178] [ControlManager] Control finished: {"type":"RobotCommand","control":{"type":"ComponentBasedCommand","components":{"mobility":{"type":"MobilityCommand","control":{"type":"SE2VelocityCommand","control":{"type":"MobilitySE2VelocityControl"}}},"body":{"type":"BodyCommand","control":{"type":"JointImpedanceControlCommand","control":{"type":"JointImpedanceControl"}}},"head":{"type":"HeadCommand","control":{"type":"JointPositionCommand","control":{"type":"JointPositionControl"}}}}}}
[07/30/26 11:29:17.652089] [debug] [00:42:36.781288] [Service::RobotCommandService::RobotCommandStream] OnReadDone (write_done: true, read_done: true)
[07/30/26 11:29:17.652118] [debug] [00:42:36.781319] [Service::RobotCommandService::RobotCommandStream] OnCancel
[07/30/26 11:29:17.652163] [info] [00:42:36.781362] [ControlInterface] Control was preempted or canceled by another request.
[07/30/26 11:29:17.652174] [debug] [00:42:36.781372] [ControlInterface::ExecutionStats] Average Control Time: 0.122 ms (max: 0.143 ms, min: 0.111 ms, sigma: 0.005 ms, count: 4288)
[07/30/26 11:29:17.652284] [debug] [00:42:36.781486] [Service::RobotCommandService::RobotCommandStream] OnDone: robot_command { component_based_command { mobility_command { se2_velocity_command { command_header { control_hold_time { seconds: 1 } } minimum_time { nanos: 10100000 } velocity { linear { } } acceleration_limit { linear { x: 1 y: 1 } angular: 1 } } } body_command { joint_impedance_control_command { command_header { control_hold_time { seconds: 1 } } minimum_time { nanos: 10100000 } position: 0.0061825153778536516 position: 0.81185113436226553 po... [truncated]
[07/30/26 11:29:17.653814] [info] [00:42:36.783019] [ControlManager] Control started: {"type":"RobotCommand","control":{"type":"WholeBodyCommand","control":{"type":"StopControl","control":{"type":"JointVelocityControl"}}}} (priority: 99)
[07/30/26 11:29:17.653834] [debug] [00:42:36.783040] [ControlManager] Control finished: {"type":"RobotCommand","control":{"type":"WholeBodyCommand","control":{"type":"StopControl","control":{"type":"JointVelocityControl"}}}}
[07/30/26 11:29:17.653870] [info] [00:42:36.783073] [ControlInterface] Control completed successfully.
[07/30/26 11:29:17.653875] [debug] [00:42:36.783078] [ControlInterface::ExecutionStats] Average Control Time: 0.005 ms (max: 0.005 ms, min: 0.005 ms, sigma: 0.000 ms, count: 1)
[07/30/26 11:29:17.654705] [debug] [00:42:36.783905] [Service] Server method called: /rb.api.ControlManagerService/ControlManagerCommand
[07/30/26 11:29:17.654729] [debug] [00:42:36.783934] [Service::ControlManagerService::ControlManagerCommand] Requested: request_header { request_timestamp { seconds: 1785378503 nanos: 903239804 } } command: COMMAND_DISABLE
[07/30/26 11:29:17.654732] [info] [00:42:36.783938] [ControlManager::Disable] Disable request received. Starting the disabling process...
[07/30/26 11:29:17.655812] [info] [00:42:36.785017] [ControlManager::Disable] Control Manager successfully disabled
[07/30/26 11:29:19.302812] [debug] [00:42:38.432003] [Hardware] Hardware Loop Stat (avg: 2.000 ms, min: 1.999 ms, max: 2.001 ms, count: 15000)
[07/30/26 11:29:19.437803] [debug] [00:42:38.567003] [ControlManager] Control Manager Loop Stat (avg: 2.000 ms, min: 1.999 ms, max: 2.001 ms, count: 15000)
[07/30/26 11:29:49.302813] [debug] [00:43:08.432003] [Hardware] Hardware Loop Stat (avg: 2.000 ms, min: 1.999 ms, max: 2.001 ms, count: 15000)
[07/30/26 11:29:49.437803] [debug] [00:43:08.567002] [ControlManager] Control Manager Loop Stat (avg: 2.000 ms, min: 1.999 ms, max: 2.001 ms, count: 15000)
[07/30/26 11:30:19.302812] [debug] [00:43:38.432003] [Hardware] Hardware Loop Stat (avg: 2.000 ms, min: 1.999 ms, max: 2.001 ms, count: 15000)
[07/30/26 11:30:19.437802] [debug] [00:43:38.567002] [ControlManager] Control Manager Loop Stat (avg: 2.000 ms, min: 1.999 ms, max: 2.001 ms, count: 15000)
[07/30/26 11:30:49.302814] [debug] [00:44:08.432002] [Hardware] Hardware Loop Stat (avg: 2.000 ms, min: 1.998 ms, max: 2.002 ms, count: 15000)
[07/30/26 11:30:49.437801] [debug] [00:44:08.567002] [ControlManager] Control Manager Loop Stat (avg: 2.000 ms, min: 1.999 ms, max: 2.001 ms, count: 15000)
[07/30/26 11:31:19.302811] [debug] [00:44:38.432003] [Hardware] Hardware Loop Stat (avg: 2.000 ms, min: 1.999 ms, max: 2.001 ms, count: 15000)
[07/30/26 11:31:19.437801] [debug] [00:44:38.567002] [ControlManager] Control Manager Loop Stat (avg: 2.000 ms, min: 1.998 ms, max: 2.002 ms, count: 15000)
[07/30/26 11:31:49.302811] [debug] [00:45:08.432002] [Hardware] Hardware Loop Stat (avg: 2.000 ms, min: 1.998 ms, max: 2.002 ms, count: 15000)
[07/30/26 11:31:49.437802] [debug] [00:45:08.567002] [ControlManager] Control Manager Loop Stat (avg: 2.000 ms, min: 1.998 ms, max: 2.002 ms, count: 15000)
[07/30/26 11:32:19.302811] [debug] [00:45:38.432003] [Hardware] Hardware Loop Stat (avg: 2.000 ms, min: 1.998 ms, max: 2.002 ms, count: 15000)
[07/30/26 11:32:19.437802] [debug] [00:45:38.567002] [ControlManager] Control Manager Loop Stat (avg: 2.000 ms, min: 1.999 ms, max: 2.001 ms, count: 15000)
[07/30/26 11:32:49.302812] [debug] [00:46:08.432003] [Hardware] Hardware Loop Stat (avg: 2.000 ms, min: 1.998 ms, max: 2.002 ms, count: 15000)
[07/30/26 11:32:49.437802] [debug] [00:46:08.567002] [ControlManager] Control Manager Loop Stat (avg: 2.000 ms, min: 1.998 ms, max: 2.001 ms, count: 15000)
[07/30/26 11:33:19.302812] [debug] [00:46:38.432003] [Hardware] Hardware Loop Stat (avg: 2.000 ms, min: 1.998 ms, max: 2.002 ms, count: 15000)
[07/30/26 11:33:19.437802] [debug] [00:46:38.567002] [ControlManager] Control Manager Loop Stat (avg: 2.000 ms, min: 1.998 ms, max: 2.002 ms, count: 15000)
[07/30/26 11:33:49.302813] [debug] [00:47:08.432003] [Hardware] Hardware Loop Stat (avg: 2.000 ms, min: 1.998 ms, max: 2.002 ms, count: 15000)
[07/30/26 11:33:49.437802] [debug] [00:47:08.567002] [ControlManager] Control Manager Loop Stat (avg: 2.000 ms, min: 1.999 ms, max: 2.001 ms, count: 15000)
[07/30/26 11:34:19.302811] [debug] [00:47:38.432003] [Hardware] Hardware Loop Stat (avg: 2.000 ms, min: 1.999 ms, max: 2.001 ms, count: 15000)
[07/30/26 11:34:19.437801] [debug] [00:47:38.567002] [ControlManager] Control Manager Loop Stat (avg: 2.000 ms, min: 1.999 ms, max: 2.001 ms, count: 15000)
[07/30/26 11:34:49.302810] [debug] [00:48:08.432003] [Hardware] Hardware Loop Stat (avg: 2.000 ms, min: 1.999 ms, max: 2.001 ms, count: 15000)
[07/30/26 11:34:49.437802] [debug] [00:48:08.567002] [ControlManager] Control Manager Loop Stat (avg: 2.000 ms, min: 1.998 ms, max: 2.002 ms, count: 15000)
[07/30/26 11:35:19.302813] [debug] [00:48:38.432003] [Hardware] Hardware Loop Stat (avg: 2.000 ms, min: 1.999 ms, max: 2.001 ms, count: 15000)
[07/30/26 11:35:19.437802] [debug] [00:48:38.567002] [ControlManager] Control Manager Loop Stat (avg: 2.000 ms, min: 1.999 ms, max: 2.001 ms, count: 15000)
[07/30/26 11:35:49.302812] [debug] [00:49:08.432003] [Hardware] Hardware Loop Stat (avg: 2.000 ms, min: 1.999 ms, max: 2.001 ms, count: 15000)
[07/30/26 11:35:49.437801] [debug] [00:49:08.567002] [ControlManager] Control Manager Loop Stat (avg: 2.000 ms, min: 1.998 ms, max: 2.002 ms, count: 15000)
[07/30/26 11:36:19.302812] [debug] [00:49:38.432003] [Hardware] Hardware Loop Stat (avg: 2.000 ms, min: 1.999 ms, max: 2.001 ms, count: 15000)
[07/30/26 11:36:19.437802] [debug] [00:49:38.567002] [ControlManager] Control Manager Loop Stat (avg: 2.000 ms, min: 1.999 ms, max: 2.001 ms, count: 15000)
[07/30/26 11:36:49.302812] [debug] [00:50:08.432003] [Hardware] Hardware Loop Stat (avg: 2.000 ms, min: 1.999 ms, max: 2.001 ms, count: 15000)
[07/30/26 11:36:49.437802] [debug] [00:50:08.567002] [ControlManager] Control Manager Loop Stat (avg: 2.000 ms, min: 1.999 ms, max: 2.001 ms, count: 15000)
[07/30/26 11:37:19.302810] [debug] [00:50:38.432003] [Hardware] Hardware Loop Stat (avg: 2.000 ms, min: 1.999 ms, max: 2.002 ms, count: 15000)
[07/30/26 11:37:19.437801] [debug] [00:50:38.567002] [ControlManager] Control Manager Loop Stat (avg: 2.000 ms, min: 1.999 ms, max: 2.001 ms, count: 15000)
[07/30/26 11:37:49.302810] [debug] [00:51:08.432003] [Hardware] Hardware Loop Stat (avg: 2.000 ms, min: 1.998 ms, max: 2.002 ms, count: 15000)
[07/30/26 11:37:49.437801] [debug] [00:51:08.567002] [ControlManager] Control Manager Loop Stat (avg: 2.000 ms, min: 1.998 ms, max: 2.001 ms, count: 15000)
[07/30/26 11:38:19.302811] [debug] [00:51:38.432003] [Hardware] Hardware Loop Stat (avg: 2.000 ms, min: 1.999 ms, max: 2.001 ms, count: 15000)
[07/30/26 11:38:19.437799] [debug] [00:51:38.567002] [ControlManager] Control Manager Loop Stat (avg: 2.000 ms, min: 1.999 ms, max: 2.001 ms, count: 15000)
[07/30/26 11:38:49.302809] [debug] [00:52:08.432003] [Hardware] Hardware Loop Stat (avg: 2.000 ms, min: 1.998 ms, max: 2.002 ms, count: 15000)
[07/30/26 11:38:49.437800] [debug] [00:52:08.567002] [ControlManager] Control Manager Loop Stat (avg: 2.000 ms, min: 1.999 ms, max: 2.001 ms, count: 15000)
[07/30/26 11:39:19.302810] [debug] [00:52:38.432002] [Hardware] Hardware Loop Stat (avg: 2.000 ms, min: 1.999 ms, max: 2.001 ms, count: 15000)
[07/30/26 11:39:19.437799] [debug] [00:52:38.567002] [ControlManager] Control Manager Loop Stat (avg: 2.000 ms, min: 1.998 ms, max: 2.002 ms, count: 15000)
[07/30/26 11:39:49.302811] [debug] [00:53:08.432003] [Hardware] Hardware Loop Stat (avg: 2.000 ms, min: 1.998 ms, max: 2.002 ms, count: 15000)
[07/30/26 11:39:49.437799] [debug] [00:53:08.567002] [ControlManager] Control Manager Loop Stat (avg: 2.000 ms, min: 1.999 ms, max: 2.001 ms, count: 15000)
[07/30/26 11:40:11.348023] [debug] [00:53:30.477215] [Service] Server method called: /rb.api.RobotInfoService/GetRobotModel
[07/30/26 11:40:11.348058] [debug] [00:53:30.477262] [Service::RobotInfoService::GetRobotModel] Requested: request_header { request_timestamp { seconds: 1785379157 nanos: 607555843 } }
[07/30/26 11:40:11.352526] [debug] [00:53:30.481726] [Service] Server method called: /rb.api.RobotStateService/GetRobotStateStream
[07/30/26 11:40:11.352556] [debug] [00:53:30.481759] [Service::RobotStateService::GetRobotStateStream] Requested: request_header { request_timestamp { seconds: 1785379157 nanos: 612381792 } } update_rate: 100
[07/30/26 11:40:19.302810] [debug] [00:53:38.432003] [Hardware] Hardware Loop Stat (avg: 2.000 ms, min: 1.999 ms, max: 2.001 ms, count: 15000)
[07/30/26 11:40:19.437800] [debug] [00:53:38.567002] [ControlManager] Control Manager Loop Stat (avg: 2.000 ms, min: 1.998 ms, max: 2.002 ms, count: 15000)
[07/30/26 11:40:49.302810] [debug] [00:54:08.432003] [Hardware] Hardware Loop Stat (avg: 2.000 ms, min: 1.998 ms, max: 2.002 ms, count: 15000)
[07/30/26 11:40:49.437799] [debug] [00:54:08.567002] [ControlManager] Control Manager Loop Stat (avg: 2.000 ms, min: 1.998 ms, max: 2.002 ms, count: 15000)
[07/30/26 11:41:19.302810] [debug] [00:54:38.432003] [Hardware] Hardware Loop Stat (avg: 2.000 ms, min: 1.998 ms, max: 2.002 ms, count: 15000)
[07/30/26 11:41:19.437799] [debug] [00:54:38.567002] [ControlManager] Control Manager Loop Stat (avg: 2.000 ms, min: 1.998 ms, max: 2.002 ms, count: 15000)
[07/30/26 11:41:39.538088] [debug] [00:54:58.667280] [Service] Server method called: /rb.api.RobotInfoService/GetRobotModel
[07/30/26 11:41:39.538122] [debug] [00:54:58.667326] [Service::RobotInfoService::GetRobotModel] Requested: request_header { request_timestamp { seconds: 1785379245 nanos: 763695633 } }
[07/30/26 11:41:39.541365] [debug] [00:54:58.670566] [Service] Server method called: /rb.api.RobotStateService/GetRobotStateStream
[07/30/26 11:41:39.541395] [debug] [00:54:58.670599] [Service::RobotStateService::GetRobotStateStream] Requested: request_header { request_timestamp { seconds: 1785379245 nanos: 767184954 } } update_rate: 100
[07/30/26 11:41:49.302809] [debug] [00:55:08.432002] [Hardware] Hardware Loop Stat (avg: 2.000 ms, min: 1.997 ms, max: 2.002 ms, count: 15000)
[07/30/26 11:41:49.437799] [debug] [00:55:08.567002] [ControlManager] Control Manager Loop Stat (avg: 2.000 ms, min: 1.999 ms, max: 2.001 ms, count: 15000)
[07/30/26 11:42:19.302809] [debug] [00:55:38.432003] [Hardware] Hardware Loop Stat (avg: 2.000 ms, min: 1.999 ms, max: 2.001 ms, count: 15000)
[07/30/26 11:42:19.437800] [debug] [00:55:38.567002] [ControlManager] Control Manager Loop Stat (avg: 2.000 ms, min: 1.998 ms, max: 2.002 ms, count: 15000)
[07/30/26 11:42:49.302810] [debug] [00:56:08.432003] [Hardware] Hardware Loop Stat (avg: 2.000 ms, min: 1.999 ms, max: 2.001 ms, count: 15000)
[07/30/26 11:42:49.437799] [debug] [00:56:08.567002] [ControlManager] Control Manager Loop Stat (avg: 2.000 ms, min: 1.999 ms, max: 2.001 ms, count: 15000)
[07/30/26 11:43:19.302809] [debug] [00:56:38.432002] [Hardware] Hardware Loop Stat (avg: 2.000 ms, min: 1.998 ms, max: 2.002 ms, count: 15000)
[07/30/26 11:43:19.437799] [debug] [00:56:38.567002] [ControlManager] Control Manager Loop Stat (avg: 2.000 ms, min: 1.998 ms, max: 2.003 ms, count: 15000)
[07/30/26 11:43:47.595108] [debug] [00:57:06.724301] [Service] Server method called: /rb.api.RobotInfoService/GetRobotInfo
[07/30/26 11:43:47.595143] [debug] [00:57:06.724347] [Service::RobotInfoService::GetRobotInfo] Requested: request_header { request_timestamp { seconds: 1785379373 nanos: 836585019 } }
[07/30/26 11:43:47.595779] [debug] [00:57:06.724976] [Service] Server method called: /rb.api.RobotStateService/GetRobotState
[07/30/26 11:43:47.595807] [debug] [00:57:06.725011] [Service::RobotStateService::GetRobotState] Requested: request_header { request_timestamp { seconds: 1785379373 nanos: 837326974 } }
[07/30/26 11:43:47.596422] [debug] [00:57:06.725621] [Service] Server method called: /rb.api.RobotInfoService/GetRobotInfo
[07/30/26 11:43:47.596441] [debug] [00:57:06.725645] [Service::RobotInfoService::GetRobotInfo] Requested: request_header { request_timestamp { seconds: 1785379373 nanos: 838021793 } }
[07/30/26 11:43:47.597059] [debug] [00:57:06.726259] [Service] Server method called: /rb.api.RobotStateService/GetRobotState
[07/30/26 11:43:47.597102] [debug] [00:57:06.726305] [Service::RobotStateService::GetRobotState] Requested: request_header { request_timestamp { seconds: 1785379373 nanos: 838632289 } }
[07/30/26 11:43:47.597650] [debug] [00:57:06.726852] [Service] Server method called: /rb.api.RobotStateService/GetControlManagerState
[07/30/26 11:43:47.597668] [debug] [00:57:06.726872] [Service::RobotStateService::GetControlManagerState] Requested: request_header { request_timestamp { seconds: 1785379373 nanos: 839261070 } }
[07/30/26 11:43:47.597999] [debug] [00:57:06.727201] [Service] Server method called: /rb.api.RobotInfoService/GetRobotInfo
[07/30/26 11:43:47.598013] [debug] [00:57:06.727217] [Service::RobotInfoService::GetRobotInfo] Requested: request_header { request_timestamp { seconds: 1785379373 nanos: 839621135 } }
[07/30/26 11:43:47.598632] [debug] [00:57:06.727833] [Service] Server method called: /rb.api.RobotStateService/GetRobotState
[07/30/26 11:43:47.598647] [debug] [00:57:06.727851] [Service::RobotStateService::GetRobotState] Requested: request_header { request_timestamp { seconds: 1785379373 nanos: 840225517 } }
[07/30/26 11:43:47.599172] [debug] [00:57:06.728374] [Service] Server method called: /rb.api.RobotStateService/GetRobotState
[07/30/26 11:43:47.599187] [debug] [00:57:06.728391] [Service::RobotStateService::GetRobotState] Requested: request_header { request_timestamp { seconds: 1785379373 nanos: 840792928 } }
[07/30/26 11:43:47.599564] [debug] [00:57:06.728766] [Service] Server method called: /rb.api.RobotInfoService/GetRobotInfo
[07/30/26 11:43:47.599577] [debug] [00:57:06.728781] [Service::RobotInfoService::GetRobotInfo] Requested: request_header { request_timestamp { seconds: 1785379373 nanos: 841207945 } }
[07/30/26 11:43:47.600152] [debug] [00:57:06.729351] [Service] Server method called: /rb.api.ControlManagerService/ControlManagerCommand
[07/30/26 11:43:47.600173] [debug] [00:57:06.729378] [Service::ControlManagerService::ControlManagerCommand] Requested: request_header { request_timestamp { seconds: 1785379373 nanos: 841745200 } } command: COMMAND_ENABLE unlimited_mode_enabled { }
[07/30/26 11:43:47.600176] [info] [00:57:06.729382] [ControlManager::Enable] Enable request received. Starting the enabling process...
[07/30/26 11:43:47.601808] [info] [00:57:06.731014] [ControlManager::Enable] Control Manager successfully enabled
[07/30/26 11:43:47.602166] [debug] [00:57:06.731368] [Service] Server method called: /rb.api.ParameterService/SetParameter
[07/30/26 11:43:47.602185] [debug] [00:57:06.731389] [Service::ParameterService::SetParameter] Requested: request_header { request_timestamp { seconds: 1785379373 nanos: 843757941 } } name: "cartesian_command.cutoff_frequency" parameter: "{\"value\":5,\"write_db\":true}"
[07/30/26 11:43:47.608858] [debug] [00:57:06.738058] [Service] Server method called: /rb.api.ParameterService/SetParameter
[07/30/26 11:43:47.608876] [debug] [00:57:06.738080] [Service::ParameterService::SetParameter] Requested: request_header { request_timestamp { seconds: 1785379373 nanos: 850408359 } } name: "default.acceleration_limit_scaling" parameter: "{\"value\":1.0,\"write_db\":true}"
[07/30/26 11:43:47.614610] [debug] [00:57:06.743810] [Service] Server method called: /rb.api.ParameterService/SetParameter
[07/30/26 11:43:47.614636] [debug] [00:57:06.743840] [Service::ParameterService::SetParameter] Requested: request_header { request_timestamp { seconds: 1785379373 nanos: 856187812 } } name: "default.angular_acceleration_limit" parameter: "{\"value\":10,\"write_db\":true}"
[07/30/26 11:43:47.620727] [debug] [00:57:06.749928] [Service] Server method called: /rb.api.ParameterService/SetParameter
[07/30/26 11:43:47.620744] [debug] [00:57:06.749948] [Service::ParameterService::SetParameter] Requested: request_header { request_timestamp { seconds: 1785379373 nanos: 862307811 } } name: "default.linear_acceleration_limit" parameter: "{\"value\":20,\"write_db\":true}"
[07/30/26 11:43:47.626869] [debug] [00:57:06.756071] [Service] Server method called: /rb.api.ParameterService/SetParameter
[07/30/26 11:43:47.626886] [debug] [00:57:06.756090] [Service::ParameterService::SetParameter] Requested: request_header { request_timestamp { seconds: 1785379373 nanos: 868438242 } } name: "joint_position_command.cutoff_frequency" parameter: "{\"value\":5,\"write_db\":true}"
[07/30/26 11:43:47.632758] [debug] [00:57:06.761962] [Service] Server method called: /rb.api.RobotCommandService/RobotCommand
[07/30/26 11:43:47.632831] [debug] [00:57:06.762035] [Service::RobotCommandService::RobotCommand] Requested: robot_command { component_based_command { body_command { joint_position_command { command_header { control_hold_time { seconds: 1 } } minimum_time { nanos: 500000000 } position: 0.011911132999003111 position: 0.83856350743698982 position: -1.3018029234855641 position: 0.45924499082863446 position: -0.04359694902599736 position: -0.018821640508784959 position: -0.59261398878527594 position: -0.50707557494991018 position: -0.39443430254046608 posit... [truncated]
[07/30/26 11:43:47.632833] [debug] [00:57:06.762039] [Service::RobotCommandService::RobotCommand]   Peer: ipv4:192.168.30.230:49724
[07/30/26 11:43:47.632967] [debug] [00:57:06.762172] [Service::RobotCommandService::RobotCommand]   IP: 192.168.30.230, Family: ipv4
[07/30/26 11:43:47.637836] [info] [00:57:06.767038] [ControlManager] Control started: {"type":"RobotCommand","control":{"type":"ComponentBasedCommand","components":{"mobility":null,"body":{"type":"BodyCommand","control":{"type":"JointPositionCommand","control":{"type":"JointPositionControl"}}},"head":{"type":"HeadCommand","control":{"type":"JointPositionCommand","control":{"type":"JointPositionControl"}}}}}} (priority: 1)
[07/30/26 11:43:49.302809] [debug] [00:57:08.432003] [Hardware] Hardware Loop Stat (avg: 2.000 ms, min: 1.999 ms, max: 2.001 ms, count: 15000)
[07/30/26 11:43:49.395836] [debug] [00:57:08.525038] [ControlManager] Control finished: {"type":"RobotCommand","control":{"type":"ComponentBasedCommand","components":{"mobility":null,"body":{"type":"BodyCommand","control":{"type":"JointPositionCommand","control":{"type":"JointPositionControl"}}},"head":{"type":"HeadCommand","control":{"type":"JointPositionCommand","control":{"type":"JointPositionControl"}}}}}}
[07/30/26 11:43:49.395890] [info] [00:57:08.525091] [ControlInterface] Control completed successfully.
[07/30/26 11:43:49.395897] [debug] [00:57:08.525098] [ControlInterface::ExecutionStats] Average Control Time: 0.001 ms (max: 0.029 ms, min: 0.001 ms, sigma: 0.001 ms, count: 880)
[07/30/26 11:43:49.396677] [debug] [00:57:08.525877] [Service] Server method called: /rb.api.PowerService/ToolFlangePowerCommand
[07/30/26 11:43:49.396706] [debug] [00:57:08.525910] [Service::PowerService::ToolFlangePowerCommand] Requested: request_header { request_timestamp { seconds: 1785379375 nanos: 638528423 } } name: "right" command: COMMAND_POWER_12V
[07/30/26 11:43:49.396712] [debug] [00:57:08.525917] [Service::PowerService::ToolFlangePowerCommand] Result: Success
[07/30/26 11:43:49.397093] [debug] [00:57:08.526296] [Service] Server method called: /rb.api.PowerService/ToolFlangePowerCommand
[07/30/26 11:43:49.397110] [debug] [00:57:08.526314] [Service::PowerService::ToolFlangePowerCommand] Requested: request_header { request_timestamp { seconds: 1785379375 nanos: 639045995 } } name: "left" command: COMMAND_POWER_12V
[07/30/26 11:43:49.397113] [debug] [00:57:08.526318] [Service::PowerService::ToolFlangePowerCommand] Result: Success
[07/30/26 11:43:49.437799] [debug] [00:57:08.567002] [ControlManager] Control Manager Loop Stat (avg: 2.000 ms, min: 1.998 ms, max: 2.002 ms, count: 15000)
[07/30/26 11:44:05.923361] [debug] [00:57:25.052553] [Service] Server method called: /rb.api.RobotCommandService/RobotCommand
[07/30/26 11:44:05.923436] [debug] [00:57:25.052637] [Service::RobotCommandService::RobotCommand] Requested: robot_command { component_based_command { body_command { joint_position_command { command_header { control_hold_time { seconds: 1 } } minimum_time { seconds: 4 } position: 0 position: 0.78539816339744828 position: -1.3962634015954636 position: 0.78539816339744828 position: 0 position: 0 position: 0 position: -0.26179938779914941 position: 0 position: -2.0943951023931953 position: 0 position: 0.52359877559829882 position: 0 position: 0 position: 0... [truncated]
[07/30/26 11:44:05.923441] [debug] [00:57:25.052646] [Service::RobotCommandService::RobotCommand]   Peer: ipv4:192.168.30.230:49724
[07/30/26 11:44:05.923601] [debug] [00:57:25.052805] [Service::RobotCommandService::RobotCommand]   IP: 192.168.30.230, Family: ipv4
[07/30/26 11:44:05.927834] [info] [00:57:25.057033] [ControlManager] Control started: {"type":"RobotCommand","control":{"type":"ComponentBasedCommand","components":{"mobility":null,"body":{"type":"BodyCommand","control":{"type":"JointPositionCommand","control":{"type":"JointPositionControl"}}},"head":{"type":"HeadCommand","control":{"type":"JointPositionCommand","control":{"type":"JointPositionControl"}}}}}} (priority: 1)
[07/30/26 11:44:11.185841] [debug] [00:57:30.315038] [ControlManager] Control finished: {"type":"RobotCommand","control":{"type":"ComponentBasedCommand","components":{"mobility":null,"body":{"type":"BodyCommand","control":{"type":"JointPositionCommand","control":{"type":"JointPositionControl"}}},"head":{"type":"HeadCommand","control":{"type":"JointPositionCommand","control":{"type":"JointPositionControl"}}}}}}
[07/30/26 11:44:11.185904] [info] [00:57:30.315103] [ControlInterface] Control completed successfully.
[07/30/26 11:44:11.185913] [debug] [00:57:30.315112] [ControlInterface::ExecutionStats] Average Control Time: 0.001 ms (max: 0.022 ms, min: 0.001 ms, sigma: 0.000 ms, count: 2630)
[07/30/26 11:44:11.186546] [debug] [00:57:30.315746] [Service] Server method called: /rb.api.RobotCommandService/RobotCommandStream
[07/30/26 11:44:11.186568] [debug] [00:57:30.315771] [Service::RobotCommandService::RobotCommandStream] Stream is created
[07/30/26 11:44:11.260586] [debug] [00:57:30.389757] [Service::RobotCommandService::RobotCommandStream] Requested: robot_command { component_based_command { mobility_command { se2_velocity_command { command_header { control_hold_time { seconds: 1 } } minimum_time { nanos: 10100000 } velocity { linear { } } acceleration_limit { linear { x: 1 y: 1 } angular: 1 } } } body_command { joint_impedance_control_command { command_header { control_hold_time { seconds: 1 } } minimum_time { nanos: 10100000 } position: -0.00012525515060162157 position: 0.78510470388587283 ... [truncated]
[07/30/26 11:44:11.260594] [debug] [00:57:30.389799] [Service::RobotCommandService::RobotCommandStream]   Peer: ipv4:192.168.30.230:49724
[07/30/26 11:44:11.260759] [debug] [00:57:30.389963] [Service::RobotCommandService::RobotCommandStream]   IP: 192.168.30.230, Family: ipv4
[07/30/26 11:44:11.265827] [info] [00:57:30.395031] [ControlManager] Control started: {"type":"RobotCommand","control":{"type":"ComponentBasedCommand","components":{"mobility":{"type":"MobilityCommand","control":{"type":"SE2VelocityCommand","control":{"type":"MobilitySE2VelocityControl"}}},"body":{"type":"BodyCommand","control":{"type":"JointImpedanceControlCommand","control":{"type":"JointImpedanceControl"}}},"head":{"type":"HeadCommand","control":{"type":"JointPositionCommand","control":{"type":"JointPositionControl"}}}}}} (priority: 1)
[07/30/26 11:44:19.302811] [debug] [00:57:38.432003] [Hardware] Hardware Loop Stat (avg: 2.000 ms, min: 1.999 ms, max: 2.001 ms, count: 15000)
[07/30/26 11:44:19.437805] [debug] [00:57:38.567003] [ControlManager] Control Manager Loop Stat (avg: 2.000 ms, min: 1.999 ms, max: 2.001 ms, count: 15000)
[07/30/26 11:44:21.263950] [debug] [00:57:40.393139] [ControlInterface::ExecutionStats] Average Control Time: 0.121 ms (max: 0.208 ms, min: 0.111 ms, sigma: 0.005 ms, count: 5000)
[07/30/26 11:44:31.263937] [debug] [00:57:50.393129] [ControlInterface::ExecutionStats] Average Control Time: 0.120 ms (max: 0.139 ms, min: 0.109 ms, sigma: 0.005 ms, count: 5000)
[07/30/26 11:44:37.182044] [debug] [00:57:56.311235] [Service] Server method called: /rb.api.RobotCommandService/RobotCommand
[07/30/26 11:44:37.182079] [debug] [00:57:56.311282] [Service::RobotCommandService::RobotCommand] Requested: robot_command { whole_body_command { stop_command { } } } priority: 99
[07/30/26 11:44:37.182083] [debug] [00:57:56.311288] [Service::RobotCommandService::RobotCommand]   Peer: ipv4:192.168.30.230:49724
[07/30/26 11:44:37.182273] [debug] [00:57:56.311476] [Service::RobotCommandService::RobotCommand]   IP: 192.168.30.230, Family: ipv4
[07/30/26 11:44:37.285977] [debug] [00:57:56.415174] [ControlManager] Control finished: {"type":"RobotCommand","control":{"type":"ComponentBasedCommand","components":{"mobility":{"type":"MobilityCommand","control":{"type":"SE2VelocityCommand","control":{"type":"MobilitySE2VelocityControl"}}},"body":{"type":"BodyCommand","control":{"type":"JointImpedanceControlCommand","control":{"type":"JointImpedanceControl"}}},"head":{"type":"HeadCommand","control":{"type":"JointPositionCommand","control":{"type":"JointPositionControl"}}}}}}
[07/30/26 11:44:37.286148] [debug] [00:57:56.415342] [Service::RobotCommandService::RobotCommandStream] OnReadDone (write_done: true, read_done: true)
[07/30/26 11:44:37.286192] [debug] [00:57:56.415393] [Service::RobotCommandService::RobotCommandStream] OnCancel
[07/30/26 11:44:37.286276] [info] [00:57:56.415477] [ControlInterface] Control was preempted or canceled by another request.
[07/30/26 11:44:37.286295] [debug] [00:57:56.415486] [ControlInterface::ExecutionStats] Average Control Time: 0.120 ms (max: 0.141 ms, min: 0.110 ms, sigma: 0.005 ms, count: 3011)
[07/30/26 11:44:37.286306] [debug] [00:57:56.415508] [Service::RobotCommandService::RobotCommandStream] OnDone: robot_command { component_based_command { mobility_command { se2_velocity_command { command_header { control_hold_time { seconds: 1 } } minimum_time { nanos: 10100000 } velocity { linear { } } acceleration_limit { linear { x: 1 y: 1 } angular: 1 } } } body_command { joint_impedance_control_command { command_header { control_hold_time { seconds: 1 } } minimum_time { nanos: 10100000 } position: -0.049999329901357838 position: 1.299999582877736 posi... [truncated]
[07/30/26 11:44:37.287814] [info] [00:57:56.417018] [ControlManager] Control started: {"type":"RobotCommand","control":{"type":"WholeBodyCommand","control":{"type":"StopControl","control":{"type":"JointVelocityControl"}}}} (priority: 99)
[07/30/26 11:44:37.287833] [debug] [00:57:56.417038] [ControlManager] Control finished: {"type":"RobotCommand","control":{"type":"WholeBodyCommand","control":{"type":"StopControl","control":{"type":"JointVelocityControl"}}}}
[07/30/26 11:44:37.287868] [info] [00:57:56.417071] [ControlInterface] Control completed successfully.
[07/30/26 11:44:37.287875] [debug] [00:57:56.417076] [ControlInterface::ExecutionStats] Average Control Time: 0.005 ms (max: 0.005 ms, min: 0.005 ms, sigma: 0.000 ms, count: 1)
[07/30/26 11:44:37.296130] [debug] [00:57:56.425331] [Service] Server method called: /rb.api.ControlManagerService/ControlManagerCommand
[07/30/26 11:44:37.296151] [debug] [00:57:56.425355] [Service::ControlManagerService::ControlManagerCommand] Requested: request_header { request_timestamp { seconds: 1785379423 nanos: 544567573 } } command: COMMAND_DISABLE
[07/30/26 11:44:37.296154] [info] [00:57:56.425360] [ControlManager::Disable] Disable request received. Starting the disabling process...
[07/30/26 11:44:37.297813] [info] [00:57:56.427018] [ControlManager::Disable] Control Manager successfully disabled
[07/30/26 11:44:38.757782] [debug] [00:57:57.886975] [Service] Server method called: /rb.api.RobotInfoService/GetRobotInfo
[07/30/26 11:44:38.757815] [debug] [00:57:57.887019] [Service::RobotInfoService::GetRobotInfo] Requested: request_header { request_timestamp { seconds: 1785379425 nanos: 6325491 } }
[07/30/26 11:44:38.758412] [debug] [00:57:57.887613] [Service] Server method called: /rb.api.RobotStateService/GetRobotState
[07/30/26 11:44:38.758432] [debug] [00:57:57.887636] [Service::RobotStateService::GetRobotState] Requested: request_header { request_timestamp { seconds: 1785379425 nanos: 7013848 } }
[07/30/26 11:44:38.759008] [debug] [00:57:57.888211] [Service] Server method called: /rb.api.RobotInfoService/GetRobotInfo
[07/30/26 11:44:38.759024] [debug] [00:57:57.888228] [Service::RobotInfoService::GetRobotInfo] Requested: request_header { request_timestamp { seconds: 1785379425 nanos: 7651310 } }
[07/30/26 11:44:38.759621] [debug] [00:57:57.888823] [Service] Server method called: /rb.api.RobotStateService/GetRobotState
[07/30/26 11:44:38.759636] [debug] [00:57:57.888840] [Service::RobotStateService::GetRobotState] Requested: request_header { request_timestamp { seconds: 1785379425 nanos: 8265058 } }
[07/30/26 11:44:38.760239] [debug] [00:57:57.889441] [Service] Server method called: /rb.api.RobotStateService/GetControlManagerState
[07/30/26 11:44:38.760255] [debug] [00:57:57.889459] [Service::RobotStateService::GetControlManagerState] Requested: request_header { request_timestamp { seconds: 1785379425 nanos: 8839761 } }
[07/30/26 11:44:38.760709] [debug] [00:57:57.889912] [Service] Server method called: /rb.api.RobotInfoService/GetRobotInfo
[07/30/26 11:44:38.760722] [debug] [00:57:57.889926] [Service::RobotInfoService::GetRobotInfo] Requested: request_header { request_timestamp { seconds: 1785379425 nanos: 9331959 } }
[07/30/26 11:44:38.761340] [debug] [00:57:57.890543] [Service] Server method called: /rb.api.RobotStateService/GetRobotState
[07/30/26 11:44:38.761354] [debug] [00:57:57.890558] [Service::RobotStateService::GetRobotState] Requested: request_header { request_timestamp { seconds: 1785379425 nanos: 9978067 } }
[07/30/26 11:44:38.761999] [debug] [00:57:57.891198] [Service] Server method called: /rb.api.RobotStateService/GetRobotState
[07/30/26 11:44:38.762029] [debug] [00:57:57.891232] [Service::RobotStateService::GetRobotState] Requested: request_header { request_timestamp { seconds: 1785379425 nanos: 10630998 } }
[07/30/26 11:44:38.762781] [debug] [00:57:57.891981] [Service] Server method called: /rb.api.RobotInfoService/GetRobotInfo
[07/30/26 11:44:38.762797] [debug] [00:57:57.892001] [Service::RobotInfoService::GetRobotInfo] Requested: request_header { request_timestamp { seconds: 1785379425 nanos: 11416703 } }
[07/30/26 11:44:38.763573] [debug] [00:57:57.892773] [Service] Server method called: /rb.api.ControlManagerService/ControlManagerCommand
[07/30/26 11:44:38.763595] [debug] [00:57:57.892799] [Service::ControlManagerService::ControlManagerCommand] Requested: request_header { request_timestamp { seconds: 1785379425 nanos: 12193006 } } command: COMMAND_ENABLE unlimited_mode_enabled { }
[07/30/26 11:44:38.763598] [info] [00:57:57.892804] [ControlManager::Enable] Enable request received. Starting the enabling process...
[07/30/26 11:44:38.763811] [info] [00:57:57.893016] [ControlManager::Enable] Control Manager successfully enabled
[07/30/26 11:44:38.764373] [debug] [00:57:57.893575] [Service] Server method called: /rb.api.ParameterService/SetParameter
[07/30/26 11:44:38.764392] [debug] [00:57:57.893596] [Service::ParameterService::SetParameter] Requested: request_header { request_timestamp { seconds: 1785379425 nanos: 13004153 } } name: "cartesian_command.cutoff_frequency" parameter: "{\"value\":5,\"write_db\":true}"
[07/30/26 11:44:38.774656] [debug] [00:57:57.903855] [Service] Server method called: /rb.api.ParameterService/SetParameter
[07/30/26 11:44:38.774677] [debug] [00:57:57.903881] [Service::ParameterService::SetParameter] Requested: request_header { request_timestamp { seconds: 1785379425 nanos: 23264401 } } name: "default.acceleration_limit_scaling" parameter: "{\"value\":1.0,\"write_db\":true}"
[07/30/26 11:44:38.780863] [debug] [00:57:57.910063] [Service] Server method called: /rb.api.ParameterService/SetParameter
[07/30/26 11:44:38.780889] [debug] [00:57:57.910092] [Service::ParameterService::SetParameter] Requested: request_header { request_timestamp { seconds: 1785379425 nanos: 29404102 } } name: "default.angular_acceleration_limit" parameter: "{\"value\":10,\"write_db\":true}"
[07/30/26 11:44:38.786954] [debug] [00:57:57.916154] [Service] Server method called: /rb.api.ParameterService/SetParameter
[07/30/26 11:44:38.786972] [debug] [00:57:57.916176] [Service::ParameterService::SetParameter] Requested: request_header { request_timestamp { seconds: 1785379425 nanos: 35514934 } } name: "default.linear_acceleration_limit" parameter: "{\"value\":20,\"write_db\":true}"
[07/30/26 11:44:38.792853] [debug] [00:57:57.922054] [Service] Server method called: /rb.api.ParameterService/SetParameter
[07/30/26 11:44:38.792871] [debug] [00:57:57.922075] [Service::ParameterService::SetParameter] Requested: request_header { request_timestamp { seconds: 1785379425 nanos: 41452159 } } name: "joint_position_command.cutoff_frequency" parameter: "{\"value\":5,\"write_db\":true}"
[07/30/26 11:44:38.798903] [debug] [00:57:57.928102] [Service] Server method called: /rb.api.RobotCommandService/RobotCommand
[07/30/26 11:44:38.798972] [debug] [00:57:57.928174] [Service::RobotCommandService::RobotCommand] Requested: robot_command { component_based_command { body_command { joint_position_command { command_header { control_hold_time { seconds: 1 } } minimum_time { nanos: 500000000 } position: -0.037423056052972477 position: 1.270709436673694 position: -2.0315942833221579 position: 1.1871568445018534 position: -0.041440263165801704 position: -0.4544607933218624 position: 0.016304241344507284 position: -0.25100709887315864 position: -0.16964916238299615 position... [truncated]
[07/30/26 11:44:38.798976] [debug] [00:57:57.928181] [Service::RobotCommandService::RobotCommand]   Peer: ipv4:192.168.30.230:49724
[07/30/26 11:44:38.799126] [debug] [00:57:57.928330] [Service::RobotCommandService::RobotCommand]   IP: 192.168.30.230, Family: ipv4
[07/30/26 11:44:38.803826] [info] [00:57:57.933029] [ControlManager] Control started: {"type":"RobotCommand","control":{"type":"ComponentBasedCommand","components":{"mobility":null,"body":{"type":"BodyCommand","control":{"type":"JointPositionCommand","control":{"type":"JointPositionControl"}}},"head":{"type":"HeadCommand","control":{"type":"JointPositionCommand","control":{"type":"JointPositionControl"}}}}}} (priority: 1)
[07/30/26 11:44:40.561842] [debug] [00:57:59.691040] [ControlManager] Control finished: {"type":"RobotCommand","control":{"type":"ComponentBasedCommand","components":{"mobility":null,"body":{"type":"BodyCommand","control":{"type":"JointPositionCommand","control":{"type":"JointPositionControl"}}},"head":{"type":"HeadCommand","control":{"type":"JointPositionCommand","control":{"type":"JointPositionControl"}}}}}}
[07/30/26 11:44:40.561900] [info] [00:57:59.691099] [ControlInterface] Control completed successfully.
[07/30/26 11:44:40.561909] [debug] [00:57:59.691108] [ControlInterface::ExecutionStats] Average Control Time: 0.001 ms (max: 0.022 ms, min: 0.001 ms, sigma: 0.001 ms, count: 880)
[07/30/26 11:44:40.562579] [debug] [00:57:59.691780] [Service] Server method called: /rb.api.PowerService/ToolFlangePowerCommand
[07/30/26 11:44:40.562610] [debug] [00:57:59.691814] [Service::PowerService::ToolFlangePowerCommand] Requested: request_header { request_timestamp { seconds: 1785379426 nanos: 811255525 } } name: "right" command: COMMAND_POWER_12V
[07/30/26 11:44:40.562616] [debug] [00:57:59.691821] [Service::PowerService::ToolFlangePowerCommand] Result: Success
[07/30/26 11:44:40.563061] [debug] [00:57:59.692261] [Service] Server method called: /rb.api.PowerService/ToolFlangePowerCommand
[07/30/26 11:44:40.563083] [debug] [00:57:59.692287] [Service::PowerService::ToolFlangePowerCommand] Requested: request_header { request_timestamp { seconds: 1785379426 nanos: 811809939 } } name: "left" command: COMMAND_POWER_12V
[07/30/26 11:44:40.563088] [debug] [00:57:59.692293] [Service::PowerService::ToolFlangePowerCommand] Result: Success
[07/30/26 11:44:41.740337] [debug] [00:58:00.869530] [Service] Server method called: /rb.api.RobotCommandService/RobotCommand
[07/30/26 11:44:41.740405] [debug] [00:58:00.869607] [Service::RobotCommandService::RobotCommand] Requested: robot_command { component_based_command { body_command { joint_position_command { command_header { control_hold_time { seconds: 1 } } minimum_time { seconds: 4 } position: 0 position: 0.78539816339744828 position: -1.3962634015954636 position: 0.78539816339744828 position: 0 position: 0 position: 0 position: -0.26179938779914941 position: 0 position: -2.0943951023931953 position: 0 position: 0.52359877559829882 position: 0 position: 0 position: 0... [truncated]
[07/30/26 11:44:41.740408] [debug] [00:58:00.869614] [Service::RobotCommandService::RobotCommand]   Peer: ipv4:192.168.30.230:49724
[07/30/26 11:44:41.740567] [debug] [00:58:00.869771] [Service::RobotCommandService::RobotCommand]   IP: 192.168.30.230, Family: ipv4
[07/30/26 11:44:41.745827] [info] [00:58:00.875027] [ControlManager] Control started: {"type":"RobotCommand","control":{"type":"ComponentBasedCommand","components":{"mobility":null,"body":{"type":"BodyCommand","control":{"type":"JointPositionCommand","control":{"type":"JointPositionControl"}}},"head":{"type":"HeadCommand","control":{"type":"JointPositionCommand","control":{"type":"JointPositionControl"}}}}}} (priority: 1)
[07/30/26 11:44:47.003841] [debug] [00:58:06.133039] [ControlManager] Control finished: {"type":"RobotCommand","control":{"type":"ComponentBasedCommand","components":{"mobility":null,"body":{"type":"BodyCommand","control":{"type":"JointPositionCommand","control":{"type":"JointPositionControl"}}},"head":{"type":"HeadCommand","control":{"type":"JointPositionCommand","control":{"type":"JointPositionControl"}}}}}}
[07/30/26 11:44:47.003900] [info] [00:58:06.133099] [ControlInterface] Control completed successfully.
[07/30/26 11:44:47.003910] [debug] [00:58:06.133109] [ControlInterface::ExecutionStats] Average Control Time: 0.001 ms (max: 0.018 ms, min: 0.001 ms, sigma: 0.000 ms, count: 2630)
[07/30/26 11:44:47.004466] [debug] [00:58:06.133667] [Service] Server method called: /rb.api.RobotCommandService/RobotCommandStream
[07/30/26 11:44:47.004486] [debug] [00:58:06.133682] [Service::RobotCommandService::RobotCommandStream] Stream is created
[07/30/26 11:44:47.036060] [debug] [00:58:06.165261] [Service::RobotCommandService::RobotCommandStream] Requested: robot_command { component_based_command { mobility_command { se2_velocity_command { command_header { control_hold_time { seconds: 1 } } minimum_time { nanos: 10100000 } velocity { linear { } } acceleration_limit { linear { x: 1 y: 1 } angular: 1 } } } body_command { joint_impedance_control_command { command_header { control_hold_time { seconds: 1 } } minimum_time { nanos: 10100000 } position: -0.00010248870041413958 position: 0.78507660061747642 ... [truncated]
[07/30/26 11:44:47.036067] [debug] [00:58:06.165272] [Service::RobotCommandService::RobotCommandStream]   Peer: ipv4:192.168.30.230:49724
[07/30/26 11:44:47.036232] [debug] [00:58:06.165436] [Service::RobotCommandService::RobotCommandStream]   IP: 192.168.30.230, Family: ipv4
[07/30/26 11:44:47.041826] [info] [00:58:06.171031] [ControlManager] Control started: {"type":"RobotCommand","control":{"type":"ComponentBasedCommand","components":{"mobility":{"type":"MobilityCommand","control":{"type":"SE2VelocityCommand","control":{"type":"MobilitySE2VelocityControl"}}},"body":{"type":"BodyCommand","control":{"type":"JointImpedanceControlCommand","control":{"type":"JointImpedanceControl"}}},"head":{"type":"HeadCommand","control":{"type":"JointPositionCommand","control":{"type":"JointPositionControl"}}}}}} (priority: 1)
[07/30/26 11:44:49.302812] [debug] [00:58:08.432002] [Hardware] Hardware Loop Stat (avg: 2.000 ms, min: 1.999 ms, max: 2.002 ms, count: 15000)
[07/30/26 11:44:49.437803] [debug] [00:58:08.567003] [ControlManager] Control Manager Loop Stat (avg: 2.000 ms, min: 1.999 ms, max: 2.001 ms, count: 15000)
[07/30/26 11:44:57.039954] [debug] [00:58:16.169142] [ControlInterface::ExecutionStats] Average Control Time: 0.121 ms (max: 0.194 ms, min: 0.111 ms, sigma: 0.005 ms, count: 5000)
[07/30/26 11:45:07.039946] [debug] [00:58:26.169137] [ControlInterface::ExecutionStats] Average Control Time: 0.121 ms (max: 0.139 ms, min: 0.111 ms, sigma: 0.005 ms, count: 5000)
[07/30/26 11:45:09.938563] [debug] [00:58:29.067754] [Service] Server method called: /rb.api.RobotCommandService/RobotCommand
[07/30/26 11:45:09.938598] [debug] [00:58:29.067802] [Service::RobotCommandService::RobotCommand] Requested: robot_command { whole_body_command { stop_command { } } } priority: 99
[07/30/26 11:45:09.938602] [debug] [00:58:29.067807] [Service::RobotCommandService::RobotCommand]   Peer: ipv4:192.168.30.230:49724
[07/30/26 11:45:09.938774] [debug] [00:58:29.067977] [Service::RobotCommandService::RobotCommand]   IP: 192.168.30.230, Family: ipv4
[07/30/26 11:45:10.041976] [debug] [00:58:29.171173] [ControlManager] Control finished: {"type":"RobotCommand","control":{"type":"ComponentBasedCommand","components":{"mobility":{"type":"MobilityCommand","control":{"type":"SE2VelocityCommand","control":{"type":"MobilitySE2VelocityControl"}}},"body":{"type":"BodyCommand","control":{"type":"JointImpedanceControlCommand","control":{"type":"JointImpedanceControl"}}},"head":{"type":"HeadCommand","control":{"type":"JointPositionCommand","control":{"type":"JointPositionControl"}}}}}}
[07/30/26 11:45:10.042079] [debug] [00:58:29.171277] [Service::RobotCommandService::RobotCommandStream] OnReadDone (write_done: true, read_done: true)
[07/30/26 11:45:10.042132] [debug] [00:58:29.171334] [Service::RobotCommandService::RobotCommandStream] OnCancel
[07/30/26 11:45:10.042162] [info] [00:58:29.171363] [ControlInterface] Control was preempted or canceled by another request.
[07/30/26 11:45:10.042172] [debug] [00:58:29.171371] [ControlInterface::ExecutionStats] Average Control Time: 0.121 ms (max: 0.140 ms, min: 0.113 ms, sigma: 0.005 ms, count: 1501)
[07/30/26 11:45:10.042246] [debug] [00:58:29.171449] [Service::RobotCommandService::RobotCommandStream] OnDone: robot_command { component_based_command { mobility_command { se2_velocity_command { command_header { control_hold_time { seconds: 1 } } minimum_time { nanos: 10100000 } velocity { linear { } } acceleration_limit { linear { x: 1 y: 1 } angular: 1 } } } body_command { joint_impedance_control_command { command_header { control_hold_time { seconds: 1 } } minimum_time { nanos: 10100000 } position: -0.049065004555390423 position: 0.88081989976843877 po... [truncated]
[07/30/26 11:45:10.043814] [info] [00:58:29.173018] [ControlManager] Control started: {"type":"RobotCommand","control":{"type":"WholeBodyCommand","control":{"type":"StopControl","control":{"type":"JointVelocityControl"}}}} (priority: 99)
[07/30/26 11:45:10.043833] [debug] [00:58:29.173038] [ControlManager] Control finished: {"type":"RobotCommand","control":{"type":"WholeBodyCommand","control":{"type":"StopControl","control":{"type":"JointVelocityControl"}}}}
[07/30/26 11:45:10.043872] [info] [00:58:29.173076] [ControlInterface] Control completed successfully.
[07/30/26 11:45:10.043877] [debug] [00:58:29.173080] [ControlInterface::ExecutionStats] Average Control Time: 0.005 ms (max: 0.005 ms, min: 0.005 ms, sigma: 0.000 ms, count: 1)
[07/30/26 11:45:10.044607] [debug] [00:58:29.173807] [Service] Server method called: /rb.api.ControlManagerService/ControlManagerCommand
[07/30/26 11:45:10.044632] [debug] [00:58:29.173835] [Service::ControlManagerService::ControlManagerCommand] Requested: request_header { request_timestamp { seconds: 1785379456 nanos: 295460276 } } command: COMMAND_DISABLE
[07/30/26 11:45:10.044636] [info] [00:58:29.173841] [ControlManager::Disable] Disable request received. Starting the disabling process...
[07/30/26 11:45:10.045814] [info] [00:58:29.175019] [ControlManager::Disable] Control Manager successfully disabled
[07/30/26 11:45:19.302811] [debug] [00:58:38.432003] [Hardware] Hardware Loop Stat (avg: 2.000 ms, min: 1.999 ms, max: 2.001 ms, count: 15000)
[07/30/26 11:45:19.437802] [debug] [00:58:38.567003] [ControlManager] Control Manager Loop Stat (avg: 2.000 ms, min: 1.994 ms, max: 2.006 ms, count: 15000)
[07/30/26 11:45:49.302811] [debug] [00:59:08.432002] [Hardware] Hardware Loop Stat (avg: 2.000 ms, min: 1.998 ms, max: 2.002 ms, count: 15000)
[07/30/26 11:45:49.437800] [debug] [00:59:08.567003] [ControlManager] Control Manager Loop Stat (avg: 2.000 ms, min: 1.999 ms, max: 2.001 ms, count: 15000)
[07/30/26 11:46:19.302812] [debug] [00:59:38.432003] [Hardware] Hardware Loop Stat (avg: 2.000 ms, min: 1.997 ms, max: 2.003 ms, count: 15000)
[07/30/26 11:46:19.437800] [debug] [00:59:38.567002] [ControlManager] Control Manager Loop Stat (avg: 2.000 ms, min: 1.998 ms, max: 2.002 ms, count: 15000)
[07/30/26 11:46:20.171759] [debug] [00:59:39.300953] [Service] Server method called: /rb.api.RobotInfoService/GetRobotInfo
[07/30/26 11:46:20.171793] [debug] [00:59:39.300996] [Service::RobotInfoService::GetRobotInfo] Requested: request_header { request_timestamp { seconds: 1785379526 nanos: 425045496 } }
[07/30/26 11:46:20.172540] [debug] [00:59:39.301739] [Service] Server method called: /rb.api.RobotStateService/GetRobotState
[07/30/26 11:46:20.172565] [debug] [00:59:39.301769] [Service::RobotStateService::GetRobotState] Requested: request_header { request_timestamp { seconds: 1785379526 nanos: 425896564 } }
[07/30/26 11:46:20.173323] [debug] [00:59:39.302522] [Service] Server method called: /rb.api.RobotInfoService/GetRobotInfo
[07/30/26 11:46:20.173345] [debug] [00:59:39.302550] [Service::RobotInfoService::GetRobotInfo] Requested: request_header { request_timestamp { seconds: 1785379526 nanos: 426730339 } }
[07/30/26 11:46:20.173875] [debug] [00:59:39.303076] [Service] Server method called: /rb.api.RobotStateService/GetRobotState
[07/30/26 11:46:20.173892] [debug] [00:59:39.303096] [Service::RobotStateService::GetRobotState] Requested: request_header { request_timestamp { seconds: 1785379526 nanos: 427305887 } }
[07/30/26 11:46:20.174395] [debug] [00:59:39.303599] [Service] Server method called: /rb.api.RobotStateService/GetControlManagerState
[07/30/26 11:46:20.174406] [debug] [00:59:39.303611] [Service::RobotStateService::GetControlManagerState] Requested: request_header { request_timestamp { seconds: 1785379526 nanos: 427838255 } }
[07/30/26 11:46:20.174818] [debug] [00:59:39.304020] [Service] Server method called: /rb.api.RobotInfoService/GetRobotInfo
[07/30/26 11:46:20.174833] [debug] [00:59:39.304037] [Service::RobotInfoService::GetRobotInfo] Requested: request_header { request_timestamp { seconds: 1785379526 nanos: 428248808 } }
[07/30/26 11:46:20.175341] [debug] [00:59:39.304547] [Service] Server method called: /rb.api.RobotStateService/GetRobotState
[07/30/26 11:46:20.175348] [debug] [00:59:39.304554] [Service::RobotStateService::GetRobotState] Requested: request_header { request_timestamp { seconds: 1785379526 nanos: 428787468 } }
[07/30/26 11:46:20.175852] [debug] [00:59:39.305053] [Service] Server method called: /rb.api.RobotStateService/GetRobotState
[07/30/26 11:46:20.175868] [debug] [00:59:39.305072] [Service::RobotStateService::GetRobotState] Requested: request_header { request_timestamp { seconds: 1785379526 nanos: 429282684 } }
[07/30/26 11:46:20.176383] [debug] [00:59:39.305585] [Service] Server method called: /rb.api.RobotInfoService/GetRobotInfo
[07/30/26 11:46:20.176398] [debug] [00:59:39.305602] [Service::RobotInfoService::GetRobotInfo] Requested: request_header { request_timestamp { seconds: 1785379526 nanos: 429839527 } }
[07/30/26 11:46:20.176931] [debug] [00:59:39.306133] [Service] Server method called: /rb.api.ControlManagerService/ControlManagerCommand
[07/30/26 11:46:20.176950] [debug] [00:59:39.306154] [Service::ControlManagerService::ControlManagerCommand] Requested: request_header { request_timestamp { seconds: 1785379526 nanos: 430368527 } } command: COMMAND_ENABLE unlimited_mode_enabled { }
[07/30/26 11:46:20.176953] [info] [00:59:39.306158] [ControlManager::Enable] Enable request received. Starting the enabling process...
[07/30/26 11:46:20.177811] [info] [00:59:39.307015] [ControlManager::Enable] Control Manager successfully enabled
[07/30/26 11:46:20.178255] [debug] [00:59:39.307456] [Service] Server method called: /rb.api.ParameterService/SetParameter
[07/30/26 11:46:20.178277] [debug] [00:59:39.307481] [Service::ParameterService::SetParameter] Requested: request_header { request_timestamp { seconds: 1785379526 nanos: 431677936 } } name: "cartesian_command.cutoff_frequency" parameter: "{\"value\":5,\"write_db\":true}"
[07/30/26 11:46:20.188423] [debug] [00:59:39.317624] [Service] Server method called: /rb.api.ParameterService/SetParameter
[07/30/26 11:46:20.188439] [debug] [00:59:39.317643] [Service::ParameterService::SetParameter] Requested: request_header { request_timestamp { seconds: 1785379526 nanos: 441829877 } } name: "default.acceleration_limit_scaling" parameter: "{\"value\":1.0,\"write_db\":true}"
[07/30/26 11:46:20.194327] [debug] [00:59:39.323527] [Service] Server method called: /rb.api.ParameterService/SetParameter
[07/30/26 11:46:20.194344] [debug] [00:59:39.323548] [Service::ParameterService::SetParameter] Requested: request_header { request_timestamp { seconds: 1785379526 nanos: 447727096 } } name: "default.angular_acceleration_limit" parameter: "{\"value\":10,\"write_db\":true}"
[07/30/26 11:46:20.201839] [debug] [00:59:39.331044] [Service] Server method called: /rb.api.ParameterService/SetParameter
[07/30/26 11:46:20.201851] [debug] [00:59:39.331057] [Service::ParameterService::SetParameter] Requested: request_header { request_timestamp { seconds: 1785379526 nanos: 455239234 } } name: "default.linear_acceleration_limit" parameter: "{\"value\":20,\"write_db\":true}"
[07/30/26 11:46:20.208541] [debug] [00:59:39.337741] [Service] Server method called: /rb.api.ParameterService/SetParameter
[07/30/26 11:46:20.208560] [debug] [00:59:39.337763] [Service::ParameterService::SetParameter] Requested: request_header { request_timestamp { seconds: 1785379526 nanos: 461919489 } } name: "joint_position_command.cutoff_frequency" parameter: "{\"value\":5,\"write_db\":true}"
[07/30/26 11:46:20.214542] [debug] [00:59:39.343742] [Service] Server method called: /rb.api.RobotCommandService/RobotCommand
[07/30/26 11:46:20.214608] [debug] [00:59:39.343811] [Service::RobotCommandService::RobotCommand] Requested: robot_command { component_based_command { body_command { joint_position_command { command_header { control_hold_time { seconds: 1 } } minimum_time { nanos: 500000000 } position: -0.035129678835440478 position: 0.86146690375512391 position: -1.3899080972531344 position: 0.70547168917716929 position: -0.0085242249227803577 position: -0.14044657268094551 position: 0.087474874730963867 position: -0.25921237729548752 position: 0.011975681695523051 pos... [truncated]
[07/30/26 11:46:20.214612] [debug] [00:59:39.343817] [Service::RobotCommandService::RobotCommand]   Peer: ipv4:192.168.30.230:49724
[07/30/26 11:46:20.214758] [debug] [00:59:39.343962] [Service::RobotCommandService::RobotCommand]   IP: 192.168.30.230, Family: ipv4
[07/30/26 11:46:20.219833] [info] [00:59:39.349036] [ControlManager] Control started: {"type":"RobotCommand","control":{"type":"ComponentBasedCommand","components":{"mobility":null,"body":{"type":"BodyCommand","control":{"type":"JointPositionCommand","control":{"type":"JointPositionControl"}}},"head":{"type":"HeadCommand","control":{"type":"JointPositionCommand","control":{"type":"JointPositionControl"}}}}}} (priority: 1)
[07/30/26 11:46:21.977842] [debug] [00:59:41.107039] [ControlManager] Control finished: {"type":"RobotCommand","control":{"type":"ComponentBasedCommand","components":{"mobility":null,"body":{"type":"BodyCommand","control":{"type":"JointPositionCommand","control":{"type":"JointPositionControl"}}},"head":{"type":"HeadCommand","control":{"type":"JointPositionCommand","control":{"type":"JointPositionControl"}}}}}}
[07/30/26 11:46:21.977901] [info] [00:59:41.107100] [ControlInterface] Control completed successfully.
[07/30/26 11:46:21.977910] [debug] [00:59:41.107110] [ControlInterface::ExecutionStats] Average Control Time: 0.001 ms (max: 0.024 ms, min: 0.001 ms, sigma: 0.001 ms, count: 880)
[07/30/26 11:46:21.978524] [debug] [00:59:41.107724] [Service] Server method called: /rb.api.PowerService/ToolFlangePowerCommand
[07/30/26 11:46:21.978612] [debug] [00:59:41.107815] [Service::PowerService::ToolFlangePowerCommand] Requested: request_header { request_timestamp { seconds: 1785379528 nanos: 231871202 } } name: "right" command: COMMAND_POWER_12V
[07/30/26 11:46:21.978617] [debug] [00:59:41.107822] [Service::PowerService::ToolFlangePowerCommand] Result: Success
[07/30/26 11:46:21.979052] [debug] [00:59:41.108249] [Service] Server method called: /rb.api.PowerService/ToolFlangePowerCommand
[07/30/26 11:46:21.979075] [debug] [00:59:41.108279] [Service::PowerService::ToolFlangePowerCommand] Requested: request_header { request_timestamp { seconds: 1785379528 nanos: 232488161 } } name: "left" command: COMMAND_POWER_12V
[07/30/26 11:46:21.979081] [debug] [00:59:41.108286] [Service::PowerService::ToolFlangePowerCommand] Result: Success
[07/30/26 11:46:23.145687] [debug] [00:59:42.274883] [Service] Server method called: /rb.api.RobotCommandService/RobotCommand
[07/30/26 11:46:23.145759] [debug] [00:59:42.274961] [Service::RobotCommandService::RobotCommand] Requested: robot_command { component_based_command { body_command { joint_position_command { command_header { control_hold_time { seconds: 1 } } minimum_time { seconds: 4 } position: 0 position: 0.78539816339744828 position: -1.3962634015954636 position: 0.78539816339744828 position: 0 position: 0 position: 0 position: -0.26179938779914941 position: 0 position: -2.0943951023931953 position: 0 position: 0.52359877559829882 position: 0 position: 0 position: 0... [truncated]
[07/30/26 11:46:23.145763] [debug] [00:59:42.274968] [Service::RobotCommandService::RobotCommand]   Peer: ipv4:192.168.30.230:49724
[07/30/26 11:46:23.146049] [debug] [00:59:42.275252] [Service::RobotCommandService::RobotCommand]   IP: 192.168.30.230, Family: ipv4
[07/30/26 11:46:23.151827] [info] [00:59:42.281028] [ControlManager] Control started: {"type":"RobotCommand","control":{"type":"ComponentBasedCommand","components":{"mobility":null,"body":{"type":"BodyCommand","control":{"type":"JointPositionCommand","control":{"type":"JointPositionControl"}}},"head":{"type":"HeadCommand","control":{"type":"JointPositionCommand","control":{"type":"JointPositionControl"}}}}}} (priority: 1)
[07/30/26 11:46:28.409841] [debug] [00:59:47.539039] [ControlManager] Control finished: {"type":"RobotCommand","control":{"type":"ComponentBasedCommand","components":{"mobility":null,"body":{"type":"BodyCommand","control":{"type":"JointPositionCommand","control":{"type":"JointPositionControl"}}},"head":{"type":"HeadCommand","control":{"type":"JointPositionCommand","control":{"type":"JointPositionControl"}}}}}}
[07/30/26 11:46:28.409906] [info] [00:59:47.539105] [ControlInterface] Control completed successfully.
[07/30/26 11:46:28.409915] [debug] [00:59:47.539114] [ControlInterface::ExecutionStats] Average Control Time: 0.001 ms (max: 0.017 ms, min: 0.001 ms, sigma: 0.000 ms, count: 2630)
[07/30/26 11:46:28.410628] [debug] [00:59:47.539827] [Service] Server method called: /rb.api.RobotCommandService/RobotCommandStream
[07/30/26 11:46:28.410642] [debug] [00:59:47.539846] [Service::RobotCommandService::RobotCommandStream] Stream is created
[07/30/26 11:46:28.452348] [debug] [00:59:47.581547] [Service::RobotCommandService::RobotCommandStream] Requested: robot_command { component_based_command { mobility_command { se2_velocity_command { command_header { control_hold_time { seconds: 1 } } minimum_time { nanos: 10100000 } velocity { linear { } } acceleration_limit { linear { x: 1 y: 1 } angular: 1 } } } body_command { joint_impedance_control_command { command_header { control_hold_time { seconds: 1 } } minimum_time { nanos: 10100000 } position: -0.00010595107884227679 position: 0.78511439670048822 ... [truncated]
[07/30/26 11:46:28.452356] [debug] [00:59:47.581560] [Service::RobotCommandService::RobotCommandStream]   Peer: ipv4:192.168.30.230:49724
[07/30/26 11:46:28.452505] [debug] [00:59:47.581709] [Service::RobotCommandService::RobotCommandStream]   IP: 192.168.30.230, Family: ipv4
[07/30/26 11:46:28.457826] [info] [00:59:47.587030] [ControlManager] Control started: {"type":"RobotCommand","control":{"type":"ComponentBasedCommand","components":{"mobility":{"type":"MobilityCommand","control":{"type":"SE2VelocityCommand","control":{"type":"MobilitySE2VelocityControl"}}},"body":{"type":"BodyCommand","control":{"type":"JointImpedanceControlCommand","control":{"type":"JointImpedanceControl"}}},"head":{"type":"HeadCommand","control":{"type":"JointPositionCommand","control":{"type":"JointPositionControl"}}}}}} (priority: 1)
[07/30/26 11:46:37.592019] [debug] [00:59:56.721210] [Service] Server method called: /rb.api.RobotCommandService/RobotCommand
[07/30/26 11:46:37.592056] [debug] [00:59:56.721259] [Service::RobotCommandService::RobotCommand] Requested: robot_command { whole_body_command { stop_command { } } } priority: 10
[07/30/26 11:46:37.592061] [debug] [00:59:56.721266] [Service::RobotCommandService::RobotCommand]   Peer: ipv4:192.168.30.230:49724
[07/30/26 11:46:37.592238] [debug] [00:59:56.721441] [Service::RobotCommandService::RobotCommand]   IP: 192.168.30.230, Family: ipv4
[07/30/26 11:46:37.600720] [debug] [00:59:56.729921] [Service::RobotCommandService::RobotCommandStream] OnReadDone (write_done: true, read_done: true)
[07/30/26 11:46:37.600740] [debug] [00:59:56.729942] [Service::RobotCommandService::RobotCommandStream] OnCancel
[07/30/26 11:46:37.600903] [debug] [00:59:56.730104] [Service::RobotCommandService::RobotCommandStream] OnDone: robot_command { component_based_command { mobility_command { se2_velocity_command { command_header { control_hold_time { seconds: 1 } } minimum_time { nanos: 10100000 } velocity { linear { } } acceleration_limit { linear { x: 1 y: 1 } angular: 1 } } } body_command { joint_impedance_control_command { command_header { control_hold_time { seconds: 1 } } minimum_time { nanos: 10100000 } position: -0.049999717299975072 position: 1.3 position: -1.59315... [truncated]
[07/30/26 11:46:37.600906] [info] [00:59:56.730111] [ControlManager::CancelControl] Control cancel request received
[07/30/26 11:46:37.601944] [debug] [00:59:56.731142] [ControlManager::CancelControl] Cancelling control
[07/30/26 11:46:37.601945] [info] [00:59:56.731145] [ControlManager::CancelControl] Control cancel request received
[07/30/26 11:46:37.601956] [info] [00:59:56.731160] [ControlManager::CancelControl] Control canceling process is successfully starting...
[07/30/26 11:46:37.603932] [warning] [00:59:56.733136] [ControlManager::CancelControl] Target control is not currently running
[07/30/26 11:46:37.603944] [error] [00:59:56.733146] [ControlManager::CancelControl] Failed to start control canceling process
[07/30/26 11:46:37.603947] [info] [00:59:56.733152] [Service::RobotCommandService::RobotCommand] Control canceled
[07/30/26 11:46:37.695977] [debug] [00:59:56.825180] [ControlManager] Control finished: {"type":"RobotCommand","control":{"type":"ComponentBasedCommand","components":{"mobility":{"type":"MobilityCommand","control":{"type":"SE2VelocityCommand","control":{"type":"MobilitySE2VelocityControl"}}},"body":{"type":"BodyCommand","control":{"type":"JointImpedanceControlCommand","control":{"type":"JointImpedanceControl"}}},"head":{"type":"HeadCommand","control":{"type":"JointPositionCommand","control":{"type":"JointPositionControl"}}}}}}
[07/30/26 11:46:37.696136] [info] [00:59:56.825336] [ControlInterface] Control was preempted or canceled by another request.
[07/30/26 11:46:37.696146] [debug] [00:59:56.825345] [ControlInterface::ExecutionStats] Average Control Time: 0.121 ms (max: 0.198 ms, min: 0.111 ms, sigma: 0.005 ms, count: 4620)
[07/30/26 11:46:37.697813] [info] [00:59:56.827017] [ControlManager] Control started: {"type":"RobotCommand","control":{"type":"WholeBodyCommand","control":{"type":"StopControl","control":{"type":"JointVelocityControl"}}}} (priority: 10)
[07/30/26 11:46:37.697833] [debug] [00:59:56.827038] [ControlManager] Control finished: {"type":"RobotCommand","control":{"type":"WholeBodyCommand","control":{"type":"StopControl","control":{"type":"JointVelocityControl"}}}}
[07/30/26 11:46:37.697875] [info] [00:59:56.827077] [ControlInterface] Control completed successfully.
[07/30/26 11:46:37.697880] [debug] [00:59:56.827083] [ControlInterface::ExecutionStats] Average Control Time: 0.006 ms (max: 0.006 ms, min: 0.006 ms, sigma: 0.000 ms, count: 1)
[07/30/26 11:46:43.098851] [debug] [01:00:02.228045] [Service] Server method called: /rb.api.RobotInfoService/GetRobotInfo
[07/30/26 11:46:43.098886] [debug] [01:00:02.228089] [Service::RobotInfoService::GetRobotInfo] Requested: request_header { request_timestamp { seconds: 1785379549 nanos: 352554655 } }
[07/30/26 11:46:43.099580] [debug] [01:00:02.228780] [Service] Server method called: /rb.api.RobotStateService/GetRobotState
[07/30/26 11:46:43.099605] [debug] [01:00:02.228809] [Service::RobotStateService::GetRobotState] Requested: request_header { request_timestamp { seconds: 1785379549 nanos: 353374165 } }
[07/30/26 11:46:43.100201] [debug] [01:00:02.229402] [Service] Server method called: /rb.api.RobotInfoService/GetRobotInfo
[07/30/26 11:46:43.100221] [debug] [01:00:02.229424] [Service::RobotInfoService::GetRobotInfo] Requested: request_header { request_timestamp { seconds: 1785379549 nanos: 354056368 } }
[07/30/26 11:46:43.100822] [debug] [01:00:02.230023] [Service] Server method called: /rb.api.RobotStateService/GetRobotState
[07/30/26 11:46:43.100843] [debug] [01:00:02.230047] [Service::RobotStateService::GetRobotState] Requested: request_header { request_timestamp { seconds: 1785379549 nanos: 354632340 } }
[07/30/26 11:46:43.101470] [debug] [01:00:02.230672] [Service] Server method called: /rb.api.RobotStateService/GetControlManagerState
[07/30/26 11:46:43.101486] [debug] [01:00:02.230690] [Service::RobotStateService::GetControlManagerState] Requested: request_header { request_timestamp { seconds: 1785379549 nanos: 355304538 } }
[07/30/26 11:46:43.101945] [debug] [01:00:02.231147] [Service] Server method called: /rb.api.RobotCommandService/RobotCommand
[07/30/26 11:46:43.101966] [debug] [01:00:02.231170] [Service::RobotCommandService::RobotCommand] Requested: robot_command { whole_body_command { stop_command { } } } priority: 99
[07/30/26 11:46:43.101969] [debug] [01:00:02.231174] [Service::RobotCommandService::RobotCommand]   Peer: ipv4:192.168.30.230:49724
[07/30/26 11:46:43.102114] [debug] [01:00:02.231318] [Service::RobotCommandService::RobotCommand]   IP: 192.168.30.230, Family: ipv4
[07/30/26 11:46:43.107818] [info] [01:00:02.237021] [ControlManager] Control started: {"type":"RobotCommand","control":{"type":"WholeBodyCommand","control":{"type":"StopControl","control":{"type":"JointVelocityControl"}}}} (priority: 99)
[07/30/26 11:46:43.107839] [debug] [01:00:02.237044] [ControlManager] Control finished: {"type":"RobotCommand","control":{"type":"WholeBodyCommand","control":{"type":"StopControl","control":{"type":"JointVelocityControl"}}}}
[07/30/26 11:46:43.107871] [info] [01:00:02.237075] [ControlInterface] Control completed successfully.
[07/30/26 11:46:43.107879] [debug] [01:00:02.237079] [ControlInterface::ExecutionStats] Average Control Time: 0.005 ms (max: 0.005 ms, min: 0.005 ms, sigma: 0.000 ms, count: 1)
[07/30/26 11:46:43.108387] [debug] [01:00:02.237589] [Service] Server method called: /rb.api.ControlManagerService/ControlManagerCommand
[07/30/26 11:46:43.108405] [debug] [01:00:02.237609] [Service::ControlManagerService::ControlManagerCommand] Requested: request_header { request_timestamp { seconds: 1785379549 nanos: 362196687 } } command: COMMAND_DISABLE
[07/30/26 11:46:43.108409] [info] [01:00:02.237614] [ControlManager::Disable] Disable request received. Starting the disabling process...
[07/30/26 11:46:43.109814] [info] [01:00:02.239018] [ControlManager::Disable] Control Manager successfully disabled
[07/30/26 11:46:43.110445] [debug] [01:00:02.239647] [Service] Server method called: /rb.api.RobotInfoService/GetRobotInfo
[07/30/26 11:46:43.110460] [debug] [01:00:02.239664] [Service::RobotInfoService::GetRobotInfo] Requested: request_header { request_timestamp { seconds: 1785379549 nanos: 364250166 } }
[07/30/26 11:46:43.110948] [debug] [01:00:02.240149] [Service] Server method called: /rb.api.RobotStateService/GetRobotState
[07/30/26 11:46:43.110964] [debug] [01:00:02.240168] [Service::RobotStateService::GetRobotState] Requested: request_header { request_timestamp { seconds: 1785379549 nanos: 364808883 } }
[07/30/26 11:46:43.111535] [debug] [01:00:02.240737] [Service] Server method called: /rb.api.RobotStateService/GetRobotState
[07/30/26 11:46:43.111550] [debug] [01:00:02.240754] [Service::RobotStateService::GetRobotState] Requested: request_header { request_timestamp { seconds: 1785379549 nanos: 365387386 } }
[07/30/26 11:46:43.112055] [debug] [01:00:02.241195] [Service] Server method called: /rb.api.RobotInfoService/GetRobotInfo
[07/30/26 11:46:43.112071] [debug] [01:00:02.241275] [Service::RobotInfoService::GetRobotInfo] Requested: request_header { request_timestamp { seconds: 1785379549 nanos: 365850892 } }
[07/30/26 11:46:43.112640] [debug] [01:00:02.241842] [Service] Server method called: /rb.api.ControlManagerService/ControlManagerCommand
[07/30/26 11:46:43.112657] [debug] [01:00:02.241861] [Service::ControlManagerService::ControlManagerCommand] Requested: request_header { request_timestamp { seconds: 1785379549 nanos: 366465820 } } command: COMMAND_ENABLE unlimited_mode_enabled { }
[07/30/26 11:46:43.112661] [info] [01:00:02.241866] [ControlManager::Enable] Enable request received. Starting the enabling process...
[07/30/26 11:46:43.113809] [info] [01:00:02.243013] [ControlManager::Enable] Control Manager successfully enabled
[07/30/26 11:46:43.114372] [debug] [01:00:02.243574] [Service] Server method called: /rb.api.ParameterService/SetParameter
[07/30/26 11:46:43.114390] [debug] [01:00:02.243594] [Service::ParameterService::SetParameter] Requested: request_header { request_timestamp { seconds: 1785379549 nanos: 368200357 } } name: "cartesian_command.cutoff_frequency" parameter: "{\"value\":5,\"write_db\":true}"
[07/30/26 11:46:43.124453] [debug] [01:00:02.253654] [Service] Server method called: /rb.api.ParameterService/SetParameter
[07/30/26 11:46:43.124469] [debug] [01:00:02.253673] [Service::ParameterService::SetParameter] Requested: request_header { request_timestamp { seconds: 1785379549 nanos: 378279058 } } name: "default.acceleration_limit_scaling" parameter: "{\"value\":1.0,\"write_db\":true}"
[07/30/26 11:46:43.130580] [debug] [01:00:02.259781] [Service] Server method called: /rb.api.ParameterService/SetParameter
[07/30/26 11:46:43.130598] [debug] [01:00:02.259802] [Service::ParameterService::SetParameter] Requested: request_header { request_timestamp { seconds: 1785379549 nanos: 384392003 } } name: "default.angular_acceleration_limit" parameter: "{\"value\":10,\"write_db\":true}"
[07/30/26 11:46:43.138488] [debug] [01:00:02.267689] [Service] Server method called: /rb.api.ParameterService/SetParameter
[07/30/26 11:46:43.138505] [debug] [01:00:02.267709] [Service::ParameterService::SetParameter] Requested: request_header { request_timestamp { seconds: 1785379549 nanos: 392340206 } } name: "default.linear_acceleration_limit" parameter: "{\"value\":20,\"write_db\":true}"
[07/30/26 11:46:43.144607] [debug] [01:00:02.273807] [Service] Server method called: /rb.api.ParameterService/SetParameter
[07/30/26 11:46:43.144625] [debug] [01:00:02.273828] [Service::ParameterService::SetParameter] Requested: request_header { request_timestamp { seconds: 1785379549 nanos: 398452953 } } name: "joint_position_command.cutoff_frequency" parameter: "{\"value\":5,\"write_db\":true}"
[07/30/26 11:46:43.150738] [debug] [01:00:02.279939] [Service] Server method called: /rb.api.RobotCommandService/RobotCommand
[07/30/26 11:46:43.150807] [debug] [01:00:02.280010] [Service::RobotCommandService::RobotCommand] Requested: robot_command { component_based_command { body_command { joint_position_command { command_header { control_hold_time { seconds: 1 } } minimum_time { nanos: 500000000 } position: -0.038672263179740735 position: 1.2694374476540362 position: -1.6392179451060334 position: 1.5200648483123718 position: -0.039401283752201234 position: 0.072066721173439291 position: -0.42777560278408938 position: 0.008941892959085854 position: 0.013828608983860163 positi... [truncated]
[07/30/26 11:46:43.150811] [debug] [01:00:02.280016] [Service::RobotCommandService::RobotCommand]   Peer: ipv4:192.168.30.230:49724
[07/30/26 11:46:43.150959] [debug] [01:00:02.280163] [Service::RobotCommandService::RobotCommand]   IP: 192.168.30.230, Family: ipv4
[07/30/26 11:46:43.155825] [info] [01:00:02.285030] [ControlManager] Control started: {"type":"RobotCommand","control":{"type":"ComponentBasedCommand","components":{"mobility":null,"body":{"type":"BodyCommand","control":{"type":"JointPositionCommand","control":{"type":"JointPositionControl"}}},"head":{"type":"HeadCommand","control":{"type":"JointPositionCommand","control":{"type":"JointPositionControl"}}}}}} (priority: 1)
[07/30/26 11:46:44.913839] [debug] [01:00:04.043036] [ControlManager] Control finished: {"type":"RobotCommand","control":{"type":"ComponentBasedCommand","components":{"mobility":null,"body":{"type":"BodyCommand","control":{"type":"JointPositionCommand","control":{"type":"JointPositionControl"}}},"head":{"type":"HeadCommand","control":{"type":"JointPositionCommand","control":{"type":"JointPositionControl"}}}}}}
[07/30/26 11:46:44.913897] [info] [01:00:04.043097] [ControlInterface] Control completed successfully.
[07/30/26 11:46:44.913907] [debug] [01:00:04.043105] [ControlInterface::ExecutionStats] Average Control Time: 0.001 ms (max: 0.025 ms, min: 0.001 ms, sigma: 0.001 ms, count: 880)
[07/30/26 11:46:44.914529] [debug] [01:00:04.043728] [Service] Server method called: /rb.api.PowerService/ToolFlangePowerCommand
[07/30/26 11:46:44.914558] [debug] [01:00:04.043762] [Service::PowerService::ToolFlangePowerCommand] Requested: request_header { request_timestamp { seconds: 1785379551 nanos: 168297627 } } name: "right" command: COMMAND_POWER_12V
[07/30/26 11:46:44.914564] [debug] [01:00:04.043769] [Service::PowerService::ToolFlangePowerCommand] Result: Success
[07/30/26 11:46:44.915006] [debug] [01:00:04.044207] [Service] Server method called: /rb.api.PowerService/ToolFlangePowerCommand
[07/30/26 11:46:44.915025] [debug] [01:00:04.044228] [Service::PowerService::ToolFlangePowerCommand] Requested: request_header { request_timestamp { seconds: 1785379551 nanos: 168837922 } } name: "left" command: COMMAND_POWER_12V
[07/30/26 11:46:44.915030] [debug] [01:00:04.044235] [Service::PowerService::ToolFlangePowerCommand] Result: Success
[07/30/26 11:46:46.074216] [debug] [01:00:05.203410] [Service] Server method called: /rb.api.RobotCommandService/RobotCommand
[07/30/26 11:46:46.074287] [debug] [01:00:05.203489] [Service::RobotCommandService::RobotCommand] Requested: robot_command { component_based_command { body_command { joint_position_command { command_header { control_hold_time { seconds: 1 } } minimum_time { seconds: 4 } position: 0 position: 0.78539816339744828 position: -1.3962634015954636 position: 0.78539816339744828 position: 0 position: 0 position: 0 position: -0.26179938779914941 position: 0 position: -2.0943951023931953 position: 0 position: 0.52359877559829882 position: 0 position: 0 position: 0... [truncated]
[07/30/26 11:46:46.074290] [debug] [01:00:05.203496] [Service::RobotCommandService::RobotCommand]   Peer: ipv4:192.168.30.230:49724
[07/30/26 11:46:46.074444] [debug] [01:00:05.203644] [Service::RobotCommandService::RobotCommand]   IP: 192.168.30.230, Family: ipv4
[07/30/26 11:46:46.079827] [info] [01:00:05.209027] [ControlManager] Control started: {"type":"RobotCommand","control":{"type":"ComponentBasedCommand","components":{"mobility":null,"body":{"type":"BodyCommand","control":{"type":"JointPositionCommand","control":{"type":"JointPositionControl"}}},"head":{"type":"HeadCommand","control":{"type":"JointPositionCommand","control":{"type":"JointPositionControl"}}}}}} (priority: 1)
[07/30/26 11:46:49.302811] [debug] [01:00:08.432003] [Hardware] Hardware Loop Stat (avg: 2.000 ms, min: 1.998 ms, max: 2.001 ms, count: 15000)
[07/30/26 11:46:49.437802] [debug] [01:00:08.567003] [ControlManager] Control Manager Loop Stat (avg: 2.000 ms, min: 1.999 ms, max: 2.001 ms, count: 15000)
[07/30/26 11:46:51.337841] [debug] [01:00:10.467039] [ControlManager] Control finished: {"type":"RobotCommand","control":{"type":"ComponentBasedCommand","components":{"mobility":null,"body":{"type":"BodyCommand","control":{"type":"JointPositionCommand","control":{"type":"JointPositionControl"}}},"head":{"type":"HeadCommand","control":{"type":"JointPositionCommand","control":{"type":"JointPositionControl"}}}}}}
[07/30/26 11:46:51.337897] [info] [01:00:10.467097] [ControlInterface] Control completed successfully.
[07/30/26 11:46:51.337905] [debug] [01:00:10.467105] [ControlInterface::ExecutionStats] Average Control Time: 0.001 ms (max: 0.018 ms, min: 0.001 ms, sigma: 0.000 ms, count: 2630)
[07/30/26 11:46:51.338642] [debug] [01:00:10.467842] [Service] Server method called: /rb.api.RobotCommandService/RobotCommandStream
[07/30/26 11:46:51.338656] [debug] [01:00:10.467860] [Service::RobotCommandService::RobotCommandStream] Stream is created
[07/30/26 11:46:51.370471] [debug] [01:00:10.499670] [Service::RobotCommandService::RobotCommandStream] Requested: robot_command { component_based_command { mobility_command { se2_velocity_command { command_header { control_hold_time { seconds: 1 } } minimum_time { nanos: 10100000 } velocity { linear { } } acceleration_limit { linear { x: 1 y: 1 } angular: 1 } } } body_command { joint_impedance_control_command { command_header { control_hold_time { seconds: 1 } } minimum_time { nanos: 10100000 } position: -0.00011251615138944019 position: 0.7850363145256839 p... [truncated]
[07/30/26 11:46:51.370478] [debug] [01:00:10.499682] [Service::RobotCommandService::RobotCommandStream]   Peer: ipv4:192.168.30.230:49724
[07/30/26 11:46:51.370624] [debug] [01:00:10.499828] [Service::RobotCommandService::RobotCommandStream]   IP: 192.168.30.230, Family: ipv4
[07/30/26 11:46:51.375827] [info] [01:00:10.505031] [ControlManager] Control started: {"type":"RobotCommand","control":{"type":"ComponentBasedCommand","components":{"mobility":{"type":"MobilityCommand","control":{"type":"SE2VelocityCommand","control":{"type":"MobilitySE2VelocityControl"}}},"body":{"type":"BodyCommand","control":{"type":"JointImpedanceControlCommand","control":{"type":"JointImpedanceControl"}}},"head":{"type":"HeadCommand","control":{"type":"JointPositionCommand","control":{"type":"JointPositionControl"}}}}}} (priority: 1)
[07/30/26 11:47:01.373946] [debug] [01:00:20.503136] [ControlInterface::ExecutionStats] Average Control Time: 0.120 ms (max: 0.201 ms, min: 0.111 ms, sigma: 0.005 ms, count: 5000)
[07/30/26 11:47:11.373944] [debug] [01:00:30.503135] [ControlInterface::ExecutionStats] Average Control Time: 0.121 ms (max: 0.141 ms, min: 0.111 ms, sigma: 0.005 ms, count: 5000)
[07/30/26 11:47:15.863664] [debug] [01:00:34.992857] [Service] Server method called: /rb.api.RobotCommandService/RobotCommand
[07/30/26 11:47:15.863889] [debug] [01:00:34.993092] [Service::RobotCommandService::RobotCommand] Requested: robot_command { whole_body_command { stop_command { } } } priority: 99
[07/30/26 11:47:15.864040] [debug] [01:00:34.993244] [Service::RobotCommandService::RobotCommand]   Peer: ipv4:192.168.30.230:49724
[07/30/26 11:47:15.864328] [debug] [01:00:34.993531] [Service::RobotCommandService::RobotCommand]   IP: 192.168.30.230, Family: ipv4
[07/30/26 11:47:15.967979] [debug] [01:00:35.097175] [ControlManager] Control finished: {"type":"RobotCommand","control":{"type":"ComponentBasedCommand","components":{"mobility":{"type":"MobilityCommand","control":{"type":"SE2VelocityCommand","control":{"type":"MobilitySE2VelocityControl"}}},"body":{"type":"BodyCommand","control":{"type":"JointImpedanceControlCommand","control":{"type":"JointImpedanceControl"}}},"head":{"type":"HeadCommand","control":{"type":"JointPositionCommand","control":{"type":"JointPositionControl"}}}}}}
[07/30/26 11:47:15.968164] [debug] [01:00:35.097361] [Service::RobotCommandService::RobotCommandStream] OnReadDone (write_done: true, read_done: true)
[07/30/26 11:47:15.968173] [debug] [01:00:35.097374] [Service::RobotCommandService::RobotCommandStream] OnCancel
[07/30/26 11:47:15.968221] [info] [01:00:35.097421] [ControlInterface] Control was preempted or canceled by another request.
[07/30/26 11:47:15.968231] [debug] [01:00:35.097430] [ControlInterface::ExecutionStats] Average Control Time: 0.122 ms (max: 0.143 ms, min: 0.110 ms, sigma: 0.005 ms, count: 2297)
[07/30/26 11:47:15.968326] [debug] [01:00:35.097526] [Service::RobotCommandService::RobotCommandStream] OnDone: robot_command { component_based_command { mobility_command { se2_velocity_command { command_header { control_hold_time { seconds: 1 } } minimum_time { nanos: 10100000 } velocity { linear { } } acceleration_limit { linear { x: 1 y: 1 } angular: 1 } } } body_command { joint_impedance_control_command { command_header { control_hold_time { seconds: 1 } } minimum_time { nanos: 10100000 } position: 0.05 position: 0.89980160356928318 position: -1.363245... [truncated]
[07/30/26 11:47:15.969814] [info] [01:00:35.099018] [ControlManager] Control started: {"type":"RobotCommand","control":{"type":"WholeBodyCommand","control":{"type":"StopControl","control":{"type":"JointVelocityControl"}}}} (priority: 99)
[07/30/26 11:47:15.969834] [debug] [01:00:35.099040] [ControlManager] Control finished: {"type":"RobotCommand","control":{"type":"WholeBodyCommand","control":{"type":"StopControl","control":{"type":"JointVelocityControl"}}}}
[07/30/26 11:47:15.969873] [info] [01:00:35.099074] [ControlInterface] Control completed successfully.
[07/30/26 11:47:15.969880] [debug] [01:00:35.099081] [ControlInterface::ExecutionStats] Average Control Time: 0.006 ms (max: 0.006 ms, min: 0.006 ms, sigma: 0.000 ms, count: 1)
[07/30/26 11:47:15.970587] [debug] [01:00:35.099788] [Service] Server method called: /rb.api.ControlManagerService/ControlManagerCommand
[07/30/26 11:47:15.970612] [debug] [01:00:35.099816] [Service::ControlManagerService::ControlManagerCommand] Requested: request_header { request_timestamp { seconds: 1785379582 nanos: 225211415 } } command: COMMAND_DISABLE
[07/30/26 11:47:15.970615] [info] [01:00:35.099820] [ControlManager::Disable] Disable request received. Starting the disabling process...
[07/30/26 11:47:15.971817] [info] [01:00:35.101020] [ControlManager::Disable] Control Manager successfully disabled
[07/30/26 11:47:19.302811] [debug] [01:00:38.432003] [Hardware] Hardware Loop Stat (avg: 2.000 ms, min: 1.999 ms, max: 2.001 ms, count: 15000)
[07/30/26 11:47:19.437801] [debug] [01:00:38.567003] [ControlManager] Control Manager Loop Stat (avg: 2.000 ms, min: 1.999 ms, max: 2.002 ms, count: 15000)
[07/30/26 11:47:49.302810] [debug] [01:01:08.432003] [Hardware] Hardware Loop Stat (avg: 2.000 ms, min: 1.998 ms, max: 2.002 ms, count: 15000)
[07/30/26 11:47:49.437800] [debug] [01:01:08.567002] [ControlManager] Control Manager Loop Stat (avg: 2.000 ms, min: 1.998 ms, max: 2.002 ms, count: 15000)
[07/30/26 11:48:19.302809] [debug] [01:01:38.432003] [Hardware] Hardware Loop Stat (avg: 2.000 ms, min: 1.999 ms, max: 2.001 ms, count: 15000)
[07/30/26 11:48:19.437799] [debug] [01:01:38.567002] [ControlManager] Control Manager Loop Stat (avg: 2.000 ms, min: 1.999 ms, max: 2.001 ms, count: 15000)
[07/30/26 11:48:23.985784] [debug] [01:01:43.114966] [Service] Server method called: /rb.api.RobotInfoService/GetRobotInfo
[07/30/26 11:48:23.985819] [debug] [01:01:43.115022] [Service::RobotInfoService::GetRobotInfo] Requested: request_header { request_timestamp { seconds: 1785379650 nanos: 242003691 } }
[07/30/26 11:48:23.986608] [debug] [01:01:43.115809] [Service] Server method called: /rb.api.RobotStateService/GetRobotState
[07/30/26 11:48:23.986628] [debug] [01:01:43.115832] [Service::RobotStateService::GetRobotState] Requested: request_header { request_timestamp { seconds: 1785379650 nanos: 242992429 } }
[07/30/26 11:48:23.987230] [debug] [01:01:43.116429] [Service] Server method called: /rb.api.RobotInfoService/GetRobotInfo
[07/30/26 11:48:23.987251] [debug] [01:01:43.116455] [Service::RobotInfoService::GetRobotInfo] Requested: request_header { request_timestamp { seconds: 1785379650 nanos: 243607496 } }
[07/30/26 11:48:23.987935] [debug] [01:01:43.117137] [Service] Server method called: /rb.api.RobotStateService/GetRobotState
[07/30/26 11:48:23.988078] [debug] [01:01:43.117281] [Service::RobotStateService::GetRobotState] Requested: request_header { request_timestamp { seconds: 1785379650 nanos: 244334548 } }
[07/30/26 11:48:23.988862] [debug] [01:01:43.118062] [Service] Server method called: /rb.api.RobotStateService/GetControlManagerState
[07/30/26 11:48:23.988903] [debug] [01:01:43.118106] [Service::RobotStateService::GetControlManagerState] Requested: request_header { request_timestamp { seconds: 1785379650 nanos: 245254344 } }
[07/30/26 11:48:23.989420] [debug] [01:01:43.118620] [Service] Server method called: /rb.api.RobotInfoService/GetRobotInfo
[07/30/26 11:48:23.989438] [debug] [01:01:43.118642] [Service::RobotInfoService::GetRobotInfo] Requested: request_header { request_timestamp { seconds: 1785379650 nanos: 245816322 } }
[07/30/26 11:48:23.989976] [debug] [01:01:43.119179] [Service] Server method called: /rb.api.RobotStateService/GetRobotState
[07/30/26 11:48:23.989991] [debug] [01:01:43.119195] [Service::RobotStateService::GetRobotState] Requested: request_header { request_timestamp { seconds: 1785379650 nanos: 246387716 } }
[07/30/26 11:48:23.990481] [debug] [01:01:43.119683] [Service] Server method called: /rb.api.RobotStateService/GetRobotState
[07/30/26 11:48:23.990497] [debug] [01:01:43.119701] [Service::RobotStateService::GetRobotState] Requested: request_header { request_timestamp { seconds: 1785379650 nanos: 246881441 } }
[07/30/26 11:48:23.991062] [debug] [01:01:43.120265] [Service] Server method called: /rb.api.RobotInfoService/GetRobotInfo
[07/30/26 11:48:23.991076] [debug] [01:01:43.120280] [Service::RobotInfoService::GetRobotInfo] Requested: request_header { request_timestamp { seconds: 1785379650 nanos: 247470934 } }
[07/30/26 11:48:23.991719] [debug] [01:01:43.120921] [Service] Server method called: /rb.api.ControlManagerService/ControlManagerCommand
[07/30/26 11:48:23.991739] [debug] [01:01:43.120943] [Service::ControlManagerService::ControlManagerCommand] Requested: request_header { request_timestamp { seconds: 1785379650 nanos: 248109210 } } command: COMMAND_ENABLE unlimited_mode_enabled { }
[07/30/26 11:48:23.991742] [info] [01:01:43.120948] [ControlManager::Enable] Enable request received. Starting the enabling process...
[07/30/26 11:48:23.991811] [info] [01:01:43.121016] [ControlManager::Enable] Control Manager successfully enabled
[07/30/26 11:48:23.992125] [debug] [01:01:43.121327] [Service] Server method called: /rb.api.ParameterService/SetParameter
[07/30/26 11:48:23.992140] [debug] [01:01:43.121344] [Service::ParameterService::SetParameter] Requested: request_header { request_timestamp { seconds: 1785379650 nanos: 248529990 } } name: "cartesian_command.cutoff_frequency" parameter: "{\"value\":5,\"write_db\":true}"
[07/30/26 11:48:24.102645] [debug] [01:01:43.231842] [Service] Server method called: /rb.api.ParameterService/SetParameter
[07/30/26 11:48:24.102695] [debug] [01:01:43.231869] [Service::ParameterService::SetParameter] Requested: request_header { request_timestamp { seconds: 1785379650 nanos: 358949833 } } name: "default.acceleration_limit_scaling" parameter: "{\"value\":1.0,\"write_db\":true}"
[07/30/26 11:48:24.108511] [debug] [01:01:43.237710] [Service] Server method called: /rb.api.ParameterService/SetParameter
[07/30/26 11:48:24.108536] [debug] [01:01:43.237741] [Service::ParameterService::SetParameter] Requested: request_header { request_timestamp { seconds: 1785379650 nanos: 364851483 } } name: "default.angular_acceleration_limit" parameter: "{\"value\":10,\"write_db\":true}"
[07/30/26 11:48:24.114453] [debug] [01:01:43.243654] [Service] Server method called: /rb.api.ParameterService/SetParameter
[07/30/26 11:48:24.114471] [debug] [01:01:43.243675] [Service::ParameterService::SetParameter] Requested: request_header { request_timestamp { seconds: 1785379650 nanos: 370849980 } } name: "default.linear_acceleration_limit" parameter: "{\"value\":20,\"write_db\":true}"
[07/30/26 11:48:24.120471] [debug] [01:01:43.249672] [Service] Server method called: /rb.api.ParameterService/SetParameter
[07/30/26 11:48:24.120489] [debug] [01:01:43.249693] [Service::ParameterService::SetParameter] Requested: request_header { request_timestamp { seconds: 1785379650 nanos: 376871870 } } name: "joint_position_command.cutoff_frequency" parameter: "{\"value\":5,\"write_db\":true}"
[07/30/26 11:48:24.126617] [debug] [01:01:43.255817] [Service] Server method called: /rb.api.RobotCommandService/RobotCommand
[07/30/26 11:48:24.126686] [debug] [01:01:43.255888] [Service::RobotCommandService::RobotCommand] Requested: robot_command { component_based_command { body_command { joint_position_command { command_header { control_hold_time { seconds: 1 } } minimum_time { nanos: 500000000 } position: 0.029715182292061951 position: 0.93350324907137738 position: -1.3715990493343608 position: 0.59207102033807879 position: -0.0093177941917608 position: 0.0877292725348954 position: -0.22225635004674754 position: -0.60314302028232258 position: -0.49324316898390186 position:... [truncated]
[07/30/26 11:48:24.126690] [debug] [01:01:43.255895] [Service::RobotCommandService::RobotCommand]   Peer: ipv4:192.168.30.230:49724
[07/30/26 11:48:24.126840] [debug] [01:01:43.256044] [Service::RobotCommandService::RobotCommand]   IP: 192.168.30.230, Family: ipv4
[07/30/26 11:48:24.131835] [info] [01:01:43.261038] [ControlManager] Control started: {"type":"RobotCommand","control":{"type":"ComponentBasedCommand","components":{"mobility":null,"body":{"type":"BodyCommand","control":{"type":"JointPositionCommand","control":{"type":"JointPositionControl"}}},"head":{"type":"HeadCommand","control":{"type":"JointPositionCommand","control":{"type":"JointPositionControl"}}}}}} (priority: 1)
[07/30/26 11:48:25.889842] [debug] [01:01:45.019039] [ControlManager] Control finished: {"type":"RobotCommand","control":{"type":"ComponentBasedCommand","components":{"mobility":null,"body":{"type":"BodyCommand","control":{"type":"JointPositionCommand","control":{"type":"JointPositionControl"}}},"head":{"type":"HeadCommand","control":{"type":"JointPositionCommand","control":{"type":"JointPositionControl"}}}}}}
[07/30/26 11:48:25.889900] [info] [01:01:45.019099] [ControlInterface] Control completed successfully.
[07/30/26 11:48:25.889909] [debug] [01:01:45.019108] [ControlInterface::ExecutionStats] Average Control Time: 0.001 ms (max: 0.025 ms, min: 0.001 ms, sigma: 0.001 ms, count: 880)
[07/30/26 11:48:25.890953] [debug] [01:01:45.020153] [Service] Server method called: /rb.api.PowerService/ToolFlangePowerCommand
[07/30/26 11:48:25.890983] [debug] [01:01:45.020187] [Service::PowerService::ToolFlangePowerCommand] Requested: request_header { request_timestamp { seconds: 1785379652 nanos: 147265342 } } name: "right" command: COMMAND_POWER_12V
[07/30/26 11:48:25.890988] [debug] [01:01:45.020193] [Service::PowerService::ToolFlangePowerCommand] Result: Success
[07/30/26 11:48:25.891526] [debug] [01:01:45.020724] [Service] Server method called: /rb.api.PowerService/ToolFlangePowerCommand
[07/30/26 11:48:25.891556] [debug] [01:01:45.020760] [Service::PowerService::ToolFlangePowerCommand] Requested: request_header { request_timestamp { seconds: 1785379652 nanos: 147925064 } } name: "left" command: COMMAND_POWER_12V
[07/30/26 11:48:25.891560] [debug] [01:01:45.020766] [Service::PowerService::ToolFlangePowerCommand] Result: Success
[07/30/26 11:48:27.023710] [debug] [01:01:46.152907] [Service] Server method called: /rb.api.RobotCommandService/RobotCommand
[07/30/26 11:48:27.023771] [debug] [01:01:46.152974] [Service::RobotCommandService::RobotCommand] Requested: robot_command { component_based_command { body_command { joint_position_command { command_header { control_hold_time { seconds: 1 } } minimum_time { seconds: 4 } position: 0 position: 0.78539816339744828 position: -1.3962634015954636 position: 0.78539816339744828 position: 0 position: 0 position: 0 position: -0.26179938779914941 position: 0 position: -2.0943951023931953 position: 0 position: 0.52359877559829882 position: 0 position: 0 position: 0... [truncated]
[07/30/26 11:48:27.023775] [debug] [01:01:46.152980] [Service::RobotCommandService::RobotCommand]   Peer: ipv4:192.168.30.230:49724
[07/30/26 11:48:27.023922] [debug] [01:01:46.153126] [Service::RobotCommandService::RobotCommand]   IP: 192.168.30.230, Family: ipv4
[07/30/26 11:48:27.029826] [info] [01:01:46.159027] [ControlManager] Control started: {"type":"RobotCommand","control":{"type":"ComponentBasedCommand","components":{"mobility":null,"body":{"type":"BodyCommand","control":{"type":"JointPositionCommand","control":{"type":"JointPositionControl"}}},"head":{"type":"HeadCommand","control":{"type":"JointPositionCommand","control":{"type":"JointPositionControl"}}}}}} (priority: 1)
[07/30/26 11:48:32.287841] [debug] [01:01:51.417038] [ControlManager] Control finished: {"type":"RobotCommand","control":{"type":"ComponentBasedCommand","components":{"mobility":null,"body":{"type":"BodyCommand","control":{"type":"JointPositionCommand","control":{"type":"JointPositionControl"}}},"head":{"type":"HeadCommand","control":{"type":"JointPositionCommand","control":{"type":"JointPositionControl"}}}}}}
[07/30/26 11:48:32.287898] [info] [01:01:51.417098] [ControlInterface] Control completed successfully.
[07/30/26 11:48:32.287908] [debug] [01:01:51.417107] [ControlInterface::ExecutionStats] Average Control Time: 0.001 ms (max: 0.019 ms, min: 0.001 ms, sigma: 0.000 ms, count: 2630)
[07/30/26 11:48:32.288605] [debug] [01:01:51.417805] [Service] Server method called: /rb.api.RobotCommandService/RobotCommandStream
[07/30/26 11:48:32.288618] [debug] [01:01:51.417822] [Service::RobotCommandService::RobotCommandStream] Stream is created
[07/30/26 11:48:32.300056] [debug] [01:01:51.429255] [Service::RobotCommandService::RobotCommandStream] Requested: robot_command { component_based_command { mobility_command { se2_velocity_command { command_header { control_hold_time { seconds: 1 } } minimum_time { nanos: 10100000 } velocity { linear { } } acceleration_limit { linear { x: 1 y: 1 } angular: 1 } } } body_command { joint_impedance_control_command { command_header { control_hold_time { seconds: 1 } } minimum_time { nanos: 10100000 } position: -0.00013059650469274148 position: 0.78497613069912631 ... [truncated]
[07/30/26 11:48:32.300063] [debug] [01:01:51.429268] [Service::RobotCommandService::RobotCommandStream]   Peer: ipv4:192.168.30.230:49724
[07/30/26 11:48:32.300290] [debug] [01:01:51.429493] [Service::RobotCommandService::RobotCommandStream]   IP: 192.168.30.230, Family: ipv4
[07/30/26 11:48:32.305827] [info] [01:01:51.435031] [ControlManager] Control started: {"type":"RobotCommand","control":{"type":"ComponentBasedCommand","components":{"mobility":{"type":"MobilityCommand","control":{"type":"SE2VelocityCommand","control":{"type":"MobilitySE2VelocityControl"}}},"body":{"type":"BodyCommand","control":{"type":"JointImpedanceControlCommand","control":{"type":"JointImpedanceControl"}}},"head":{"type":"HeadCommand","control":{"type":"JointPositionCommand","control":{"type":"JointPositionControl"}}}}}} (priority: 1)
[07/30/26 11:48:42.303943] [debug] [01:02:01.433133] [ControlInterface::ExecutionStats] Average Control Time: 0.120 ms (max: 0.198 ms, min: 0.110 ms, sigma: 0.005 ms, count: 5000)
[07/30/26 11:48:49.302813] [debug] [01:02:08.432003] [Hardware] Hardware Loop Stat (avg: 2.000 ms, min: 1.999 ms, max: 2.001 ms, count: 15000)
[07/30/26 11:48:49.437803] [debug] [01:02:08.567002] [ControlManager] Control Manager Loop Stat (avg: 2.000 ms, min: 1.999 ms, max: 2.001 ms, count: 15000)
[07/30/26 11:48:52.303941] [debug] [01:02:11.433133] [ControlInterface::ExecutionStats] Average Control Time: 0.121 ms (max: 0.142 ms, min: 0.110 ms, sigma: 0.005 ms, count: 5000)
[07/30/26 11:48:56.604012] [debug] [01:02:15.733204] [Service] Server method called: /rb.api.RobotCommandService/RobotCommand
[07/30/26 11:48:56.604051] [debug] [01:02:15.733254] [Service::RobotCommandService::RobotCommand] Requested: robot_command { whole_body_command { stop_command { } } } priority: 99
[07/30/26 11:48:56.604055] [debug] [01:02:15.733260] [Service::RobotCommandService::RobotCommand]   Peer: ipv4:192.168.30.230:49724
[07/30/26 11:48:56.604217] [debug] [01:02:15.733419] [Service::RobotCommandService::RobotCommand]   IP: 192.168.30.230, Family: ipv4
[07/30/26 11:48:56.707976] [debug] [01:02:15.837172] [ControlManager] Control finished: {"type":"RobotCommand","control":{"type":"ComponentBasedCommand","components":{"mobility":{"type":"MobilityCommand","control":{"type":"SE2VelocityCommand","control":{"type":"MobilitySE2VelocityControl"}}},"body":{"type":"BodyCommand","control":{"type":"JointImpedanceControlCommand","control":{"type":"JointImpedanceControl"}}},"head":{"type":"HeadCommand","control":{"type":"JointPositionCommand","control":{"type":"JointPositionControl"}}}}}}
[07/30/26 11:48:56.708090] [debug] [01:02:15.837288] [Service::RobotCommandService::RobotCommandStream] OnReadDone (write_done: true, read_done: true)
[07/30/26 11:48:56.708099] [debug] [01:02:15.837300] [Service::RobotCommandService::RobotCommandStream] OnCancel
[07/30/26 11:48:56.708165] [info] [01:02:15.837367] [ControlInterface] Control was preempted or canceled by another request.
[07/30/26 11:48:56.708175] [debug] [01:02:15.837374] [ControlInterface::ExecutionStats] Average Control Time: 0.121 ms (max: 0.140 ms, min: 0.112 ms, sigma: 0.005 ms, count: 2202)
[07/30/26 11:48:56.708244] [debug] [01:02:15.837446] [Service::RobotCommandService::RobotCommandStream] OnDone: robot_command { component_based_command { mobility_command { se2_velocity_command { command_header { control_hold_time { seconds: 1 } } minimum_time { nanos: 10100000 } velocity { linear { } } acceleration_limit { linear { x: 1 y: 1 } angular: 1 } } } body_command { joint_impedance_control_command { command_header { control_hold_time { seconds: 1 } } minimum_time { nanos: 10100000 } position: 0.049609702885805247 position: 0.90856161649838418 pos... [truncated]
[07/30/26 11:48:56.709814] [info] [01:02:15.839018] [ControlManager] Control started: {"type":"RobotCommand","control":{"type":"WholeBodyCommand","control":{"type":"StopControl","control":{"type":"JointVelocityControl"}}}} (priority: 99)
[07/30/26 11:48:56.709834] [debug] [01:02:15.839039] [ControlManager] Control finished: {"type":"RobotCommand","control":{"type":"WholeBodyCommand","control":{"type":"StopControl","control":{"type":"JointVelocityControl"}}}}
[07/30/26 11:48:56.709868] [info] [01:02:15.839071] [ControlInterface] Control completed successfully.
[07/30/26 11:48:56.709872] [debug] [01:02:15.839075] [ControlInterface::ExecutionStats] Average Control Time: 0.005 ms (max: 0.005 ms, min: 0.005 ms, sigma: 0.000 ms, count: 1)
[07/30/26 11:48:56.710743] [debug] [01:02:15.839942] [Service] Server method called: /rb.api.ControlManagerService/ControlManagerCommand
[07/30/26 11:48:56.710768] [debug] [01:02:15.839971] [Service::ControlManagerService::ControlManagerCommand] Requested: request_header { request_timestamp { seconds: 1785379682 nanos: 967740798 } } command: COMMAND_DISABLE
[07/30/26 11:48:56.710772] [info] [01:02:15.839977] [ControlManager::Disable] Disable request received. Starting the disabling process...
[07/30/26 11:48:56.711817] [info] [01:02:15.841021] [ControlManager::Disable] Control Manager successfully disabled
[07/30/26 11:49:19.302811] [debug] [01:02:38.432003] [Hardware] Hardware Loop Stat (avg: 2.000 ms, min: 1.999 ms, max: 2.001 ms, count: 15000)
[07/30/26 11:49:19.437802] [debug] [01:02:38.567003] [ControlManager] Control Manager Loop Stat (avg: 2.000 ms, min: 1.999 ms, max: 2.001 ms, count: 15000)
[07/30/26 11:49:49.302810] [debug] [01:03:08.432003] [Hardware] Hardware Loop Stat (avg: 2.000 ms, min: 1.999 ms, max: 2.001 ms, count: 15000)
[07/30/26 11:49:49.437799] [debug] [01:03:08.567002] [ControlManager] Control Manager Loop Stat (avg: 2.000 ms, min: 1.997 ms, max: 2.003 ms, count: 15000)
[07/30/26 11:50:19.302809] [debug] [01:03:38.432003] [Hardware] Hardware Loop Stat (avg: 2.000 ms, min: 1.998 ms, max: 2.002 ms, count: 15000)
[07/30/26 11:50:19.437800] [debug] [01:03:38.567002] [ControlManager] Control Manager Loop Stat (avg: 2.000 ms, min: 1.999 ms, max: 2.001 ms, count: 15000)
[07/30/26 11:50:49.302810] [debug] [01:04:08.432003] [Hardware] Hardware Loop Stat (avg: 2.000 ms, min: 1.999 ms, max: 2.001 ms, count: 15000)
[07/30/26 11:50:49.437800] [debug] [01:04:08.567002] [ControlManager] Control Manager Loop Stat (avg: 2.000 ms, min: 1.999 ms, max: 2.001 ms, count: 15000)
[07/30/26 11:51:19.302809] [debug] [01:04:38.432003] [Hardware] Hardware Loop Stat (avg: 2.000 ms, min: 1.999 ms, max: 2.002 ms, count: 15000)
[07/30/26 11:51:19.437800] [debug] [01:04:38.567002] [ControlManager] Control Manager Loop Stat (avg: 2.000 ms, min: 1.999 ms, max: 2.001 ms, count: 15000)
[07/30/26 11:51:49.302809] [debug] [01:05:08.432003] [Hardware] Hardware Loop Stat (avg: 2.000 ms, min: 1.998 ms, max: 2.002 ms, count: 15000)
[07/30/26 11:51:49.437799] [debug] [01:05:08.567002] [ControlManager] Control Manager Loop Stat (avg: 2.000 ms, min: 1.999 ms, max: 2.001 ms, count: 15000)
[07/30/26 11:52:19.302809] [debug] [01:05:38.432003] [Hardware] Hardware Loop Stat (avg: 2.000 ms, min: 1.999 ms, max: 2.001 ms, count: 15000)
[07/30/26 11:52:19.437799] [debug] [01:05:38.567002] [ControlManager] Control Manager Loop Stat (avg: 2.000 ms, min: 1.998 ms, max: 2.002 ms, count: 15000)
[07/30/26 11:52:49.302809] [debug] [01:06:08.432003] [Hardware] Hardware Loop Stat (avg: 2.000 ms, min: 1.998 ms, max: 2.001 ms, count: 15000)
[07/30/26 11:52:49.437800] [debug] [01:06:08.567002] [ControlManager] Control Manager Loop Stat (avg: 2.000 ms, min: 1.998 ms, max: 2.002 ms, count: 15000)
[07/30/26 11:53:19.302810] [debug] [01:06:38.432002] [Hardware] Hardware Loop Stat (avg: 2.000 ms, min: 1.998 ms, max: 2.002 ms, count: 15000)
[07/30/26 11:53:19.437799] [debug] [01:06:38.567002] [ControlManager] Control Manager Loop Stat (avg: 2.000 ms, min: 1.999 ms, max: 2.001 ms, count: 15000)
[07/30/26 11:53:49.302808] [debug] [01:07:08.432003] [Hardware] Hardware Loop Stat (avg: 2.000 ms, min: 1.999 ms, max: 2.001 ms, count: 15000)
[07/30/26 11:53:49.437800] [debug] [01:07:08.567002] [ControlManager] Control Manager Loop Stat (avg: 2.000 ms, min: 1.998 ms, max: 2.002 ms, count: 15000)
[07/30/26 11:54:19.302811] [debug] [01:07:38.432003] [Hardware] Hardware Loop Stat (avg: 2.000 ms, min: 1.999 ms, max: 2.001 ms, count: 15000)
[07/30/26 11:54:19.437800] [debug] [01:07:38.567002] [ControlManager] Control Manager Loop Stat (avg: 2.000 ms, min: 1.999 ms, max: 2.001 ms, count: 15000)
[07/30/26 11:54:49.302810] [debug] [01:08:08.432003] [Hardware] Hardware Loop Stat (avg: 2.000 ms, min: 1.998 ms, max: 2.003 ms, count: 15000)
[07/30/26 11:54:49.437800] [debug] [01:08:08.567002] [ControlManager] Control Manager Loop Stat (avg: 2.000 ms, min: 1.999 ms, max: 2.001 ms, count: 15000)
[07/30/26 11:55:19.302809] [debug] [01:08:38.432002] [Hardware] Hardware Loop Stat (avg: 2.000 ms, min: 1.999 ms, max: 2.001 ms, count: 15000)
[07/30/26 11:55:19.437799] [debug] [01:08:38.567002] [ControlManager] Control Manager Loop Stat (avg: 2.000 ms, min: 1.998 ms, max: 2.002 ms, count: 15000)
[07/30/26 11:55:49.302809] [debug] [01:09:08.432003] [Hardware] Hardware Loop Stat (avg: 2.000 ms, min: 1.999 ms, max: 2.001 ms, count: 15000)
[07/30/26 11:55:49.437799] [debug] [01:09:08.567002] [ControlManager] Control Manager Loop Stat (avg: 2.000 ms, min: 1.999 ms, max: 2.001 ms, count: 15000)
[07/30/26 11:56:19.302810] [debug] [01:09:38.432003] [Hardware] Hardware Loop Stat (avg: 2.000 ms, min: 1.999 ms, max: 2.001 ms, count: 15000)
[07/30/26 11:56:19.437799] [debug] [01:09:38.567002] [ControlManager] Control Manager Loop Stat (avg: 2.000 ms, min: 1.999 ms, max: 2.001 ms, count: 15000)
[07/30/26 11:56:49.302810] [debug] [01:10:08.432003] [Hardware] Hardware Loop Stat (avg: 2.000 ms, min: 1.998 ms, max: 2.002 ms, count: 15000)
[07/30/26 11:56:49.437800] [debug] [01:10:08.567002] [ControlManager] Control Manager Loop Stat (avg: 2.000 ms, min: 1.999 ms, max: 2.001 ms, count: 15000)
[07/30/26 11:57:19.302811] [debug] [01:10:38.432003] [Hardware] Hardware Loop Stat (avg: 2.000 ms, min: 1.999 ms, max: 2.001 ms, count: 15000)
[07/30/26 11:57:19.437800] [debug] [01:10:38.567002] [ControlManager] Control Manager Loop Stat (avg: 2.000 ms, min: 1.999 ms, max: 2.002 ms, count: 15000)
[07/30/26 11:57:49.302811] [debug] [01:11:08.432003] [Hardware] Hardware Loop Stat (avg: 2.000 ms, min: 1.999 ms, max: 2.002 ms, count: 15000)
[07/30/26 11:57:49.437800] [debug] [01:11:08.567002] [ControlManager] Control Manager Loop Stat (avg: 2.000 ms, min: 1.998 ms, max: 2.002 ms, count: 15000)
[07/30/26 11:58:19.302812] [debug] [01:11:38.432003] [Hardware] Hardware Loop Stat (avg: 2.000 ms, min: 1.999 ms, max: 2.001 ms, count: 15000)
[07/30/26 11:58:19.437800] [debug] [01:11:38.567002] [ControlManager] Control Manager Loop Stat (avg: 2.000 ms, min: 1.998 ms, max: 2.002 ms, count: 15000)
[07/30/26 11:58:49.302809] [debug] [01:12:08.432002] [Hardware] Hardware Loop Stat (avg: 2.000 ms, min: 1.998 ms, max: 2.002 ms, count: 15000)
[07/30/26 11:58:49.437799] [debug] [01:12:08.567002] [ControlManager] Control Manager Loop Stat (avg: 2.000 ms, min: 1.999 ms, max: 2.001 ms, count: 15000)
[07/30/26 11:59:19.302810] [debug] [01:12:38.432003] [Hardware] Hardware Loop Stat (avg: 2.000 ms, min: 1.998 ms, max: 2.002 ms, count: 15000)
[07/30/26 11:59:19.437799] [debug] [01:12:38.567002] [ControlManager] Control Manager Loop Stat (avg: 2.000 ms, min: 1.999 ms, max: 2.001 ms, count: 15000)
[07/30/26 11:59:49.302811] [debug] [01:13:08.432003] [Hardware] Hardware Loop Stat (avg: 2.000 ms, min: 1.999 ms, max: 2.001 ms, count: 15000)
[07/30/26 11:59:49.437799] [debug] [01:13:08.567002] [ControlManager] Control Manager Loop Stat (avg: 2.000 ms, min: 1.999 ms, max: 2.001 ms, count: 15000)
[07/30/26 12:00:19.302810] [debug] [01:13:38.432002] [Hardware] Hardware Loop Stat (avg: 2.000 ms, min: 1.998 ms, max: 2.002 ms, count: 15000)
[07/30/26 12:00:19.437799] [debug] [01:13:38.567002] [ControlManager] Control Manager Loop Stat (avg: 2.000 ms, min: 1.999 ms, max: 2.001 ms, count: 15000)
[07/30/26 12:00:49.302810] [debug] [01:14:08.432003] [Hardware] Hardware Loop Stat (avg: 2.000 ms, min: 1.999 ms, max: 2.001 ms, count: 15000)
[07/30/26 12:00:49.437799] [debug] [01:14:08.567002] [ControlManager] Control Manager Loop Stat (avg: 2.000 ms, min: 1.998 ms, max: 2.002 ms, count: 15000)
[07/30/26 12:01:19.302809] [debug] [01:14:38.432003] [Hardware] Hardware Loop Stat (avg: 2.000 ms, min: 1.999 ms, max: 2.001 ms, count: 15000)
[07/30/26 12:01:19.437799] [debug] [01:14:38.567002] [ControlManager] Control Manager Loop Stat (avg: 2.000 ms, min: 1.998 ms, max: 2.002 ms, count: 15000)
[07/30/26 12:01:49.302809] [debug] [01:15:08.432003] [Hardware] Hardware Loop Stat (avg: 2.000 ms, min: 1.999 ms, max: 2.001 ms, count: 15000)
[07/30/26 12:01:49.437799] [debug] [01:15:08.567002] [ControlManager] Control Manager Loop Stat (avg: 2.000 ms, min: 1.999 ms, max: 2.001 ms, count: 15000)
[07/30/26 12:02:19.302812] [debug] [01:15:38.432003] [Hardware] Hardware Loop Stat (avg: 2.000 ms, min: 1.998 ms, max: 2.002 ms, count: 15000)
[07/30/26 12:02:19.437799] [debug] [01:15:38.567002] [ControlManager] Control Manager Loop Stat (avg: 2.000 ms, min: 1.999 ms, max: 2.001 ms, count: 15000)
[07/30/26 12:02:49.302808] [debug] [01:16:08.432003] [Hardware] Hardware Loop Stat (avg: 2.000 ms, min: 1.999 ms, max: 2.001 ms, count: 15000)
[07/30/26 12:02:49.437799] [debug] [01:16:08.567002] [ControlManager] Control Manager Loop Stat (avg: 2.000 ms, min: 1.999 ms, max: 2.001 ms, count: 15000)
[07/30/26 12:03:19.302810] [debug] [01:16:38.432003] [Hardware] Hardware Loop Stat (avg: 2.000 ms, min: 1.999 ms, max: 2.001 ms, count: 15000)
[07/30/26 12:03:19.437799] [debug] [01:16:38.567002] [ControlManager] Control Manager Loop Stat (avg: 2.000 ms, min: 1.998 ms, max: 2.002 ms, count: 15000)
[07/30/26 12:03:49.302810] [debug] [01:17:08.432003] [Hardware] Hardware Loop Stat (avg: 2.000 ms, min: 1.999 ms, max: 2.001 ms, count: 15000)
[07/30/26 12:03:49.437800] [debug] [01:17:08.567002] [ControlManager] Control Manager Loop Stat (avg: 2.000 ms, min: 1.998 ms, max: 2.002 ms, count: 15000)
[07/30/26 12:04:19.302810] [debug] [01:17:38.432002] [Hardware] Hardware Loop Stat (avg: 2.000 ms, min: 1.998 ms, max: 2.002 ms, count: 15000)
[07/30/26 12:04:19.437800] [debug] [01:17:38.567002] [ControlManager] Control Manager Loop Stat (avg: 2.000 ms, min: 1.998 ms, max: 2.002 ms, count: 15000)
[07/30/26 12:04:49.302809] [debug] [01:18:08.432003] [Hardware] Hardware Loop Stat (avg: 2.000 ms, min: 1.999 ms, max: 2.001 ms, count: 15000)
[07/30/26 12:04:49.437799] [debug] [01:18:08.567002] [ControlManager] Control Manager Loop Stat (avg: 2.000 ms, min: 1.999 ms, max: 2.001 ms, count: 15000)
[07/30/26 12:05:19.302811] [debug] [01:18:38.432002] [Hardware] Hardware Loop Stat (avg: 2.000 ms, min: 1.999 ms, max: 2.002 ms, count: 15000)
[07/30/26 12:05:19.437799] [debug] [01:18:38.567002] [ControlManager] Control Manager Loop Stat (avg: 2.000 ms, min: 1.999 ms, max: 2.001 ms, count: 15000)
[07/30/26 12:05:49.302809] [debug] [01:19:08.432003] [Hardware] Hardware Loop Stat (avg: 2.000 ms, min: 1.999 ms, max: 2.001 ms, count: 15000)
[07/30/26 12:05:49.437800] [debug] [01:19:08.567002] [ControlManager] Control Manager Loop Stat (avg: 2.000 ms, min: 1.999 ms, max: 2.001 ms, count: 15000)
[07/30/26 12:06:19.302811] [debug] [01:19:38.432003] [Hardware] Hardware Loop Stat (avg: 2.000 ms, min: 1.998 ms, max: 2.002 ms, count: 15000)
[07/30/26 12:06:19.437800] [debug] [01:19:38.567002] [ControlManager] Control Manager Loop Stat (avg: 2.000 ms, min: 1.999 ms, max: 2.001 ms, count: 15000)
[07/30/26 12:06:49.302809] [debug] [01:20:08.432003] [Hardware] Hardware Loop Stat (avg: 2.000 ms, min: 1.998 ms, max: 2.002 ms, count: 15000)
[07/30/26 12:06:49.437799] [debug] [01:20:08.567002] [ControlManager] Control Manager Loop Stat (avg: 2.000 ms, min: 1.999 ms, max: 2.001 ms, count: 15000)
[07/30/26 12:07:19.302809] [debug] [01:20:38.432003] [Hardware] Hardware Loop Stat (avg: 2.000 ms, min: 1.999 ms, max: 2.001 ms, count: 15000)
[07/30/26 12:07:19.437800] [debug] [01:20:38.567002] [ControlManager] Control Manager Loop Stat (avg: 2.000 ms, min: 1.999 ms, max: 2.001 ms, count: 15000)
[07/30/26 12:07:49.302810] [debug] [01:21:08.432003] [Hardware] Hardware Loop Stat (avg: 2.000 ms, min: 1.997 ms, max: 2.003 ms, count: 15000)
[07/30/26 12:07:49.437799] [debug] [01:21:08.567002] [ControlManager] Control Manager Loop Stat (avg: 2.000 ms, min: 1.999 ms, max: 2.002 ms, count: 15000)
[07/30/26 12:08:19.302811] [debug] [01:21:38.432003] [Hardware] Hardware Loop Stat (avg: 2.000 ms, min: 1.999 ms, max: 2.001 ms, count: 15000)
[07/30/26 12:08:19.437799] [debug] [01:21:38.567002] [ControlManager] Control Manager Loop Stat (avg: 2.000 ms, min: 1.998 ms, max: 2.002 ms, count: 15000)
[07/30/26 12:08:49.302809] [debug] [01:22:08.432003] [Hardware] Hardware Loop Stat (avg: 2.000 ms, min: 1.999 ms, max: 2.001 ms, count: 15000)
[07/30/26 12:08:49.437799] [debug] [01:22:08.567002] [ControlManager] Control Manager Loop Stat (avg: 2.000 ms, min: 1.999 ms, max: 2.001 ms, count: 15000)
[07/30/26 12:09:19.302809] [debug] [01:22:38.432003] [Hardware] Hardware Loop Stat (avg: 2.000 ms, min: 1.998 ms, max: 2.002 ms, count: 15000)
[07/30/26 12:09:19.437799] [debug] [01:22:38.567002] [ControlManager] Control Manager Loop Stat (avg: 2.000 ms, min: 1.998 ms, max: 2.002 ms, count: 15000)
[07/30/26 12:09:49.302808] [debug] [01:23:08.432003] [Hardware] Hardware Loop Stat (avg: 2.000 ms, min: 1.998 ms, max: 2.002 ms, count: 15000)
[07/30/26 12:09:49.437799] [debug] [01:23:08.567002] [ControlManager] Control Manager Loop Stat (avg: 2.000 ms, min: 1.999 ms, max: 2.001 ms, count: 15000)
[07/30/26 12:10:19.302812] [debug] [01:23:38.432003] [Hardware] Hardware Loop Stat (avg: 2.000 ms, min: 1.998 ms, max: 2.001 ms, count: 15000)
[07/30/26 12:10:19.437799] [debug] [01:23:38.567002] [ControlManager] Control Manager Loop Stat (avg: 2.000 ms, min: 1.998 ms, max: 2.002 ms, count: 15000)
[07/30/26 12:10:49.302809] [debug] [01:24:08.432002] [Hardware] Hardware Loop Stat (avg: 2.000 ms, min: 1.999 ms, max: 2.001 ms, count: 15000)
[07/30/26 12:10:49.437800] [debug] [01:24:08.567002] [ControlManager] Control Manager Loop Stat (avg: 2.000 ms, min: 1.999 ms, max: 2.001 ms, count: 15000)
[07/30/26 12:11:19.302810] [debug] [01:24:38.432002] [Hardware] Hardware Loop Stat (avg: 2.000 ms, min: 1.999 ms, max: 2.001 ms, count: 15000)
[07/30/26 12:11:19.437799] [debug] [01:24:38.567002] [ControlManager] Control Manager Loop Stat (avg: 2.000 ms, min: 1.999 ms, max: 2.001 ms, count: 15000)
[07/30/26 12:11:49.302810] [debug] [01:25:08.432002] [Hardware] Hardware Loop Stat (avg: 2.000 ms, min: 1.999 ms, max: 2.001 ms, count: 15000)
[07/30/26 12:11:49.437800] [debug] [01:25:08.567002] [ControlManager] Control Manager Loop Stat (avg: 2.000 ms, min: 1.998 ms, max: 2.002 ms, count: 15000)
[07/30/26 12:12:19.302809] [debug] [01:25:38.432003] [Hardware] Hardware Loop Stat (avg: 2.000 ms, min: 1.999 ms, max: 2.001 ms, count: 15000)
[07/30/26 12:12:19.437800] [debug] [01:25:38.567002] [ControlManager] Control Manager Loop Stat (avg: 2.000 ms, min: 1.997 ms, max: 2.003 ms, count: 15000)
[07/30/26 12:12:49.302809] [debug] [01:26:08.432003] [Hardware] Hardware Loop Stat (avg: 2.000 ms, min: 1.998 ms, max: 2.003 ms, count: 15000)
[07/30/26 12:12:49.437799] [debug] [01:26:08.567002] [ControlManager] Control Manager Loop Stat (avg: 2.000 ms, min: 1.999 ms, max: 2.002 ms, count: 15000)
[07/30/26 12:13:19.302810] [debug] [01:26:38.432003] [Hardware] Hardware Loop Stat (avg: 2.000 ms, min: 1.999 ms, max: 2.001 ms, count: 15000)
[07/30/26 12:13:19.437800] [debug] [01:26:38.567002] [ControlManager] Control Manager Loop Stat (avg: 2.000 ms, min: 1.999 ms, max: 2.001 ms, count: 15000)
[07/30/26 12:13:49.302808] [debug] [01:27:08.432002] [Hardware] Hardware Loop Stat (avg: 2.000 ms, min: 1.999 ms, max: 2.001 ms, count: 15000)
[07/30/26 12:13:49.437800] [debug] [01:27:08.567002] [ControlManager] Control Manager Loop Stat (avg: 2.000 ms, min: 1.999 ms, max: 2.001 ms, count: 15000)
[07/30/26 12:14:19.302811] [debug] [01:27:38.432003] [Hardware] Hardware Loop Stat (avg: 2.000 ms, min: 1.998 ms, max: 2.002 ms, count: 15000)
[07/30/26 12:14:19.437800] [debug] [01:27:38.567002] [ControlManager] Control Manager Loop Stat (avg: 2.000 ms, min: 1.998 ms, max: 2.002 ms, count: 15000)
[07/30/26 12:14:49.302810] [debug] [01:28:08.432003] [Hardware] Hardware Loop Stat (avg: 2.000 ms, min: 1.999 ms, max: 2.001 ms, count: 15000)
[07/30/26 12:14:49.437799] [debug] [01:28:08.567002] [ControlManager] Control Manager Loop Stat (avg: 2.000 ms, min: 1.998 ms, max: 2.002 ms, count: 15000)
[07/30/26 12:15:19.302809] [debug] [01:28:38.432003] [Hardware] Hardware Loop Stat (avg: 2.000 ms, min: 1.999 ms, max: 2.001 ms, count: 15000)
[07/30/26 12:15:19.437799] [debug] [01:28:38.567002] [ControlManager] Control Manager Loop Stat (avg: 2.000 ms, min: 1.999 ms, max: 2.001 ms, count: 15000)
[07/30/26 12:15:49.302810] [debug] [01:29:08.432003] [Hardware] Hardware Loop Stat (avg: 2.000 ms, min: 1.998 ms, max: 2.002 ms, count: 15000)
[07/30/26 12:15:49.437800] [debug] [01:29:08.567002] [ControlManager] Control Manager Loop Stat (avg: 2.000 ms, min: 1.998 ms, max: 2.002 ms, count: 15000)
[07/30/26 12:16:19.302810] [debug] [01:29:38.432003] [Hardware] Hardware Loop Stat (avg: 2.000 ms, min: 1.999 ms, max: 2.002 ms, count: 15000)
[07/30/26 12:16:19.437800] [debug] [01:29:38.567002] [ControlManager] Control Manager Loop Stat (avg: 2.000 ms, min: 1.998 ms, max: 2.002 ms, count: 15000)
[07/30/26 12:16:49.302809] [debug] [01:30:08.432003] [Hardware] Hardware Loop Stat (avg: 2.000 ms, min: 1.999 ms, max: 2.001 ms, count: 15000)
[07/30/26 12:16:49.437800] [debug] [01:30:08.567002] [ControlManager] Control Manager Loop Stat (avg: 2.000 ms, min: 1.998 ms, max: 2.002 ms, count: 15000)
[07/30/26 12:17:19.302810] [debug] [01:30:38.432003] [Hardware] Hardware Loop Stat (avg: 2.000 ms, min: 1.999 ms, max: 2.002 ms, count: 15000)
[07/30/26 12:17:19.437800] [debug] [01:30:38.567002] [ControlManager] Control Manager Loop Stat (avg: 2.000 ms, min: 1.999 ms, max: 2.001 ms, count: 15000)
[07/30/26 12:17:49.302809] [debug] [01:31:08.432002] [Hardware] Hardware Loop Stat (avg: 2.000 ms, min: 1.999 ms, max: 2.001 ms, count: 15000)
[07/30/26 12:17:49.437800] [debug] [01:31:08.567002] [ControlManager] Control Manager Loop Stat (avg: 2.000 ms, min: 1.998 ms, max: 2.002 ms, count: 15000)
[07/30/26 12:18:19.302811] [debug] [01:31:38.432003] [Hardware] Hardware Loop Stat (avg: 2.000 ms, min: 1.998 ms, max: 2.002 ms, count: 15000)
[07/30/26 12:18:19.437799] [debug] [01:31:38.567002] [ControlManager] Control Manager Loop Stat (avg: 2.000 ms, min: 1.999 ms, max: 2.001 ms, count: 15000)
[07/30/26 12:18:49.302809] [debug] [01:32:08.432003] [Hardware] Hardware Loop Stat (avg: 2.000 ms, min: 1.998 ms, max: 2.002 ms, count: 15000)
[07/30/26 12:18:49.437800] [debug] [01:32:08.567002] [ControlManager] Control Manager Loop Stat (avg: 2.000 ms, min: 1.998 ms, max: 2.002 ms, count: 15000)
[07/30/26 12:19:19.302811] [debug] [01:32:38.432003] [Hardware] Hardware Loop Stat (avg: 2.000 ms, min: 1.998 ms, max: 2.002 ms, count: 15000)
[07/30/26 12:19:19.437800] [debug] [01:32:38.567002] [ControlManager] Control Manager Loop Stat (avg: 2.000 ms, min: 1.999 ms, max: 2.001 ms, count: 15000)
[07/30/26 12:19:49.302809] [debug] [01:33:08.432002] [Hardware] Hardware Loop Stat (avg: 2.000 ms, min: 1.998 ms, max: 2.002 ms, count: 15000)
[07/30/26 12:19:49.437800] [debug] [01:33:08.567002] [ControlManager] Control Manager Loop Stat (avg: 2.000 ms, min: 1.999 ms, max: 2.001 ms, count: 15000)
[07/30/26 12:20:19.302811] [debug] [01:33:38.432003] [Hardware] Hardware Loop Stat (avg: 2.000 ms, min: 1.999 ms, max: 2.001 ms, count: 15000)
[07/30/26 12:20:19.437799] [debug] [01:33:38.567002] [ControlManager] Control Manager Loop Stat (avg: 2.000 ms, min: 1.999 ms, max: 2.001 ms, count: 15000)
[07/30/26 12:20:49.302809] [debug] [01:34:08.432003] [Hardware] Hardware Loop Stat (avg: 2.000 ms, min: 1.998 ms, max: 2.002 ms, count: 15000)
[07/30/26 12:20:49.437799] [debug] [01:34:08.567002] [ControlManager] Control Manager Loop Stat (avg: 2.000 ms, min: 1.999 ms, max: 2.001 ms, count: 15000)
[07/30/26 12:21:19.302810] [debug] [01:34:38.432003] [Hardware] Hardware Loop Stat (avg: 2.000 ms, min: 1.999 ms, max: 2.001 ms, count: 15000)
[07/30/26 12:21:19.437799] [debug] [01:34:38.567002] [ControlManager] Control Manager Loop Stat (avg: 2.000 ms, min: 1.998 ms, max: 2.002 ms, count: 15000)
[07/30/26 12:21:21.032995] [debug] [01:34:40.162189] [Service] Server method called: /rb.api.RobotInfoService/GetRobotInfo
[07/30/26 12:21:21.033029] [debug] [01:34:40.162232] [Service::RobotInfoService::GetRobotInfo] Requested: request_header { request_timestamp { seconds: 1785381627 nanos: 246818876 } }
[07/30/26 12:21:21.033729] [debug] [01:34:40.162926] [Service] Server method called: /rb.api.RobotStateService/GetRobotState
[07/30/26 12:21:21.033755] [debug] [01:34:40.162959] [Service::RobotStateService::GetRobotState] Requested: request_header { request_timestamp { seconds: 1785381627 nanos: 247660345 } }
[07/30/26 12:21:21.034248] [debug] [01:34:40.163449] [Service] Server method called: /rb.api.RobotInfoService/GetRobotInfo
[07/30/26 12:21:21.034266] [debug] [01:34:40.163470] [Service::RobotInfoService::GetRobotInfo] Requested: request_header { request_timestamp { seconds: 1785381627 nanos: 248218293 } }
[07/30/26 12:21:21.034872] [debug] [01:34:40.164074] [Service] Server method called: /rb.api.RobotStateService/GetRobotState
[07/30/26 12:21:21.034892] [debug] [01:34:40.164096] [Service::RobotStateService::GetRobotState] Requested: request_header { request_timestamp { seconds: 1785381627 nanos: 248843167 } }
[07/30/26 12:21:21.035355] [debug] [01:34:40.164556] [Service] Server method called: /rb.api.RobotStateService/GetControlManagerState
[07/30/26 12:21:21.035374] [debug] [01:34:40.164577] [Service::RobotStateService::GetControlManagerState] Requested: request_header { request_timestamp { seconds: 1785381627 nanos: 249324399 } }
[07/30/26 12:21:21.035619] [debug] [01:34:40.164820] [Service] Server method called: /rb.api.RobotInfoService/GetRobotInfo
[07/30/26 12:21:21.035638] [debug] [01:34:40.164843] [Service::RobotInfoService::GetRobotInfo] Requested: request_header { request_timestamp { seconds: 1785381627 nanos: 249602005 } }
[07/30/26 12:21:21.036223] [debug] [01:34:40.165425] [Service] Server method called: /rb.api.RobotStateService/GetRobotState
[07/30/26 12:21:21.036237] [debug] [01:34:40.165441] [Service::RobotStateService::GetRobotState] Requested: request_header { request_timestamp { seconds: 1785381627 nanos: 250204966 } }
[07/30/26 12:21:21.036651] [debug] [01:34:40.165853] [Service] Server method called: /rb.api.RobotStateService/GetRobotState
[07/30/26 12:21:21.036664] [debug] [01:34:40.165868] [Service::RobotStateService::GetRobotState] Requested: request_header { request_timestamp { seconds: 1785381627 nanos: 250659943 } }
[07/30/26 12:21:21.037090] [debug] [01:34:40.166293] [Service] Server method called: /rb.api.RobotInfoService/GetRobotInfo
[07/30/26 12:21:21.037103] [debug] [01:34:40.166307] [Service::RobotInfoService::GetRobotInfo] Requested: request_header { request_timestamp { seconds: 1785381627 nanos: 251111348 } }
[07/30/26 12:21:21.037810] [debug] [01:34:40.167012] [Service] Server method called: /rb.api.ControlManagerService/ControlManagerCommand
[07/30/26 12:21:21.037829] [debug] [01:34:40.167033] [Service::ControlManagerService::ControlManagerCommand] Requested: request_header { request_timestamp { seconds: 1785381627 nanos: 251791024 } } command: COMMAND_ENABLE unlimited_mode_enabled { }
[07/30/26 12:21:21.037833] [info] [01:34:40.167038] [ControlManager::Enable] Enable request received. Starting the enabling process...
[07/30/26 12:21:21.039811] [info] [01:34:40.169015] [ControlManager::Enable] Control Manager successfully enabled
[07/30/26 12:21:21.040272] [debug] [01:34:40.169474] [Service] Server method called: /rb.api.ParameterService/SetParameter
[07/30/26 12:21:21.040319] [debug] [01:34:40.169522] [Service::ParameterService::SetParameter] Requested: request_header { request_timestamp { seconds: 1785381627 nanos: 254240782 } } name: "cartesian_command.cutoff_frequency" parameter: "{\"value\":5,\"write_db\":true}"
[07/30/26 12:21:21.150276] [debug] [01:34:40.279473] [Service] Server method called: /rb.api.ParameterService/SetParameter
[07/30/26 12:21:21.150299] [debug] [01:34:40.279502] [Service::ParameterService::SetParameter] Requested: request_header { request_timestamp { seconds: 1785381627 nanos: 364196645 } } name: "default.acceleration_limit_scaling" parameter: "{\"value\":1.0,\"write_db\":true}"
[07/30/26 12:21:21.153945] [debug] [01:34:40.283148] [Service] Server method called: /rb.api.ParameterService/SetParameter
[07/30/26 12:21:21.153960] [debug] [01:34:40.283166] [Service::ParameterService::SetParameter] Requested: request_header { request_timestamp { seconds: 1785381627 nanos: 367917262 } } name: "default.angular_acceleration_limit" parameter: "{\"value\":10,\"write_db\":true}"
[07/30/26 12:21:21.158439] [debug] [01:34:40.287639] [Service] Server method called: /rb.api.ParameterService/SetParameter
[07/30/26 12:21:21.158456] [debug] [01:34:40.287660] [Service::ParameterService::SetParameter] Requested: request_header { request_timestamp { seconds: 1785381627 nanos: 372409769 } } name: "default.linear_acceleration_limit" parameter: "{\"value\":20,\"write_db\":true}"
[07/30/26 12:21:21.161623] [debug] [01:34:40.290823] [Service] Server method called: /rb.api.ParameterService/SetParameter
[07/30/26 12:21:21.161641] [debug] [01:34:40.290845] [Service::ParameterService::SetParameter] Requested: request_header { request_timestamp { seconds: 1785381627 nanos: 375540775 } } name: "joint_position_command.cutoff_frequency" parameter: "{\"value\":5,\"write_db\":true}"
[07/30/26 12:21:21.164968] [debug] [01:34:40.294168] [Service] Server method called: /rb.api.RobotCommandService/RobotCommand
[07/30/26 12:21:21.165036] [debug] [01:34:40.294239] [Service::RobotCommandService::RobotCommand] Requested: robot_command { component_based_command { body_command { joint_position_command { command_header { control_hold_time { seconds: 1 } } minimum_time { nanos: 500000000 } position: 0.028822891487227484 position: 0.93795710913125319 position: -1.3737367502838151 position: 0.56619458699787917 position: 0.008410315458333404 position: 0.085200482424173024 position: -0.22347138433418173 position: -0.5961831520046138 position: -0.49852477115209226 positio... [truncated]
[07/30/26 12:21:21.165040] [debug] [01:34:40.294245] [Service::RobotCommandService::RobotCommand]   Peer: ipv4:192.168.30.230:49724
[07/30/26 12:21:21.165242] [debug] [01:34:40.294445] [Service::RobotCommandService::RobotCommand]   IP: 192.168.30.230, Family: ipv4
[07/30/26 12:21:21.169839] [info] [01:34:40.299042] [ControlManager] Control started: {"type":"RobotCommand","control":{"type":"ComponentBasedCommand","components":{"mobility":null,"body":{"type":"BodyCommand","control":{"type":"JointPositionCommand","control":{"type":"JointPositionControl"}}},"head":{"type":"HeadCommand","control":{"type":"JointPositionCommand","control":{"type":"JointPositionControl"}}}}}} (priority: 1)
[07/30/26 12:21:22.927841] [debug] [01:34:42.057038] [ControlManager] Control finished: {"type":"RobotCommand","control":{"type":"ComponentBasedCommand","components":{"mobility":null,"body":{"type":"BodyCommand","control":{"type":"JointPositionCommand","control":{"type":"JointPositionControl"}}},"head":{"type":"HeadCommand","control":{"type":"JointPositionCommand","control":{"type":"JointPositionControl"}}}}}}
[07/30/26 12:21:22.927902] [info] [01:34:42.057101] [ControlInterface] Control completed successfully.
[07/30/26 12:21:22.927911] [debug] [01:34:42.057111] [ControlInterface::ExecutionStats] Average Control Time: 0.001 ms (max: 0.026 ms, min: 0.001 ms, sigma: 0.001 ms, count: 880)
[07/30/26 12:21:22.928408] [debug] [01:34:42.057608] [Service] Server method called: /rb.api.PowerService/ToolFlangePowerCommand
[07/30/26 12:21:22.928439] [debug] [01:34:42.057642] [Service::PowerService::ToolFlangePowerCommand] Requested: request_header { request_timestamp { seconds: 1785381629 nanos: 142239539 } } name: "right" command: COMMAND_POWER_12V
[07/30/26 12:21:22.928444] [debug] [01:34:42.057649] [Service::PowerService::ToolFlangePowerCommand] Result: Success
[07/30/26 12:21:22.928897] [debug] [01:34:42.058097] [Service] Server method called: /rb.api.PowerService/ToolFlangePowerCommand
[07/30/26 12:21:22.928916] [debug] [01:34:42.058119] [Service::PowerService::ToolFlangePowerCommand] Requested: request_header { request_timestamp { seconds: 1785381629 nanos: 142799293 } } name: "left" command: COMMAND_POWER_12V
[07/30/26 12:21:22.928920] [debug] [01:34:42.058125] [Service::PowerService::ToolFlangePowerCommand] Result: Success
[07/30/26 12:21:24.054310] [debug] [01:34:43.183506] [Service] Server method called: /rb.api.RobotCommandService/RobotCommand
[07/30/26 12:21:24.054377] [debug] [01:34:43.183580] [Service::RobotCommandService::RobotCommand] Requested: robot_command { component_based_command { body_command { joint_position_command { command_header { control_hold_time { seconds: 1 } } minimum_time { seconds: 4 } position: 0 position: 0.78539816339744828 position: -1.3962634015954636 position: 0.78539816339744828 position: 0 position: 0 position: 0 position: -0.26179938779914941 position: 0 position: -2.0943951023931953 position: 0 position: 0.52359877559829882 position: 0 position: 0 position: 0... [truncated]
[07/30/26 12:21:24.054380] [debug] [01:34:43.183585] [Service::RobotCommandService::RobotCommand]   Peer: ipv4:192.168.30.230:49724
[07/30/26 12:21:24.054517] [debug] [01:34:43.183722] [Service::RobotCommandService::RobotCommand]   IP: 192.168.30.230, Family: ipv4
[07/30/26 12:21:24.059822] [info] [01:34:43.189025] [ControlManager] Control started: {"type":"RobotCommand","control":{"type":"ComponentBasedCommand","components":{"mobility":null,"body":{"type":"BodyCommand","control":{"type":"JointPositionCommand","control":{"type":"JointPositionControl"}}},"head":{"type":"HeadCommand","control":{"type":"JointPositionCommand","control":{"type":"JointPositionControl"}}}}}} (priority: 1)
[07/30/26 12:21:29.317841] [debug] [01:34:48.447037] [ControlManager] Control finished: {"type":"RobotCommand","control":{"type":"ComponentBasedCommand","components":{"mobility":null,"body":{"type":"BodyCommand","control":{"type":"JointPositionCommand","control":{"type":"JointPositionControl"}}},"head":{"type":"HeadCommand","control":{"type":"JointPositionCommand","control":{"type":"JointPositionControl"}}}}}}
[07/30/26 12:21:29.317897] [info] [01:34:48.447098] [ControlInterface] Control completed successfully.
[07/30/26 12:21:29.317907] [debug] [01:34:48.447105] [ControlInterface::ExecutionStats] Average Control Time: 0.001 ms (max: 0.018 ms, min: 0.001 ms, sigma: 0.000 ms, count: 2630)
[07/30/26 12:21:29.319042] [debug] [01:34:48.448243] [Service] Server method called: /rb.api.RobotCommandService/RobotCommandStream
[07/30/26 12:21:29.319054] [debug] [01:34:48.448258] [Service::RobotCommandService::RobotCommandStream] Stream is created
[07/30/26 12:21:29.361260] [debug] [01:34:48.490459] [Service::RobotCommandService::RobotCommandStream] Requested: robot_command { component_based_command { mobility_command { se2_velocity_command { command_header { control_hold_time { seconds: 1 } } minimum_time { nanos: 10100000 } velocity { linear { } } acceleration_limit { linear { x: 1 y: 1 } angular: 1 } } } body_command { joint_impedance_control_command { command_header { control_hold_time { seconds: 1 } } minimum_time { nanos: 10100000 } position: -0.00013662240306485334 position: 0.78509195619094563 ... [truncated]
[07/30/26 12:21:29.361268] [debug] [01:34:48.490473] [Service::RobotCommandService::RobotCommandStream]   Peer: ipv4:192.168.30.230:49724
[07/30/26 12:21:29.361429] [debug] [01:34:48.490632] [Service::RobotCommandService::RobotCommandStream]   IP: 192.168.30.230, Family: ipv4
[07/30/26 12:21:29.365827] [info] [01:34:48.495031] [ControlManager] Control started: {"type":"RobotCommand","control":{"type":"ComponentBasedCommand","components":{"mobility":{"type":"MobilityCommand","control":{"type":"SE2VelocityCommand","control":{"type":"MobilitySE2VelocityControl"}}},"body":{"type":"BodyCommand","control":{"type":"JointImpedanceControlCommand","control":{"type":"JointImpedanceControl"}}},"head":{"type":"HeadCommand","control":{"type":"JointPositionCommand","control":{"type":"JointPositionControl"}}}}}} (priority: 1)
[07/30/26 12:21:39.131970] [debug] [01:34:58.261161] [Service] Server method called: /rb.api.RobotCommandService/RobotCommand
[07/30/26 12:21:39.132005] [debug] [01:34:58.261209] [Service::RobotCommandService::RobotCommand] Requested: robot_command { whole_body_command { stop_command { } } } priority: 99
[07/30/26 12:21:39.132010] [debug] [01:34:58.261215] [Service::RobotCommandService::RobotCommand]   Peer: ipv4:192.168.30.230:49724
[07/30/26 12:21:39.132181] [debug] [01:34:58.261384] [Service::RobotCommandService::RobotCommand]   IP: 192.168.30.230, Family: ipv4
[07/30/26 12:21:39.235980] [debug] [01:34:58.365176] [ControlManager] Control finished: {"type":"RobotCommand","control":{"type":"ComponentBasedCommand","components":{"mobility":{"type":"MobilityCommand","control":{"type":"SE2VelocityCommand","control":{"type":"MobilitySE2VelocityControl"}}},"body":{"type":"BodyCommand","control":{"type":"JointImpedanceControlCommand","control":{"type":"JointImpedanceControl"}}},"head":{"type":"HeadCommand","control":{"type":"JointPositionCommand","control":{"type":"JointPositionControl"}}}}}}
[07/30/26 12:21:39.236082] [debug] [01:34:58.365281] [Service::RobotCommandService::RobotCommandStream] OnReadDone (write_done: true, read_done: true)
[07/30/26 12:21:39.236112] [debug] [01:34:58.365311] [Service::RobotCommandService::RobotCommandStream] OnCancel
[07/30/26 12:21:39.236182] [info] [01:34:58.365381] [ControlInterface] Control was preempted or canceled by another request.
[07/30/26 12:21:39.236192] [debug] [01:34:58.365391] [ControlInterface::ExecutionStats] Average Control Time: 0.120 ms (max: 0.199 ms, min: 0.109 ms, sigma: 0.005 ms, count: 4936)
[07/30/26 12:21:39.236240] [debug] [01:34:58.365442] [Service::RobotCommandService::RobotCommandStream] OnDone: robot_command { component_based_command { mobility_command { se2_velocity_command { command_header { control_hold_time { seconds: 1 } } minimum_time { nanos: 10100000 } velocity { linear { } } acceleration_limit { linear { x: 1 y: 1 } angular: 1 } } } body_command { joint_impedance_control_command { command_header { control_hold_time { seconds: 1 } } minimum_time { nanos: 10100000 } position: 0.05 position: 0.53308846118188158 position: -1.540296... [truncated]
[07/30/26 12:21:39.237814] [info] [01:34:58.367018] [ControlManager] Control started: {"type":"RobotCommand","control":{"type":"WholeBodyCommand","control":{"type":"StopControl","control":{"type":"JointVelocityControl"}}}} (priority: 99)
[07/30/26 12:21:39.237833] [debug] [01:34:58.367039] [ControlManager] Control finished: {"type":"RobotCommand","control":{"type":"WholeBodyCommand","control":{"type":"StopControl","control":{"type":"JointVelocityControl"}}}}
[07/30/26 12:21:39.237868] [info] [01:34:58.367071] [ControlInterface] Control completed successfully.
[07/30/26 12:21:39.237871] [debug] [01:34:58.367075] [ControlInterface::ExecutionStats] Average Control Time: 0.005 ms (max: 0.005 ms, min: 0.005 ms, sigma: 0.000 ms, count: 1)
[07/30/26 12:21:39.238438] [debug] [01:34:58.367638] [Service] Server method called: /rb.api.ControlManagerService/ControlManagerCommand
[07/30/26 12:21:39.238462] [debug] [01:34:58.367665] [Service::ControlManagerService::ControlManagerCommand] Requested: request_header { request_timestamp { seconds: 1785381645 nanos: 451712643 } } command: COMMAND_DISABLE
[07/30/26 12:21:39.238465] [info] [01:34:58.367670] [ControlManager::Disable] Disable request received. Starting the disabling process...
[07/30/26 12:21:39.239814] [info] [01:34:58.369018] [ControlManager::Disable] Control Manager successfully disabled
[07/30/26 12:21:49.302811] [debug] [01:35:08.432003] [Hardware] Hardware Loop Stat (avg: 2.000 ms, min: 1.998 ms, max: 2.002 ms, count: 15000)
[07/30/26 12:21:49.437802] [debug] [01:35:08.567003] [ControlManager] Control Manager Loop Stat (avg: 2.000 ms, min: 1.999 ms, max: 2.001 ms, count: 15000)
[07/30/26 12:22:16.223160] [debug] [01:35:35.352353] [Service] Server method called: /rb.api.RobotInfoService/GetRobotInfo
[07/30/26 12:22:16.223257] [debug] [01:35:35.352401] [Service::RobotInfoService::GetRobotInfo] Requested: request_header { request_timestamp { seconds: 1785381682 nanos: 435140851 } }
[07/30/26 12:22:16.224029] [debug] [01:35:35.353230] [Service] Server method called: /rb.api.RobotStateService/GetRobotState
[07/30/26 12:22:16.224050] [debug] [01:35:35.353254] [Service::RobotStateService::GetRobotState] Requested: request_header { request_timestamp { seconds: 1785381682 nanos: 436086641 } }
[07/30/26 12:22:16.224705] [debug] [01:35:35.353905] [Service] Server method called: /rb.api.RobotInfoService/GetRobotInfo
[07/30/26 12:22:16.224722] [debug] [01:35:35.353926] [Service::RobotInfoService::GetRobotInfo] Requested: request_header { request_timestamp { seconds: 1785381682 nanos: 436778335 } }
[07/30/26 12:22:16.225357] [debug] [01:35:35.354555] [Service] Server method called: /rb.api.RobotStateService/GetRobotState
[07/30/26 12:22:16.225380] [debug] [01:35:35.354583] [Service::RobotStateService::GetRobotState] Requested: request_header { request_timestamp { seconds: 1785381682 nanos: 437420655 } }
[07/30/26 12:22:16.226114] [debug] [01:35:35.355313] [Service] Server method called: /rb.api.RobotStateService/GetControlManagerState
[07/30/26 12:22:16.226136] [debug] [01:35:35.355340] [Service::RobotStateService::GetControlManagerState] Requested: request_header { request_timestamp { seconds: 1785381682 nanos: 438178526 } }
[07/30/26 12:22:16.226583] [debug] [01:35:35.355784] [Service] Server method called: /rb.api.RobotInfoService/GetRobotInfo
[07/30/26 12:22:16.226599] [debug] [01:35:35.355803] [Service::RobotInfoService::GetRobotInfo] Requested: request_header { request_timestamp { seconds: 1785381682 nanos: 438665039 } }
[07/30/26 12:22:16.227254] [debug] [01:35:35.356456] [Service] Server method called: /rb.api.RobotStateService/GetRobotState
[07/30/26 12:22:16.227269] [debug] [01:35:35.356473] [Service::RobotStateService::GetRobotState] Requested: request_header { request_timestamp { seconds: 1785381682 nanos: 439379519 } }
[07/30/26 12:22:16.227815] [debug] [01:35:35.357017] [Service] Server method called: /rb.api.RobotStateService/GetRobotState
[07/30/26 12:22:16.227829] [debug] [01:35:35.357033] [Service::RobotStateService::GetRobotState] Requested: request_header { request_timestamp { seconds: 1785381682 nanos: 439960741 } }
[07/30/26 12:22:16.228345] [debug] [01:35:35.357547] [Service] Server method called: /rb.api.RobotInfoService/GetRobotInfo
[07/30/26 12:22:16.228358] [debug] [01:35:35.357562] [Service::RobotInfoService::GetRobotInfo] Requested: request_header { request_timestamp { seconds: 1785381682 nanos: 440496127 } }
[07/30/26 12:22:16.229162] [debug] [01:35:35.358362] [Service] Server method called: /rb.api.ControlManagerService/ControlManagerCommand
[07/30/26 12:22:16.229185] [debug] [01:35:35.358389] [Service::ControlManagerService::ControlManagerCommand] Requested: request_header { request_timestamp { seconds: 1785381682 nanos: 441288661 } } command: COMMAND_ENABLE unlimited_mode_enabled { }
[07/30/26 12:22:16.229189] [info] [01:35:35.358394] [ControlManager::Enable] Enable request received. Starting the enabling process...
[07/30/26 12:22:16.229812] [info] [01:35:35.359016] [ControlManager::Enable] Control Manager successfully enabled
[07/30/26 12:22:16.230241] [debug] [01:35:35.359441] [Service] Server method called: /rb.api.ParameterService/SetParameter
[07/30/26 12:22:16.230262] [debug] [01:35:35.359467] [Service::ParameterService::SetParameter] Requested: request_header { request_timestamp { seconds: 1785381682 nanos: 442360391 } } name: "cartesian_command.cutoff_frequency" parameter: "{\"value\":5,\"write_db\":true}"
[07/30/26 12:22:16.240367] [debug] [01:35:35.369568] [Service] Server method called: /rb.api.ParameterService/SetParameter
[07/30/26 12:22:16.240386] [debug] [01:35:35.369590] [Service::ParameterService::SetParameter] Requested: request_header { request_timestamp { seconds: 1785381682 nanos: 452494762 } } name: "default.acceleration_limit_scaling" parameter: "{\"value\":1.0,\"write_db\":true}"
[07/30/26 12:22:16.246265] [debug] [01:35:35.375465] [Service] Server method called: /rb.api.ParameterService/SetParameter
[07/30/26 12:22:16.246282] [debug] [01:35:35.375486] [Service::ParameterService::SetParameter] Requested: request_header { request_timestamp { seconds: 1785381682 nanos: 458397969 } } name: "default.angular_acceleration_limit" parameter: "{\"value\":10,\"write_db\":true}"
[07/30/26 12:22:16.252276] [debug] [01:35:35.381476] [Service] Server method called: /rb.api.ParameterService/SetParameter
[07/30/26 12:22:16.252298] [debug] [01:35:35.381501] [Service::ParameterService::SetParameter] Requested: request_header { request_timestamp { seconds: 1785381682 nanos: 464391667 } } name: "default.linear_acceleration_limit" parameter: "{\"value\":20,\"write_db\":true}"
[07/30/26 12:22:16.260307] [debug] [01:35:35.389508] [Service] Server method called: /rb.api.ParameterService/SetParameter
[07/30/26 12:22:16.260324] [debug] [01:35:35.389529] [Service::ParameterService::SetParameter] Requested: request_header { request_timestamp { seconds: 1785381682 nanos: 472437900 } } name: "joint_position_command.cutoff_frequency" parameter: "{\"value\":5,\"write_db\":true}"
[07/30/26 12:22:16.266534] [debug] [01:35:35.395734] [Service] Server method called: /rb.api.RobotCommandService/RobotCommand
[07/30/26 12:22:16.266604] [debug] [01:35:35.395806] [Service::RobotCommandService::RobotCommand] Requested: robot_command { component_based_command { body_command { joint_position_command { command_header { control_hold_time { seconds: 1 } } minimum_time { nanos: 500000000 } position: 0.03522080640699804 position: 0.55803866934347723 position: -1.6060209301840429 position: 0.88834194340030848 position: 0.048187500443209588 position: 0.48073970676977457 position: -0.13985044648367312 position: -0.42806417342735503 position: -0.31642530430504406 position... [truncated]
[07/30/26 12:22:16.266608] [debug] [01:35:35.395813] [Service::RobotCommandService::RobotCommand]   Peer: ipv4:192.168.30.230:49724
[07/30/26 12:22:16.266762] [debug] [01:35:35.395966] [Service::RobotCommandService::RobotCommand]   IP: 192.168.30.230, Family: ipv4
[07/30/26 12:22:16.271835] [info] [01:35:35.401037] [ControlManager] Control started: {"type":"RobotCommand","control":{"type":"ComponentBasedCommand","components":{"mobility":null,"body":{"type":"BodyCommand","control":{"type":"JointPositionCommand","control":{"type":"JointPositionControl"}}},"head":{"type":"HeadCommand","control":{"type":"JointPositionCommand","control":{"type":"JointPositionControl"}}}}}} (priority: 1)
[07/30/26 12:22:18.029840] [debug] [01:35:37.159038] [ControlManager] Control finished: {"type":"RobotCommand","control":{"type":"ComponentBasedCommand","components":{"mobility":null,"body":{"type":"BodyCommand","control":{"type":"JointPositionCommand","control":{"type":"JointPositionControl"}}},"head":{"type":"HeadCommand","control":{"type":"JointPositionCommand","control":{"type":"JointPositionControl"}}}}}}
[07/30/26 12:22:18.029898] [info] [01:35:37.159098] [ControlInterface] Control completed successfully.
[07/30/26 12:22:18.029907] [debug] [01:35:37.159107] [ControlInterface::ExecutionStats] Average Control Time: 0.001 ms (max: 0.025 ms, min: 0.001 ms, sigma: 0.001 ms, count: 880)
[07/30/26 12:22:18.030686] [debug] [01:35:37.159887] [Service] Server method called: /rb.api.PowerService/ToolFlangePowerCommand
[07/30/26 12:22:18.030715] [debug] [01:35:37.159919] [Service::PowerService::ToolFlangePowerCommand] Requested: request_header { request_timestamp { seconds: 1785381684 nanos: 242647178 } } name: "right" command: COMMAND_POWER_12V
[07/30/26 12:22:18.030719] [debug] [01:35:37.159925] [Service::PowerService::ToolFlangePowerCommand] Result: Success
[07/30/26 12:22:18.031220] [debug] [01:35:37.160422] [Service] Server method called: /rb.api.PowerService/ToolFlangePowerCommand
[07/30/26 12:22:18.031236] [debug] [01:35:37.160440] [Service::PowerService::ToolFlangePowerCommand] Requested: request_header { request_timestamp { seconds: 1785381684 nanos: 243287083 } } name: "left" command: COMMAND_POWER_12V
[07/30/26 12:22:18.031240] [debug] [01:35:37.160445] [Service::PowerService::ToolFlangePowerCommand] Result: Success
[07/30/26 12:22:19.166187] [debug] [01:35:38.295380] [Service] Server method called: /rb.api.RobotCommandService/RobotCommand
[07/30/26 12:22:19.166261] [debug] [01:35:38.295463] [Service::RobotCommandService::RobotCommand] Requested: robot_command { component_based_command { body_command { joint_position_command { command_header { control_hold_time { seconds: 1 } } minimum_time { seconds: 4 } position: 0 position: 0.78539816339744828 position: -1.3962634015954636 position: 0.78539816339744828 position: 0 position: 0 position: 0 position: -0.26179938779914941 position: 0 position: -2.0943951023931953 position: 0 position: 0.52359877559829882 position: 0 position: 0 position: 0... [truncated]
[07/30/26 12:22:19.166265] [debug] [01:35:38.295470] [Service::RobotCommandService::RobotCommand]   Peer: ipv4:192.168.30.230:49724
[07/30/26 12:22:19.166411] [debug] [01:35:38.295615] [Service::RobotCommandService::RobotCommand]   IP: 192.168.30.230, Family: ipv4
[07/30/26 12:22:19.171829] [info] [01:35:38.301029] [ControlManager] Control started: {"type":"RobotCommand","control":{"type":"ComponentBasedCommand","components":{"mobility":null,"body":{"type":"BodyCommand","control":{"type":"JointPositionCommand","control":{"type":"JointPositionControl"}}},"head":{"type":"HeadCommand","control":{"type":"JointPositionCommand","control":{"type":"JointPositionControl"}}}}}} (priority: 1)
[07/30/26 12:22:19.302805] [debug] [01:35:38.432003] [Hardware] Hardware Loop Stat (avg: 2.000 ms, min: 1.999 ms, max: 2.001 ms, count: 15000)
[07/30/26 12:22:19.437800] [debug] [01:35:38.567003] [ControlManager] Control Manager Loop Stat (avg: 2.000 ms, min: 1.999 ms, max: 2.001 ms, count: 15000)
[07/30/26 12:22:24.429841] [debug] [01:35:43.559038] [ControlManager] Control finished: {"type":"RobotCommand","control":{"type":"ComponentBasedCommand","components":{"mobility":null,"body":{"type":"BodyCommand","control":{"type":"JointPositionCommand","control":{"type":"JointPositionControl"}}},"head":{"type":"HeadCommand","control":{"type":"JointPositionCommand","control":{"type":"JointPositionControl"}}}}}}
[07/30/26 12:22:24.429900] [info] [01:35:43.559100] [ControlInterface] Control completed successfully.
[07/30/26 12:22:24.429910] [debug] [01:35:43.559109] [ControlInterface::ExecutionStats] Average Control Time: 0.001 ms (max: 0.018 ms, min: 0.001 ms, sigma: 0.000 ms, count: 2630)
[07/30/26 12:22:24.430606] [debug] [01:35:43.559806] [Service] Server method called: /rb.api.RobotCommandService/RobotCommandStream
[07/30/26 12:22:24.430619] [debug] [01:35:43.559822] [Service::RobotCommandService::RobotCommandStream] Stream is created
[07/30/26 12:22:24.452346] [debug] [01:35:43.581544] [Service::RobotCommandService::RobotCommandStream] Requested: robot_command { component_based_command { mobility_command { se2_velocity_command { command_header { control_hold_time { seconds: 1 } } minimum_time { nanos: 10100000 } velocity { linear { } } acceleration_limit { linear { x: 1 y: 1 } angular: 1 } } } body_command { joint_impedance_control_command { command_header { control_hold_time { seconds: 1 } } minimum_time { nanos: 10100000 } position: -0.00014053653654601475 position: 0.78517721501892268 ... [truncated]
[07/30/26 12:22:24.452353] [debug] [01:35:43.581558] [Service::RobotCommandService::RobotCommandStream]   Peer: ipv4:192.168.30.230:49724
[07/30/26 12:22:24.452507] [debug] [01:35:43.581711] [Service::RobotCommandService::RobotCommandStream]   IP: 192.168.30.230, Family: ipv4
[07/30/26 12:22:24.457826] [info] [01:35:43.587030] [ControlManager] Control started: {"type":"RobotCommand","control":{"type":"ComponentBasedCommand","components":{"mobility":{"type":"MobilityCommand","control":{"type":"SE2VelocityCommand","control":{"type":"MobilitySE2VelocityControl"}}},"body":{"type":"BodyCommand","control":{"type":"JointImpedanceControlCommand","control":{"type":"JointImpedanceControl"}}},"head":{"type":"HeadCommand","control":{"type":"JointPositionCommand","control":{"type":"JointPositionControl"}}}}}} (priority: 1)
[07/30/26 12:22:34.455953] [debug] [01:35:53.585143] [ControlInterface::ExecutionStats] Average Control Time: 0.122 ms (max: 0.200 ms, min: 0.111 ms, sigma: 0.005 ms, count: 5000)
[07/30/26 12:22:39.022620] [debug] [01:35:58.151812] [Service] Server method called: /rb.api.RobotCommandService/RobotCommand
[07/30/26 12:22:39.022833] [debug] [01:35:58.152035] [Service::RobotCommandService::RobotCommand] Requested: robot_command { whole_body_command { stop_command { } } } priority: 99
[07/30/26 12:22:39.022970] [debug] [01:35:58.152174] [Service::RobotCommandService::RobotCommand]   Peer: ipv4:192.168.30.230:49724
[07/30/26 12:22:39.023299] [debug] [01:35:58.152501] [Service::RobotCommandService::RobotCommand]   IP: 192.168.30.230, Family: ipv4
[07/30/26 12:22:39.125977] [debug] [01:35:58.255175] [ControlManager] Control finished: {"type":"RobotCommand","control":{"type":"ComponentBasedCommand","components":{"mobility":{"type":"MobilityCommand","control":{"type":"SE2VelocityCommand","control":{"type":"MobilitySE2VelocityControl"}}},"body":{"type":"BodyCommand","control":{"type":"JointImpedanceControlCommand","control":{"type":"JointImpedanceControl"}}},"head":{"type":"HeadCommand","control":{"type":"JointPositionCommand","control":{"type":"JointPositionControl"}}}}}}
[07/30/26 12:22:39.126088] [debug] [01:35:58.255287] [Service::RobotCommandService::RobotCommandStream] OnReadDone (write_done: true, read_done: true)
[07/30/26 12:22:39.126105] [debug] [01:35:58.255303] [Service::RobotCommandService::RobotCommandStream] OnCancel
[07/30/26 12:22:39.126187] [info] [01:35:58.255388] [ControlInterface] Control was preempted or canceled by another request.
[07/30/26 12:22:39.126197] [debug] [01:35:58.255396] [ControlInterface::ExecutionStats] Average Control Time: 0.123 ms (max: 0.144 ms, min: 0.115 ms, sigma: 0.005 ms, count: 2335)
[07/30/26 12:22:39.126258] [debug] [01:35:58.255457] [Service::RobotCommandService::RobotCommandStream] OnDone: robot_command { component_based_command { mobility_command { se2_velocity_command { command_header { control_hold_time { seconds: 1 } } minimum_time { nanos: 10100000 } velocity { linear { } angular: 8.2173601256840811e-10 } acceleration_limit { linear { x: 1 y: 1 } angular: 1 } } } body_command { joint_impedance_control_command { command_header { control_hold_time { seconds: 1 } } minimum_time { nanos: 10100000 } position: -0.05 position: 1.2999... [truncated]
[07/30/26 12:22:39.127815] [info] [01:35:58.257019] [ControlManager] Control started: {"type":"RobotCommand","control":{"type":"WholeBodyCommand","control":{"type":"StopControl","control":{"type":"JointVelocityControl"}}}} (priority: 99)
[07/30/26 12:22:39.127835] [debug] [01:35:58.257040] [ControlManager] Control finished: {"type":"RobotCommand","control":{"type":"WholeBodyCommand","control":{"type":"StopControl","control":{"type":"JointVelocityControl"}}}}
[07/30/26 12:22:39.127873] [info] [01:35:58.257075] [ControlInterface] Control completed successfully.
[07/30/26 12:22:39.127880] [debug] [01:35:58.257081] [ControlInterface::ExecutionStats] Average Control Time: 0.005 ms (max: 0.005 ms, min: 0.005 ms, sigma: 0.000 ms, count: 1)
[07/30/26 12:22:39.128508] [debug] [01:35:58.257710] [Service] Server method called: /rb.api.ControlManagerService/ControlManagerCommand
[07/30/26 12:22:39.128534] [debug] [01:35:58.257738] [Service::ControlManagerService::ControlManagerCommand] Requested: request_header { request_timestamp { seconds: 1785381705 nanos: 339877206 } } command: COMMAND_DISABLE
[07/30/26 12:22:39.128538] [info] [01:35:58.257743] [ControlManager::Disable] Disable request received. Starting the disabling process...
[07/30/26 12:22:39.129814] [info] [01:35:58.259019] [ControlManager::Disable] Control Manager successfully disabled
[07/30/26 12:22:39.512625] [debug] [01:35:58.641822] [Service] Server method called: /rb.api.RobotInfoService/GetRobotInfo
[07/30/26 12:22:39.512648] [debug] [01:35:58.641852] [Service::RobotInfoService::GetRobotInfo] Requested: request_header { request_timestamp { seconds: 1785381705 nanos: 723973314 } }
[07/30/26 12:22:39.513299] [debug] [01:35:58.642500] [Service] Server method called: /rb.api.RobotStateService/GetRobotState
[07/30/26 12:22:39.513317] [debug] [01:35:58.642521] [Service::RobotStateService::GetRobotState] Requested: request_header { request_timestamp { seconds: 1785381705 nanos: 724705212 } }
[07/30/26 12:22:39.514099] [debug] [01:35:58.643299] [Service] Server method called: /rb.api.RobotInfoService/GetRobotInfo
[07/30/26 12:22:39.514120] [debug] [01:35:58.643323] [Service::RobotInfoService::GetRobotInfo] Requested: request_header { request_timestamp { seconds: 1785381705 nanos: 725505392 } }
[07/30/26 12:22:39.514686] [debug] [01:35:58.643887] [Service] Server method called: /rb.api.RobotStateService/GetRobotState
[07/30/26 12:22:39.514729] [debug] [01:35:58.643932] [Service::RobotStateService::GetRobotState] Requested: request_header { request_timestamp { seconds: 1785381705 nanos: 726122905 } }
[07/30/26 12:22:39.515493] [debug] [01:35:58.644695] [Service] Server method called: /rb.api.RobotStateService/GetControlManagerState
[07/30/26 12:22:39.515511] [debug] [01:35:58.644715] [Service::RobotStateService::GetControlManagerState] Requested: request_header { request_timestamp { seconds: 1785381705 nanos: 726905945 } }
[07/30/26 12:22:39.516058] [debug] [01:35:58.645260] [Service] Server method called: /rb.api.RobotInfoService/GetRobotInfo
[07/30/26 12:22:39.516074] [debug] [01:35:58.645278] [Service::RobotInfoService::GetRobotInfo] Requested: request_header { request_timestamp { seconds: 1785381705 nanos: 727471284 } }
[07/30/26 12:22:39.516691] [debug] [01:35:58.645892] [Service] Server method called: /rb.api.RobotStateService/GetRobotState
[07/30/26 12:22:39.516709] [debug] [01:35:58.645913] [Service::RobotStateService::GetRobotState] Requested: request_header { request_timestamp { seconds: 1785381705 nanos: 728128519 } }
[07/30/26 12:22:39.517389] [debug] [01:35:58.646591] [Service] Server method called: /rb.api.RobotStateService/GetRobotState
[07/30/26 12:22:39.517404] [debug] [01:35:58.646609] [Service::RobotStateService::GetRobotState] Requested: request_header { request_timestamp { seconds: 1785381705 nanos: 728832197 } }
[07/30/26 12:22:39.518081] [debug] [01:35:58.647284] [Service] Server method called: /rb.api.RobotInfoService/GetRobotInfo
[07/30/26 12:22:39.518096] [debug] [01:35:58.647300] [Service::RobotInfoService::GetRobotInfo] Requested: request_header { request_timestamp { seconds: 1785381705 nanos: 729537348 } }
[07/30/26 12:22:39.519788] [debug] [01:35:58.648861] [Service] Server method called: /rb.api.ControlManagerService/ControlManagerCommand
[07/30/26 12:22:39.520155] [debug] [01:35:58.649328] [Service::ControlManagerService::ControlManagerCommand] Requested: request_header { request_timestamp { seconds: 1785381705 nanos: 730077300 } } command: COMMAND_ENABLE unlimited_mode_enabled { }
[07/30/26 12:22:39.520256] [info] [01:35:58.649462] [ControlManager::Enable] Enable request received. Starting the enabling process...
[07/30/26 12:22:39.521850] [info] [01:35:58.651026] [ControlManager::Enable] Control Manager successfully enabled
[07/30/26 12:22:39.522947] [debug] [01:35:58.652149] [Service] Server method called: /rb.api.ParameterService/SetParameter
[07/30/26 12:22:39.522966] [debug] [01:35:58.652170] [Service::ParameterService::SetParameter] Requested: request_header { request_timestamp { seconds: 1785381705 nanos: 734358213 } } name: "cartesian_command.cutoff_frequency" parameter: "{\"value\":5,\"write_db\":true}"
[07/30/26 12:22:39.535174] [debug] [01:35:58.664375] [Service] Server method called: /rb.api.ParameterService/SetParameter
[07/30/26 12:22:39.535194] [debug] [01:35:58.664397] [Service::ParameterService::SetParameter] Requested: request_header { request_timestamp { seconds: 1785381705 nanos: 746534681 } } name: "default.acceleration_limit_scaling" parameter: "{\"value\":1.0,\"write_db\":true}"
[07/30/26 12:22:39.541131] [debug] [01:35:58.670332] [Service] Server method called: /rb.api.ParameterService/SetParameter
[07/30/26 12:22:39.541158] [debug] [01:35:58.670362] [Service::ParameterService::SetParameter] Requested: request_header { request_timestamp { seconds: 1785381705 nanos: 752467626 } } name: "default.angular_acceleration_limit" parameter: "{\"value\":10,\"write_db\":true}"
[07/30/26 12:22:39.547131] [debug] [01:35:58.676332] [Service] Server method called: /rb.api.ParameterService/SetParameter
[07/30/26 12:22:39.547212] [debug] [01:35:58.676415] [Service::ParameterService::SetParameter] Requested: request_header { request_timestamp { seconds: 1785381705 nanos: 758494030 } } name: "default.linear_acceleration_limit" parameter: "{\"value\":20,\"write_db\":true}"
[07/30/26 12:22:39.553126] [debug] [01:35:58.682326] [Service] Server method called: /rb.api.ParameterService/SetParameter
[07/30/26 12:22:39.553145] [debug] [01:35:58.682348] [Service::ParameterService::SetParameter] Requested: request_header { request_timestamp { seconds: 1785381705 nanos: 764527442 } } name: "joint_position_command.cutoff_frequency" parameter: "{\"value\":5,\"write_db\":true}"
[07/30/26 12:22:39.559015] [debug] [01:35:58.688216] [Service] Server method called: /rb.api.RobotCommandService/RobotCommand
[07/30/26 12:22:39.559093] [debug] [01:35:58.688295] [Service::RobotCommandService::RobotCommand] Requested: robot_command { component_based_command { body_command { joint_position_command { command_header { control_hold_time { seconds: 1 } } minimum_time { nanos: 500000000 } position: -0.040578348218153086 position: 1.2687577878495029 position: -1.9283733236224767 position: 1.5210520636709119 position: -0.043483039561550405 position: -0.889382316508924 position: -0.029487363363168043 position: -0.017462320899717981 position: -0.78402365585978839 positi... [truncated]
[07/30/26 12:22:39.559096] [debug] [01:35:58.688301] [Service::RobotCommandService::RobotCommand]   Peer: ipv4:192.168.30.230:49724
[07/30/26 12:22:39.559261] [debug] [01:35:58.688464] [Service::RobotCommandService::RobotCommand]   IP: 192.168.30.230, Family: ipv4
[07/30/26 12:22:39.563826] [info] [01:35:58.693029] [ControlManager] Control started: {"type":"RobotCommand","control":{"type":"ComponentBasedCommand","components":{"mobility":null,"body":{"type":"BodyCommand","control":{"type":"JointPositionCommand","control":{"type":"JointPositionControl"}}},"head":{"type":"HeadCommand","control":{"type":"JointPositionCommand","control":{"type":"JointPositionControl"}}}}}} (priority: 1)
[07/30/26 12:22:41.321839] [debug] [01:36:00.451037] [ControlManager] Control finished: {"type":"RobotCommand","control":{"type":"ComponentBasedCommand","components":{"mobility":null,"body":{"type":"BodyCommand","control":{"type":"JointPositionCommand","control":{"type":"JointPositionControl"}}},"head":{"type":"HeadCommand","control":{"type":"JointPositionCommand","control":{"type":"JointPositionControl"}}}}}}
[07/30/26 12:22:41.321898] [info] [01:36:00.451098] [ControlInterface] Control completed successfully.
[07/30/26 12:22:41.321907] [debug] [01:36:00.451107] [ControlInterface::ExecutionStats] Average Control Time: 0.001 ms (max: 0.021 ms, min: 0.001 ms, sigma: 0.001 ms, count: 880)
[07/30/26 12:22:41.322672] [debug] [01:36:00.451871] [Service] Server method called: /rb.api.PowerService/ToolFlangePowerCommand
[07/30/26 12:22:41.322703] [debug] [01:36:00.451907] [Service::PowerService::ToolFlangePowerCommand] Requested: request_header { request_timestamp { seconds: 1785381707 nanos: 533902066 } } name: "right" command: COMMAND_POWER_12V
[07/30/26 12:22:41.322710] [debug] [01:36:00.451915] [Service::PowerService::ToolFlangePowerCommand] Result: Success
[07/30/26 12:22:41.323250] [debug] [01:36:00.452450] [Service] Server method called: /rb.api.PowerService/ToolFlangePowerCommand
[07/30/26 12:22:41.323298] [debug] [01:36:00.452501] [Service::PowerService::ToolFlangePowerCommand] Requested: request_header { request_timestamp { seconds: 1785381707 nanos: 534535317 } } name: "left" command: COMMAND_POWER_12V
[07/30/26 12:22:41.323303] [debug] [01:36:00.452508] [Service::PowerService::ToolFlangePowerCommand] Result: Success
[07/30/26 12:22:42.488773] [debug] [01:36:01.617966] [Service] Server method called: /rb.api.RobotCommandService/RobotCommand
[07/30/26 12:22:42.488847] [debug] [01:36:01.618049] [Service::RobotCommandService::RobotCommand] Requested: robot_command { component_based_command { body_command { joint_position_command { command_header { control_hold_time { seconds: 1 } } minimum_time { seconds: 4 } position: 0 position: 0.78539816339744828 position: -1.3962634015954636 position: 0.78539816339744828 position: 0 position: 0 position: 0 position: -0.26179938779914941 position: 0 position: -2.0943951023931953 position: 0 position: 0.52359877559829882 position: 0 position: 0 position: 0... [truncated]
[07/30/26 12:22:42.488852] [debug] [01:36:01.618057] [Service::RobotCommandService::RobotCommand]   Peer: ipv4:192.168.30.230:49724
[07/30/26 12:22:42.489018] [debug] [01:36:01.618222] [Service::RobotCommandService::RobotCommand]   IP: 192.168.30.230, Family: ipv4
[07/30/26 12:22:42.493829] [info] [01:36:01.623029] [ControlManager] Control started: {"type":"RobotCommand","control":{"type":"ComponentBasedCommand","components":{"mobility":null,"body":{"type":"BodyCommand","control":{"type":"JointPositionCommand","control":{"type":"JointPositionControl"}}},"head":{"type":"HeadCommand","control":{"type":"JointPositionCommand","control":{"type":"JointPositionControl"}}}}}} (priority: 1)
[07/30/26 12:22:47.751840] [debug] [01:36:06.881037] [ControlManager] Control finished: {"type":"RobotCommand","control":{"type":"ComponentBasedCommand","components":{"mobility":null,"body":{"type":"BodyCommand","control":{"type":"JointPositionCommand","control":{"type":"JointPositionControl"}}},"head":{"type":"HeadCommand","control":{"type":"JointPositionCommand","control":{"type":"JointPositionControl"}}}}}}
[07/30/26 12:22:47.751900] [info] [01:36:06.881098] [ControlInterface] Control completed successfully.
[07/30/26 12:22:47.751911] [debug] [01:36:06.881110] [ControlInterface::ExecutionStats] Average Control Time: 0.001 ms (max: 0.017 ms, min: 0.001 ms, sigma: 0.000 ms, count: 2630)
[07/30/26 12:22:47.752534] [debug] [01:36:06.881735] [Service] Server method called: /rb.api.RobotCommandService/RobotCommandStream
[07/30/26 12:22:47.752547] [debug] [01:36:06.881751] [Service::RobotCommandService::RobotCommandStream] Stream is created
[07/30/26 12:22:47.784531] [debug] [01:36:06.913733] [Service::RobotCommandService::RobotCommandStream] Requested: robot_command { component_based_command { mobility_command { se2_velocity_command { command_header { control_hold_time { seconds: 1 } } minimum_time { nanos: 10100000 } velocity { linear { } } acceleration_limit { linear { x: 1 y: 1 } angular: 1 } } } body_command { joint_impedance_control_command { command_header { control_hold_time { seconds: 1 } } minimum_time { nanos: 10100000 } position: -0.00011697034776290541 position: 0.78507165385494226 ... [truncated]
[07/30/26 12:22:47.784536] [debug] [01:36:06.913742] [Service::RobotCommandService::RobotCommandStream]   Peer: ipv4:192.168.30.230:49724
[07/30/26 12:22:47.784666] [debug] [01:36:06.913871] [Service::RobotCommandService::RobotCommandStream]   IP: 192.168.30.230, Family: ipv4
[07/30/26 12:22:47.789824] [info] [01:36:06.919029] [ControlManager] Control started: {"type":"RobotCommand","control":{"type":"ComponentBasedCommand","components":{"mobility":{"type":"MobilityCommand","control":{"type":"SE2VelocityCommand","control":{"type":"MobilitySE2VelocityControl"}}},"body":{"type":"BodyCommand","control":{"type":"JointImpedanceControlCommand","control":{"type":"JointImpedanceControl"}}},"head":{"type":"HeadCommand","control":{"type":"JointPositionCommand","control":{"type":"JointPositionControl"}}}}}} (priority: 1)
[07/30/26 12:22:49.302811] [debug] [01:36:08.432003] [Hardware] Hardware Loop Stat (avg: 2.000 ms, min: 1.999 ms, max: 2.001 ms, count: 15000)
[07/30/26 12:22:49.437803] [debug] [01:36:08.567002] [ControlManager] Control Manager Loop Stat (avg: 2.000 ms, min: 1.999 ms, max: 2.001 ms, count: 15000)
[07/30/26 12:22:51.350942] [debug] [01:36:10.480133] [Service] Server method called: /rb.api.RobotCommandService/RobotCommand
[07/30/26 12:22:51.350978] [debug] [01:36:10.480180] [Service::RobotCommandService::RobotCommand] Requested: robot_command { whole_body_command { stop_command { } } } priority: 99
[07/30/26 12:22:51.350982] [debug] [01:36:10.480187] [Service::RobotCommandService::RobotCommand]   Peer: ipv4:192.168.30.230:49724
[07/30/26 12:22:51.351162] [debug] [01:36:10.480365] [Service::RobotCommandService::RobotCommand]   IP: 192.168.30.230, Family: ipv4
[07/30/26 12:22:51.453975] [debug] [01:36:10.583174] [ControlManager] Control finished: {"type":"RobotCommand","control":{"type":"ComponentBasedCommand","components":{"mobility":{"type":"MobilityCommand","control":{"type":"SE2VelocityCommand","control":{"type":"MobilitySE2VelocityControl"}}},"body":{"type":"BodyCommand","control":{"type":"JointImpedanceControlCommand","control":{"type":"JointImpedanceControl"}}},"head":{"type":"HeadCommand","control":{"type":"JointPositionCommand","control":{"type":"JointPositionControl"}}}}}}
[07/30/26 12:22:51.454134] [info] [01:36:10.583332] [ControlInterface] Control was preempted or canceled by another request.
[07/30/26 12:22:51.454146] [debug] [01:36:10.583344] [ControlInterface::ExecutionStats] Average Control Time: 0.121 ms (max: 0.191 ms, min: 0.112 ms, sigma: 0.005 ms, count: 1833)
[07/30/26 12:22:51.454153] [debug] [01:36:10.583352] [Service::RobotCommandService::RobotCommandStream] OnReadDone (write_done: true, read_done: true)
[07/30/26 12:22:51.454158] [debug] [01:36:10.583358] [Service::RobotCommandService::RobotCommandStream] OnCancel
[07/30/26 12:22:51.454306] [debug] [01:36:10.583506] [Service::RobotCommandService::RobotCommandStream] OnDone: robot_command { component_based_command { mobility_command { se2_velocity_command { command_header { control_hold_time { seconds: 1 } } minimum_time { nanos: 10100000 } velocity { linear { x: 0.00033536390401422977 y: -5.3776951972395182e-05 } } acceleration_limit { linear { x: 1 y: 1 } angular: 1 } } } body_command { joint_impedance_control_command { command_header { control_hold_time { seconds: 1 } } minimum_time { nanos: 10100000 } position: -... [truncated]
[07/30/26 12:22:51.455813] [info] [01:36:10.585017] [ControlManager] Control started: {"type":"RobotCommand","control":{"type":"WholeBodyCommand","control":{"type":"StopControl","control":{"type":"JointVelocityControl"}}}} (priority: 99)
[07/30/26 12:22:51.455832] [debug] [01:36:10.585038] [ControlManager] Control finished: {"type":"RobotCommand","control":{"type":"WholeBodyCommand","control":{"type":"StopControl","control":{"type":"JointVelocityControl"}}}}
[07/30/26 12:22:51.455868] [info] [01:36:10.585070] [ControlInterface] Control completed successfully.
[07/30/26 12:22:51.455873] [debug] [01:36:10.585076] [ControlInterface::ExecutionStats] Average Control Time: 0.005 ms (max: 0.005 ms, min: 0.005 ms, sigma: 0.000 ms, count: 1)
[07/30/26 12:22:51.456695] [debug] [01:36:10.585896] [Service] Server method called: /rb.api.ControlManagerService/ControlManagerCommand
[07/30/26 12:22:51.456716] [debug] [01:36:10.585920] [Service::ControlManagerService::ControlManagerCommand] Requested: request_header { request_timestamp { seconds: 1785381717 nanos: 667673175 } } command: COMMAND_DISABLE
[07/30/26 12:22:51.456720] [info] [01:36:10.585926] [ControlManager::Disable] Disable request received. Starting the disabling process...
[07/30/26 12:22:51.457814] [info] [01:36:10.587019] [ControlManager::Disable] Control Manager successfully disabled
[07/30/26 12:22:52.153581] [debug] [01:36:11.282776] [Service] Server method called: /rb.api.RobotInfoService/GetRobotInfo
[07/30/26 12:22:52.153611] [debug] [01:36:11.282815] [Service::RobotInfoService::GetRobotInfo] Requested: request_header { request_timestamp { seconds: 1785381718 nanos: 364467496 } }
[07/30/26 12:22:52.154285] [debug] [01:36:11.283482] [Service] Server method called: /rb.api.RobotStateService/GetRobotState
[07/30/26 12:22:52.154307] [debug] [01:36:11.283511] [Service::RobotStateService::GetRobotState] Requested: request_header { request_timestamp { seconds: 1785381718 nanos: 365265109 } }
[07/30/26 12:22:52.154985] [debug] [01:36:11.284185] [Service] Server method called: /rb.api.RobotInfoService/GetRobotInfo
[07/30/26 12:22:52.155002] [debug] [01:36:11.284206] [Service::RobotInfoService::GetRobotInfo] Requested: request_header { request_timestamp { seconds: 1785381718 nanos: 365992237 } }
[07/30/26 12:22:52.155750] [debug] [01:36:11.284950] [Service] Server method called: /rb.api.RobotStateService/GetRobotState
[07/30/26 12:22:52.155766] [debug] [01:36:11.284970] [Service::RobotStateService::GetRobotState] Requested: request_header { request_timestamp { seconds: 1785381718 nanos: 366705508 } }
[07/30/26 12:22:52.156410] [debug] [01:36:11.285613] [Service] Server method called: /rb.api.RobotStateService/GetControlManagerState
[07/30/26 12:22:52.156424] [debug] [01:36:11.285629] [Service::RobotStateService::GetControlManagerState] Requested: request_header { request_timestamp { seconds: 1785381718 nanos: 367382537 } }
[07/30/26 12:22:52.156724] [debug] [01:36:11.285927] [Service] Server method called: /rb.api.RobotInfoService/GetRobotInfo
[07/30/26 12:22:52.156738] [debug] [01:36:11.285942] [Service::RobotInfoService::GetRobotInfo] Requested: request_header { request_timestamp { seconds: 1785381718 nanos: 367752568 } }
[07/30/26 12:22:52.157240] [debug] [01:36:11.286442] [Service] Server method called: /rb.api.RobotStateService/GetRobotState
[07/30/26 12:22:52.157256] [debug] [01:36:11.286461] [Service::RobotStateService::GetRobotState] Requested: request_header { request_timestamp { seconds: 1785381718 nanos: 368237568 } }
[07/30/26 12:22:52.157691] [debug] [01:36:11.286891] [Service] Server method called: /rb.api.RobotStateService/GetRobotState
[07/30/26 12:22:52.157706] [debug] [01:36:11.286910] [Service::RobotStateService::GetRobotState] Requested: request_header { request_timestamp { seconds: 1785381718 nanos: 368701059 } }
[07/30/26 12:22:52.158079] [debug] [01:36:11.287281] [Service] Server method called: /rb.api.RobotInfoService/GetRobotInfo
[07/30/26 12:22:52.158091] [debug] [01:36:11.287296] [Service::RobotInfoService::GetRobotInfo] Requested: request_header { request_timestamp { seconds: 1785381718 nanos: 369114183 } }
[07/30/26 12:22:52.158578] [debug] [01:36:11.287779] [Service] Server method called: /rb.api.ControlManagerService/ControlManagerCommand
[07/30/26 12:22:52.158597] [debug] [01:36:11.287801] [Service::ControlManagerService::ControlManagerCommand] Requested: request_header { request_timestamp { seconds: 1785381718 nanos: 369600425 } } command: COMMAND_ENABLE unlimited_mode_enabled { }
[07/30/26 12:22:52.158601] [info] [01:36:11.287806] [ControlManager::Enable] Enable request received. Starting the enabling process...
[07/30/26 12:22:52.159810] [info] [01:36:11.289014] [ControlManager::Enable] Control Manager successfully enabled
[07/30/26 12:22:52.160179] [debug] [01:36:11.289381] [Service] Server method called: /rb.api.ParameterService/SetParameter
[07/30/26 12:22:52.160196] [debug] [01:36:11.289400] [Service::ParameterService::SetParameter] Requested: request_header { request_timestamp { seconds: 1785381718 nanos: 371194029 } } name: "cartesian_command.cutoff_frequency" parameter: "{\"value\":5,\"write_db\":true}"
[07/30/26 12:22:52.170330] [debug] [01:36:11.299529] [Service] Server method called: /rb.api.ParameterService/SetParameter
[07/30/26 12:22:52.170348] [debug] [01:36:11.299552] [Service::ParameterService::SetParameter] Requested: request_header { request_timestamp { seconds: 1785381718 nanos: 381306597 } } name: "default.acceleration_limit_scaling" parameter: "{\"value\":1.0,\"write_db\":true}"
[07/30/26 12:22:52.176276] [debug] [01:36:11.305477] [Service] Server method called: /rb.api.ParameterService/SetParameter
[07/30/26 12:22:52.176295] [debug] [01:36:11.305498] [Service::ParameterService::SetParameter] Requested: request_header { request_timestamp { seconds: 1785381718 nanos: 387238170 } } name: "default.angular_acceleration_limit" parameter: "{\"value\":10,\"write_db\":true}"
[07/30/26 12:22:52.182150] [debug] [01:36:11.311350] [Service] Server method called: /rb.api.ParameterService/SetParameter
[07/30/26 12:22:52.182168] [debug] [01:36:11.311372] [Service::ParameterService::SetParameter] Requested: request_header { request_timestamp { seconds: 1785381718 nanos: 393113144 } } name: "default.linear_acceleration_limit" parameter: "{\"value\":20,\"write_db\":true}"
[07/30/26 12:22:52.188466] [debug] [01:36:11.317665] [Service] Server method called: /rb.api.ParameterService/SetParameter
[07/30/26 12:22:52.188486] [debug] [01:36:11.317690] [Service::ParameterService::SetParameter] Requested: request_header { request_timestamp { seconds: 1785381718 nanos: 399385726 } } name: "joint_position_command.cutoff_frequency" parameter: "{\"value\":5,\"write_db\":true}"
[07/30/26 12:22:52.196369] [debug] [01:36:11.325569] [Service] Server method called: /rb.api.RobotCommandService/RobotCommand
[07/30/26 12:22:52.196441] [debug] [01:36:11.325644] [Service::RobotCommandService::RobotCommand] Requested: robot_command { component_based_command { body_command { joint_position_command { command_header { control_hold_time { seconds: 1 } } minimum_time { nanos: 500000000 } position: -0.003872921791196421 position: 0.79807248980824608 position: -1.4759287278213256 position: 0.78500327725403218 position: 0.0016782661095184491 position: -6.834567866817214e-05 position: -0.026362447055173287 position: -0.26111846233389985 position: -0.0004214650184537281... [truncated]
[07/30/26 12:22:52.196444] [debug] [01:36:11.325650] [Service::RobotCommandService::RobotCommand]   Peer: ipv4:192.168.30.230:49724
[07/30/26 12:22:52.196576] [debug] [01:36:11.325782] [Service::RobotCommandService::RobotCommand]   IP: 192.168.30.230, Family: ipv4
[07/30/26 12:22:52.201824] [info] [01:36:11.331027] [ControlManager] Control started: {"type":"RobotCommand","control":{"type":"ComponentBasedCommand","components":{"mobility":null,"body":{"type":"BodyCommand","control":{"type":"JointPositionCommand","control":{"type":"JointPositionControl"}}},"head":{"type":"HeadCommand","control":{"type":"JointPositionCommand","control":{"type":"JointPositionControl"}}}}}} (priority: 1)
[07/30/26 12:22:53.959841] [debug] [01:36:13.089039] [ControlManager] Control finished: {"type":"RobotCommand","control":{"type":"ComponentBasedCommand","components":{"mobility":null,"body":{"type":"BodyCommand","control":{"type":"JointPositionCommand","control":{"type":"JointPositionControl"}}},"head":{"type":"HeadCommand","control":{"type":"JointPositionCommand","control":{"type":"JointPositionControl"}}}}}}
[07/30/26 12:22:53.959897] [info] [01:36:13.089099] [ControlInterface] Control completed successfully.
[07/30/26 12:22:53.959907] [debug] [01:36:13.089106] [ControlInterface::ExecutionStats] Average Control Time: 0.001 ms (max: 0.021 ms, min: 0.001 ms, sigma: 0.001 ms, count: 880)
[07/30/26 12:22:53.960684] [debug] [01:36:13.089883] [Service] Server method called: /rb.api.PowerService/ToolFlangePowerCommand
[07/30/26 12:22:53.960717] [debug] [01:36:13.089921] [Service::PowerService::ToolFlangePowerCommand] Requested: request_header { request_timestamp { seconds: 1785381720 nanos: 171511030 } } name: "right" command: COMMAND_POWER_12V
[07/30/26 12:22:53.960723] [debug] [01:36:13.089928] [Service::PowerService::ToolFlangePowerCommand] Result: Success
[07/30/26 12:22:53.961131] [debug] [01:36:13.090332] [Service] Server method called: /rb.api.PowerService/ToolFlangePowerCommand
[07/30/26 12:22:53.961149] [debug] [01:36:13.090353] [Service::PowerService::ToolFlangePowerCommand] Requested: request_header { request_timestamp { seconds: 1785381720 nanos: 172058310 } } name: "left" command: COMMAND_POWER_12V
[07/30/26 12:22:53.961154] [debug] [01:36:13.090359] [Service::PowerService::ToolFlangePowerCommand] Result: Success
[07/30/26 12:22:55.123872] [debug] [01:36:14.253066] [Service] Server method called: /rb.api.RobotCommandService/RobotCommand
[07/30/26 12:22:55.123939] [debug] [01:36:14.253140] [Service::RobotCommandService::RobotCommand] Requested: robot_command { component_based_command { body_command { joint_position_command { command_header { control_hold_time { seconds: 1 } } minimum_time { seconds: 4 } position: 0 position: 0.78539816339744828 position: -1.3962634015954636 position: 0.78539816339744828 position: 0 position: 0 position: 0 position: -0.26179938779914941 position: 0 position: -2.0943951023931953 position: 0 position: 0.52359877559829882 position: 0 position: 0 position: 0... [truncated]
[07/30/26 12:22:55.123943] [debug] [01:36:14.253148] [Service::RobotCommandService::RobotCommand]   Peer: ipv4:192.168.30.230:49724
[07/30/26 12:22:55.124102] [debug] [01:36:14.253306] [Service::RobotCommandService::RobotCommand]   IP: 192.168.30.230, Family: ipv4
[07/30/26 12:22:55.129830] [info] [01:36:14.259031] [ControlManager] Control started: {"type":"RobotCommand","control":{"type":"ComponentBasedCommand","components":{"mobility":null,"body":{"type":"BodyCommand","control":{"type":"JointPositionCommand","control":{"type":"JointPositionControl"}}},"head":{"type":"HeadCommand","control":{"type":"JointPositionCommand","control":{"type":"JointPositionControl"}}}}}} (priority: 1)
[07/30/26 12:23:00.387840] [debug] [01:36:19.517037] [ControlManager] Control finished: {"type":"RobotCommand","control":{"type":"ComponentBasedCommand","components":{"mobility":null,"body":{"type":"BodyCommand","control":{"type":"JointPositionCommand","control":{"type":"JointPositionControl"}}},"head":{"type":"HeadCommand","control":{"type":"JointPositionCommand","control":{"type":"JointPositionControl"}}}}}}
[07/30/26 12:23:00.387905] [info] [01:36:19.517103] [ControlInterface] Control completed successfully.
[07/30/26 12:23:00.387914] [debug] [01:36:19.517113] [ControlInterface::ExecutionStats] Average Control Time: 0.001 ms (max: 0.019 ms, min: 0.001 ms, sigma: 0.000 ms, count: 2630)
[07/30/26 12:23:00.388969] [debug] [01:36:19.518170] [Service] Server method called: /rb.api.RobotCommandService/RobotCommandStream
[07/30/26 12:23:00.388982] [debug] [01:36:19.518186] [Service::RobotCommandService::RobotCommandStream] Stream is created
[07/30/26 12:23:00.420682] [debug] [01:36:19.549882] [Service::RobotCommandService::RobotCommandStream] Requested: robot_command { component_based_command { mobility_command { se2_velocity_command { command_header { control_hold_time { seconds: 1 } } minimum_time { nanos: 10100000 } velocity { linear { } } acceleration_limit { linear { x: 1 y: 1 } angular: 1 } } } body_command { joint_impedance_control_command { command_header { control_hold_time { seconds: 1 } } minimum_time { nanos: 10100000 } position: -0.0001100108990942701 position: 0.785121478513917 pos... [truncated]
[07/30/26 12:23:00.420689] [debug] [01:36:19.549894] [Service::RobotCommandService::RobotCommandStream]   Peer: ipv4:192.168.30.230:49724
[07/30/26 12:23:00.420834] [debug] [01:36:19.550037] [Service::RobotCommandService::RobotCommandStream]   IP: 192.168.30.230, Family: ipv4
[07/30/26 12:23:00.425827] [info] [01:36:19.555031] [ControlManager] Control started: {"type":"RobotCommand","control":{"type":"ComponentBasedCommand","components":{"mobility":{"type":"MobilityCommand","control":{"type":"SE2VelocityCommand","control":{"type":"MobilitySE2VelocityControl"}}},"body":{"type":"BodyCommand","control":{"type":"JointImpedanceControlCommand","control":{"type":"JointImpedanceControl"}}},"head":{"type":"HeadCommand","control":{"type":"JointPositionCommand","control":{"type":"JointPositionControl"}}}}}} (priority: 1)
[07/30/26 12:23:10.423941] [debug] [01:36:29.553131] [ControlInterface::ExecutionStats] Average Control Time: 0.122 ms (max: 0.193 ms, min: 0.111 ms, sigma: 0.005 ms, count: 5000)
[07/30/26 12:23:14.713630] [debug] [01:36:33.842823] [Service] Server method called: /rb.api.RobotCommandService/RobotCommand
[07/30/26 12:23:14.713664] [debug] [01:36:33.842868] [Service::RobotCommandService::RobotCommand] Requested: robot_command { whole_body_command { stop_command { } } } priority: 99
[07/30/26 12:23:14.713668] [debug] [01:36:33.842873] [Service::RobotCommandService::RobotCommand]   Peer: ipv4:192.168.30.230:49724
[07/30/26 12:23:14.713822] [debug] [01:36:33.843026] [Service::RobotCommandService::RobotCommand]   IP: 192.168.30.230, Family: ipv4
[07/30/26 12:23:14.815976] [debug] [01:36:33.945172] [ControlManager] Control finished: {"type":"RobotCommand","control":{"type":"ComponentBasedCommand","components":{"mobility":{"type":"MobilityCommand","control":{"type":"SE2VelocityCommand","control":{"type":"MobilitySE2VelocityControl"}}},"body":{"type":"BodyCommand","control":{"type":"JointImpedanceControlCommand","control":{"type":"JointImpedanceControl"}}},"head":{"type":"HeadCommand","control":{"type":"JointPositionCommand","control":{"type":"JointPositionControl"}}}}}}
[07/30/26 12:23:14.816081] [debug] [01:36:33.945276] [Service::RobotCommandService::RobotCommandStream] OnReadDone (write_done: true, read_done: true)
[07/30/26 12:23:14.816127] [debug] [01:36:33.945327] [Service::RobotCommandService::RobotCommandStream] OnCancel
[07/30/26 12:23:14.816199] [info] [01:36:33.945401] [ControlInterface] Control was preempted or canceled by another request.
[07/30/26 12:23:14.816209] [debug] [01:36:33.945408] [ControlInterface::ExecutionStats] Average Control Time: 0.120 ms (max: 0.138 ms, min: 0.110 ms, sigma: 0.005 ms, count: 2196)
[07/30/26 12:23:14.816277] [debug] [01:36:33.945479] [Service::RobotCommandService::RobotCommandStream] OnDone: robot_command { component_based_command { mobility_command { se2_velocity_command { command_header { control_hold_time { seconds: 1 } } minimum_time { nanos: 10100000 } velocity { linear { } } acceleration_limit { linear { x: 1 y: 1 } angular: 1 } } } body_command { joint_impedance_control_command { command_header { control_hold_time { seconds: 1 } } minimum_time { nanos: 10100000 } position: -0.049999996168802213 position: 1.0675445887511459 pos... [truncated]
[07/30/26 12:23:14.817818] [info] [01:36:33.947022] [ControlManager] Control started: {"type":"RobotCommand","control":{"type":"WholeBodyCommand","control":{"type":"StopControl","control":{"type":"JointVelocityControl"}}}} (priority: 99)
[07/30/26 12:23:14.817837] [debug] [01:36:33.947043] [ControlManager] Control finished: {"type":"RobotCommand","control":{"type":"WholeBodyCommand","control":{"type":"StopControl","control":{"type":"JointVelocityControl"}}}}
[07/30/26 12:23:14.819820] [info] [01:36:33.949022] [ControlInterface] Control completed successfully.
[07/30/26 12:23:14.819829] [debug] [01:36:33.949030] [ControlInterface::ExecutionStats] Average Control Time: 0.005 ms (max: 0.005 ms, min: 0.005 ms, sigma: 0.000 ms, count: 1)
[07/30/26 12:23:14.820389] [debug] [01:36:33.949590] [Service] Server method called: /rb.api.ControlManagerService/ControlManagerCommand
[07/30/26 12:23:14.820423] [debug] [01:36:33.949626] [Service::ControlManagerService::ControlManagerCommand] Requested: request_header { request_timestamp { seconds: 1785381741 nanos: 30641019 } } command: COMMAND_DISABLE
[07/30/26 12:23:14.820426] [info] [01:36:33.949631] [ControlManager::Disable] Disable request received. Starting the disabling process...
[07/30/26 12:23:14.821816] [info] [01:36:33.951020] [ControlManager::Disable] Control Manager successfully disabled
[07/30/26 12:23:19.302811] [debug] [01:36:38.432003] [Hardware] Hardware Loop Stat (avg: 2.000 ms, min: 1.999 ms, max: 2.001 ms, count: 15000)
[07/30/26 12:23:19.437802] [debug] [01:36:38.567003] [ControlManager] Control Manager Loop Stat (avg: 2.000 ms, min: 1.998 ms, max: 2.002 ms, count: 15000)
[07/30/26 12:23:20.084907] [debug] [01:36:39.214102] [Service] Server method called: /rb.api.RobotInfoService/GetRobotInfo
[07/30/26 12:23:20.084942] [debug] [01:36:39.214145] [Service::RobotInfoService::GetRobotInfo] Requested: request_header { request_timestamp { seconds: 1785381746 nanos: 294932496 } }
[07/30/26 12:23:20.086044] [debug] [01:36:39.215245] [Service] Server method called: /rb.api.RobotStateService/GetRobotState
[07/30/26 12:23:20.086064] [debug] [01:36:39.215268] [Service::RobotStateService::GetRobotState] Requested: request_header { request_timestamp { seconds: 1785381746 nanos: 296140185 } }
[07/30/26 12:23:20.087091] [debug] [01:36:39.216290] [Service] Server method called: /rb.api.RobotInfoService/GetRobotInfo
[07/30/26 12:23:20.087113] [debug] [01:36:39.216318] [Service::RobotInfoService::GetRobotInfo] Requested: request_header { request_timestamp { seconds: 1785381746 nanos: 297172472 } }
[07/30/26 12:23:20.087651] [debug] [01:36:39.216853] [Service] Server method called: /rb.api.RobotStateService/GetRobotState
[07/30/26 12:23:20.087665] [debug] [01:36:39.216870] [Service::RobotStateService::GetRobotState] Requested: request_header { request_timestamp { seconds: 1785381746 nanos: 297820722 } }
[07/30/26 12:23:20.088367] [debug] [01:36:39.217568] [Service] Server method called: /rb.api.RobotStateService/GetControlManagerState
[07/30/26 12:23:20.088385] [debug] [01:36:39.217589] [Service::RobotStateService::GetControlManagerState] Requested: request_header { request_timestamp { seconds: 1785381746 nanos: 298513996 } }
[07/30/26 12:23:20.088692] [debug] [01:36:39.217894] [Service] Server method called: /rb.api.RobotInfoService/GetRobotInfo
[07/30/26 12:23:20.088706] [debug] [01:36:39.217910] [Service::RobotInfoService::GetRobotInfo] Requested: request_header { request_timestamp { seconds: 1785381746 nanos: 298882801 } }
[07/30/26 12:23:20.089169] [debug] [01:36:39.218373] [Service] Server method called: /rb.api.RobotStateService/GetRobotState
[07/30/26 12:23:20.089180] [debug] [01:36:39.218385] [Service::RobotStateService::GetRobotState] Requested: request_header { request_timestamp { seconds: 1785381746 nanos: 299350474 } }
[07/30/26 12:23:20.089617] [debug] [01:36:39.218819] [Service] Server method called: /rb.api.RobotStateService/GetRobotState
[07/30/26 12:23:20.089632] [debug] [01:36:39.218836] [Service::RobotStateService::GetRobotState] Requested: request_header { request_timestamp { seconds: 1785381746 nanos: 299794774 } }
[07/30/26 12:23:20.090153] [debug] [01:36:39.219355] [Service] Server method called: /rb.api.RobotInfoService/GetRobotInfo
[07/30/26 12:23:20.090167] [debug] [01:36:39.219371] [Service::RobotInfoService::GetRobotInfo] Requested: request_header { request_timestamp { seconds: 1785381746 nanos: 300331389 } }
[07/30/26 12:23:20.090784] [debug] [01:36:39.219986] [Service] Server method called: /rb.api.ControlManagerService/ControlManagerCommand
[07/30/26 12:23:20.090802] [debug] [01:36:39.220006] [Service::ControlManagerService::ControlManagerCommand] Requested: request_header { request_timestamp { seconds: 1785381746 nanos: 300967470 } } command: COMMAND_ENABLE unlimited_mode_enabled { }
[07/30/26 12:23:20.090806] [info] [01:36:39.220011] [ControlManager::Enable] Enable request received. Starting the enabling process...
[07/30/26 12:23:20.091810] [info] [01:36:39.221014] [ControlManager::Enable] Control Manager successfully enabled
[07/30/26 12:23:20.092098] [debug] [01:36:39.221303] [Service] Server method called: /rb.api.ParameterService/SetParameter
[07/30/26 12:23:20.092113] [debug] [01:36:39.221318] [Service::ParameterService::SetParameter] Requested: request_header { request_timestamp { seconds: 1785381746 nanos: 302279743 } } name: "cartesian_command.cutoff_frequency" parameter: "{\"value\":5,\"write_db\":true}"
[07/30/26 12:23:20.099887] [debug] [01:36:39.229087] [Service] Server method called: /rb.api.ParameterService/SetParameter
[07/30/26 12:23:20.099904] [debug] [01:36:39.229107] [Service::ParameterService::SetParameter] Requested: request_header { request_timestamp { seconds: 1785381746 nanos: 310061023 } } name: "default.acceleration_limit_scaling" parameter: "{\"value\":1.0,\"write_db\":true}"
[07/30/26 12:23:20.105981] [debug] [01:36:39.235181] [Service] Server method called: /rb.api.ParameterService/SetParameter
[07/30/26 12:23:20.105998] [debug] [01:36:39.235202] [Service::ParameterService::SetParameter] Requested: request_header { request_timestamp { seconds: 1785381746 nanos: 316138321 } } name: "default.angular_acceleration_limit" parameter: "{\"value\":10,\"write_db\":true}"
[07/30/26 12:23:20.111899] [debug] [01:36:39.241100] [Service] Server method called: /rb.api.ParameterService/SetParameter
[07/30/26 12:23:20.111913] [debug] [01:36:39.241118] [Service::ParameterService::SetParameter] Requested: request_header { request_timestamp { seconds: 1785381746 nanos: 322062399 } } name: "default.linear_acceleration_limit" parameter: "{\"value\":20,\"write_db\":true}"
[07/30/26 12:23:20.118002] [debug] [01:36:39.247203] [Service] Server method called: /rb.api.ParameterService/SetParameter
[07/30/26 12:23:20.118018] [debug] [01:36:39.247222] [Service::ParameterService::SetParameter] Requested: request_header { request_timestamp { seconds: 1785381746 nanos: 328125843 } } name: "joint_position_command.cutoff_frequency" parameter: "{\"value\":5,\"write_db\":true}"
[07/30/26 12:23:20.126251] [debug] [01:36:39.255453] [Service] Server method called: /rb.api.RobotCommandService/RobotCommand
[07/30/26 12:23:20.126316] [debug] [01:36:39.255520] [Service::RobotCommandService::RobotCommand] Requested: robot_command { component_based_command { body_command { joint_position_command { command_header { control_hold_time { seconds: 1 } } minimum_time { nanos: 500000000 } position: -0.04077199430771291 position: 1.0895060576136284 position: -1.4995421598011789 position: 0.60922198870164168 position: -0.038136888696840052 position: -0.33002229737786209 position: 0.16169068780030235 position: -0.31640252241215466 position: 0.11542446032409805 position... [truncated]
[07/30/26 12:23:20.126319] [debug] [01:36:39.255525] [Service::RobotCommandService::RobotCommand]   Peer: ipv4:192.168.30.230:49724
[07/30/26 12:23:20.126450] [debug] [01:36:39.255655] [Service::RobotCommandService::RobotCommand]   IP: 192.168.30.230, Family: ipv4
[07/30/26 12:23:20.131825] [info] [01:36:39.261029] [ControlManager] Control started: {"type":"RobotCommand","control":{"type":"ComponentBasedCommand","components":{"mobility":null,"body":{"type":"BodyCommand","control":{"type":"JointPositionCommand","control":{"type":"JointPositionControl"}}},"head":{"type":"HeadCommand","control":{"type":"JointPositionCommand","control":{"type":"JointPositionControl"}}}}}} (priority: 1)
[07/30/26 12:23:21.889839] [debug] [01:36:41.019037] [ControlManager] Control finished: {"type":"RobotCommand","control":{"type":"ComponentBasedCommand","components":{"mobility":null,"body":{"type":"BodyCommand","control":{"type":"JointPositionCommand","control":{"type":"JointPositionControl"}}},"head":{"type":"HeadCommand","control":{"type":"JointPositionCommand","control":{"type":"JointPositionControl"}}}}}}
[07/30/26 12:23:21.889899] [info] [01:36:41.019099] [ControlInterface] Control completed successfully.
[07/30/26 12:23:21.889909] [debug] [01:36:41.019108] [ControlInterface::ExecutionStats] Average Control Time: 0.001 ms (max: 0.021 ms, min: 0.001 ms, sigma: 0.001 ms, count: 880)
[07/30/26 12:23:21.890713] [debug] [01:36:41.019912] [Service] Server method called: /rb.api.PowerService/ToolFlangePowerCommand
[07/30/26 12:23:21.890744] [debug] [01:36:41.019948] [Service::PowerService::ToolFlangePowerCommand] Requested: request_header { request_timestamp { seconds: 1785381748 nanos: 100748631 } } name: "right" command: COMMAND_POWER_12V
[07/30/26 12:23:21.890750] [debug] [01:36:41.019955] [Service::PowerService::ToolFlangePowerCommand] Result: Success
[07/30/26 12:23:21.891213] [debug] [01:36:41.020417] [Service] Server method called: /rb.api.PowerService/ToolFlangePowerCommand
[07/30/26 12:23:21.891239] [debug] [01:36:41.020444] [Service::PowerService::ToolFlangePowerCommand] Requested: request_header { request_timestamp { seconds: 1785381748 nanos: 101305903 } } name: "left" command: COMMAND_POWER_12V
[07/30/26 12:23:21.891243] [debug] [01:36:41.020449] [Service::PowerService::ToolFlangePowerCommand] Result: Success
[07/30/26 12:23:23.058945] [debug] [01:36:42.188138] [Service] Server method called: /rb.api.RobotCommandService/RobotCommand
[07/30/26 12:23:23.059011] [debug] [01:36:42.188213] [Service::RobotCommandService::RobotCommand] Requested: robot_command { component_based_command { body_command { joint_position_command { command_header { control_hold_time { seconds: 1 } } minimum_time { seconds: 4 } position: 0 position: 0.78539816339744828 position: -1.3962634015954636 position: 0.78539816339744828 position: 0 position: 0 position: 0 position: -0.26179938779914941 position: 0 position: -2.0943951023931953 position: 0 position: 0.52359877559829882 position: 0 position: 0 position: 0... [truncated]
[07/30/26 12:23:23.059016] [debug] [01:36:42.188221] [Service::RobotCommandService::RobotCommand]   Peer: ipv4:192.168.30.230:49724
[07/30/26 12:23:23.059176] [debug] [01:36:42.188380] [Service::RobotCommandService::RobotCommand]   IP: 192.168.30.230, Family: ipv4
[07/30/26 12:23:23.063823] [info] [01:36:42.193024] [ControlManager] Control started: {"type":"RobotCommand","control":{"type":"ComponentBasedCommand","components":{"mobility":null,"body":{"type":"BodyCommand","control":{"type":"JointPositionCommand","control":{"type":"JointPositionControl"}}},"head":{"type":"HeadCommand","control":{"type":"JointPositionCommand","control":{"type":"JointPositionControl"}}}}}} (priority: 1)
[07/30/26 12:23:28.321842] [debug] [01:36:47.451038] [ControlManager] Control finished: {"type":"RobotCommand","control":{"type":"ComponentBasedCommand","components":{"mobility":null,"body":{"type":"BodyCommand","control":{"type":"JointPositionCommand","control":{"type":"JointPositionControl"}}},"head":{"type":"HeadCommand","control":{"type":"JointPositionCommand","control":{"type":"JointPositionControl"}}}}}}
[07/30/26 12:23:28.321908] [info] [01:36:47.451106] [ControlInterface] Control completed successfully.
[07/30/26 12:23:28.321917] [debug] [01:36:47.451116] [ControlInterface::ExecutionStats] Average Control Time: 0.001 ms (max: 0.016 ms, min: 0.001 ms, sigma: 0.000 ms, count: 2630)
[07/30/26 12:23:28.322466] [debug] [01:36:47.451668] [Service] Server method called: /rb.api.RobotCommandService/RobotCommandStream
[07/30/26 12:23:28.322477] [debug] [01:36:47.451681] [Service::RobotCommandService::RobotCommandStream] Stream is created
[07/30/26 12:23:28.354308] [debug] [01:36:47.483506] [Service::RobotCommandService::RobotCommandStream] Requested: robot_command { component_based_command { mobility_command { se2_velocity_command { command_header { control_hold_time { seconds: 1 } } minimum_time { nanos: 10100000 } velocity { linear { } } acceleration_limit { linear { x: 1 y: 1 } angular: 1 } } } body_command { joint_impedance_control_command { command_header { control_hold_time { seconds: 1 } } minimum_time { nanos: 10100000 } position: -0.00010226311589962529 position: 0.78507599067511424 ... [truncated]
[07/30/26 12:23:28.354314] [debug] [01:36:47.483520] [Service::RobotCommandService::RobotCommandStream]   Peer: ipv4:192.168.30.230:49724
[07/30/26 12:23:28.354488] [debug] [01:36:47.483688] [Service::RobotCommandService::RobotCommandStream]   IP: 192.168.30.230, Family: ipv4
[07/30/26 12:23:28.359827] [info] [01:36:47.489032] [ControlManager] Control started: {"type":"RobotCommand","control":{"type":"ComponentBasedCommand","components":{"mobility":{"type":"MobilityCommand","control":{"type":"SE2VelocityCommand","control":{"type":"MobilitySE2VelocityControl"}}},"body":{"type":"BodyCommand","control":{"type":"JointImpedanceControlCommand","control":{"type":"JointImpedanceControl"}}},"head":{"type":"HeadCommand","control":{"type":"JointPositionCommand","control":{"type":"JointPositionControl"}}}}}} (priority: 1)
[07/30/26 12:23:29.508153] [debug] [01:36:48.637347] [Service] Server method called: /rb.api.RobotCommandService/RobotCommand
[07/30/26 12:23:29.508182] [debug] [01:36:48.637387] [Service::RobotCommandService::RobotCommand] Requested: robot_command { whole_body_command { stop_command { } } } priority: 99
[07/30/26 12:23:29.508184] [debug] [01:36:48.637390] [Service::RobotCommandService::RobotCommand]   Peer: ipv4:192.168.30.230:49724
[07/30/26 12:23:29.508320] [debug] [01:36:48.637524] [Service::RobotCommandService::RobotCommand]   IP: 192.168.30.230, Family: ipv4
[07/30/26 12:23:29.611970] [debug] [01:36:48.741171] [ControlManager] Control finished: {"type":"RobotCommand","control":{"type":"ComponentBasedCommand","components":{"mobility":{"type":"MobilityCommand","control":{"type":"SE2VelocityCommand","control":{"type":"MobilitySE2VelocityControl"}}},"body":{"type":"BodyCommand","control":{"type":"JointImpedanceControlCommand","control":{"type":"JointImpedanceControl"}}},"head":{"type":"HeadCommand","control":{"type":"JointPositionCommand","control":{"type":"JointPositionControl"}}}}}}
[07/30/26 12:23:29.612065] [debug] [01:36:48.741265] [Service::RobotCommandService::RobotCommandStream] OnReadDone (write_done: true, read_done: true)
[07/30/26 12:23:29.612087] [debug] [01:36:48.741286] [Service::RobotCommandService::RobotCommandStream] OnCancel
[07/30/26 12:23:29.612120] [info] [01:36:48.741323] [ControlInterface] Control was preempted or canceled by another request.
[07/30/26 12:23:29.612130] [debug] [01:36:48.741329] [ControlInterface::ExecutionStats] Average Control Time: 0.121 ms (max: 0.189 ms, min: 0.111 ms, sigma: 0.005 ms, count: 627)
[07/30/26 12:23:29.612217] [debug] [01:36:48.741416] [Service::RobotCommandService::RobotCommandStream] OnDone: robot_command { component_based_command { mobility_command { se2_velocity_command { command_header { control_hold_time { seconds: 1 } } minimum_time { nanos: 10100000 } velocity { linear { } } acceleration_limit { linear { x: 1 y: 1 } angular: 1 } } } body_command { joint_impedance_control_command { command_header { control_hold_time { seconds: 1 } } minimum_time { nanos: 10100000 } position: 0.0014844839389009236 position: 0.81027278279086934 po... [truncated]
[07/30/26 12:23:29.613811] [info] [01:36:48.743015] [ControlManager] Control started: {"type":"RobotCommand","control":{"type":"WholeBodyCommand","control":{"type":"StopControl","control":{"type":"JointVelocityControl"}}}} (priority: 99)
[07/30/26 12:23:29.613830] [debug] [01:36:48.743036] [ControlManager] Control finished: {"type":"RobotCommand","control":{"type":"WholeBodyCommand","control":{"type":"StopControl","control":{"type":"JointVelocityControl"}}}}
[07/30/26 12:23:29.613859] [info] [01:36:48.743065] [ControlInterface] Control completed successfully.
[07/30/26 12:23:29.613862] [debug] [01:36:48.743067] [ControlInterface::ExecutionStats] Average Control Time: 0.005 ms (max: 0.005 ms, min: 0.005 ms, sigma: 0.000 ms, count: 1)
[07/30/26 12:23:29.614382] [debug] [01:36:48.743582] [Service] Server method called: /rb.api.ControlManagerService/ControlManagerCommand
[07/30/26 12:23:29.614402] [debug] [01:36:48.743606] [Service::ControlManagerService::ControlManagerCommand] Requested: request_header { request_timestamp { seconds: 1785381755 nanos: 824205458 } } command: COMMAND_DISABLE
[07/30/26 12:23:29.614406] [info] [01:36:48.743611] [ControlManager::Disable] Disable request received. Starting the disabling process...
[07/30/26 12:23:29.615816] [info] [01:36:48.745019] [ControlManager::Disable] Control Manager successfully disabled
[07/30/26 12:23:49.302808] [debug] [01:37:08.432003] [Hardware] Hardware Loop Stat (avg: 2.000 ms, min: 1.999 ms, max: 2.001 ms, count: 15000)
[07/30/26 12:23:49.437802] [debug] [01:37:08.567003] [ControlManager] Control Manager Loop Stat (avg: 2.000 ms, min: 1.998 ms, max: 2.002 ms, count: 15000)
[07/30/26 12:24:04.977737] [debug] [01:37:24.106929] [Service] Server method called: /rb.api.RobotInfoService/GetRobotInfo
[07/30/26 12:24:04.977773] [debug] [01:37:24.106977] [Service::RobotInfoService::GetRobotInfo] Requested: request_header { request_timestamp { seconds: 1785381791 nanos: 186505814 } }
[07/30/26 12:24:04.978397] [debug] [01:37:24.107598] [Service] Server method called: /rb.api.RobotStateService/GetRobotState
[07/30/26 12:24:04.978419] [debug] [01:37:24.107622] [Service::RobotStateService::GetRobotState] Requested: request_header { request_timestamp { seconds: 1785381791 nanos: 187293729 } }
[07/30/26 12:24:04.978995] [debug] [01:37:24.108196] [Service] Server method called: /rb.api.RobotInfoService/GetRobotInfo
[07/30/26 12:24:04.979012] [debug] [01:37:24.108215] [Service::RobotInfoService::GetRobotInfo] Requested: request_header { request_timestamp { seconds: 1785381791 nanos: 187939985 } }
[07/30/26 12:24:04.979646] [debug] [01:37:24.108847] [Service] Server method called: /rb.api.RobotStateService/GetRobotState
[07/30/26 12:24:04.979663] [debug] [01:37:24.108866] [Service::RobotStateService::GetRobotState] Requested: request_header { request_timestamp { seconds: 1785381791 nanos: 188564440 } }
[07/30/26 12:24:04.980129] [debug] [01:37:24.109331] [Service] Server method called: /rb.api.RobotStateService/GetControlManagerState
[07/30/26 12:24:04.980145] [debug] [01:37:24.109349] [Service::RobotStateService::GetControlManagerState] Requested: request_header { request_timestamp { seconds: 1785381791 nanos: 189070294 } }
[07/30/26 12:24:04.980523] [debug] [01:37:24.109725] [Service] Server method called: /rb.api.RobotInfoService/GetRobotInfo
[07/30/26 12:24:04.980537] [debug] [01:37:24.109741] [Service::RobotInfoService::GetRobotInfo] Requested: request_header { request_timestamp { seconds: 1785381791 nanos: 189446803 } }
[07/30/26 12:24:04.980971] [debug] [01:37:24.110169] [Service] Server method called: /rb.api.RobotStateService/GetRobotState
[07/30/26 12:24:04.981003] [debug] [01:37:24.110206] [Service::RobotStateService::GetRobotState] Requested: request_header { request_timestamp { seconds: 1785381791 nanos: 189888008 } }
[07/30/26 12:24:04.981406] [debug] [01:37:24.110607] [Service] Server method called: /rb.api.RobotStateService/GetRobotState
[07/30/26 12:24:04.981425] [debug] [01:37:24.110629] [Service::RobotStateService::GetRobotState] Requested: request_header { request_timestamp { seconds: 1785381791 nanos: 190338115 } }
[07/30/26 12:24:04.981880] [debug] [01:37:24.111081] [Service] Server method called: /rb.api.RobotInfoService/GetRobotInfo
[07/30/26 12:24:04.981896] [debug] [01:37:24.111100] [Service::RobotInfoService::GetRobotInfo] Requested: request_header { request_timestamp { seconds: 1785381791 nanos: 190828457 } }
[07/30/26 12:24:04.982299] [debug] [01:37:24.111500] [Service] Server method called: /rb.api.ControlManagerService/ControlManagerCommand
[07/30/26 12:24:04.982361] [debug] [01:37:24.111564] [Service::ControlManagerService::ControlManagerCommand] Requested: request_header { request_timestamp { seconds: 1785381791 nanos: 191241506 } } command: COMMAND_ENABLE unlimited_mode_enabled { }
[07/30/26 12:24:04.982364] [info] [01:37:24.111569] [ControlManager::Enable] Enable request received. Starting the enabling process...
[07/30/26 12:24:04.983812] [info] [01:37:24.113015] [ControlManager::Enable] Control Manager successfully enabled
[07/30/26 12:24:04.984161] [debug] [01:37:24.113363] [Service] Server method called: /rb.api.ParameterService/SetParameter
[07/30/26 12:24:04.984180] [debug] [01:37:24.113384] [Service::ParameterService::SetParameter] Requested: request_header { request_timestamp { seconds: 1785381791 nanos: 193103429 } } name: "cartesian_command.cutoff_frequency" parameter: "{\"value\":5,\"write_db\":true}"
[07/30/26 12:24:04.996528] [debug] [01:37:24.125727] [Service] Server method called: /rb.api.ParameterService/SetParameter
[07/30/26 12:24:04.996561] [debug] [01:37:24.125765] [Service::ParameterService::SetParameter] Requested: request_header { request_timestamp { seconds: 1785381791 nanos: 205429710 } } name: "default.acceleration_limit_scaling" parameter: "{\"value\":1.0,\"write_db\":true}"
[07/30/26 12:24:05.002416] [debug] [01:37:24.131614] [Service] Server method called: /rb.api.ParameterService/SetParameter
[07/30/26 12:24:05.002445] [debug] [01:37:24.131648] [Service::ParameterService::SetParameter] Requested: request_header { request_timestamp { seconds: 1785381791 nanos: 211312020 } } name: "default.angular_acceleration_limit" parameter: "{\"value\":10,\"write_db\":true}"
[07/30/26 12:24:05.008621] [debug] [01:37:24.137821] [Service] Server method called: /rb.api.ParameterService/SetParameter
[07/30/26 12:24:05.008641] [debug] [01:37:24.137845] [Service::ParameterService::SetParameter] Requested: request_header { request_timestamp { seconds: 1785381791 nanos: 217492944 } } name: "default.linear_acceleration_limit" parameter: "{\"value\":20,\"write_db\":true}"
[07/30/26 12:24:05.014645] [debug] [01:37:24.143845] [Service] Server method called: /rb.api.ParameterService/SetParameter
[07/30/26 12:24:05.014663] [debug] [01:37:24.143867] [Service::ParameterService::SetParameter] Requested: request_header { request_timestamp { seconds: 1785381791 nanos: 223487804 } } name: "joint_position_command.cutoff_frequency" parameter: "{\"value\":5,\"write_db\":true}"
[07/30/26 12:24:05.020530] [debug] [01:37:24.149729] [Service] Server method called: /rb.api.RobotCommandService/RobotCommand
[07/30/26 12:24:05.020602] [debug] [01:37:24.149804] [Service::RobotCommandService::RobotCommand] Requested: robot_command { component_based_command { body_command { joint_position_command { command_header { control_hold_time { seconds: 1 } } minimum_time { nanos: 500000000 } position: -0.00011011248229872177 position: 0.78603985338049953 position: -1.4488752300151739 position: 0.78552346380833993 position: 0.00012530041089164892 position: 4.9360767927013206e-05 position: -0.012818611732430507 position: -0.26176015231695104 position: 0.00014048833948457... [truncated]
[07/30/26 12:24:05.020606] [debug] [01:37:24.149811] [Service::RobotCommandService::RobotCommand]   Peer: ipv4:192.168.30.230:49724
[07/30/26 12:24:05.020759] [debug] [01:37:24.149963] [Service::RobotCommandService::RobotCommand]   IP: 192.168.30.230, Family: ipv4
[07/30/26 12:24:05.025836] [info] [01:37:24.155038] [ControlManager] Control started: {"type":"RobotCommand","control":{"type":"ComponentBasedCommand","components":{"mobility":null,"body":{"type":"BodyCommand","control":{"type":"JointPositionCommand","control":{"type":"JointPositionControl"}}},"head":{"type":"HeadCommand","control":{"type":"JointPositionCommand","control":{"type":"JointPositionControl"}}}}}} (priority: 1)
[07/30/26 12:24:06.783839] [debug] [01:37:25.913037] [ControlManager] Control finished: {"type":"RobotCommand","control":{"type":"ComponentBasedCommand","components":{"mobility":null,"body":{"type":"BodyCommand","control":{"type":"JointPositionCommand","control":{"type":"JointPositionControl"}}},"head":{"type":"HeadCommand","control":{"type":"JointPositionCommand","control":{"type":"JointPositionControl"}}}}}}
[07/30/26 12:24:06.783897] [info] [01:37:25.913097] [ControlInterface] Control completed successfully.
[07/30/26 12:24:06.783905] [debug] [01:37:25.913105] [ControlInterface::ExecutionStats] Average Control Time: 0.001 ms (max: 0.025 ms, min: 0.001 ms, sigma: 0.001 ms, count: 880)
[07/30/26 12:24:06.784811] [debug] [01:37:25.914012] [Service] Server method called: /rb.api.PowerService/ToolFlangePowerCommand
[07/30/26 12:24:06.784841] [debug] [01:37:25.914045] [Service::PowerService::ToolFlangePowerCommand] Requested: request_header { request_timestamp { seconds: 1785381792 nanos: 993586429 } } name: "right" command: COMMAND_POWER_12V
[07/30/26 12:24:06.784847] [debug] [01:37:25.914052] [Service::PowerService::ToolFlangePowerCommand] Result: Success
[07/30/26 12:24:06.785287] [debug] [01:37:25.914487] [Service] Server method called: /rb.api.PowerService/ToolFlangePowerCommand
[07/30/26 12:24:06.785310] [debug] [01:37:25.914514] [Service::PowerService::ToolFlangePowerCommand] Requested: request_header { request_timestamp { seconds: 1785381792 nanos: 994129379 } } name: "left" command: COMMAND_POWER_12V
[07/30/26 12:24:06.785315] [debug] [01:37:25.914520] [Service::PowerService::ToolFlangePowerCommand] Result: Success
[07/30/26 12:24:07.952685] [debug] [01:37:27.081877] [Service] Server method called: /rb.api.RobotCommandService/RobotCommand
[07/30/26 12:24:07.952755] [debug] [01:37:27.081957] [Service::RobotCommandService::RobotCommand] Requested: robot_command { component_based_command { body_command { joint_position_command { command_header { control_hold_time { seconds: 1 } } minimum_time { seconds: 4 } position: 0 position: 0.78539816339744828 position: -1.3962634015954636 position: 0.78539816339744828 position: 0 position: 0 position: 0 position: -0.26179938779914941 position: 0 position: -2.0943951023931953 position: 0 position: 0.52359877559829882 position: 0 position: 0 position: 0... [truncated]
[07/30/26 12:24:07.952760] [debug] [01:37:27.081965] [Service::RobotCommandService::RobotCommand]   Peer: ipv4:192.168.30.230:49724
[07/30/26 12:24:07.952917] [debug] [01:37:27.082121] [Service::RobotCommandService::RobotCommand]   IP: 192.168.30.230, Family: ipv4
[07/30/26 12:24:07.957826] [info] [01:37:27.087027] [ControlManager] Control started: {"type":"RobotCommand","control":{"type":"ComponentBasedCommand","components":{"mobility":null,"body":{"type":"BodyCommand","control":{"type":"JointPositionCommand","control":{"type":"JointPositionControl"}}},"head":{"type":"HeadCommand","control":{"type":"JointPositionCommand","control":{"type":"JointPositionControl"}}}}}} (priority: 1)
[07/30/26 12:24:13.215840] [debug] [01:37:32.345038] [ControlManager] Control finished: {"type":"RobotCommand","control":{"type":"ComponentBasedCommand","components":{"mobility":null,"body":{"type":"BodyCommand","control":{"type":"JointPositionCommand","control":{"type":"JointPositionControl"}}},"head":{"type":"HeadCommand","control":{"type":"JointPositionCommand","control":{"type":"JointPositionControl"}}}}}}
[07/30/26 12:24:13.215902] [info] [01:37:32.345101] [ControlInterface] Control completed successfully.
[07/30/26 12:24:13.215912] [debug] [01:37:32.345111] [ControlInterface::ExecutionStats] Average Control Time: 0.001 ms (max: 0.019 ms, min: 0.001 ms, sigma: 0.000 ms, count: 2630)
[07/30/26 12:24:13.216704] [debug] [01:37:32.345905] [Service] Server method called: /rb.api.RobotCommandService/RobotCommandStream
[07/30/26 12:24:13.216717] [debug] [01:37:32.345921] [Service::RobotCommandService::RobotCommandStream] Stream is created
[07/30/26 12:24:13.228145] [debug] [01:37:32.357345] [Service::RobotCommandService::RobotCommandStream] Requested: robot_command { component_based_command { mobility_command { se2_velocity_command { command_header { control_hold_time { seconds: 1 } } minimum_time { nanos: 10100000 } velocity { linear { } } acceleration_limit { linear { x: 1 y: 1 } angular: 1 } } } body_command { joint_impedance_control_command { command_header { control_hold_time { seconds: 1 } } minimum_time { nanos: 10100000 } position: -0.00012221532575218638 position: 0.785129408785457 po... [truncated]
[07/30/26 12:24:13.228153] [debug] [01:37:32.357357] [Service::RobotCommandService::RobotCommandStream]   Peer: ipv4:192.168.30.230:49724
[07/30/26 12:24:13.228312] [debug] [01:37:32.357516] [Service::RobotCommandService::RobotCommandStream]   IP: 192.168.30.230, Family: ipv4
[07/30/26 12:24:13.233829] [info] [01:37:32.363032] [ControlManager] Control started: {"type":"RobotCommand","control":{"type":"ComponentBasedCommand","components":{"mobility":{"type":"MobilityCommand","control":{"type":"SE2VelocityCommand","control":{"type":"MobilitySE2VelocityControl"}}},"body":{"type":"BodyCommand","control":{"type":"JointImpedanceControlCommand","control":{"type":"JointImpedanceControl"}}},"head":{"type":"HeadCommand","control":{"type":"JointPositionCommand","control":{"type":"JointPositionControl"}}}}}} (priority: 1)
[07/30/26 12:24:19.302812] [debug] [01:37:38.432003] [Hardware] Hardware Loop Stat (avg: 2.000 ms, min: 1.999 ms, max: 2.001 ms, count: 15000)
[07/30/26 12:24:19.437804] [debug] [01:37:38.567003] [ControlManager] Control Manager Loop Stat (avg: 2.000 ms, min: 1.999 ms, max: 2.001 ms, count: 15000)
[07/30/26 12:24:23.231941] [debug] [01:37:42.361132] [ControlInterface::ExecutionStats] Average Control Time: 0.121 ms (max: 0.208 ms, min: 0.111 ms, sigma: 0.005 ms, count: 5000)
[07/30/26 12:24:27.314801] [debug] [01:37:46.443993] [Service] Server method called: /rb.api.RobotCommandService/RobotCommand
[07/30/26 12:24:27.314837] [debug] [01:37:46.444040] [Service::RobotCommandService::RobotCommand] Requested: robot_command { whole_body_command { stop_command { } } } priority: 99
[07/30/26 12:24:27.314841] [debug] [01:37:46.444046] [Service::RobotCommandService::RobotCommand]   Peer: ipv4:192.168.30.230:49724
[07/30/26 12:24:27.315026] [debug] [01:37:46.444230] [Service::RobotCommandService::RobotCommand]   IP: 192.168.30.230, Family: ipv4
[07/30/26 12:24:27.417979] [debug] [01:37:46.547175] [ControlManager] Control finished: {"type":"RobotCommand","control":{"type":"ComponentBasedCommand","components":{"mobility":{"type":"MobilityCommand","control":{"type":"SE2VelocityCommand","control":{"type":"MobilitySE2VelocityControl"}}},"body":{"type":"BodyCommand","control":{"type":"JointImpedanceControlCommand","control":{"type":"JointImpedanceControl"}}},"head":{"type":"HeadCommand","control":{"type":"JointPositionCommand","control":{"type":"JointPositionControl"}}}}}}
[07/30/26 12:24:27.418083] [debug] [01:37:46.547282] [Service::RobotCommandService::RobotCommandStream] OnReadDone (write_done: true, read_done: true)
[07/30/26 12:24:27.418116] [debug] [01:37:46.547315] [Service::RobotCommandService::RobotCommandStream] OnCancel
[07/30/26 12:24:27.418208] [info] [01:37:46.547409] [ControlInterface] Control was preempted or canceled by another request.
[07/30/26 12:24:27.418218] [debug] [01:37:46.547417] [ControlInterface::ExecutionStats] Average Control Time: 0.120 ms (max: 0.137 ms, min: 0.110 ms, sigma: 0.005 ms, count: 2093)
[07/30/26 12:24:27.418233] [debug] [01:37:46.547435] [Service::RobotCommandService::RobotCommandStream] OnDone: robot_command { component_based_command { mobility_command { se2_velocity_command { command_header { control_hold_time { seconds: 1 } } minimum_time { nanos: 10100000 } velocity { linear { } } acceleration_limit { linear { x: 1 y: 1 } angular: 1 } } } body_command { joint_impedance_control_command { command_header { control_hold_time { seconds: 1 } } minimum_time { nanos: 10100000 } position: -0.049999587547591387 position: 1.0768497801080723 pos... [truncated]
[07/30/26 12:24:27.419815] [info] [01:37:46.549019] [ControlManager] Control started: {"type":"RobotCommand","control":{"type":"WholeBodyCommand","control":{"type":"StopControl","control":{"type":"JointVelocityControl"}}}} (priority: 99)
[07/30/26 12:24:27.419835] [debug] [01:37:46.549040] [ControlManager] Control finished: {"type":"RobotCommand","control":{"type":"WholeBodyCommand","control":{"type":"StopControl","control":{"type":"JointVelocityControl"}}}}
[07/30/26 12:24:27.419871] [info] [01:37:46.549073] [ControlInterface] Control completed successfully.
[07/30/26 12:24:27.419877] [debug] [01:37:46.549079] [ControlInterface::ExecutionStats] Average Control Time: 0.006 ms (max: 0.006 ms, min: 0.006 ms, sigma: 0.000 ms, count: 1)
[07/30/26 12:24:27.420363] [debug] [01:37:46.549564] [Service] Server method called: /rb.api.ControlManagerService/ControlManagerCommand
[07/30/26 12:24:27.420385] [debug] [01:37:46.549589] [Service::ControlManagerService::ControlManagerCommand] Requested: request_header { request_timestamp { seconds: 1785381813 nanos: 628597617 } } command: COMMAND_DISABLE
[07/30/26 12:24:27.420390] [info] [01:37:46.549595] [ControlManager::Disable] Disable request received. Starting the disabling process...
[07/30/26 12:24:27.421816] [info] [01:37:46.551020] [ControlManager::Disable] Control Manager successfully disabled
[07/30/26 12:24:38.085858] [debug] [01:37:57.215053] [Service] Server method called: /rb.api.RobotInfoService/GetRobotInfo
[07/30/26 12:24:38.085893] [debug] [01:37:57.215097] [Service::RobotInfoService::GetRobotInfo] Requested: request_header { request_timestamp { seconds: 1785381824 nanos: 293781132 } }
[07/30/26 12:24:38.086528] [debug] [01:37:57.215726] [Service] Server method called: /rb.api.RobotStateService/GetRobotState
[07/30/26 12:24:38.086553] [debug] [01:37:57.215756] [Service::RobotStateService::GetRobotState] Requested: request_header { request_timestamp { seconds: 1785381824 nanos: 294512082 } }
[07/30/26 12:24:38.087212] [debug] [01:37:57.216413] [Service] Server method called: /rb.api.RobotInfoService/GetRobotInfo
[07/30/26 12:24:38.087230] [debug] [01:37:57.216434] [Service::RobotInfoService::GetRobotInfo] Requested: request_header { request_timestamp { seconds: 1785381824 nanos: 295183776 } }
[07/30/26 12:24:38.088039] [debug] [01:37:57.217241] [Service] Server method called: /rb.api.RobotStateService/GetRobotState
[07/30/26 12:24:38.088060] [debug] [01:37:57.217264] [Service::RobotStateService::GetRobotState] Requested: request_header { request_timestamp { seconds: 1785381824 nanos: 296006218 } }
[07/30/26 12:24:38.088759] [debug] [01:37:57.217960] [Service] Server method called: /rb.api.RobotStateService/GetControlManagerState
[07/30/26 12:24:38.088777] [debug] [01:37:57.217981] [Service::RobotStateService::GetControlManagerState] Requested: request_header { request_timestamp { seconds: 1785381824 nanos: 296744708 } }
[07/30/26 12:24:38.089153] [debug] [01:37:57.218354] [Service] Server method called: /rb.api.RobotInfoService/GetRobotInfo
[07/30/26 12:24:38.089172] [debug] [01:37:57.218373] [Service::RobotInfoService::GetRobotInfo] Requested: request_header { request_timestamp { seconds: 1785381824 nanos: 297161065 } }
[07/30/26 12:24:38.089757] [debug] [01:37:57.218960] [Service] Server method called: /rb.api.RobotStateService/GetRobotState
[07/30/26 12:24:38.089772] [debug] [01:37:57.218976] [Service::RobotStateService::GetRobotState] Requested: request_header { request_timestamp { seconds: 1785381824 nanos: 297759395 } }
[07/30/26 12:24:38.090260] [debug] [01:37:57.219463] [Service] Server method called: /rb.api.RobotStateService/GetRobotState
[07/30/26 12:24:38.090275] [debug] [01:37:57.219479] [Service::RobotStateService::GetRobotState] Requested: request_header { request_timestamp { seconds: 1785381824 nanos: 298272168 } }
[07/30/26 12:24:38.090661] [debug] [01:37:57.219862] [Service] Server method called: /rb.api.RobotInfoService/GetRobotInfo
[07/30/26 12:24:38.090678] [debug] [01:37:57.219882] [Service::RobotInfoService::GetRobotInfo] Requested: request_header { request_timestamp { seconds: 1785381824 nanos: 298691442 } }
[07/30/26 12:24:38.091194] [debug] [01:37:57.220397] [Service] Server method called: /rb.api.ControlManagerService/ControlManagerCommand
[07/30/26 12:24:38.091212] [debug] [01:37:57.220416] [Service::ControlManagerService::ControlManagerCommand] Requested: request_header { request_timestamp { seconds: 1785381824 nanos: 299213779 } } command: COMMAND_ENABLE unlimited_mode_enabled { }
[07/30/26 12:24:38.091216] [info] [01:37:57.220421] [ControlManager::Enable] Enable request received. Starting the enabling process...
[07/30/26 12:24:38.091813] [info] [01:37:57.221017] [ControlManager::Enable] Control Manager successfully enabled
[07/30/26 12:24:38.092130] [debug] [01:37:57.221329] [Service] Server method called: /rb.api.ParameterService/SetParameter
[07/30/26 12:24:38.092166] [debug] [01:37:57.221370] [Service::ParameterService::SetParameter] Requested: request_header { request_timestamp { seconds: 1785381824 nanos: 300129862 } } name: "cartesian_command.cutoff_frequency" parameter: "{\"value\":5,\"write_db\":true}"
[07/30/26 12:24:38.102386] [debug] [01:37:57.231587] [Service] Server method called: /rb.api.ParameterService/SetParameter
[07/30/26 12:24:38.102403] [debug] [01:37:57.231607] [Service::ParameterService::SetParameter] Requested: request_header { request_timestamp { seconds: 1785381824 nanos: 310380796 } } name: "default.acceleration_limit_scaling" parameter: "{\"value\":1.0,\"write_db\":true}"
[07/30/26 12:24:38.108413] [debug] [01:37:57.237613] [Service] Server method called: /rb.api.ParameterService/SetParameter
[07/30/26 12:24:38.108431] [debug] [01:37:57.237635] [Service::ParameterService::SetParameter] Requested: request_header { request_timestamp { seconds: 1785381824 nanos: 316403716 } } name: "default.angular_acceleration_limit" parameter: "{\"value\":10,\"write_db\":true}"
[07/30/26 12:24:38.114302] [debug] [01:37:57.243503] [Service] Server method called: /rb.api.ParameterService/SetParameter
[07/30/26 12:24:38.114319] [debug] [01:37:57.243523] [Service::ParameterService::SetParameter] Requested: request_header { request_timestamp { seconds: 1785381824 nanos: 322246127 } } name: "default.linear_acceleration_limit" parameter: "{\"value\":20,\"write_db\":true}"
[07/30/26 12:24:38.120279] [debug] [01:37:57.249479] [Service] Server method called: /rb.api.ParameterService/SetParameter
[07/30/26 12:24:38.120296] [debug] [01:37:57.249500] [Service::ParameterService::SetParameter] Requested: request_header { request_timestamp { seconds: 1785381824 nanos: 328278525 } } name: "joint_position_command.cutoff_frequency" parameter: "{\"value\":5,\"write_db\":true}"
[07/30/26 12:24:38.126386] [debug] [01:37:57.255586] [Service] Server method called: /rb.api.RobotCommandService/RobotCommand
[07/30/26 12:24:38.126456] [debug] [01:37:57.255659] [Service::RobotCommandService::RobotCommand] Requested: robot_command { component_based_command { body_command { joint_position_command { command_header { control_hold_time { seconds: 1 } } minimum_time { nanos: 500000000 } position: -0.04117067743327725 position: 1.0854964444650956 position: -1.5069121021508969 position: 0.60379610121181848 position: -0.038452038215143293 position: -0.32812760328589441 position: 0.16650905814640848 position: -0.30501537294960757 position: 0.10032765930272847 position... [truncated]
[07/30/26 12:24:38.126460] [debug] [01:37:57.255665] [Service::RobotCommandService::RobotCommand]   Peer: ipv4:192.168.30.230:49724
[07/30/26 12:24:38.126610] [debug] [01:37:57.255814] [Service::RobotCommandService::RobotCommand]   IP: 192.168.30.230, Family: ipv4
[07/30/26 12:24:38.131831] [info] [01:37:57.261034] [ControlManager] Control started: {"type":"RobotCommand","control":{"type":"ComponentBasedCommand","components":{"mobility":null,"body":{"type":"BodyCommand","control":{"type":"JointPositionCommand","control":{"type":"JointPositionControl"}}},"head":{"type":"HeadCommand","control":{"type":"JointPositionCommand","control":{"type":"JointPositionControl"}}}}}} (priority: 1)
[07/30/26 12:24:39.889841] [debug] [01:37:59.019038] [ControlManager] Control finished: {"type":"RobotCommand","control":{"type":"ComponentBasedCommand","components":{"mobility":null,"body":{"type":"BodyCommand","control":{"type":"JointPositionCommand","control":{"type":"JointPositionControl"}}},"head":{"type":"HeadCommand","control":{"type":"JointPositionCommand","control":{"type":"JointPositionControl"}}}}}}
[07/30/26 12:24:39.889900] [info] [01:37:59.019100] [ControlInterface] Control completed successfully.
[07/30/26 12:24:39.889910] [debug] [01:37:59.019109] [ControlInterface::ExecutionStats] Average Control Time: 0.001 ms (max: 0.023 ms, min: 0.001 ms, sigma: 0.001 ms, count: 880)
[07/30/26 12:24:39.890395] [debug] [01:37:59.019596] [Service] Server method called: /rb.api.PowerService/ToolFlangePowerCommand
[07/30/26 12:24:39.890426] [debug] [01:37:59.019630] [Service::PowerService::ToolFlangePowerCommand] Requested: request_header { request_timestamp { seconds: 1785381826 nanos: 98281332 } } name: "right" command: COMMAND_POWER_12V
[07/30/26 12:24:39.890431] [debug] [01:37:59.019636] [Service::PowerService::ToolFlangePowerCommand] Result: Success
[07/30/26 12:24:39.890790] [debug] [01:37:59.019990] [Service] Server method called: /rb.api.PowerService/ToolFlangePowerCommand
[07/30/26 12:24:39.890815] [debug] [01:37:59.020019] [Service::PowerService::ToolFlangePowerCommand] Requested: request_header { request_timestamp { seconds: 1785381826 nanos: 98709894 } } name: "left" command: COMMAND_POWER_12V
[07/30/26 12:24:39.890820] [debug] [01:37:59.020025] [Service::PowerService::ToolFlangePowerCommand] Result: Success
[07/30/26 12:24:41.057512] [debug] [01:38:00.186708] [Service] Server method called: /rb.api.RobotCommandService/RobotCommand
[07/30/26 12:24:41.057579] [debug] [01:38:00.186781] [Service::RobotCommandService::RobotCommand] Requested: robot_command { component_based_command { body_command { joint_position_command { command_header { control_hold_time { seconds: 1 } } minimum_time { seconds: 4 } position: 0 position: 0.78539816339744828 position: -1.3962634015954636 position: 0.78539816339744828 position: 0 position: 0 position: 0 position: -0.26179938779914941 position: 0 position: -2.0943951023931953 position: 0 position: 0.52359877559829882 position: 0 position: 0 position: 0... [truncated]
[07/30/26 12:24:41.057584] [debug] [01:38:00.186789] [Service::RobotCommandService::RobotCommand]   Peer: ipv4:192.168.30.230:49724
[07/30/26 12:24:41.057740] [debug] [01:38:00.186944] [Service::RobotCommandService::RobotCommand]   IP: 192.168.30.230, Family: ipv4
[07/30/26 12:24:41.061828] [info] [01:38:00.191028] [ControlManager] Control started: {"type":"RobotCommand","control":{"type":"ComponentBasedCommand","components":{"mobility":null,"body":{"type":"BodyCommand","control":{"type":"JointPositionCommand","control":{"type":"JointPositionControl"}}},"head":{"type":"HeadCommand","control":{"type":"JointPositionCommand","control":{"type":"JointPositionControl"}}}}}} (priority: 1)
[07/30/26 12:24:46.319839] [debug] [01:38:05.449036] [ControlManager] Control finished: {"type":"RobotCommand","control":{"type":"ComponentBasedCommand","components":{"mobility":null,"body":{"type":"BodyCommand","control":{"type":"JointPositionCommand","control":{"type":"JointPositionControl"}}},"head":{"type":"HeadCommand","control":{"type":"JointPositionCommand","control":{"type":"JointPositionControl"}}}}}}
[07/30/26 12:24:46.319900] [info] [01:38:05.449099] [ControlInterface] Control completed successfully.
[07/30/26 12:24:46.319910] [debug] [01:38:05.449108] [ControlInterface::ExecutionStats] Average Control Time: 0.001 ms (max: 0.017 ms, min: 0.001 ms, sigma: 0.000 ms, count: 2630)
[07/30/26 12:24:46.320813] [debug] [01:38:05.450013] [Service] Server method called: /rb.api.RobotCommandService/RobotCommandStream
[07/30/26 12:24:46.320825] [debug] [01:38:05.450029] [Service::RobotCommandService::RobotCommandStream] Stream is created
[07/30/26 12:24:46.332215] [debug] [01:38:05.461414] [Service::RobotCommandService::RobotCommandStream] Requested: robot_command { component_based_command { mobility_command { se2_velocity_command { command_header { control_hold_time { seconds: 1 } } minimum_time { nanos: 10100000 } velocity { linear { } } acceleration_limit { linear { x: 1 y: 1 } angular: 1 } } } body_command { joint_impedance_control_command { command_header { control_hold_time { seconds: 1 } } minimum_time { nanos: 10100000 } position: -0.0001585672497905843 position: 0.78510738598274055 p... [truncated]
[07/30/26 12:24:46.332223] [debug] [01:38:05.461427] [Service::RobotCommandService::RobotCommandStream]   Peer: ipv4:192.168.30.230:49724
[07/30/26 12:24:46.332427] [debug] [01:38:05.461630] [Service::RobotCommandService::RobotCommandStream]   IP: 192.168.30.230, Family: ipv4
[07/30/26 12:24:46.337827] [info] [01:38:05.467031] [ControlManager] Control started: {"type":"RobotCommand","control":{"type":"ComponentBasedCommand","components":{"mobility":{"type":"MobilityCommand","control":{"type":"SE2VelocityCommand","control":{"type":"MobilitySE2VelocityControl"}}},"body":{"type":"BodyCommand","control":{"type":"JointImpedanceControlCommand","control":{"type":"JointImpedanceControl"}}},"head":{"type":"HeadCommand","control":{"type":"JointPositionCommand","control":{"type":"JointPositionControl"}}}}}} (priority: 1)
[07/30/26 12:24:49.302810] [debug] [01:38:08.432002] [Hardware] Hardware Loop Stat (avg: 2.000 ms, min: 1.998 ms, max: 2.002 ms, count: 15000)
[07/30/26 12:24:49.437803] [debug] [01:38:08.567003] [ControlManager] Control Manager Loop Stat (avg: 2.000 ms, min: 1.999 ms, max: 2.001 ms, count: 15000)
[07/30/26 12:24:56.335942] [debug] [01:38:15.465133] [ControlInterface::ExecutionStats] Average Control Time: 0.121 ms (max: 0.193 ms, min: 0.110 ms, sigma: 0.005 ms, count: 5000)
[07/30/26 12:25:00.418275] [debug] [01:38:19.547466] [Service] Server method called: /rb.api.RobotCommandService/RobotCommand
[07/30/26 12:25:00.418308] [debug] [01:38:19.547513] [Service::RobotCommandService::RobotCommand] Requested: robot_command { whole_body_command { stop_command { } } } priority: 99
[07/30/26 12:25:00.418311] [debug] [01:38:19.547517] [Service::RobotCommandService::RobotCommand]   Peer: ipv4:192.168.30.230:49724
[07/30/26 12:25:00.418451] [debug] [01:38:19.547656] [Service::RobotCommandService::RobotCommand]   IP: 192.168.30.230, Family: ipv4
[07/30/26 12:25:00.521973] [debug] [01:38:19.651173] [ControlManager] Control finished: {"type":"RobotCommand","control":{"type":"ComponentBasedCommand","components":{"mobility":{"type":"MobilityCommand","control":{"type":"SE2VelocityCommand","control":{"type":"MobilitySE2VelocityControl"}}},"body":{"type":"BodyCommand","control":{"type":"JointImpedanceControlCommand","control":{"type":"JointImpedanceControl"}}},"head":{"type":"HeadCommand","control":{"type":"JointPositionCommand","control":{"type":"JointPositionControl"}}}}}}
[07/30/26 12:25:00.522185] [debug] [01:38:19.651383] [Service::RobotCommandService::RobotCommandStream] OnReadDone (write_done: true, read_done: true)
[07/30/26 12:25:00.522195] [debug] [01:38:19.651394] [Service::RobotCommandService::RobotCommandStream] OnCancel
[07/30/26 12:25:00.522293] [info] [01:38:19.651494] [ControlInterface] Control was preempted or canceled by another request.
[07/30/26 12:25:00.522303] [debug] [01:38:19.651502] [ControlInterface::ExecutionStats] Average Control Time: 0.120 ms (max: 0.139 ms, min: 0.111 ms, sigma: 0.005 ms, count: 2093)
[07/30/26 12:25:00.522327] [debug] [01:38:19.651529] [Service::RobotCommandService::RobotCommandStream] OnDone: robot_command { component_based_command { mobility_command { se2_velocity_command { command_header { control_hold_time { seconds: 1 } } minimum_time { nanos: 10100000 } velocity { linear { } } acceleration_limit { linear { x: 1 y: 1 } angular: 1 } } } body_command { joint_impedance_control_command { command_header { control_hold_time { seconds: 1 } } minimum_time { nanos: 10100000 } position: -0.049999965405086812 position: 1.0676135026652482 pos... [truncated]
[07/30/26 12:25:00.523813] [info] [01:38:19.653017] [ControlManager] Control started: {"type":"RobotCommand","control":{"type":"WholeBodyCommand","control":{"type":"StopControl","control":{"type":"JointVelocityControl"}}}} (priority: 99)
[07/30/26 12:25:00.523832] [debug] [01:38:19.653037] [ControlManager] Control finished: {"type":"RobotCommand","control":{"type":"WholeBodyCommand","control":{"type":"StopControl","control":{"type":"JointVelocityControl"}}}}
[07/30/26 12:25:00.523865] [info] [01:38:19.653068] [ControlInterface] Control completed successfully.
[07/30/26 12:25:00.523873] [debug] [01:38:19.653073] [ControlInterface::ExecutionStats] Average Control Time: 0.005 ms (max: 0.005 ms, min: 0.005 ms, sigma: 0.000 ms, count: 1)
[07/30/26 12:25:00.524606] [debug] [01:38:19.653807] [Service] Server method called: /rb.api.ControlManagerService/ControlManagerCommand
[07/30/26 12:25:00.524628] [debug] [01:38:19.653832] [Service::ControlManagerService::ControlManagerCommand] Requested: request_header { request_timestamp { seconds: 1785381846 nanos: 732001332 } } command: COMMAND_DISABLE
[07/30/26 12:25:00.524632] [info] [01:38:19.653837] [ControlManager::Disable] Disable request received. Starting the disabling process...
[07/30/26 12:25:00.525817] [info] [01:38:19.655020] [ControlManager::Disable] Control Manager successfully disabled
[07/30/26 12:25:09.641385] [debug] [01:38:28.770578] [Service] Server method called: /rb.api.RobotInfoService/GetRobotInfo
[07/30/26 12:25:09.641418] [debug] [01:38:28.770622] [Service::RobotInfoService::GetRobotInfo] Requested: request_header { request_timestamp { seconds: 1785381855 nanos: 848488886 } }
[07/30/26 12:25:09.642236] [debug] [01:38:28.771432] [Service] Server method called: /rb.api.RobotStateService/GetRobotState
[07/30/26 12:25:09.642262] [debug] [01:38:28.771465] [Service::RobotStateService::GetRobotState] Requested: request_header { request_timestamp { seconds: 1785381855 nanos: 849398860 } }
[07/30/26 12:25:09.642924] [debug] [01:38:28.772122] [Service] Server method called: /rb.api.RobotInfoService/GetRobotInfo
[07/30/26 12:25:09.642945] [debug] [01:38:28.772149] [Service::RobotInfoService::GetRobotInfo] Requested: request_header { request_timestamp { seconds: 1785381855 nanos: 850149261 } }
[07/30/26 12:25:09.643556] [debug] [01:38:28.772759] [Service] Server method called: /rb.api.RobotStateService/GetRobotState
[07/30/26 12:25:09.643581] [debug] [01:38:28.772784] [Service::RobotStateService::GetRobotState] Requested: request_header { request_timestamp { seconds: 1785381855 nanos: 850807926 } }
[07/30/26 12:25:09.644148] [debug] [01:38:28.773347] [Service] Server method called: /rb.api.RobotStateService/GetControlManagerState
[07/30/26 12:25:09.644168] [debug] [01:38:28.773372] [Service::RobotStateService::GetControlManagerState] Requested: request_header { request_timestamp { seconds: 1785381855 nanos: 851349633 } }
[07/30/26 12:25:09.644430] [debug] [01:38:28.773631] [Service] Server method called: /rb.api.RobotInfoService/GetRobotInfo
[07/30/26 12:25:09.644446] [debug] [01:38:28.773650] [Service::RobotInfoService::GetRobotInfo] Requested: request_header { request_timestamp { seconds: 1785381855 nanos: 851673299 } }
[07/30/26 12:25:09.644923] [debug] [01:38:28.774125] [Service] Server method called: /rb.api.RobotStateService/GetRobotState
[07/30/26 12:25:09.644937] [debug] [01:38:28.774141] [Service::RobotStateService::GetRobotState] Requested: request_header { request_timestamp { seconds: 1785381855 nanos: 852149804 } }
[07/30/26 12:25:09.645340] [debug] [01:38:28.774541] [Service] Server method called: /rb.api.RobotStateService/GetRobotState
[07/30/26 12:25:09.645362] [debug] [01:38:28.774566] [Service::RobotStateService::GetRobotState] Requested: request_header { request_timestamp { seconds: 1785381855 nanos: 852583008 } }
[07/30/26 12:25:09.645888] [debug] [01:38:28.775090] [Service] Server method called: /rb.api.RobotInfoService/GetRobotInfo
[07/30/26 12:25:09.645902] [debug] [01:38:28.775106] [Service::RobotInfoService::GetRobotInfo] Requested: request_header { request_timestamp { seconds: 1785381855 nanos: 853127101 } }
[07/30/26 12:25:09.646539] [debug] [01:38:28.775741] [Service] Server method called: /rb.api.ControlManagerService/ControlManagerCommand
[07/30/26 12:25:09.646564] [debug] [01:38:28.775768] [Service::ControlManagerService::ControlManagerCommand] Requested: request_header { request_timestamp { seconds: 1785381855 nanos: 853784059 } } command: COMMAND_ENABLE unlimited_mode_enabled { }
[07/30/26 12:25:09.646567] [info] [01:38:28.775772] [ControlManager::Enable] Enable request received. Starting the enabling process...
[07/30/26 12:25:09.647810] [info] [01:38:28.777015] [ControlManager::Enable] Control Manager successfully enabled
[07/30/26 12:25:09.648213] [debug] [01:38:28.777415] [Service] Server method called: /rb.api.ParameterService/SetParameter
[07/30/26 12:25:09.648231] [debug] [01:38:28.777435] [Service::ParameterService::SetParameter] Requested: request_header { request_timestamp { seconds: 1785381855 nanos: 855432265 } } name: "cartesian_command.cutoff_frequency" parameter: "{\"value\":5,\"write_db\":true}"
[07/30/26 12:25:09.658767] [debug] [01:38:28.787967] [Service] Server method called: /rb.api.ParameterService/SetParameter
[07/30/26 12:25:09.658785] [debug] [01:38:28.787989] [Service::ParameterService::SetParameter] Requested: request_header { request_timestamp { seconds: 1785381855 nanos: 865969216 } } name: "default.acceleration_limit_scaling" parameter: "{\"value\":1.0,\"write_db\":true}"
[07/30/26 12:25:09.664666] [debug] [01:38:28.793867] [Service] Server method called: /rb.api.ParameterService/SetParameter
[07/30/26 12:25:09.664684] [debug] [01:38:28.793888] [Service::ParameterService::SetParameter] Requested: request_header { request_timestamp { seconds: 1785381855 nanos: 871874715 } } name: "default.angular_acceleration_limit" parameter: "{\"value\":10,\"write_db\":true}"
[07/30/26 12:25:09.670574] [debug] [01:38:28.799776] [Service] Server method called: /rb.api.ParameterService/SetParameter
[07/30/26 12:25:09.670599] [debug] [01:38:28.799803] [Service::ParameterService::SetParameter] Requested: request_header { request_timestamp { seconds: 1785381855 nanos: 877776071 } } name: "default.linear_acceleration_limit" parameter: "{\"value\":20,\"write_db\":true}"
[07/30/26 12:25:09.676903] [debug] [01:38:28.806102] [Service] Server method called: /rb.api.ParameterService/SetParameter
[07/30/26 12:25:09.676923] [debug] [01:38:28.806126] [Service::ParameterService::SetParameter] Requested: request_header { request_timestamp { seconds: 1785381855 nanos: 884094980 } } name: "joint_position_command.cutoff_frequency" parameter: "{\"value\":5,\"write_db\":true}"
[07/30/26 12:25:09.682538] [debug] [01:38:28.811738] [Service] Server method called: /rb.api.RobotCommandService/RobotCommand
[07/30/26 12:25:09.682613] [debug] [01:38:28.811816] [Service::RobotCommandService::RobotCommand] Requested: robot_command { component_based_command { body_command { joint_position_command { command_header { control_hold_time { seconds: 1 } } minimum_time { nanos: 500000000 } position: -0.04051379952163315 position: 1.0886289547373869 position: -1.5041175232897983 position: 0.61252536317060335 position: -0.038998803644488669 position: -0.32704166639150012 position: 0.15738491004420749 position: -0.31068426729691762 position: 0.10944041645848475 position... [truncated]
[07/30/26 12:25:09.682617] [debug] [01:38:28.811822] [Service::RobotCommandService::RobotCommand]   Peer: ipv4:192.168.30.230:49724
[07/30/26 12:25:09.682776] [debug] [01:38:28.811979] [Service::RobotCommandService::RobotCommand]   IP: 192.168.30.230, Family: ipv4
[07/30/26 12:25:09.687832] [info] [01:38:28.817034] [ControlManager] Control started: {"type":"RobotCommand","control":{"type":"ComponentBasedCommand","components":{"mobility":null,"body":{"type":"BodyCommand","control":{"type":"JointPositionCommand","control":{"type":"JointPositionControl"}}},"head":{"type":"HeadCommand","control":{"type":"JointPositionCommand","control":{"type":"JointPositionControl"}}}}}} (priority: 1)
[07/30/26 12:25:11.445842] [debug] [01:38:30.575039] [ControlManager] Control finished: {"type":"RobotCommand","control":{"type":"ComponentBasedCommand","components":{"mobility":null,"body":{"type":"BodyCommand","control":{"type":"JointPositionCommand","control":{"type":"JointPositionControl"}}},"head":{"type":"HeadCommand","control":{"type":"JointPositionCommand","control":{"type":"JointPositionControl"}}}}}}
[07/30/26 12:25:11.445912] [info] [01:38:30.575111] [ControlInterface] Control completed successfully.
[07/30/26 12:25:11.445921] [debug] [01:38:30.575120] [ControlInterface::ExecutionStats] Average Control Time: 0.001 ms (max: 0.023 ms, min: 0.001 ms, sigma: 0.001 ms, count: 880)
[07/30/26 12:25:11.446653] [debug] [01:38:30.575854] [Service] Server method called: /rb.api.PowerService/ToolFlangePowerCommand
[07/30/26 12:25:11.446685] [debug] [01:38:30.575889] [Service::PowerService::ToolFlangePowerCommand] Requested: request_header { request_timestamp { seconds: 1785381857 nanos: 653699354 } } name: "right" command: COMMAND_POWER_12V
[07/30/26 12:25:11.446690] [debug] [01:38:30.575895] [Service::PowerService::ToolFlangePowerCommand] Result: Success
[07/30/26 12:25:11.447196] [debug] [01:38:30.576394] [Service] Server method called: /rb.api.PowerService/ToolFlangePowerCommand
[07/30/26 12:25:11.447222] [debug] [01:38:30.576426] [Service::PowerService::ToolFlangePowerCommand] Requested: request_header { request_timestamp { seconds: 1785381857 nanos: 654307471 } } name: "left" command: COMMAND_POWER_12V
[07/30/26 12:25:11.447226] [debug] [01:38:30.576432] [Service::PowerService::ToolFlangePowerCommand] Result: Success
[07/30/26 12:25:12.606656] [debug] [01:38:31.735849] [Service] Server method called: /rb.api.RobotCommandService/RobotCommand
[07/30/26 12:25:12.606728] [debug] [01:38:31.735929] [Service::RobotCommandService::RobotCommand] Requested: robot_command { component_based_command { body_command { joint_position_command { command_header { control_hold_time { seconds: 1 } } minimum_time { seconds: 4 } position: 0 position: 0.78539816339744828 position: -1.3962634015954636 position: 0.78539816339744828 position: 0 position: 0 position: 0 position: -0.26179938779914941 position: 0 position: -2.0943951023931953 position: 0 position: 0.52359877559829882 position: 0 position: 0 position: 0... [truncated]
[07/30/26 12:25:12.606733] [debug] [01:38:31.735938] [Service::RobotCommandService::RobotCommand]   Peer: ipv4:192.168.30.230:49724
[07/30/26 12:25:12.606893] [debug] [01:38:31.736096] [Service::RobotCommandService::RobotCommand]   IP: 192.168.30.230, Family: ipv4
[07/30/26 12:25:12.611826] [info] [01:38:31.741028] [ControlManager] Control started: {"type":"RobotCommand","control":{"type":"ComponentBasedCommand","components":{"mobility":null,"body":{"type":"BodyCommand","control":{"type":"JointPositionCommand","control":{"type":"JointPositionControl"}}},"head":{"type":"HeadCommand","control":{"type":"JointPositionCommand","control":{"type":"JointPositionControl"}}}}}} (priority: 1)
[07/30/26 12:25:17.869842] [debug] [01:38:36.999038] [ControlManager] Control finished: {"type":"RobotCommand","control":{"type":"ComponentBasedCommand","components":{"mobility":null,"body":{"type":"BodyCommand","control":{"type":"JointPositionCommand","control":{"type":"JointPositionControl"}}},"head":{"type":"HeadCommand","control":{"type":"JointPositionCommand","control":{"type":"JointPositionControl"}}}}}}
[07/30/26 12:25:17.869929] [info] [01:38:36.999127] [ControlInterface] Control completed successfully.
[07/30/26 12:25:17.869938] [debug] [01:38:36.999138] [ControlInterface::ExecutionStats] Average Control Time: 0.001 ms (max: 0.018 ms, min: 0.001 ms, sigma: 0.000 ms, count: 2630)
[07/30/26 12:25:17.871285] [debug] [01:38:37.000483] [Service] Server method called: /rb.api.RobotCommandService/RobotCommandStream
[07/30/26 12:25:17.871298] [debug] [01:38:37.000502] [Service::RobotCommandService::RobotCommandStream] Stream is created
[07/30/26 12:25:17.882936] [debug] [01:38:37.012133] [Service::RobotCommandService::RobotCommandStream] Requested: robot_command { component_based_command { mobility_command { se2_velocity_command { command_header { control_hold_time { seconds: 1 } } minimum_time { nanos: 10100000 } velocity { linear { } } acceleration_limit { linear { x: 1 y: 1 } angular: 1 } } } body_command { joint_impedance_control_command { command_header { control_hold_time { seconds: 1 } } minimum_time { nanos: 10100000 } position: -0.0001553634106786945 position: 0.785109394798521 pos... [truncated]
[07/30/26 12:25:17.882941] [debug] [01:38:37.012147] [Service::RobotCommandService::RobotCommandStream]   Peer: ipv4:192.168.30.230:49724
[07/30/26 12:25:17.883113] [debug] [01:38:37.012318] [Service::RobotCommandService::RobotCommandStream]   IP: 192.168.30.230, Family: ipv4
[07/30/26 12:25:17.887826] [info] [01:38:37.017030] [ControlManager] Control started: {"type":"RobotCommand","control":{"type":"ComponentBasedCommand","components":{"mobility":{"type":"MobilityCommand","control":{"type":"SE2VelocityCommand","control":{"type":"MobilitySE2VelocityControl"}}},"body":{"type":"BodyCommand","control":{"type":"JointImpedanceControlCommand","control":{"type":"JointImpedanceControl"}}},"head":{"type":"HeadCommand","control":{"type":"JointPositionCommand","control":{"type":"JointPositionControl"}}}}}} (priority: 1)
[07/30/26 12:25:19.302813] [debug] [01:38:38.432003] [Hardware] Hardware Loop Stat (avg: 2.000 ms, min: 1.998 ms, max: 2.002 ms, count: 15000)
[07/30/26 12:25:19.437804] [debug] [01:38:38.567003] [ControlManager] Control Manager Loop Stat (avg: 2.000 ms, min: 1.999 ms, max: 2.001 ms, count: 15000)
[07/30/26 12:25:27.885957] [debug] [01:38:47.015145] [ControlInterface::ExecutionStats] Average Control Time: 0.122 ms (max: 0.190 ms, min: 0.110 ms, sigma: 0.005 ms, count: 5000)
[07/30/26 12:25:31.965454] [debug] [01:38:51.094645] [Service] Server method called: /rb.api.RobotCommandService/RobotCommand
[07/30/26 12:25:31.965676] [debug] [01:38:51.094878] [Service::RobotCommandService::RobotCommand] Requested: robot_command { whole_body_command { stop_command { } } } priority: 99
[07/30/26 12:25:31.965820] [debug] [01:38:51.095024] [Service::RobotCommandService::RobotCommand]   Peer: ipv4:192.168.30.230:49724
[07/30/26 12:25:31.966137] [debug] [01:38:51.095341] [Service::RobotCommandService::RobotCommand]   IP: 192.168.30.230, Family: ipv4
[07/30/26 12:25:32.069973] [debug] [01:38:51.199170] [ControlManager] Control finished: {"type":"RobotCommand","control":{"type":"ComponentBasedCommand","components":{"mobility":{"type":"MobilityCommand","control":{"type":"SE2VelocityCommand","control":{"type":"MobilitySE2VelocityControl"}}},"body":{"type":"BodyCommand","control":{"type":"JointImpedanceControlCommand","control":{"type":"JointImpedanceControl"}}},"head":{"type":"HeadCommand","control":{"type":"JointPositionCommand","control":{"type":"JointPositionControl"}}}}}}
[07/30/26 12:25:32.070110] [debug] [01:38:51.199309] [Service::RobotCommandService::RobotCommandStream] OnReadDone (write_done: true, read_done: true)
[07/30/26 12:25:32.070133] [debug] [01:38:51.199331] [Service::RobotCommandService::RobotCommandStream] OnCancel
[07/30/26 12:25:32.070184] [info] [01:38:51.199383] [ControlInterface] Control was preempted or canceled by another request.
[07/30/26 12:25:32.070194] [debug] [01:38:51.199393] [ControlInterface::ExecutionStats] Average Control Time: 0.120 ms (max: 0.140 ms, min: 0.111 ms, sigma: 0.005 ms, count: 2092)
[07/30/26 12:25:32.070257] [debug] [01:38:51.199457] [Service::RobotCommandService::RobotCommandStream] OnDone: robot_command { component_based_command { mobility_command { se2_velocity_command { command_header { control_hold_time { seconds: 1 } } minimum_time { nanos: 10100000 } velocity { linear { } } acceleration_limit { linear { x: 1 y: 1 } angular: 1 } } } body_command { joint_impedance_control_command { command_header { control_hold_time { seconds: 1 } } minimum_time { nanos: 10100000 } position: -0.05 position: 1.0706574043535007 position: -1.450022... [truncated]
[07/30/26 12:25:32.071813] [info] [01:38:51.201017] [ControlManager] Control started: {"type":"RobotCommand","control":{"type":"WholeBodyCommand","control":{"type":"StopControl","control":{"type":"JointVelocityControl"}}}} (priority: 99)
[07/30/26 12:25:32.071833] [debug] [01:38:51.201039] [ControlManager] Control finished: {"type":"RobotCommand","control":{"type":"WholeBodyCommand","control":{"type":"StopControl","control":{"type":"JointVelocityControl"}}}}
[07/30/26 12:25:32.071864] [info] [01:38:51.201069] [ControlInterface] Control completed successfully.
[07/30/26 12:25:32.071867] [debug] [01:38:51.201072] [ControlInterface::ExecutionStats] Average Control Time: 0.005 ms (max: 0.005 ms, min: 0.005 ms, sigma: 0.000 ms, count: 1)
[07/30/26 12:25:32.072418] [debug] [01:38:51.201618] [Service] Server method called: /rb.api.ControlManagerService/ControlManagerCommand
[07/30/26 12:25:32.072439] [debug] [01:38:51.201643] [Service::ControlManagerService::ControlManagerCommand] Requested: request_header { request_timestamp { seconds: 1785381878 nanos: 279011267 } } command: COMMAND_DISABLE
[07/30/26 12:25:32.072443] [info] [01:38:51.201648] [ControlManager::Disable] Disable request received. Starting the disabling process...
[07/30/26 12:25:32.073816] [info] [01:38:51.203021] [ControlManager::Disable] Control Manager successfully disabled
[07/30/26 12:25:38.973596] [debug] [01:38:58.102790] [Service] Server method called: /rb.api.RobotInfoService/GetRobotInfo
[07/30/26 12:25:38.973629] [debug] [01:38:58.102833] [Service::RobotInfoService::GetRobotInfo] Requested: request_header { request_timestamp { seconds: 1785381885 nanos: 179949425 } }
[07/30/26 12:25:38.974300] [debug] [01:38:58.103497] [Service] Server method called: /rb.api.RobotStateService/GetRobotState
[07/30/26 12:25:38.974325] [debug] [01:38:58.103529] [Service::RobotStateService::GetRobotState] Requested: request_header { request_timestamp { seconds: 1785381885 nanos: 180769524 } }
[07/30/26 12:25:38.974863] [debug] [01:38:58.104064] [Service] Server method called: /rb.api.RobotInfoService/GetRobotInfo
[07/30/26 12:25:38.974881] [debug] [01:38:58.104085] [Service::RobotInfoService::GetRobotInfo] Requested: request_header { request_timestamp { seconds: 1785381885 nanos: 181346401 } }
[07/30/26 12:25:38.975442] [debug] [01:38:58.104644] [Service] Server method called: /rb.api.RobotStateService/GetRobotState
[07/30/26 12:25:38.975459] [debug] [01:38:58.104663] [Service::RobotStateService::GetRobotState] Requested: request_header { request_timestamp { seconds: 1785381885 nanos: 181935047 } }
[07/30/26 12:25:38.975991] [debug] [01:38:58.105189] [Service] Server method called: /rb.api.RobotStateService/GetControlManagerState
[07/30/26 12:25:38.976024] [debug] [01:38:58.105229] [Service::RobotStateService::GetControlManagerState] Requested: request_header { request_timestamp { seconds: 1785381885 nanos: 182459917 } }
[07/30/26 12:25:38.976361] [debug] [01:38:58.105563] [Service] Server method called: /rb.api.RobotInfoService/GetRobotInfo
[07/30/26 12:25:38.976378] [debug] [01:38:58.105582] [Service::RobotInfoService::GetRobotInfo] Requested: request_header { request_timestamp { seconds: 1785381885 nanos: 182857418 } }
[07/30/26 12:25:38.976950] [debug] [01:38:58.106151] [Service] Server method called: /rb.api.RobotStateService/GetRobotState
[07/30/26 12:25:38.976968] [debug] [01:38:58.106171] [Service::RobotStateService::GetRobotState] Requested: request_header { request_timestamp { seconds: 1785381885 nanos: 183445117 } }
[07/30/26 12:25:38.977396] [debug] [01:38:58.106598] [Service] Server method called: /rb.api.RobotStateService/GetRobotState
[07/30/26 12:25:38.977411] [debug] [01:38:58.106615] [Service::RobotStateService::GetRobotState] Requested: request_header { request_timestamp { seconds: 1785381885 nanos: 183900534 } }
[07/30/26 12:25:38.977826] [debug] [01:38:58.107028] [Service] Server method called: /rb.api.RobotInfoService/GetRobotInfo
[07/30/26 12:25:38.977840] [debug] [01:38:58.107044] [Service::RobotInfoService::GetRobotInfo] Requested: request_header { request_timestamp { seconds: 1785381885 nanos: 184324869 } }
[07/30/26 12:25:38.978370] [debug] [01:38:58.107573] [Service] Server method called: /rb.api.ControlManagerService/ControlManagerCommand
[07/30/26 12:25:38.978390] [debug] [01:38:58.107594] [Service::ControlManagerService::ControlManagerCommand] Requested: request_header { request_timestamp { seconds: 1785381885 nanos: 184866482 } } command: COMMAND_ENABLE unlimited_mode_enabled { }
[07/30/26 12:25:38.978394] [info] [01:38:58.107599] [ControlManager::Enable] Enable request received. Starting the enabling process...
[07/30/26 12:25:38.979812] [info] [01:38:58.109016] [ControlManager::Enable] Control Manager successfully enabled
[07/30/26 12:25:38.980231] [debug] [01:38:58.109433] [Service] Server method called: /rb.api.ParameterService/SetParameter
[07/30/26 12:25:38.980249] [debug] [01:38:58.109453] [Service::ParameterService::SetParameter] Requested: request_header { request_timestamp { seconds: 1785381885 nanos: 186727170 } } name: "cartesian_command.cutoff_frequency" parameter: "{\"value\":5,\"write_db\":true}"
[07/30/26 12:25:39.024837] [debug] [01:38:58.154039] [Service] Server method called: /rb.api.ParameterService/SetParameter
[07/30/26 12:25:39.024853] [debug] [01:38:58.154058] [Service::ParameterService::SetParameter] Requested: request_header { request_timestamp { seconds: 1785381885 nanos: 231299383 } } name: "default.acceleration_limit_scaling" parameter: "{\"value\":1.0,\"write_db\":true}"
[07/30/26 12:25:39.070775] [debug] [01:38:58.199974] [Service] Server method called: /rb.api.ParameterService/SetParameter
[07/30/26 12:25:39.070795] [debug] [01:38:58.199999] [Service::ParameterService::SetParameter] Requested: request_header { request_timestamp { seconds: 1785381885 nanos: 277221138 } } name: "default.angular_acceleration_limit" parameter: "{\"value\":10,\"write_db\":true}"
[07/30/26 12:25:39.076451] [debug] [01:38:58.205650] [Service] Server method called: /rb.api.ParameterService/SetParameter
[07/30/26 12:25:39.076468] [debug] [01:38:58.205672] [Service::ParameterService::SetParameter] Requested: request_header { request_timestamp { seconds: 1785381885 nanos: 282931733 } } name: "default.linear_acceleration_limit" parameter: "{\"value\":20,\"write_db\":true}"
[07/30/26 12:25:39.082640] [debug] [01:38:58.211840] [Service] Server method called: /rb.api.ParameterService/SetParameter
[07/30/26 12:25:39.082667] [debug] [01:38:58.211870] [Service::ParameterService::SetParameter] Requested: request_header { request_timestamp { seconds: 1785381885 nanos: 289125436 } } name: "joint_position_command.cutoff_frequency" parameter: "{\"value\":5,\"write_db\":true}"
[07/30/26 12:25:39.088675] [debug] [01:38:58.217874] [Service] Server method called: /rb.api.RobotCommandService/RobotCommand
[07/30/26 12:25:39.088741] [debug] [01:38:58.217943] [Service::RobotCommandService::RobotCommand] Requested: robot_command { component_based_command { body_command { joint_position_command { command_header { control_hold_time { seconds: 1 } } minimum_time { nanos: 500000000 } position: -0.040646693896821261 position: 1.0850028367858255 position: -1.5022076412692378 position: 0.62194187889821817 position: -0.03986071859213728 position: -0.32401167463721114 position: 0.16084775776339488 position: -0.31003118636742172 position: 0.10069976355325518 position... [truncated]
[07/30/26 12:25:39.088744] [debug] [01:38:58.217950] [Service::RobotCommandService::RobotCommand]   Peer: ipv4:192.168.30.230:49724
[07/30/26 12:25:39.088895] [debug] [01:38:58.218099] [Service::RobotCommandService::RobotCommand]   IP: 192.168.30.230, Family: ipv4
[07/30/26 12:25:39.093830] [info] [01:38:58.223032] [ControlManager] Control started: {"type":"RobotCommand","control":{"type":"ComponentBasedCommand","components":{"mobility":null,"body":{"type":"BodyCommand","control":{"type":"JointPositionCommand","control":{"type":"JointPositionControl"}}},"head":{"type":"HeadCommand","control":{"type":"JointPositionCommand","control":{"type":"JointPositionControl"}}}}}} (priority: 1)
[07/30/26 12:25:40.851840] [debug] [01:38:59.981037] [ControlManager] Control finished: {"type":"RobotCommand","control":{"type":"ComponentBasedCommand","components":{"mobility":null,"body":{"type":"BodyCommand","control":{"type":"JointPositionCommand","control":{"type":"JointPositionControl"}}},"head":{"type":"HeadCommand","control":{"type":"JointPositionCommand","control":{"type":"JointPositionControl"}}}}}}
[07/30/26 12:25:40.851908] [info] [01:38:59.981108] [ControlInterface] Control completed successfully.
[07/30/26 12:25:40.851917] [debug] [01:38:59.981117] [ControlInterface::ExecutionStats] Average Control Time: 0.001 ms (max: 0.023 ms, min: 0.001 ms, sigma: 0.001 ms, count: 880)
[07/30/26 12:25:40.852564] [debug] [01:38:59.981765] [Service] Server method called: /rb.api.PowerService/ToolFlangePowerCommand
[07/30/26 12:25:40.852594] [debug] [01:38:59.981797] [Service::PowerService::ToolFlangePowerCommand] Requested: request_header { request_timestamp { seconds: 1785381887 nanos: 58925917 } } name: "right" command: COMMAND_POWER_12V
[07/30/26 12:25:40.852599] [debug] [01:38:59.981804] [Service::PowerService::ToolFlangePowerCommand] Result: Success
[07/30/26 12:25:40.853006] [debug] [01:38:59.982208] [Service] Server method called: /rb.api.PowerService/ToolFlangePowerCommand
[07/30/26 12:25:40.853025] [debug] [01:38:59.982229] [Service::PowerService::ToolFlangePowerCommand] Requested: request_header { request_timestamp { seconds: 1785381887 nanos: 59444217 } } name: "left" command: COMMAND_POWER_12V
[07/30/26 12:25:40.853030] [debug] [01:38:59.982235] [Service::PowerService::ToolFlangePowerCommand] Result: Success
[07/30/26 12:25:41.990411] [debug] [01:39:01.119606] [Service] Server method called: /rb.api.RobotCommandService/RobotCommand
[07/30/26 12:25:41.990483] [debug] [01:39:01.119684] [Service::RobotCommandService::RobotCommand] Requested: robot_command { component_based_command { body_command { joint_position_command { command_header { control_hold_time { seconds: 1 } } minimum_time { seconds: 4 } position: 0 position: 0.78539816339744828 position: -1.3962634015954636 position: 0.78539816339744828 position: 0 position: 0 position: 0 position: -0.26179938779914941 position: 0 position: -2.0943951023931953 position: 0 position: 0.52359877559829882 position: 0 position: 0 position: 0... [truncated]
[07/30/26 12:25:41.990486] [debug] [01:39:01.119691] [Service::RobotCommandService::RobotCommand]   Peer: ipv4:192.168.30.230:49724
[07/30/26 12:25:41.990637] [debug] [01:39:01.119841] [Service::RobotCommandService::RobotCommand]   IP: 192.168.30.230, Family: ipv4
[07/30/26 12:25:41.995827] [info] [01:39:01.125027] [ControlManager] Control started: {"type":"RobotCommand","control":{"type":"ComponentBasedCommand","components":{"mobility":null,"body":{"type":"BodyCommand","control":{"type":"JointPositionCommand","control":{"type":"JointPositionControl"}}},"head":{"type":"HeadCommand","control":{"type":"JointPositionCommand","control":{"type":"JointPositionControl"}}}}}} (priority: 1)
[07/30/26 12:25:47.253841] [debug] [01:39:06.383037] [ControlManager] Control finished: {"type":"RobotCommand","control":{"type":"ComponentBasedCommand","components":{"mobility":null,"body":{"type":"BodyCommand","control":{"type":"JointPositionCommand","control":{"type":"JointPositionControl"}}},"head":{"type":"HeadCommand","control":{"type":"JointPositionCommand","control":{"type":"JointPositionControl"}}}}}}
[07/30/26 12:25:47.253901] [info] [01:39:06.383101] [ControlInterface] Control completed successfully.
[07/30/26 12:25:47.253910] [debug] [01:39:06.383109] [ControlInterface::ExecutionStats] Average Control Time: 0.001 ms (max: 0.017 ms, min: 0.001 ms, sigma: 0.000 ms, count: 2630)
[07/30/26 12:25:47.254637] [debug] [01:39:06.383837] [Service] Server method called: /rb.api.RobotCommandService/RobotCommandStream
[07/30/26 12:25:47.254659] [debug] [01:39:06.383862] [Service::RobotCommandService::RobotCommandStream] Stream is created
[07/30/26 12:25:47.266177] [debug] [01:39:06.395377] [Service::RobotCommandService::RobotCommandStream] Requested: robot_command { component_based_command { mobility_command { se2_velocity_command { command_header { control_hold_time { seconds: 1 } } minimum_time { nanos: 10100000 } velocity { linear { } } acceleration_limit { linear { x: 1 y: 1 } angular: 1 } } } body_command { joint_impedance_control_command { command_header { control_hold_time { seconds: 1 } } minimum_time { nanos: 10100000 } position: -0.00015902559836695817 position: 0.78510890205821959 ... [truncated]
[07/30/26 12:25:47.266184] [debug] [01:39:06.395389] [Service::RobotCommandService::RobotCommandStream]   Peer: ipv4:192.168.30.230:49724
[07/30/26 12:25:47.266345] [debug] [01:39:06.395549] [Service::RobotCommandService::RobotCommandStream]   IP: 192.168.30.230, Family: ipv4
[07/30/26 12:25:47.271826] [info] [01:39:06.401030] [ControlManager] Control started: {"type":"RobotCommand","control":{"type":"ComponentBasedCommand","components":{"mobility":{"type":"MobilityCommand","control":{"type":"SE2VelocityCommand","control":{"type":"MobilitySE2VelocityControl"}}},"body":{"type":"BodyCommand","control":{"type":"JointImpedanceControlCommand","control":{"type":"JointImpedanceControl"}}},"head":{"type":"HeadCommand","control":{"type":"JointPositionCommand","control":{"type":"JointPositionControl"}}}}}} (priority: 1)
[07/30/26 12:25:49.302811] [debug] [01:39:08.432003] [Hardware] Hardware Loop Stat (avg: 2.000 ms, min: 1.999 ms, max: 2.001 ms, count: 15000)
[07/30/26 12:25:49.437804] [debug] [01:39:08.567003] [ControlManager] Control Manager Loop Stat (avg: 2.000 ms, min: 1.999 ms, max: 2.001 ms, count: 15000)
[07/30/26 12:25:57.269949] [debug] [01:39:16.399140] [ControlInterface::ExecutionStats] Average Control Time: 0.121 ms (max: 0.191 ms, min: 0.110 ms, sigma: 0.005 ms, count: 5000)
[07/30/26 12:26:01.354424] [debug] [01:39:20.483617] [Service] Server method called: /rb.api.RobotCommandService/RobotCommand
[07/30/26 12:26:01.354459] [debug] [01:39:20.483663] [Service::RobotCommandService::RobotCommand] Requested: robot_command { whole_body_command { stop_command { } } } priority: 99
[07/30/26 12:26:01.354463] [debug] [01:39:20.483668] [Service::RobotCommandService::RobotCommand]   Peer: ipv4:192.168.30.230:49724
[07/30/26 12:26:01.354627] [debug] [01:39:20.483831] [Service::RobotCommandService::RobotCommand]   IP: 192.168.30.230, Family: ipv4
[07/30/26 12:26:01.457973] [debug] [01:39:20.587172] [ControlManager] Control finished: {"type":"RobotCommand","control":{"type":"ComponentBasedCommand","components":{"mobility":{"type":"MobilityCommand","control":{"type":"SE2VelocityCommand","control":{"type":"MobilitySE2VelocityControl"}}},"body":{"type":"BodyCommand","control":{"type":"JointImpedanceControlCommand","control":{"type":"JointImpedanceControl"}}},"head":{"type":"HeadCommand","control":{"type":"JointPositionCommand","control":{"type":"JointPositionControl"}}}}}}
[07/30/26 12:26:01.458072] [debug] [01:39:20.587270] [Service::RobotCommandService::RobotCommandStream] OnReadDone (write_done: true, read_done: true)
[07/30/26 12:26:01.458091] [debug] [01:39:20.587291] [Service::RobotCommandService::RobotCommandStream] OnCancel
[07/30/26 12:26:01.458155] [info] [01:39:20.587357] [ControlInterface] Control was preempted or canceled by another request.
[07/30/26 12:26:01.458164] [debug] [01:39:20.587364] [ControlInterface::ExecutionStats] Average Control Time: 0.120 ms (max: 0.140 ms, min: 0.111 ms, sigma: 0.005 ms, count: 2094)
[07/30/26 12:26:01.458220] [debug] [01:39:20.587422] [Service::RobotCommandService::RobotCommandStream] OnDone: robot_command { component_based_command { mobility_command { se2_velocity_command { command_header { control_hold_time { seconds: 1 } } minimum_time { nanos: 10100000 } velocity { linear { } } acceleration_limit { linear { x: 1 y: 1 } angular: 1 } } } body_command { joint_impedance_control_command { command_header { control_hold_time { seconds: 1 } } minimum_time { nanos: 10100000 } position: -0.049999727653718649 position: 1.0664738373335299 pos... [truncated]
[07/30/26 12:26:01.459814] [info] [01:39:20.589018] [ControlManager] Control started: {"type":"RobotCommand","control":{"type":"WholeBodyCommand","control":{"type":"StopControl","control":{"type":"JointVelocityControl"}}}} (priority: 99)
[07/30/26 12:26:01.459833] [debug] [01:39:20.589039] [ControlManager] Control finished: {"type":"RobotCommand","control":{"type":"WholeBodyCommand","control":{"type":"StopControl","control":{"type":"JointVelocityControl"}}}}
[07/30/26 12:26:01.459869] [info] [01:39:20.589072] [ControlInterface] Control completed successfully.
[07/30/26 12:26:01.459874] [debug] [01:39:20.589077] [ControlInterface::ExecutionStats] Average Control Time: 0.005 ms (max: 0.005 ms, min: 0.005 ms, sigma: 0.000 ms, count: 1)
[07/30/26 12:26:01.460757] [debug] [01:39:20.589957] [Service] Server method called: /rb.api.ControlManagerService/ControlManagerCommand
[07/30/26 12:26:01.460780] [debug] [01:39:20.589983] [Service::ControlManagerService::ControlManagerCommand] Requested: request_header { request_timestamp { seconds: 1785381907 nanos: 666638358 } } command: COMMAND_DISABLE
[07/30/26 12:26:01.460784] [info] [01:39:20.589989] [ControlManager::Disable] Disable request received. Starting the disabling process...
[07/30/26 12:26:01.461816] [info] [01:39:20.591020] [ControlManager::Disable] Control Manager successfully disabled
[07/30/26 12:26:15.834981] [debug] [01:39:34.964162] [Service] Server method called: /rb.api.RobotInfoService/GetRobotInfo
[07/30/26 12:26:15.835016] [debug] [01:39:34.964219] [Service::RobotInfoService::GetRobotInfo] Requested: request_header { request_timestamp { seconds: 1785381922 nanos: 40456684 } }
[07/30/26 12:26:15.835731] [debug] [01:39:34.964927] [Service] Server method called: /rb.api.RobotStateService/GetRobotState
[07/30/26 12:26:15.835756] [debug] [01:39:34.964960] [Service::RobotStateService::GetRobotState] Requested: request_header { request_timestamp { seconds: 1785381922 nanos: 41320070 } }
[07/30/26 12:26:15.836409] [debug] [01:39:34.965610] [Service] Server method called: /rb.api.RobotInfoService/GetRobotInfo
[07/30/26 12:26:15.836436] [debug] [01:39:34.965640] [Service::RobotInfoService::GetRobotInfo] Requested: request_header { request_timestamp { seconds: 1785381922 nanos: 42013528 } }
[07/30/26 12:26:15.837153] [debug] [01:39:34.966355] [Service] Server method called: /rb.api.RobotStateService/GetRobotState
[07/30/26 12:26:15.837167] [debug] [01:39:34.966372] [Service::RobotStateService::GetRobotState] Requested: request_header { request_timestamp { seconds: 1785381922 nanos: 42770681 } }
[07/30/26 12:26:15.837759] [debug] [01:39:34.966961] [Service] Server method called: /rb.api.RobotStateService/GetControlManagerState
[07/30/26 12:26:15.837783] [debug] [01:39:34.966987] [Service::RobotStateService::GetControlManagerState] Requested: request_header { request_timestamp { seconds: 1785381922 nanos: 43383043 } }
[07/30/26 12:26:15.838291] [debug] [01:39:34.967488] [Service] Server method called: /rb.api.RobotInfoService/GetRobotInfo
[07/30/26 12:26:15.838324] [debug] [01:39:34.967528] [Service::RobotInfoService::GetRobotInfo] Requested: request_header { request_timestamp { seconds: 1785381922 nanos: 43881260 } }
[07/30/26 12:26:15.838814] [debug] [01:39:34.968016] [Service] Server method called: /rb.api.RobotStateService/GetRobotState
[07/30/26 12:26:15.838835] [debug] [01:39:34.968039] [Service::RobotStateService::GetRobotState] Requested: request_header { request_timestamp { seconds: 1785381922 nanos: 44461221 } }
[07/30/26 12:26:15.839202] [debug] [01:39:34.968403] [Service] Server method called: /rb.api.RobotStateService/GetRobotState
[07/30/26 12:26:15.839217] [debug] [01:39:34.968421] [Service::RobotStateService::GetRobotState] Requested: request_header { request_timestamp { seconds: 1785381922 nanos: 44855801 } }
[07/30/26 12:26:15.839659] [debug] [01:39:34.968861] [Service] Server method called: /rb.api.RobotInfoService/GetRobotInfo
[07/30/26 12:26:15.839679] [debug] [01:39:34.968883] [Service::RobotInfoService::GetRobotInfo] Requested: request_header { request_timestamp { seconds: 1785381922 nanos: 45302250 } }
[07/30/26 12:26:15.840242] [debug] [01:39:34.969444] [Service] Server method called: /rb.api.ControlManagerService/ControlManagerCommand
[07/30/26 12:26:15.840261] [debug] [01:39:34.969465] [Service::ControlManagerService::ControlManagerCommand] Requested: request_header { request_timestamp { seconds: 1785381922 nanos: 45891894 } } command: COMMAND_ENABLE unlimited_mode_enabled { }
[07/30/26 12:26:15.840268] [info] [01:39:34.969473] [ControlManager::Enable] Enable request received. Starting the enabling process...
[07/30/26 12:26:15.841810] [info] [01:39:34.971015] [ControlManager::Enable] Control Manager successfully enabled
[07/30/26 12:26:15.842176] [debug] [01:39:34.971379] [Service] Server method called: /rb.api.ParameterService/SetParameter
[07/30/26 12:26:15.842201] [debug] [01:39:34.971405] [Service::ParameterService::SetParameter] Requested: request_header { request_timestamp { seconds: 1785381922 nanos: 47822158 } } name: "cartesian_command.cutoff_frequency" parameter: "{\"value\":5,\"write_db\":true}"
[07/30/26 12:26:15.852406] [debug] [01:39:34.981606] [Service] Server method called: /rb.api.ParameterService/SetParameter
[07/30/26 12:26:15.852425] [debug] [01:39:34.981629] [Service::ParameterService::SetParameter] Requested: request_header { request_timestamp { seconds: 1785381922 nanos: 58010321 } } name: "default.acceleration_limit_scaling" parameter: "{\"value\":1.0,\"write_db\":true}"
[07/30/26 12:26:15.858431] [debug] [01:39:34.987634] [Service] Server method called: /rb.api.ParameterService/SetParameter
[07/30/26 12:26:15.858457] [debug] [01:39:34.987662] [Service::ParameterService::SetParameter] Requested: request_header { request_timestamp { seconds: 1785381922 nanos: 64051572 } } name: "default.angular_acceleration_limit" parameter: "{\"value\":10,\"write_db\":true}"
[07/30/26 12:26:15.864403] [debug] [01:39:34.993603] [Service] Server method called: /rb.api.ParameterService/SetParameter
[07/30/26 12:26:15.864420] [debug] [01:39:34.993624] [Service::ParameterService::SetParameter] Requested: request_header { request_timestamp { seconds: 1785381922 nanos: 69988056 } } name: "default.linear_acceleration_limit" parameter: "{\"value\":20,\"write_db\":true}"
[07/30/26 12:26:15.870622] [debug] [01:39:34.999822] [Service] Server method called: /rb.api.ParameterService/SetParameter
[07/30/26 12:26:15.870648] [debug] [01:39:34.999852] [Service::ParameterService::SetParameter] Requested: request_header { request_timestamp { seconds: 1785381922 nanos: 76162568 } } name: "joint_position_command.cutoff_frequency" parameter: "{\"value\":5,\"write_db\":true}"
[07/30/26 12:26:15.876548] [debug] [01:39:35.005747] [Service] Server method called: /rb.api.RobotCommandService/RobotCommand
[07/30/26 12:26:15.876614] [debug] [01:39:35.005816] [Service::RobotCommandService::RobotCommand] Requested: robot_command { component_based_command { body_command { joint_position_command { command_header { control_hold_time { seconds: 1 } } minimum_time { nanos: 500000000 } position: -0.039640493627539838 position: 1.089414930042071 position: -1.5028986920202159 position: 0.62308856750698416 position: -0.039556960020278739 position: -0.33115759504018338 position: 0.15469664668325939 position: -0.30583552109362561 position: 0.11965809541937648 position... [truncated]
[07/30/26 12:26:15.876617] [debug] [01:39:35.005823] [Service::RobotCommandService::RobotCommand]   Peer: ipv4:192.168.30.230:49724
[07/30/26 12:26:15.876762] [debug] [01:39:35.005966] [Service::RobotCommandService::RobotCommand]   IP: 192.168.30.230, Family: ipv4
[07/30/26 12:26:15.881832] [info] [01:39:35.011035] [ControlManager] Control started: {"type":"RobotCommand","control":{"type":"ComponentBasedCommand","components":{"mobility":null,"body":{"type":"BodyCommand","control":{"type":"JointPositionCommand","control":{"type":"JointPositionControl"}}},"head":{"type":"HeadCommand","control":{"type":"JointPositionCommand","control":{"type":"JointPositionControl"}}}}}} (priority: 1)
[07/30/26 12:26:17.639838] [debug] [01:39:36.769037] [ControlManager] Control finished: {"type":"RobotCommand","control":{"type":"ComponentBasedCommand","components":{"mobility":null,"body":{"type":"BodyCommand","control":{"type":"JointPositionCommand","control":{"type":"JointPositionControl"}}},"head":{"type":"HeadCommand","control":{"type":"JointPositionCommand","control":{"type":"JointPositionControl"}}}}}}
[07/30/26 12:26:17.639897] [info] [01:39:36.769096] [ControlInterface] Control completed successfully.
[07/30/26 12:26:17.639906] [debug] [01:39:36.769105] [ControlInterface::ExecutionStats] Average Control Time: 0.001 ms (max: 0.023 ms, min: 0.001 ms, sigma: 0.001 ms, count: 880)
[07/30/26 12:26:17.640765] [debug] [01:39:36.769966] [Service] Server method called: /rb.api.PowerService/ToolFlangePowerCommand
[07/30/26 12:26:17.640796] [debug] [01:39:36.770000] [Service::PowerService::ToolFlangePowerCommand] Requested: request_header { request_timestamp { seconds: 1785381923 nanos: 846243963 } } name: "right" command: COMMAND_POWER_12V
[07/30/26 12:26:17.640801] [debug] [01:39:36.770006] [Service::PowerService::ToolFlangePowerCommand] Result: Success
[07/30/26 12:26:17.641363] [debug] [01:39:36.770564] [Service] Server method called: /rb.api.PowerService/ToolFlangePowerCommand
[07/30/26 12:26:17.641388] [debug] [01:39:36.770591] [Service::PowerService::ToolFlangePowerCommand] Requested: request_header { request_timestamp { seconds: 1785381923 nanos: 846929173 } } name: "left" command: COMMAND_POWER_12V
[07/30/26 12:26:17.641393] [debug] [01:39:36.770598] [Service::PowerService::ToolFlangePowerCommand] Result: Success
[07/30/26 12:26:18.787561] [debug] [01:39:37.916754] [Service] Server method called: /rb.api.RobotCommandService/RobotCommand
[07/30/26 12:26:18.787634] [debug] [01:39:37.916836] [Service::RobotCommandService::RobotCommand] Requested: robot_command { component_based_command { body_command { joint_position_command { command_header { control_hold_time { seconds: 1 } } minimum_time { seconds: 4 } position: 0 position: 0.78539816339744828 position: -1.3962634015954636 position: 0.78539816339744828 position: 0 position: 0 position: 0 position: -0.26179938779914941 position: 0 position: -2.0943951023931953 position: 0 position: 0.52359877559829882 position: 0 position: 0 position: 0... [truncated]
[07/30/26 12:26:18.787638] [debug] [01:39:37.916843] [Service::RobotCommandService::RobotCommand]   Peer: ipv4:192.168.30.230:49724
[07/30/26 12:26:18.787783] [debug] [01:39:37.916987] [Service::RobotCommandService::RobotCommand]   IP: 192.168.30.230, Family: ipv4
[07/30/26 12:26:18.793827] [info] [01:39:37.923027] [ControlManager] Control started: {"type":"RobotCommand","control":{"type":"ComponentBasedCommand","components":{"mobility":null,"body":{"type":"BodyCommand","control":{"type":"JointPositionCommand","control":{"type":"JointPositionControl"}}},"head":{"type":"HeadCommand","control":{"type":"JointPositionCommand","control":{"type":"JointPositionControl"}}}}}} (priority: 1)
[07/30/26 12:26:19.302809] [debug] [01:39:38.432003] [Hardware] Hardware Loop Stat (avg: 2.000 ms, min: 1.997 ms, max: 2.004 ms, count: 15000)
[07/30/26 12:26:19.437799] [debug] [01:39:38.567002] [ControlManager] Control Manager Loop Stat (avg: 2.000 ms, min: 1.999 ms, max: 2.001 ms, count: 15000)
[07/30/26 12:26:24.051840] [debug] [01:39:43.181037] [ControlManager] Control finished: {"type":"RobotCommand","control":{"type":"ComponentBasedCommand","components":{"mobility":null,"body":{"type":"BodyCommand","control":{"type":"JointPositionCommand","control":{"type":"JointPositionControl"}}},"head":{"type":"HeadCommand","control":{"type":"JointPositionCommand","control":{"type":"JointPositionControl"}}}}}}
[07/30/26 12:26:24.051917] [info] [01:39:43.181116] [ControlInterface] Control completed successfully.
[07/30/26 12:26:24.051928] [debug] [01:39:43.181126] [ControlInterface::ExecutionStats] Average Control Time: 0.001 ms (max: 0.018 ms, min: 0.001 ms, sigma: 0.000 ms, count: 2630)
[07/30/26 12:26:24.052733] [debug] [01:39:43.181933] [Service] Server method called: /rb.api.RobotCommandService/RobotCommandStream
[07/30/26 12:26:24.052747] [debug] [01:39:43.181951] [Service::RobotCommandService::RobotCommandStream] Stream is created
[07/30/26 12:26:24.084683] [debug] [01:39:43.213882] [Service::RobotCommandService::RobotCommandStream] Requested: robot_command { component_based_command { mobility_command { se2_velocity_command { command_header { control_hold_time { seconds: 1 } } minimum_time { nanos: 10100000 } velocity { linear { } } acceleration_limit { linear { x: 1 y: 1 } angular: 1 } } } body_command { joint_impedance_control_command { command_header { control_hold_time { seconds: 1 } } minimum_time { nanos: 10100000 } position: -9.8472401954094522e-05 position: 0.78507177532375361 ... [truncated]
[07/30/26 12:26:24.084690] [debug] [01:39:43.213894] [Service::RobotCommandService::RobotCommandStream]   Peer: ipv4:192.168.30.230:49724
[07/30/26 12:26:24.084866] [debug] [01:39:43.214069] [Service::RobotCommandService::RobotCommandStream]   IP: 192.168.30.230, Family: ipv4
[07/30/26 12:26:24.089826] [info] [01:39:43.219030] [ControlManager] Control started: {"type":"RobotCommand","control":{"type":"ComponentBasedCommand","components":{"mobility":{"type":"MobilityCommand","control":{"type":"SE2VelocityCommand","control":{"type":"MobilitySE2VelocityControl"}}},"body":{"type":"BodyCommand","control":{"type":"JointImpedanceControlCommand","control":{"type":"JointImpedanceControl"}}},"head":{"type":"HeadCommand","control":{"type":"JointPositionCommand","control":{"type":"JointPositionControl"}}}}}} (priority: 1)
[07/30/26 12:26:34.087939] [debug] [01:39:53.217131] [ControlInterface::ExecutionStats] Average Control Time: 0.122 ms (max: 0.193 ms, min: 0.110 ms, sigma: 0.005 ms, count: 5000)
[07/30/26 12:26:37.467606] [debug] [01:39:56.596799] [Service] Server method called: /rb.api.RobotCommandService/RobotCommand
[07/30/26 12:26:37.467639] [debug] [01:39:56.596843] [Service::RobotCommandService::RobotCommand] Requested: robot_command { whole_body_command { stop_command { } } } priority: 99
[07/30/26 12:26:37.467643] [debug] [01:39:56.596848] [Service::RobotCommandService::RobotCommand]   Peer: ipv4:192.168.30.230:49724
[07/30/26 12:26:37.467795] [debug] [01:39:56.596999] [Service::RobotCommandService::RobotCommand]   IP: 192.168.30.230, Family: ipv4
[07/30/26 12:26:37.569974] [debug] [01:39:56.699174] [ControlManager] Control finished: {"type":"RobotCommand","control":{"type":"ComponentBasedCommand","components":{"mobility":{"type":"MobilityCommand","control":{"type":"SE2VelocityCommand","control":{"type":"MobilitySE2VelocityControl"}}},"body":{"type":"BodyCommand","control":{"type":"JointImpedanceControlCommand","control":{"type":"JointImpedanceControl"}}},"head":{"type":"HeadCommand","control":{"type":"JointPositionCommand","control":{"type":"JointPositionControl"}}}}}}
[07/30/26 12:26:37.570074] [debug] [01:39:56.699272] [Service::RobotCommandService::RobotCommandStream] OnReadDone (write_done: true, read_done: true)
[07/30/26 12:26:37.570092] [debug] [01:39:56.699291] [Service::RobotCommandService::RobotCommandStream] OnCancel
[07/30/26 12:26:37.570189] [info] [01:39:56.699390] [ControlInterface] Control was preempted or canceled by another request.
[07/30/26 12:26:37.570198] [debug] [01:39:56.699398] [ControlInterface::ExecutionStats] Average Control Time: 0.120 ms (max: 0.137 ms, min: 0.111 ms, sigma: 0.005 ms, count: 1741)
[07/30/26 12:26:37.570230] [debug] [01:39:56.699429] [Service::RobotCommandService::RobotCommandStream] OnDone: robot_command { component_based_command { mobility_command { se2_velocity_command { command_header { control_hold_time { seconds: 1 } } minimum_time { nanos: 10100000 } velocity { linear { } } acceleration_limit { linear { x: 1 y: 1 } angular: 1 } } } body_command { joint_impedance_control_command { command_header { control_hold_time { seconds: 1 } } minimum_time { nanos: 10100000 } position: -0.049999670780341607 position: 1.0052600037881108 pos... [truncated]
[07/30/26 12:26:37.571816] [info] [01:39:56.701020] [ControlManager] Control started: {"type":"RobotCommand","control":{"type":"WholeBodyCommand","control":{"type":"StopControl","control":{"type":"JointVelocityControl"}}}} (priority: 99)
[07/30/26 12:26:37.571836] [debug] [01:39:56.701041] [ControlManager] Control finished: {"type":"RobotCommand","control":{"type":"WholeBodyCommand","control":{"type":"StopControl","control":{"type":"JointVelocityControl"}}}}
[07/30/26 12:26:37.573822] [info] [01:39:56.703025] [ControlInterface] Control completed successfully.
[07/30/26 12:26:37.573831] [debug] [01:39:56.703033] [ControlInterface::ExecutionStats] Average Control Time: 0.005 ms (max: 0.005 ms, min: 0.005 ms, sigma: 0.000 ms, count: 1)
[07/30/26 12:26:37.574973] [debug] [01:39:56.704174] [Service] Server method called: /rb.api.ControlManagerService/ControlManagerCommand
[07/30/26 12:26:37.574995] [debug] [01:39:56.704199] [Service::ControlManagerService::ControlManagerCommand] Requested: request_header { request_timestamp { seconds: 1785381943 nanos: 779957256 } } command: COMMAND_DISABLE
[07/30/26 12:26:37.575000] [info] [01:39:56.704205] [ControlManager::Disable] Disable request received. Starting the disabling process...
[07/30/26 12:26:37.575816] [info] [01:39:56.705019] [ControlManager::Disable] Control Manager successfully disabled
[07/30/26 12:26:40.932533] [debug] [01:40:00.061724] [Service] Server method called: /rb.api.RobotInfoService/GetRobotInfo
[07/30/26 12:26:40.932565] [debug] [01:40:00.061768] [Service::RobotInfoService::GetRobotInfo] Requested: request_header { request_timestamp { seconds: 1785381947 nanos: 137435882 } }
[07/30/26 12:26:40.933309] [debug] [01:40:00.062505] [Service] Server method called: /rb.api.RobotStateService/GetRobotState
[07/30/26 12:26:40.933333] [debug] [01:40:00.062537] [Service::RobotStateService::GetRobotState] Requested: request_header { request_timestamp { seconds: 1785381947 nanos: 138301145 } }
[07/30/26 12:26:40.933894] [debug] [01:40:00.063094] [Service] Server method called: /rb.api.RobotInfoService/GetRobotInfo
[07/30/26 12:26:40.933913] [debug] [01:40:00.063117] [Service::RobotInfoService::GetRobotInfo] Requested: request_header { request_timestamp { seconds: 1785381947 nanos: 138891059 } }
[07/30/26 12:26:40.934435] [debug] [01:40:00.063634] [Service] Server method called: /rb.api.RobotStateService/GetRobotState
[07/30/26 12:26:40.934463] [debug] [01:40:00.063666] [Service::RobotStateService::GetRobotState] Requested: request_header { request_timestamp { seconds: 1785381947 nanos: 139441543 } }
[07/30/26 12:26:40.934962] [debug] [01:40:00.064163] [Service] Server method called: /rb.api.RobotStateService/GetControlManagerState
[07/30/26 12:26:40.934978] [debug] [01:40:00.064182] [Service::RobotStateService::GetControlManagerState] Requested: request_header { request_timestamp { seconds: 1785381947 nanos: 139994165 } }
[07/30/26 12:26:40.935296] [debug] [01:40:00.064499] [Service] Server method called: /rb.api.RobotInfoService/GetRobotInfo
[07/30/26 12:26:40.935310] [debug] [01:40:00.064514] [Service::RobotInfoService::GetRobotInfo] Requested: request_header { request_timestamp { seconds: 1785381947 nanos: 140336089 } }
[07/30/26 12:26:40.935805] [debug] [01:40:00.065005] [Service] Server method called: /rb.api.RobotStateService/GetRobotState
[07/30/26 12:26:40.935822] [debug] [01:40:00.065025] [Service::RobotStateService::GetRobotState] Requested: request_header { request_timestamp { seconds: 1785381947 nanos: 140826376 } }
[07/30/26 12:26:40.936310] [debug] [01:40:00.065511] [Service] Server method called: /rb.api.RobotStateService/GetRobotState
[07/30/26 12:26:40.936326] [debug] [01:40:00.065530] [Service::RobotStateService::GetRobotState] Requested: request_header { request_timestamp { seconds: 1785381947 nanos: 141341223 } }
[07/30/26 12:26:40.936739] [debug] [01:40:00.065941] [Service] Server method called: /rb.api.RobotInfoService/GetRobotInfo
[07/30/26 12:26:40.936754] [debug] [01:40:00.065958] [Service::RobotInfoService::GetRobotInfo] Requested: request_header { request_timestamp { seconds: 1785381947 nanos: 141781758 } }
[07/30/26 12:26:40.937193] [debug] [01:40:00.066395] [Service] Server method called: /rb.api.ControlManagerService/ControlManagerCommand
[07/30/26 12:26:40.937212] [debug] [01:40:00.066416] [Service::ControlManagerService::ControlManagerCommand] Requested: request_header { request_timestamp { seconds: 1785381947 nanos: 142231537 } } command: COMMAND_ENABLE unlimited_mode_enabled { }
[07/30/26 12:26:40.937215] [info] [01:40:00.066421] [ControlManager::Enable] Enable request received. Starting the enabling process...
[07/30/26 12:26:40.937813] [info] [01:40:00.067017] [ControlManager::Enable] Control Manager successfully enabled
[07/30/26 12:26:40.938148] [debug] [01:40:00.067350] [Service] Server method called: /rb.api.ParameterService/SetParameter
[07/30/26 12:26:40.938174] [debug] [01:40:00.067377] [Service::ParameterService::SetParameter] Requested: request_header { request_timestamp { seconds: 1785381947 nanos: 143187159 } } name: "cartesian_command.cutoff_frequency" parameter: "{\"value\":5,\"write_db\":true}"
[07/30/26 12:26:40.948501] [debug] [01:40:00.077701] [Service] Server method called: /rb.api.ParameterService/SetParameter
[07/30/26 12:26:40.948519] [debug] [01:40:00.077723] [Service::ParameterService::SetParameter] Requested: request_header { request_timestamp { seconds: 1785381947 nanos: 153518386 } } name: "default.acceleration_limit_scaling" parameter: "{\"value\":1.0,\"write_db\":true}"
[07/30/26 12:26:40.954653] [debug] [01:40:00.083852] [Service] Server method called: /rb.api.ParameterService/SetParameter
[07/30/26 12:26:40.954672] [debug] [01:40:00.083875] [Service::ParameterService::SetParameter] Requested: request_header { request_timestamp { seconds: 1785381947 nanos: 159667964 } } name: "default.angular_acceleration_limit" parameter: "{\"value\":10,\"write_db\":true}"
[07/30/26 12:26:40.960578] [debug] [01:40:00.089778] [Service] Server method called: /rb.api.ParameterService/SetParameter
[07/30/26 12:26:40.960596] [debug] [01:40:00.089800] [Service::ParameterService::SetParameter] Requested: request_header { request_timestamp { seconds: 1785381947 nanos: 165567343 } } name: "default.linear_acceleration_limit" parameter: "{\"value\":20,\"write_db\":true}"
[07/30/26 12:26:40.966586] [debug] [01:40:00.095786] [Service] Server method called: /rb.api.ParameterService/SetParameter
[07/30/26 12:26:40.966615] [debug] [01:40:00.095818] [Service::ParameterService::SetParameter] Requested: request_header { request_timestamp { seconds: 1785381947 nanos: 171593346 } } name: "joint_position_command.cutoff_frequency" parameter: "{\"value\":5,\"write_db\":true}"
[07/30/26 12:26:40.972456] [debug] [01:40:00.101657] [Service] Server method called: /rb.api.RobotCommandService/RobotCommand
[07/30/26 12:26:40.972521] [debug] [01:40:00.101724] [Service::RobotCommandService::RobotCommand] Requested: robot_command { component_based_command { body_command { joint_position_command { command_header { control_hold_time { seconds: 1 } } minimum_time { nanos: 500000000 } position: -0.040058161663845335 position: 1.0674114184930676 position: -1.4157161849146658 position: 0.54315829630455692 position: 0.017659763971426032 position: -0.27653041287357272 position: 0.15367525848538505 position: -0.31298903546089429 position: 0.14198055346883115 position... [truncated]
[07/30/26 12:26:40.972525] [debug] [01:40:00.101730] [Service::RobotCommandService::RobotCommand]   Peer: ipv4:192.168.30.230:49724
[07/30/26 12:26:40.972678] [debug] [01:40:00.101882] [Service::RobotCommandService::RobotCommand]   IP: 192.168.30.230, Family: ipv4
[07/30/26 12:26:40.977830] [info] [01:40:00.107032] [ControlManager] Control started: {"type":"RobotCommand","control":{"type":"ComponentBasedCommand","components":{"mobility":null,"body":{"type":"BodyCommand","control":{"type":"JointPositionCommand","control":{"type":"JointPositionControl"}}},"head":{"type":"HeadCommand","control":{"type":"JointPositionCommand","control":{"type":"JointPositionControl"}}}}}} (priority: 1)
[07/30/26 12:26:42.735842] [debug] [01:40:01.865040] [ControlManager] Control finished: {"type":"RobotCommand","control":{"type":"ComponentBasedCommand","components":{"mobility":null,"body":{"type":"BodyCommand","control":{"type":"JointPositionCommand","control":{"type":"JointPositionControl"}}},"head":{"type":"HeadCommand","control":{"type":"JointPositionCommand","control":{"type":"JointPositionControl"}}}}}}
[07/30/26 12:26:42.735924] [info] [01:40:01.865123] [ControlInterface] Control completed successfully.
[07/30/26 12:26:42.735933] [debug] [01:40:01.865132] [ControlInterface::ExecutionStats] Average Control Time: 0.001 ms (max: 0.023 ms, min: 0.001 ms, sigma: 0.001 ms, count: 880)
[07/30/26 12:26:42.736574] [debug] [01:40:01.865775] [Service] Server method called: /rb.api.PowerService/ToolFlangePowerCommand
[07/30/26 12:26:42.736608] [debug] [01:40:01.865812] [Service::PowerService::ToolFlangePowerCommand] Requested: request_header { request_timestamp { seconds: 1785381948 nanos: 941419368 } } name: "right" command: COMMAND_POWER_12V
[07/30/26 12:26:42.736613] [debug] [01:40:01.865818] [Service::PowerService::ToolFlangePowerCommand] Result: Success
[07/30/26 12:26:42.737125] [debug] [01:40:01.866326] [Service] Server method called: /rb.api.PowerService/ToolFlangePowerCommand
[07/30/26 12:26:42.737149] [debug] [01:40:01.866353] [Service::PowerService::ToolFlangePowerCommand] Requested: request_header { request_timestamp { seconds: 1785381948 nanos: 942061274 } } name: "left" command: COMMAND_POWER_12V
[07/30/26 12:26:42.737154] [debug] [01:40:01.866359] [Service::PowerService::ToolFlangePowerCommand] Result: Success
[07/30/26 12:26:43.899523] [debug] [01:40:03.028718] [Service] Server method called: /rb.api.RobotCommandService/RobotCommand
[07/30/26 12:26:43.899591] [debug] [01:40:03.028793] [Service::RobotCommandService::RobotCommand] Requested: robot_command { component_based_command { body_command { joint_position_command { command_header { control_hold_time { seconds: 1 } } minimum_time { seconds: 4 } position: 0 position: 0.78539816339744828 position: -1.3962634015954636 position: 0.78539816339744828 position: 0 position: 0 position: 0 position: -0.26179938779914941 position: 0 position: -2.0943951023931953 position: 0 position: 0.52359877559829882 position: 0 position: 0 position: 0... [truncated]
[07/30/26 12:26:43.899595] [debug] [01:40:03.028800] [Service::RobotCommandService::RobotCommand]   Peer: ipv4:192.168.30.230:49724
[07/30/26 12:26:43.899751] [debug] [01:40:03.028955] [Service::RobotCommandService::RobotCommand]   IP: 192.168.30.230, Family: ipv4
[07/30/26 12:26:43.905830] [info] [01:40:03.035031] [ControlManager] Control started: {"type":"RobotCommand","control":{"type":"ComponentBasedCommand","components":{"mobility":null,"body":{"type":"BodyCommand","control":{"type":"JointPositionCommand","control":{"type":"JointPositionControl"}}},"head":{"type":"HeadCommand","control":{"type":"JointPositionCommand","control":{"type":"JointPositionControl"}}}}}} (priority: 1)
[07/30/26 12:26:49.163844] [debug] [01:40:08.293040] [ControlManager] Control finished: {"type":"RobotCommand","control":{"type":"ComponentBasedCommand","components":{"mobility":null,"body":{"type":"BodyCommand","control":{"type":"JointPositionCommand","control":{"type":"JointPositionControl"}}},"head":{"type":"HeadCommand","control":{"type":"JointPositionCommand","control":{"type":"JointPositionControl"}}}}}}
[07/30/26 12:26:49.165844] [info] [01:40:08.295042] [ControlInterface] Control completed successfully.
[07/30/26 12:26:49.165856] [debug] [01:40:08.295055] [ControlInterface::ExecutionStats] Average Control Time: 0.001 ms (max: 0.017 ms, min: 0.001 ms, sigma: 0.000 ms, count: 2630)
[07/30/26 12:26:49.166612] [debug] [01:40:08.295813] [Service] Server method called: /rb.api.RobotCommandService/RobotCommandStream
[07/30/26 12:26:49.166624] [debug] [01:40:08.295827] [Service::RobotCommandService::RobotCommandStream] Stream is created
[07/30/26 12:26:49.198529] [debug] [01:40:08.327728] [Service::RobotCommandService::RobotCommandStream] Requested: robot_command { component_based_command { mobility_command { se2_velocity_command { command_header { control_hold_time { seconds: 1 } } minimum_time { nanos: 10100000 } velocity { linear { } } acceleration_limit { linear { x: 1 y: 1 } angular: 1 } } } body_command { joint_impedance_control_command { command_header { control_hold_time { seconds: 1 } } minimum_time { nanos: 10100000 } position: -0.00010238193987534423 position: 0.78506878196445273 ... [truncated]
[07/30/26 12:26:49.198537] [debug] [01:40:08.327741] [Service::RobotCommandService::RobotCommandStream]   Peer: ipv4:192.168.30.230:49724
[07/30/26 12:26:49.198684] [debug] [01:40:08.327888] [Service::RobotCommandService::RobotCommandStream]   IP: 192.168.30.230, Family: ipv4
[07/30/26 12:26:49.203826] [info] [01:40:08.333030] [ControlManager] Control started: {"type":"RobotCommand","control":{"type":"ComponentBasedCommand","components":{"mobility":{"type":"MobilityCommand","control":{"type":"SE2VelocityCommand","control":{"type":"MobilitySE2VelocityControl"}}},"body":{"type":"BodyCommand","control":{"type":"JointImpedanceControlCommand","control":{"type":"JointImpedanceControl"}}},"head":{"type":"HeadCommand","control":{"type":"JointPositionCommand","control":{"type":"JointPositionControl"}}}}}} (priority: 1)
[07/30/26 12:26:49.302806] [debug] [01:40:08.432003] [Hardware] Hardware Loop Stat (avg: 2.000 ms, min: 1.997 ms, max: 2.003 ms, count: 15000)
[07/30/26 12:26:49.437802] [debug] [01:40:08.567002] [ControlManager] Control Manager Loop Stat (avg: 2.000 ms, min: 1.999 ms, max: 2.001 ms, count: 15000)
[07/30/26 12:26:50.756598] [debug] [01:40:09.885789] [Service] Server method called: /rb.api.RobotCommandService/RobotCommand
[07/30/26 12:26:50.756632] [debug] [01:40:09.885836] [Service::RobotCommandService::RobotCommand] Requested: robot_command { whole_body_command { stop_command { } } } priority: 99
[07/30/26 12:26:50.756635] [debug] [01:40:09.885840] [Service::RobotCommandService::RobotCommand]   Peer: ipv4:192.168.30.230:49724
[07/30/26 12:26:50.756782] [debug] [01:40:09.885986] [Service::RobotCommandService::RobotCommand]   IP: 192.168.30.230, Family: ipv4
[07/30/26 12:26:50.859973] [debug] [01:40:09.989170] [ControlManager] Control finished: {"type":"RobotCommand","control":{"type":"ComponentBasedCommand","components":{"mobility":{"type":"MobilityCommand","control":{"type":"SE2VelocityCommand","control":{"type":"MobilitySE2VelocityControl"}}},"body":{"type":"BodyCommand","control":{"type":"JointImpedanceControlCommand","control":{"type":"JointImpedanceControl"}}},"head":{"type":"HeadCommand","control":{"type":"JointPositionCommand","control":{"type":"JointPositionControl"}}}}}}
[07/30/26 12:26:50.860077] [debug] [01:40:09.989275] [Service::RobotCommandService::RobotCommandStream] OnReadDone (write_done: true, read_done: true)
[07/30/26 12:26:50.860117] [debug] [01:40:09.989317] [Service::RobotCommandService::RobotCommandStream] OnCancel
[07/30/26 12:26:50.860145] [info] [01:40:09.989346] [ControlInterface] Control was preempted or canceled by another request.
[07/30/26 12:26:50.860154] [debug] [01:40:09.989354] [ControlInterface::ExecutionStats] Average Control Time: 0.120 ms (max: 0.188 ms, min: 0.112 ms, sigma: 0.005 ms, count: 829)
[07/30/26 12:26:50.860230] [debug] [01:40:09.989432] [Service::RobotCommandService::RobotCommandStream] OnDone: robot_command { component_based_command { mobility_command { se2_velocity_command { command_header { control_hold_time { seconds: 1 } } minimum_time { nanos: 10100000 } velocity { linear { } } acceleration_limit { linear { x: 1 y: 1 } angular: 1 } } } body_command { joint_impedance_control_command { command_header { control_hold_time { seconds: 1 } } minimum_time { nanos: 10100000 } position: 0.00052975396593696821 position: 0.81641729137768171 p... [truncated]
[07/30/26 12:26:50.861813] [info] [01:40:09.991017] [ControlManager] Control started: {"type":"RobotCommand","control":{"type":"WholeBodyCommand","control":{"type":"StopControl","control":{"type":"JointVelocityControl"}}}} (priority: 99)
[07/30/26 12:26:50.861831] [debug] [01:40:09.991037] [ControlManager] Control finished: {"type":"RobotCommand","control":{"type":"WholeBodyCommand","control":{"type":"StopControl","control":{"type":"JointVelocityControl"}}}}
[07/30/26 12:26:50.861872] [info] [01:40:09.991075] [ControlInterface] Control completed successfully.
[07/30/26 12:26:50.861876] [debug] [01:40:09.991079] [ControlInterface::ExecutionStats] Average Control Time: 0.005 ms (max: 0.005 ms, min: 0.005 ms, sigma: 0.000 ms, count: 1)
[07/30/26 12:26:50.862447] [debug] [01:40:09.991648] [Service] Server method called: /rb.api.ControlManagerService/ControlManagerCommand
[07/30/26 12:26:50.862471] [debug] [01:40:09.991674] [Service::ControlManagerService::ControlManagerCommand] Requested: request_header { request_timestamp { seconds: 1785381957 nanos: 67209441 } } command: COMMAND_DISABLE
[07/30/26 12:26:50.862474] [info] [01:40:09.991679] [ControlManager::Disable] Disable request received. Starting the disabling process...
[07/30/26 12:26:50.863815] [info] [01:40:09.993019] [ControlManager::Disable] Control Manager successfully disabled
[07/30/26 12:27:19.302811] [debug] [01:40:38.432003] [Hardware] Hardware Loop Stat (avg: 2.000 ms, min: 1.999 ms, max: 2.001 ms, count: 15000)
[07/30/26 12:27:19.437801] [debug] [01:40:38.567003] [ControlManager] Control Manager Loop Stat (avg: 2.000 ms, min: 1.998 ms, max: 2.002 ms, count: 15000)
[07/30/26 12:27:26.821919] [debug] [01:40:45.951114] [Service] Server method called: /rb.api.RobotInfoService/GetRobotInfo
[07/30/26 12:27:26.821953] [debug] [01:40:45.951156] [Service::RobotInfoService::GetRobotInfo] Requested: request_header { request_timestamp { seconds: 1785381993 nanos: 25789293 } }
[07/30/26 12:27:26.822575] [debug] [01:40:45.951776] [Service] Server method called: /rb.api.RobotStateService/GetRobotState
[07/30/26 12:27:26.822595] [debug] [01:40:45.951799] [Service::RobotStateService::GetRobotState] Requested: request_header { request_timestamp { seconds: 1785381993 nanos: 26576378 } }
[07/30/26 12:27:26.823062] [debug] [01:40:45.952264] [Service] Server method called: /rb.api.RobotInfoService/GetRobotInfo
[07/30/26 12:27:26.823076] [debug] [01:40:45.952280] [Service::RobotInfoService::GetRobotInfo] Requested: request_header { request_timestamp { seconds: 1785381993 nanos: 27111253 } }
[07/30/26 12:27:26.823688] [debug] [01:40:45.952888] [Service] Server method called: /rb.api.RobotStateService/GetRobotState
[07/30/26 12:27:26.823711] [debug] [01:40:45.952915] [Service::RobotStateService::GetRobotState] Requested: request_header { request_timestamp { seconds: 1785381993 nanos: 27679514 } }
[07/30/26 12:27:26.824309] [debug] [01:40:45.953511] [Service] Server method called: /rb.api.RobotStateService/GetControlManagerState
[07/30/26 12:27:26.824327] [debug] [01:40:45.953531] [Service::RobotStateService::GetControlManagerState] Requested: request_header { request_timestamp { seconds: 1785381993 nanos: 28316488 } }
[07/30/26 12:27:26.824658] [debug] [01:40:45.953859] [Service] Server method called: /rb.api.RobotInfoService/GetRobotInfo
[07/30/26 12:27:26.824673] [debug] [01:40:45.953877] [Service::RobotInfoService::GetRobotInfo] Requested: request_header { request_timestamp { seconds: 1785381993 nanos: 28704731 } }
[07/30/26 12:27:26.825080] [debug] [01:40:45.954283] [Service] Server method called: /rb.api.RobotStateService/GetRobotState
[07/30/26 12:27:26.825094] [debug] [01:40:45.954298] [Service::RobotStateService::GetRobotState] Requested: request_header { request_timestamp { seconds: 1785381993 nanos: 29135325 } }
[07/30/26 12:27:26.825461] [debug] [01:40:45.954663] [Service] Server method called: /rb.api.RobotStateService/GetRobotState
[07/30/26 12:27:26.825474] [debug] [01:40:45.954678] [Service::RobotStateService::GetRobotState] Requested: request_header { request_timestamp { seconds: 1785381993 nanos: 29515076 } }
[07/30/26 12:27:26.825870] [debug] [01:40:45.955072] [Service] Server method called: /rb.api.RobotInfoService/GetRobotInfo
[07/30/26 12:27:26.825887] [debug] [01:40:45.955091] [Service::RobotInfoService::GetRobotInfo] Requested: request_header { request_timestamp { seconds: 1785381993 nanos: 29909236 } }
[07/30/26 12:27:26.826387] [debug] [01:40:45.955587] [Service] Server method called: /rb.api.ControlManagerService/ControlManagerCommand
[07/30/26 12:27:26.826408] [debug] [01:40:45.955613] [Service::ControlManagerService::ControlManagerCommand] Requested: request_header { request_timestamp { seconds: 1785381993 nanos: 30413901 } } command: COMMAND_ENABLE unlimited_mode_enabled { }
[07/30/26 12:27:26.826411] [info] [01:40:45.955616] [ControlManager::Enable] Enable request received. Starting the enabling process...
[07/30/26 12:27:26.827810] [info] [01:40:45.957015] [ControlManager::Enable] Control Manager successfully enabled
[07/30/26 12:27:26.828156] [debug] [01:40:45.957359] [Service] Server method called: /rb.api.ParameterService/SetParameter
[07/30/26 12:27:26.828173] [debug] [01:40:45.957377] [Service::ParameterService::SetParameter] Requested: request_header { request_timestamp { seconds: 1785381993 nanos: 32179039 } } name: "cartesian_command.cutoff_frequency" parameter: "{\"value\":5,\"write_db\":true}"
[07/30/26 12:27:26.840614] [debug] [01:40:45.969818] [Service] Server method called: /rb.api.ParameterService/SetParameter
[07/30/26 12:27:26.840638] [debug] [01:40:45.969843] [Service::ParameterService::SetParameter] Requested: request_header { request_timestamp { seconds: 1785381993 nanos: 44604829 } } name: "default.acceleration_limit_scaling" parameter: "{\"value\":1.0,\"write_db\":true}"
[07/30/26 12:27:26.846533] [debug] [01:40:45.975734] [Service] Server method called: /rb.api.ParameterService/SetParameter
[07/30/26 12:27:26.846551] [debug] [01:40:45.975754] [Service::ParameterService::SetParameter] Requested: request_header { request_timestamp { seconds: 1785381993 nanos: 50512475 } } name: "default.angular_acceleration_limit" parameter: "{\"value\":10,\"write_db\":true}"
[07/30/26 12:27:26.852462] [debug] [01:40:45.981663] [Service] Server method called: /rb.api.ParameterService/SetParameter
[07/30/26 12:27:26.852478] [debug] [01:40:45.981682] [Service::ParameterService::SetParameter] Requested: request_header { request_timestamp { seconds: 1785381993 nanos: 56456873 } } name: "default.linear_acceleration_limit" parameter: "{\"value\":20,\"write_db\":true}"
[07/30/26 12:27:26.858316] [debug] [01:40:45.987517] [Service] Server method called: /rb.api.ParameterService/SetParameter
[07/30/26 12:27:26.858333] [debug] [01:40:45.987537] [Service::ParameterService::SetParameter] Requested: request_header { request_timestamp { seconds: 1785381993 nanos: 62328807 } } name: "joint_position_command.cutoff_frequency" parameter: "{\"value\":5,\"write_db\":true}"
[07/30/26 12:27:26.864441] [debug] [01:40:45.993640] [Service] Server method called: /rb.api.RobotCommandService/RobotCommand
[07/30/26 12:27:26.864511] [debug] [01:40:45.993713] [Service::RobotCommandService::RobotCommand] Requested: robot_command { component_based_command { body_command { joint_position_command { command_header { control_hold_time { seconds: 1 } } minimum_time { nanos: 500000000 } position: -0.0001290973930398807 position: 0.78707642950696677 position: -1.4544567937730748 position: 0.78575507971938208 position: 0.00046702880423250961 position: 0 position: -0.01469432091365701 position: -0.26187785876354625 position: 8.3533607261099277e-05 position: -2.094028... [truncated]
[07/30/26 12:27:26.864515] [debug] [01:40:45.993720] [Service::RobotCommandService::RobotCommand]   Peer: ipv4:192.168.30.230:49724
[07/30/26 12:27:26.864664] [debug] [01:40:45.993868] [Service::RobotCommandService::RobotCommand]   IP: 192.168.30.230, Family: ipv4
[07/30/26 12:27:26.869832] [info] [01:40:45.999035] [ControlManager] Control started: {"type":"RobotCommand","control":{"type":"ComponentBasedCommand","components":{"mobility":null,"body":{"type":"BodyCommand","control":{"type":"JointPositionCommand","control":{"type":"JointPositionControl"}}},"head":{"type":"HeadCommand","control":{"type":"JointPositionCommand","control":{"type":"JointPositionControl"}}}}}} (priority: 1)
[07/30/26 12:27:28.627840] [debug] [01:40:47.757037] [ControlManager] Control finished: {"type":"RobotCommand","control":{"type":"ComponentBasedCommand","components":{"mobility":null,"body":{"type":"BodyCommand","control":{"type":"JointPositionCommand","control":{"type":"JointPositionControl"}}},"head":{"type":"HeadCommand","control":{"type":"JointPositionCommand","control":{"type":"JointPositionControl"}}}}}}
[07/30/26 12:27:28.627900] [info] [01:40:47.757099] [ControlInterface] Control completed successfully.
[07/30/26 12:27:28.627909] [debug] [01:40:47.757109] [ControlInterface::ExecutionStats] Average Control Time: 0.001 ms (max: 0.024 ms, min: 0.001 ms, sigma: 0.001 ms, count: 880)
[07/30/26 12:27:28.628710] [debug] [01:40:47.757910] [Service] Server method called: /rb.api.PowerService/ToolFlangePowerCommand
[07/30/26 12:27:28.628742] [debug] [01:40:47.757946] [Service::PowerService::ToolFlangePowerCommand] Requested: request_header { request_timestamp { seconds: 1785381994 nanos: 832579537 } } name: "right" command: COMMAND_POWER_12V
[07/30/26 12:27:28.628747] [debug] [01:40:47.757952] [Service::PowerService::ToolFlangePowerCommand] Result: Success
[07/30/26 12:27:28.629240] [debug] [01:40:47.758440] [Service] Server method called: /rb.api.PowerService/ToolFlangePowerCommand
[07/30/26 12:27:28.629265] [debug] [01:40:47.758469] [Service::PowerService::ToolFlangePowerCommand] Requested: request_header { request_timestamp { seconds: 1785381994 nanos: 833175838 } } name: "left" command: COMMAND_POWER_12V
[07/30/26 12:27:28.629269] [debug] [01:40:47.758475] [Service::PowerService::ToolFlangePowerCommand] Result: Success
[07/30/26 12:27:29.747067] [debug] [01:40:48.876264] [Service] Server method called: /rb.api.RobotCommandService/RobotCommand
[07/30/26 12:27:29.747147] [debug] [01:40:48.876348] [Service::RobotCommandService::RobotCommand] Requested: robot_command { component_based_command { body_command { joint_position_command { command_header { control_hold_time { seconds: 1 } } minimum_time { seconds: 4 } position: 0 position: 0.78539816339744828 position: -1.3962634015954636 position: 0.78539816339744828 position: 0 position: 0 position: 0 position: -0.26179938779914941 position: 0 position: -2.0943951023931953 position: 0 position: 0.52359877559829882 position: 0 position: 0 position: 0... [truncated]
[07/30/26 12:27:29.747150] [debug] [01:40:48.876356] [Service::RobotCommandService::RobotCommand]   Peer: ipv4:192.168.30.230:49724
[07/30/26 12:27:29.747323] [debug] [01:40:48.876526] [Service::RobotCommandService::RobotCommand]   IP: 192.168.30.230, Family: ipv4
[07/30/26 12:27:29.751828] [info] [01:40:48.881029] [ControlManager] Control started: {"type":"RobotCommand","control":{"type":"ComponentBasedCommand","components":{"mobility":null,"body":{"type":"BodyCommand","control":{"type":"JointPositionCommand","control":{"type":"JointPositionControl"}}},"head":{"type":"HeadCommand","control":{"type":"JointPositionCommand","control":{"type":"JointPositionControl"}}}}}} (priority: 1)
[07/30/26 12:27:35.009842] [debug] [01:40:54.139039] [ControlManager] Control finished: {"type":"RobotCommand","control":{"type":"ComponentBasedCommand","components":{"mobility":null,"body":{"type":"BodyCommand","control":{"type":"JointPositionCommand","control":{"type":"JointPositionControl"}}},"head":{"type":"HeadCommand","control":{"type":"JointPositionCommand","control":{"type":"JointPositionControl"}}}}}}
[07/30/26 12:27:35.009902] [info] [01:40:54.139101] [ControlInterface] Control completed successfully.
[07/30/26 12:27:35.009911] [debug] [01:40:54.139111] [ControlInterface::ExecutionStats] Average Control Time: 0.001 ms (max: 0.018 ms, min: 0.001 ms, sigma: 0.000 ms, count: 2630)
[07/30/26 12:27:35.010646] [debug] [01:40:54.139847] [Service] Server method called: /rb.api.RobotCommandService/RobotCommandStream
[07/30/26 12:27:35.010658] [debug] [01:40:54.139862] [Service::RobotCommandService::RobotCommandStream] Stream is created
[07/30/26 12:27:35.022272] [debug] [01:40:54.151472] [Service::RobotCommandService::RobotCommandStream] Requested: robot_command { component_based_command { mobility_command { se2_velocity_command { command_header { control_hold_time { seconds: 1 } } minimum_time { nanos: 10100000 } velocity { linear { } } acceleration_limit { linear { x: 1 y: 1 } angular: 1 } } } body_command { joint_impedance_control_command { command_header { control_hold_time { seconds: 1 } } minimum_time { nanos: 10100000 } position: -6.9205822339944687e-05 position: 0.78511960959961913 ... [truncated]
[07/30/26 12:27:35.022279] [debug] [01:40:54.151483] [Service::RobotCommandService::RobotCommandStream]   Peer: ipv4:192.168.30.230:49724
[07/30/26 12:27:35.022440] [debug] [01:40:54.151644] [Service::RobotCommandService::RobotCommandStream]   IP: 192.168.30.230, Family: ipv4
[07/30/26 12:27:35.027826] [info] [01:40:54.157030] [ControlManager] Control started: {"type":"RobotCommand","control":{"type":"ComponentBasedCommand","components":{"mobility":{"type":"MobilityCommand","control":{"type":"SE2VelocityCommand","control":{"type":"MobilitySE2VelocityControl"}}},"body":{"type":"BodyCommand","control":{"type":"JointImpedanceControlCommand","control":{"type":"JointImpedanceControl"}}},"head":{"type":"HeadCommand","control":{"type":"JointPositionCommand","control":{"type":"JointPositionControl"}}}}}} (priority: 1)
[07/30/26 12:27:45.025949] [debug] [01:41:04.155138] [ControlInterface::ExecutionStats] Average Control Time: 0.122 ms (max: 0.194 ms, min: 0.111 ms, sigma: 0.005 ms, count: 5000)
[07/30/26 12:27:48.208495] [debug] [01:41:07.337686] [Service] Server method called: /rb.api.RobotCommandService/RobotCommand
[07/30/26 12:27:48.208528] [debug] [01:41:07.337732] [Service::RobotCommandService::RobotCommand] Requested: robot_command { whole_body_command { stop_command { } } } priority: 99
[07/30/26 12:27:48.208532] [debug] [01:41:07.337738] [Service::RobotCommandService::RobotCommand]   Peer: ipv4:192.168.30.230:49724
[07/30/26 12:27:48.208688] [debug] [01:41:07.337892] [Service::RobotCommandService::RobotCommand]   IP: 192.168.30.230, Family: ipv4
[07/30/26 12:27:48.311975] [debug] [01:41:07.441174] [ControlManager] Control finished: {"type":"RobotCommand","control":{"type":"ComponentBasedCommand","components":{"mobility":{"type":"MobilityCommand","control":{"type":"SE2VelocityCommand","control":{"type":"MobilitySE2VelocityControl"}}},"body":{"type":"BodyCommand","control":{"type":"JointImpedanceControlCommand","control":{"type":"JointImpedanceControl"}}},"head":{"type":"HeadCommand","control":{"type":"JointPositionCommand","control":{"type":"JointPositionControl"}}}}}}
[07/30/26 12:27:48.312076] [debug] [01:41:07.441274] [Service::RobotCommandService::RobotCommandStream] OnReadDone (write_done: true, read_done: true)
[07/30/26 12:27:48.312124] [debug] [01:41:07.441323] [Service::RobotCommandService::RobotCommandStream] OnCancel
[07/30/26 12:27:48.312169] [info] [01:41:07.441370] [ControlInterface] Control was preempted or canceled by another request.
[07/30/26 12:27:48.312178] [debug] [01:41:07.441378] [ControlInterface::ExecutionStats] Average Control Time: 0.120 ms (max: 0.138 ms, min: 0.111 ms, sigma: 0.005 ms, count: 1643)
[07/30/26 12:27:48.312239] [debug] [01:41:07.441441] [Service::RobotCommandService::RobotCommandStream] OnDone: robot_command { component_based_command { mobility_command { se2_velocity_command { command_header { control_hold_time { seconds: 1 } } minimum_time { nanos: 10100000 } velocity { linear { } } acceleration_limit { linear { x: 1 y: 1 } angular: 1 } } } body_command { joint_impedance_control_command { command_header { control_hold_time { seconds: 1 } } minimum_time { nanos: 10100000 } position: -0.049999734027020973 position: 1.0064538541276014 pos... [truncated]
[07/30/26 12:27:48.313815] [info] [01:41:07.443018] [ControlManager] Control started: {"type":"RobotCommand","control":{"type":"WholeBodyCommand","control":{"type":"StopControl","control":{"type":"JointVelocityControl"}}}} (priority: 99)
[07/30/26 12:27:48.313835] [debug] [01:41:07.443040] [ControlManager] Control finished: {"type":"RobotCommand","control":{"type":"WholeBodyCommand","control":{"type":"StopControl","control":{"type":"JointVelocityControl"}}}}
[07/30/26 12:27:48.313872] [info] [01:41:07.443074] [ControlInterface] Control completed successfully.
[07/30/26 12:27:48.313878] [debug] [01:41:07.443079] [ControlInterface::ExecutionStats] Average Control Time: 0.005 ms (max: 0.005 ms, min: 0.005 ms, sigma: 0.000 ms, count: 1)
[07/30/26 12:27:48.314521] [debug] [01:41:07.443722] [Service] Server method called: /rb.api.ControlManagerService/ControlManagerCommand
[07/30/26 12:27:48.314545] [debug] [01:41:07.443748] [Service::ControlManagerService::ControlManagerCommand] Requested: request_header { request_timestamp { seconds: 1785382014 nanos: 517996295 } } command: COMMAND_DISABLE
[07/30/26 12:27:48.314549] [info] [01:41:07.443754] [ControlManager::Disable] Disable request received. Starting the disabling process...
[07/30/26 12:27:48.315814] [info] [01:41:07.445018] [ControlManager::Disable] Control Manager successfully disabled
[07/30/26 12:27:49.302810] [debug] [01:41:08.432003] [Hardware] Hardware Loop Stat (avg: 2.000 ms, min: 1.998 ms, max: 2.002 ms, count: 15000)
[07/30/26 12:27:49.437801] [debug] [01:41:08.567003] [ControlManager] Control Manager Loop Stat (avg: 2.000 ms, min: 1.999 ms, max: 2.001 ms, count: 15000)
[07/30/26 12:28:14.765465] [debug] [01:41:33.894659] [Service] Server method called: /rb.api.RobotInfoService/GetRobotInfo
[07/30/26 12:28:14.765499] [debug] [01:41:33.894702] [Service::RobotInfoService::GetRobotInfo] Requested: request_header { request_timestamp { seconds: 1785382040 nanos: 968300928 } }
[07/30/26 12:28:14.766358] [debug] [01:41:33.895556] [Service] Server method called: /rb.api.RobotStateService/GetRobotState
[07/30/26 12:28:14.766386] [debug] [01:41:33.895589] [Service::RobotStateService::GetRobotState] Requested: request_header { request_timestamp { seconds: 1785382040 nanos: 969262496 } }
[07/30/26 12:28:14.767118] [debug] [01:41:33.896319] [Service] Server method called: /rb.api.RobotInfoService/GetRobotInfo
[07/30/26 12:28:14.767145] [debug] [01:41:33.896348] [Service::RobotInfoService::GetRobotInfo] Requested: request_header { request_timestamp { seconds: 1785382040 nanos: 970071124 } }
[07/30/26 12:28:14.768024] [debug] [01:41:33.897225] [Service] Server method called: /rb.api.RobotStateService/GetRobotState
[07/30/26 12:28:14.768046] [debug] [01:41:33.897249] [Service::RobotStateService::GetRobotState] Requested: request_header { request_timestamp { seconds: 1785382040 nanos: 970965324 } }
[07/30/26 12:28:14.769012] [debug] [01:41:33.898212] [Service] Server method called: /rb.api.RobotStateService/GetControlManagerState
[07/30/26 12:28:14.769032] [debug] [01:41:33.898236] [Service::RobotStateService::GetControlManagerState] Requested: request_header { request_timestamp { seconds: 1785382040 nanos: 971951769 } }
[07/30/26 12:28:14.769441] [debug] [01:41:33.898643] [Service] Server method called: /rb.api.RobotInfoService/GetRobotInfo
[07/30/26 12:28:14.769456] [debug] [01:41:33.898660] [Service::RobotInfoService::GetRobotInfo] Requested: request_header { request_timestamp { seconds: 1785382040 nanos: 972400955 } }
[07/30/26 12:28:14.770030] [debug] [01:41:33.899229] [Service] Server method called: /rb.api.RobotStateService/GetRobotState
[07/30/26 12:28:14.770048] [debug] [01:41:33.899253] [Service::RobotStateService::GetRobotState] Requested: request_header { request_timestamp { seconds: 1785382040 nanos: 972957184 } }
[07/30/26 12:28:14.770521] [debug] [01:41:33.899723] [Service] Server method called: /rb.api.RobotStateService/GetRobotState
[07/30/26 12:28:14.770535] [debug] [01:41:33.899739] [Service::RobotStateService::GetRobotState] Requested: request_header { request_timestamp { seconds: 1785382040 nanos: 973522392 } }
[07/30/26 12:28:14.771047] [debug] [01:41:33.900247] [Service] Server method called: /rb.api.RobotInfoService/GetRobotInfo
[07/30/26 12:28:14.771063] [debug] [01:41:33.900267] [Service::RobotInfoService::GetRobotInfo] Requested: request_header { request_timestamp { seconds: 1785382040 nanos: 974039821 } }
[07/30/26 12:28:14.771635] [debug] [01:41:33.900837] [Service] Server method called: /rb.api.ControlManagerService/ControlManagerCommand
[07/30/26 12:28:14.771656] [debug] [01:41:33.900860] [Service::ControlManagerService::ControlManagerCommand] Requested: request_header { request_timestamp { seconds: 1785382040 nanos: 974631179 } } command: COMMAND_ENABLE unlimited_mode_enabled { }
[07/30/26 12:28:14.771660] [info] [01:41:33.900865] [ControlManager::Enable] Enable request received. Starting the enabling process...
[07/30/26 12:28:14.771812] [info] [01:41:33.901017] [ControlManager::Enable] Control Manager successfully enabled
[07/30/26 12:28:14.772211] [debug] [01:41:33.901404] [Service] Server method called: /rb.api.ParameterService/SetParameter
[07/30/26 12:28:14.772231] [debug] [01:41:33.901434] [Service::ParameterService::SetParameter] Requested: request_header { request_timestamp { seconds: 1785382040 nanos: 975192139 } } name: "cartesian_command.cutoff_frequency" parameter: "{\"value\":5,\"write_db\":true}"
[07/30/26 12:28:14.882670] [debug] [01:41:34.011870] [Service] Server method called: /rb.api.ParameterService/SetParameter
[07/30/26 12:28:14.882687] [debug] [01:41:34.011891] [Service::ParameterService::SetParameter] Requested: request_header { request_timestamp { seconds: 1785382041 nanos: 85626469 } } name: "default.acceleration_limit_scaling" parameter: "{\"value\":1.0,\"write_db\":true}"
[07/30/26 12:28:14.888747] [debug] [01:41:34.017946] [Service] Server method called: /rb.api.ParameterService/SetParameter
[07/30/26 12:28:14.888767] [debug] [01:41:34.017971] [Service::ParameterService::SetParameter] Requested: request_header { request_timestamp { seconds: 1785382041 nanos: 91690501 } } name: "default.angular_acceleration_limit" parameter: "{\"value\":10,\"write_db\":true}"
[07/30/26 12:28:14.894496] [debug] [01:41:34.023696] [Service] Server method called: /rb.api.ParameterService/SetParameter
[07/30/26 12:28:14.894512] [debug] [01:41:34.023716] [Service::ParameterService::SetParameter] Requested: request_header { request_timestamp { seconds: 1785382041 nanos: 97457146 } } name: "default.linear_acceleration_limit" parameter: "{\"value\":20,\"write_db\":true}"
[07/30/26 12:28:14.900655] [debug] [01:41:34.029856] [Service] Server method called: /rb.api.ParameterService/SetParameter
[07/30/26 12:28:14.900672] [debug] [01:41:34.029876] [Service::ParameterService::SetParameter] Requested: request_header { request_timestamp { seconds: 1785382041 nanos: 103597981 } } name: "joint_position_command.cutoff_frequency" parameter: "{\"value\":5,\"write_db\":true}"
[07/30/26 12:28:14.906853] [debug] [01:41:34.036053] [Service] Server method called: /rb.api.RobotCommandService/RobotCommand
[07/30/26 12:28:14.906918] [debug] [01:41:34.036121] [Service::RobotCommandService::RobotCommand] Requested: robot_command { component_based_command { body_command { joint_position_command { command_header { control_hold_time { seconds: 1 } } minimum_time { nanos: 500000000 } position: -0.040460641771557906 position: 1.0679771688331543 position: -1.4213964702084205 position: 0.55929926741669023 position: 0.016995292095485472 position: -0.27065268450810986 position: 0.14790764260222097 position: -0.33053109298572514 position: 0.14619900063551666 position... [truncated]
[07/30/26 12:28:14.906922] [debug] [01:41:34.036127] [Service::RobotCommandService::RobotCommand]   Peer: ipv4:192.168.30.230:49724
[07/30/26 12:28:14.907081] [debug] [01:41:34.036284] [Service::RobotCommandService::RobotCommand]   IP: 192.168.30.230, Family: ipv4
[07/30/26 12:28:14.911833] [info] [01:41:34.041035] [ControlManager] Control started: {"type":"RobotCommand","control":{"type":"ComponentBasedCommand","components":{"mobility":null,"body":{"type":"BodyCommand","control":{"type":"JointPositionCommand","control":{"type":"JointPositionControl"}}},"head":{"type":"HeadCommand","control":{"type":"JointPositionCommand","control":{"type":"JointPositionControl"}}}}}} (priority: 1)
[07/30/26 12:28:16.669839] [debug] [01:41:35.799036] [ControlManager] Control finished: {"type":"RobotCommand","control":{"type":"ComponentBasedCommand","components":{"mobility":null,"body":{"type":"BodyCommand","control":{"type":"JointPositionCommand","control":{"type":"JointPositionControl"}}},"head":{"type":"HeadCommand","control":{"type":"JointPositionCommand","control":{"type":"JointPositionControl"}}}}}}
[07/30/26 12:28:16.669896] [info] [01:41:35.799096] [ControlInterface] Control completed successfully.
[07/30/26 12:28:16.669906] [debug] [01:41:35.799104] [ControlInterface::ExecutionStats] Average Control Time: 0.001 ms (max: 0.023 ms, min: 0.001 ms, sigma: 0.001 ms, count: 880)
[07/30/26 12:28:16.670791] [debug] [01:41:35.799993] [Service] Server method called: /rb.api.PowerService/ToolFlangePowerCommand
[07/30/26 12:28:16.670826] [debug] [01:41:35.800032] [Service::PowerService::ToolFlangePowerCommand] Requested: request_header { request_timestamp { seconds: 1785382042 nanos: 873639724 } } name: "right" command: COMMAND_POWER_12V
[07/30/26 12:28:16.670831] [debug] [01:41:35.800037] [Service::PowerService::ToolFlangePowerCommand] Result: Success
[07/30/26 12:28:16.671378] [debug] [01:41:35.800580] [Service] Server method called: /rb.api.PowerService/ToolFlangePowerCommand
[07/30/26 12:28:16.671396] [debug] [01:41:35.800600] [Service::PowerService::ToolFlangePowerCommand] Requested: request_header { request_timestamp { seconds: 1785382042 nanos: 874325351 } } name: "left" command: COMMAND_POWER_12V
[07/30/26 12:28:16.671400] [debug] [01:41:35.800605] [Service::PowerService::ToolFlangePowerCommand] Result: Success
[07/30/26 12:28:17.849002] [debug] [01:41:36.978199] [Service] Server method called: /rb.api.RobotCommandService/RobotCommand
[07/30/26 12:28:17.849068] [debug] [01:41:36.978270] [Service::RobotCommandService::RobotCommand] Requested: robot_command { component_based_command { body_command { joint_position_command { command_header { control_hold_time { seconds: 1 } } minimum_time { seconds: 4 } position: 0 position: 0.78539816339744828 position: -1.3962634015954636 position: 0.78539816339744828 position: 0 position: 0 position: 0 position: -0.26179938779914941 position: 0 position: -2.0943951023931953 position: 0 position: 0.52359877559829882 position: 0 position: 0 position: 0... [truncated]
[07/30/26 12:28:17.849072] [debug] [01:41:36.978277] [Service::RobotCommandService::RobotCommand]   Peer: ipv4:192.168.30.230:49724
[07/30/26 12:28:17.849224] [debug] [01:41:36.978428] [Service::RobotCommandService::RobotCommand]   IP: 192.168.30.230, Family: ipv4
[07/30/26 12:28:17.853824] [info] [01:41:36.983026] [ControlManager] Control started: {"type":"RobotCommand","control":{"type":"ComponentBasedCommand","components":{"mobility":null,"body":{"type":"BodyCommand","control":{"type":"JointPositionCommand","control":{"type":"JointPositionControl"}}},"head":{"type":"HeadCommand","control":{"type":"JointPositionCommand","control":{"type":"JointPositionControl"}}}}}} (priority: 1)
[07/30/26 12:28:19.302810] [debug] [01:41:38.432003] [Hardware] Hardware Loop Stat (avg: 2.000 ms, min: 1.998 ms, max: 2.002 ms, count: 15000)
[07/30/26 12:28:19.437800] [debug] [01:41:38.567002] [ControlManager] Control Manager Loop Stat (avg: 2.000 ms, min: 1.998 ms, max: 2.002 ms, count: 15000)
[07/30/26 12:28:23.111839] [debug] [01:41:42.241036] [ControlManager] Control finished: {"type":"RobotCommand","control":{"type":"ComponentBasedCommand","components":{"mobility":null,"body":{"type":"BodyCommand","control":{"type":"JointPositionCommand","control":{"type":"JointPositionControl"}}},"head":{"type":"HeadCommand","control":{"type":"JointPositionCommand","control":{"type":"JointPositionControl"}}}}}}
[07/30/26 12:28:23.112642] [info] [01:41:42.241816] [ControlInterface] Control completed successfully.
[07/30/26 12:28:23.112702] [debug] [01:41:42.241877] [ControlInterface::ExecutionStats] Average Control Time: 0.001 ms (max: 0.018 ms, min: 0.001 ms, sigma: 0.000 ms, count: 2630)
[07/30/26 12:28:23.113374] [debug] [01:41:42.242575] [Service] Server method called: /rb.api.RobotCommandService/RobotCommandStream
[07/30/26 12:28:23.113385] [debug] [01:41:42.242589] [Service::RobotCommandService::RobotCommandStream] Stream is created
[07/30/26 12:28:23.124610] [debug] [01:41:42.253809] [Service::RobotCommandService::RobotCommandStream] Requested: robot_command { component_based_command { mobility_command { se2_velocity_command { command_header { control_hold_time { seconds: 1 } } minimum_time { nanos: 10100000 } velocity { linear { } } acceleration_limit { linear { x: 1 y: 1 } angular: 1 } } } body_command { joint_impedance_control_command { command_header { control_hold_time { seconds: 1 } } minimum_time { nanos: 10100000 } position: 1.272086620832451e-05 position: 0.7850747171973711 pos... [truncated]
[07/30/26 12:28:23.124617] [debug] [01:41:42.253822] [Service::RobotCommandService::RobotCommandStream]   Peer: ipv4:192.168.30.230:49724
[07/30/26 12:28:23.124774] [debug] [01:41:42.253979] [Service::RobotCommandService::RobotCommandStream]   IP: 192.168.30.230, Family: ipv4
[07/30/26 12:28:23.129828] [info] [01:41:42.259032] [ControlManager] Control started: {"type":"RobotCommand","control":{"type":"ComponentBasedCommand","components":{"mobility":{"type":"MobilityCommand","control":{"type":"SE2VelocityCommand","control":{"type":"MobilitySE2VelocityControl"}}},"body":{"type":"BodyCommand","control":{"type":"JointImpedanceControlCommand","control":{"type":"JointImpedanceControl"}}},"head":{"type":"HeadCommand","control":{"type":"JointPositionCommand","control":{"type":"JointPositionControl"}}}}}} (priority: 1)
[07/30/26 12:28:23.581529] [debug] [01:41:42.710723] [Service] Server method called: /rb.api.RobotCommandService/RobotCommand
[07/30/26 12:28:23.581559] [debug] [01:41:42.710762] [Service::RobotCommandService::RobotCommand] Requested: robot_command { whole_body_command { stop_command { } } } priority: 99
[07/30/26 12:28:23.581562] [debug] [01:41:42.710767] [Service::RobotCommandService::RobotCommand]   Peer: ipv4:192.168.30.230:49724
[07/30/26 12:28:23.581715] [debug] [01:41:42.710919] [Service::RobotCommandService::RobotCommand]   IP: 192.168.30.230, Family: ipv4
[07/30/26 12:28:23.683967] [debug] [01:41:42.813167] [ControlManager] Control finished: {"type":"RobotCommand","control":{"type":"ComponentBasedCommand","components":{"mobility":{"type":"MobilityCommand","control":{"type":"SE2VelocityCommand","control":{"type":"MobilitySE2VelocityControl"}}},"body":{"type":"BodyCommand","control":{"type":"JointImpedanceControlCommand","control":{"type":"JointImpedanceControl"}}},"head":{"type":"HeadCommand","control":{"type":"JointPositionCommand","control":{"type":"JointPositionControl"}}}}}}
[07/30/26 12:28:23.684075] [debug] [01:41:42.813273] [Service::RobotCommandService::RobotCommandStream] OnReadDone (write_done: true, read_done: true)
[07/30/26 12:28:23.684089] [debug] [01:41:42.813289] [Service::RobotCommandService::RobotCommandStream] OnCancel
[07/30/26 12:28:23.684168] [info] [01:41:42.813370] [ControlInterface] Control was preempted or canceled by another request.
[07/30/26 12:28:23.684176] [debug] [01:41:42.813377] [ControlInterface::ExecutionStats] Average Control Time: 0.120 ms (max: 0.191 ms, min: 0.111 ms, sigma: 0.006 ms, count: 278)
[07/30/26 12:28:23.684224] [debug] [01:41:42.813426] [Service::RobotCommandService::RobotCommandStream] OnDone: robot_command { component_based_command { mobility_command { se2_velocity_command { command_header { control_hold_time { seconds: 1 } } minimum_time { nanos: 10100000 } velocity { linear { } } acceleration_limit { linear { x: 1 y: 1 } angular: 1 } } } body_command { joint_impedance_control_command { command_header { control_hold_time { seconds: 1 } } minimum_time { nanos: 10100000 } position: -0.0018075413563252876 position: 0.79715957121793246 p... [truncated]
[07/30/26 12:28:23.685813] [info] [01:41:42.815017] [ControlManager] Control started: {"type":"RobotCommand","control":{"type":"WholeBodyCommand","control":{"type":"StopControl","control":{"type":"JointVelocityControl"}}}} (priority: 99)
[07/30/26 12:28:23.685832] [debug] [01:41:42.815037] [ControlManager] Control finished: {"type":"RobotCommand","control":{"type":"WholeBodyCommand","control":{"type":"StopControl","control":{"type":"JointVelocityControl"}}}}
[07/30/26 12:28:23.685871] [info] [01:41:42.815074] [ControlInterface] Control completed successfully.
[07/30/26 12:28:23.685875] [debug] [01:41:42.815079] [ControlInterface::ExecutionStats] Average Control Time: 0.005 ms (max: 0.005 ms, min: 0.005 ms, sigma: 0.000 ms, count: 1)
[07/30/26 12:28:23.686736] [debug] [01:41:42.815937] [Service] Server method called: /rb.api.ControlManagerService/ControlManagerCommand
[07/30/26 12:28:23.686786] [debug] [01:41:42.815988] [Service::ControlManagerService::ControlManagerCommand] Requested: request_header { request_timestamp { seconds: 1785382049 nanos: 889460922 } } command: COMMAND_DISABLE
[07/30/26 12:28:23.686790] [info] [01:41:42.815995] [ControlManager::Disable] Disable request received. Starting the disabling process...
[07/30/26 12:28:23.687817] [info] [01:41:42.817020] [ControlManager::Disable] Control Manager successfully disabled
[07/30/26 12:28:35.845856] [debug] [01:41:54.975050] [Service] Server method called: /rb.api.RobotInfoService/GetRobotInfo
[07/30/26 12:28:35.845891] [debug] [01:41:54.975095] [Service::RobotInfoService::GetRobotInfo] Requested: request_header { request_timestamp { seconds: 1785382062 nanos: 48319038 } }
[07/30/26 12:28:35.846650] [debug] [01:41:54.975848] [Service] Server method called: /rb.api.RobotStateService/GetRobotState
[07/30/26 12:28:35.846675] [debug] [01:41:54.975879] [Service::RobotStateService::GetRobotState] Requested: request_header { request_timestamp { seconds: 1785382062 nanos: 49127468 } }
[07/30/26 12:28:35.847295] [debug] [01:41:54.976494] [Service] Server method called: /rb.api.RobotInfoService/GetRobotInfo
[07/30/26 12:28:35.847316] [debug] [01:41:54.976520] [Service::RobotInfoService::GetRobotInfo] Requested: request_header { request_timestamp { seconds: 1785382062 nanos: 49851356 } }
[07/30/26 12:28:35.847884] [debug] [01:41:54.977086] [Service] Server method called: /rb.api.RobotStateService/GetRobotState
[07/30/26 12:28:35.847901] [debug] [01:41:54.977105] [Service::RobotStateService::GetRobotState] Requested: request_header { request_timestamp { seconds: 1785382062 nanos: 50456199 } }
[07/30/26 12:28:35.848433] [debug] [01:41:54.977633] [Service] Server method called: /rb.api.RobotStateService/GetControlManagerState
[07/30/26 12:28:35.848451] [debug] [01:41:54.977655] [Service::RobotStateService::GetControlManagerState] Requested: request_header { request_timestamp { seconds: 1785382062 nanos: 51004328 } }
[07/30/26 12:28:35.848920] [debug] [01:41:54.978122] [Service] Server method called: /rb.api.RobotInfoService/GetRobotInfo
[07/30/26 12:28:35.848936] [debug] [01:41:54.978140] [Service::RobotInfoService::GetRobotInfo] Requested: request_header { request_timestamp { seconds: 1785382062 nanos: 51473306 } }
[07/30/26 12:28:35.849532] [debug] [01:41:54.978734] [Service] Server method called: /rb.api.RobotStateService/GetRobotState
[07/30/26 12:28:35.849544] [debug] [01:41:54.978748] [Service::RobotStateService::GetRobotState] Requested: request_header { request_timestamp { seconds: 1785382062 nanos: 52087870 } }
[07/30/26 12:28:35.850084] [debug] [01:41:54.979286] [Service] Server method called: /rb.api.RobotStateService/GetRobotState
[07/30/26 12:28:35.850097] [debug] [01:41:54.979301] [Service::RobotStateService::GetRobotState] Requested: request_header { request_timestamp { seconds: 1785382062 nanos: 52661210 } }
[07/30/26 12:28:35.850529] [debug] [01:41:54.979728] [Service] Server method called: /rb.api.RobotInfoService/GetRobotInfo
[07/30/26 12:28:35.850548] [debug] [01:41:54.979752] [Service::RobotInfoService::GetRobotInfo] Requested: request_header { request_timestamp { seconds: 1785382062 nanos: 53088874 } }
[07/30/26 12:28:35.851069] [debug] [01:41:54.980271] [Service] Server method called: /rb.api.ControlManagerService/ControlManagerCommand
[07/30/26 12:28:35.851087] [debug] [01:41:54.980291] [Service::ControlManagerService::ControlManagerCommand] Requested: request_header { request_timestamp { seconds: 1785382062 nanos: 53636725 } } command: COMMAND_ENABLE unlimited_mode_enabled { }
[07/30/26 12:28:35.851091] [info] [01:41:54.980296] [ControlManager::Enable] Enable request received. Starting the enabling process...
[07/30/26 12:28:35.851812] [info] [01:41:54.981016] [ControlManager::Enable] Control Manager successfully enabled
[07/30/26 12:28:35.852150] [debug] [01:41:54.981353] [Service] Server method called: /rb.api.ParameterService/SetParameter
[07/30/26 12:28:35.852167] [debug] [01:41:54.981371] [Service::ParameterService::SetParameter] Requested: request_header { request_timestamp { seconds: 1785382062 nanos: 54717709 } } name: "cartesian_command.cutoff_frequency" parameter: "{\"value\":5,\"write_db\":true}"
[07/30/26 12:28:35.861004] [debug] [01:41:54.990204] [Service] Server method called: /rb.api.ParameterService/SetParameter
[07/30/26 12:28:35.861034] [debug] [01:41:54.990237] [Service::ParameterService::SetParameter] Requested: request_header { request_timestamp { seconds: 1785382062 nanos: 63559665 } } name: "default.acceleration_limit_scaling" parameter: "{\"value\":1.0,\"write_db\":true}"
[07/30/26 12:28:35.864328] [debug] [01:41:54.993528] [Service] Server method called: /rb.api.ParameterService/SetParameter
[07/30/26 12:28:35.864346] [debug] [01:41:54.993550] [Service::ParameterService::SetParameter] Requested: request_header { request_timestamp { seconds: 1785382062 nanos: 66887983 } } name: "default.angular_acceleration_limit" parameter: "{\"value\":10,\"write_db\":true}"
[07/30/26 12:28:35.867766] [debug] [01:41:54.996967] [Service] Server method called: /rb.api.ParameterService/SetParameter
[07/30/26 12:28:35.867784] [debug] [01:41:54.996987] [Service::ParameterService::SetParameter] Requested: request_header { request_timestamp { seconds: 1785382062 nanos: 70326509 } } name: "default.linear_acceleration_limit" parameter: "{\"value\":20,\"write_db\":true}"
[07/30/26 12:28:35.871282] [debug] [01:41:55.000482] [Service] Server method called: /rb.api.ParameterService/SetParameter
[07/30/26 12:28:35.871299] [debug] [01:41:55.000503] [Service::ParameterService::SetParameter] Requested: request_header { request_timestamp { seconds: 1785382062 nanos: 73794646 } } name: "joint_position_command.cutoff_frequency" parameter: "{\"value\":5,\"write_db\":true}"
[07/30/26 12:28:35.874735] [debug] [01:41:55.003935] [Service] Server method called: /rb.api.RobotCommandService/RobotCommand
[07/30/26 12:28:35.874813] [debug] [01:41:55.004015] [Service::RobotCommandService::RobotCommand] Requested: robot_command { component_based_command { body_command { joint_position_command { command_header { control_hold_time { seconds: 1 } } minimum_time { nanos: 500000000 } position: -7.5939642964635708e-05 position: 0.78545511812967184 position: -1.4166312576123896 position: 0.78543613321893069 position: 1.8984910741158927e-05 position: 4.9360767927013206e-05 position: -0.0015681536272197274 position: -0.26182849799561919 position: 0.0001860521252633... [truncated]
[07/30/26 12:28:35.874816] [debug] [01:41:55.004021] [Service::RobotCommandService::RobotCommand]   Peer: ipv4:192.168.30.230:49724
[07/30/26 12:28:35.874965] [debug] [01:41:55.004169] [Service::RobotCommandService::RobotCommand]   IP: 192.168.30.230, Family: ipv4
[07/30/26 12:28:35.879836] [info] [01:41:55.009038] [ControlManager] Control started: {"type":"RobotCommand","control":{"type":"ComponentBasedCommand","components":{"mobility":null,"body":{"type":"BodyCommand","control":{"type":"JointPositionCommand","control":{"type":"JointPositionControl"}}},"head":{"type":"HeadCommand","control":{"type":"JointPositionCommand","control":{"type":"JointPositionControl"}}}}}} (priority: 1)
[07/30/26 12:28:37.637836] [debug] [01:41:56.767036] [ControlManager] Control finished: {"type":"RobotCommand","control":{"type":"ComponentBasedCommand","components":{"mobility":null,"body":{"type":"BodyCommand","control":{"type":"JointPositionCommand","control":{"type":"JointPositionControl"}}},"head":{"type":"HeadCommand","control":{"type":"JointPositionCommand","control":{"type":"JointPositionControl"}}}}}}
[07/30/26 12:28:37.637893] [info] [01:41:56.767094] [ControlInterface] Control completed successfully.
[07/30/26 12:28:37.637903] [debug] [01:41:56.767102] [ControlInterface::ExecutionStats] Average Control Time: 0.001 ms (max: 0.023 ms, min: 0.001 ms, sigma: 0.001 ms, count: 880)
[07/30/26 12:28:37.638506] [debug] [01:41:56.767706] [Service] Server method called: /rb.api.PowerService/ToolFlangePowerCommand
[07/30/26 12:28:37.638537] [debug] [01:41:56.767741] [Service::PowerService::ToolFlangePowerCommand] Requested: request_header { request_timestamp { seconds: 1785382063 nanos: 840923319 } } name: "right" command: COMMAND_POWER_12V
[07/30/26 12:28:37.638541] [debug] [01:41:56.767746] [Service::PowerService::ToolFlangePowerCommand] Result: Success
[07/30/26 12:28:37.638997] [debug] [01:41:56.768198] [Service] Server method called: /rb.api.PowerService/ToolFlangePowerCommand
[07/30/26 12:28:37.639021] [debug] [01:41:56.768224] [Service::PowerService::ToolFlangePowerCommand] Requested: request_header { request_timestamp { seconds: 1785382063 nanos: 841482914 } } name: "left" command: COMMAND_POWER_12V
[07/30/26 12:28:37.639025] [debug] [01:41:56.768230] [Service::PowerService::ToolFlangePowerCommand] Result: Success
[07/30/26 12:28:38.807062] [debug] [01:41:57.936257] [Service] Server method called: /rb.api.RobotCommandService/RobotCommand
[07/30/26 12:28:38.807143] [debug] [01:41:57.936344] [Service::RobotCommandService::RobotCommand] Requested: robot_command { component_based_command { body_command { joint_position_command { command_header { control_hold_time { seconds: 1 } } minimum_time { seconds: 4 } position: 0 position: 0.78539816339744828 position: -1.3962634015954636 position: 0.78539816339744828 position: 0 position: 0 position: 0 position: -0.26179938779914941 position: 0 position: -2.0943951023931953 position: 0 position: 0.52359877559829882 position: 0 position: 0 position: 0... [truncated]
[07/30/26 12:28:38.807147] [debug] [01:41:57.936352] [Service::RobotCommandService::RobotCommand]   Peer: ipv4:192.168.30.230:49724
[07/30/26 12:28:38.807314] [debug] [01:41:57.936517] [Service::RobotCommandService::RobotCommand]   IP: 192.168.30.230, Family: ipv4
[07/30/26 12:28:38.811827] [info] [01:41:57.941029] [ControlManager] Control started: {"type":"RobotCommand","control":{"type":"ComponentBasedCommand","components":{"mobility":null,"body":{"type":"BodyCommand","control":{"type":"JointPositionCommand","control":{"type":"JointPositionControl"}}},"head":{"type":"HeadCommand","control":{"type":"JointPositionCommand","control":{"type":"JointPositionControl"}}}}}} (priority: 1)
[07/30/26 12:28:44.069840] [debug] [01:42:03.199037] [ControlManager] Control finished: {"type":"RobotCommand","control":{"type":"ComponentBasedCommand","components":{"mobility":null,"body":{"type":"BodyCommand","control":{"type":"JointPositionCommand","control":{"type":"JointPositionControl"}}},"head":{"type":"HeadCommand","control":{"type":"JointPositionCommand","control":{"type":"JointPositionControl"}}}}}}
[07/30/26 12:28:44.069902] [info] [01:42:03.199101] [ControlInterface] Control completed successfully.
[07/30/26 12:28:44.069912] [debug] [01:42:03.199111] [ControlInterface::ExecutionStats] Average Control Time: 0.001 ms (max: 0.017 ms, min: 0.001 ms, sigma: 0.000 ms, count: 2630)
[07/30/26 12:28:44.070449] [debug] [01:42:03.199649] [Service] Server method called: /rb.api.RobotCommandService/RobotCommandStream
[07/30/26 12:28:44.070461] [debug] [01:42:03.199665] [Service::RobotCommandService::RobotCommandStream] Stream is created
[07/30/26 12:28:44.081850] [debug] [01:42:03.211050] [Service::RobotCommandService::RobotCommandStream] Requested: robot_command { component_based_command { mobility_command { se2_velocity_command { command_header { control_hold_time { seconds: 1 } } minimum_time { nanos: 10100000 } velocity { linear { } } acceleration_limit { linear { x: 1 y: 1 } angular: 1 } } } body_command { joint_impedance_control_command { command_header { control_hold_time { seconds: 1 } } minimum_time { nanos: 10100000 } position: -7.5517271080135148e-05 position: 0.78510771760147946 ... [truncated]
[07/30/26 12:28:44.081858] [debug] [01:42:03.211062] [Service::RobotCommandService::RobotCommandStream]   Peer: ipv4:192.168.30.230:49724
[07/30/26 12:28:44.082015] [debug] [01:42:03.211218] [Service::RobotCommandService::RobotCommandStream]   IP: 192.168.30.230, Family: ipv4
[07/30/26 12:28:44.087826] [info] [01:42:03.217030] [ControlManager] Control started: {"type":"RobotCommand","control":{"type":"ComponentBasedCommand","components":{"mobility":{"type":"MobilityCommand","control":{"type":"SE2VelocityCommand","control":{"type":"MobilitySE2VelocityControl"}}},"body":{"type":"BodyCommand","control":{"type":"JointImpedanceControlCommand","control":{"type":"JointImpedanceControl"}}},"head":{"type":"HeadCommand","control":{"type":"JointPositionCommand","control":{"type":"JointPositionControl"}}}}}} (priority: 1)
[07/30/26 12:28:49.302812] [debug] [01:42:08.432003] [Hardware] Hardware Loop Stat (avg: 2.000 ms, min: 1.999 ms, max: 2.001 ms, count: 15000)
[07/30/26 12:28:49.437802] [debug] [01:42:08.567003] [ControlManager] Control Manager Loop Stat (avg: 2.000 ms, min: 1.999 ms, max: 2.001 ms, count: 15000)
[07/30/26 12:28:54.085946] [debug] [01:42:13.215136] [ControlInterface::ExecutionStats] Average Control Time: 0.122 ms (max: 0.201 ms, min: 0.111 ms, sigma: 0.005 ms, count: 5000)
[07/30/26 12:28:57.271085] [debug] [01:42:16.400279] [Service] Server method called: /rb.api.RobotCommandService/RobotCommand
[07/30/26 12:28:57.271119] [debug] [01:42:16.400322] [Service::RobotCommandService::RobotCommand] Requested: robot_command { whole_body_command { stop_command { } } } priority: 99
[07/30/26 12:28:57.271122] [debug] [01:42:16.400327] [Service::RobotCommandService::RobotCommand]   Peer: ipv4:192.168.30.230:49724
[07/30/26 12:28:57.271280] [debug] [01:42:16.400483] [Service::RobotCommandService::RobotCommand]   IP: 192.168.30.230, Family: ipv4
[07/30/26 12:28:57.373977] [debug] [01:42:16.503174] [ControlManager] Control finished: {"type":"RobotCommand","control":{"type":"ComponentBasedCommand","components":{"mobility":{"type":"MobilityCommand","control":{"type":"SE2VelocityCommand","control":{"type":"MobilitySE2VelocityControl"}}},"body":{"type":"BodyCommand","control":{"type":"JointImpedanceControlCommand","control":{"type":"JointImpedanceControl"}}},"head":{"type":"HeadCommand","control":{"type":"JointPositionCommand","control":{"type":"JointPositionControl"}}}}}}
[07/30/26 12:28:57.374152] [info] [01:42:16.503351] [ControlInterface] Control was preempted or canceled by another request.
[07/30/26 12:28:57.374159] [debug] [01:42:16.503358] [Service::RobotCommandService::RobotCommandStream] OnReadDone (write_done: true, read_done: true)
[07/30/26 12:28:57.374163] [debug] [01:42:16.503361] [ControlInterface::ExecutionStats] Average Control Time: 0.120 ms (max: 0.137 ms, min: 0.109 ms, sigma: 0.005 ms, count: 1644)
[07/30/26 12:28:57.374169] [debug] [01:42:16.503369] [Service::RobotCommandService::RobotCommandStream] OnCancel
[07/30/26 12:28:57.374311] [debug] [01:42:16.503512] [Service::RobotCommandService::RobotCommandStream] OnDone: robot_command { component_based_command { mobility_command { se2_velocity_command { command_header { control_hold_time { seconds: 1 } } minimum_time { nanos: 10100000 } velocity { linear { } } acceleration_limit { linear { x: 1 y: 1 } angular: 1 } } } body_command { joint_impedance_control_command { command_header { control_hold_time { seconds: 1 } } minimum_time { nanos: 10100000 } position: -0.049999789457722356 position: 1.0090634261003311 pos... [truncated]
[07/30/26 12:28:57.375814] [info] [01:42:16.505018] [ControlManager] Control started: {"type":"RobotCommand","control":{"type":"WholeBodyCommand","control":{"type":"StopControl","control":{"type":"JointVelocityControl"}}}} (priority: 99)
[07/30/26 12:28:57.375834] [debug] [01:42:16.505039] [ControlManager] Control finished: {"type":"RobotCommand","control":{"type":"WholeBodyCommand","control":{"type":"StopControl","control":{"type":"JointVelocityControl"}}}}
[07/30/26 12:28:57.375869] [info] [01:42:16.505071] [ControlInterface] Control completed successfully.
[07/30/26 12:28:57.375875] [debug] [01:42:16.505077] [ControlInterface::ExecutionStats] Average Control Time: 0.005 ms (max: 0.005 ms, min: 0.005 ms, sigma: 0.000 ms, count: 1)
[07/30/26 12:28:57.376644] [debug] [01:42:16.505843] [Service] Server method called: /rb.api.ControlManagerService/ControlManagerCommand
[07/30/26 12:28:57.376683] [debug] [01:42:16.505887] [Service::ControlManagerService::ControlManagerCommand] Requested: request_header { request_timestamp { seconds: 1785382083 nanos: 578741443 } } command: COMMAND_DISABLE
[07/30/26 12:28:57.376686] [info] [01:42:16.505891] [ControlManager::Disable] Disable request received. Starting the disabling process...
[07/30/26 12:28:57.377814] [info] [01:42:16.507019] [ControlManager::Disable] Control Manager successfully disabled
[07/30/26 12:29:19.302812] [debug] [01:42:38.432003] [Hardware] Hardware Loop Stat (avg: 2.000 ms, min: 1.998 ms, max: 2.003 ms, count: 15000)
[07/30/26 12:29:19.437801] [debug] [01:42:38.567003] [ControlManager] Control Manager Loop Stat (avg: 2.000 ms, min: 1.997 ms, max: 2.003 ms, count: 15000)
[07/30/26 12:29:49.302811] [debug] [01:43:08.432003] [Hardware] Hardware Loop Stat (avg: 2.000 ms, min: 1.999 ms, max: 2.001 ms, count: 15000)
[07/30/26 12:29:49.437801] [debug] [01:43:08.567002] [ControlManager] Control Manager Loop Stat (avg: 2.000 ms, min: 1.999 ms, max: 2.001 ms, count: 15000)
[07/30/26 12:30:19.302810] [debug] [01:43:38.432003] [Hardware] Hardware Loop Stat (avg: 2.000 ms, min: 1.997 ms, max: 2.003 ms, count: 15000)
[07/30/26 12:30:19.437800] [debug] [01:43:38.567002] [ControlManager] Control Manager Loop Stat (avg: 2.000 ms, min: 1.997 ms, max: 2.003 ms, count: 15000)
[07/30/26 12:30:49.302812] [debug] [01:44:08.432003] [Hardware] Hardware Loop Stat (avg: 2.000 ms, min: 1.999 ms, max: 2.001 ms, count: 15000)
[07/30/26 12:30:49.437800] [debug] [01:44:08.567002] [ControlManager] Control Manager Loop Stat (avg: 2.000 ms, min: 1.998 ms, max: 2.002 ms, count: 15000)
[07/30/26 12:31:19.302811] [debug] [01:44:38.432002] [Hardware] Hardware Loop Stat (avg: 2.000 ms, min: 1.999 ms, max: 2.001 ms, count: 15000)
[07/30/26 12:31:19.437800] [debug] [01:44:38.567002] [ControlManager] Control Manager Loop Stat (avg: 2.000 ms, min: 1.998 ms, max: 2.002 ms, count: 15000)
[07/30/26 12:31:49.302811] [debug] [01:45:08.432003] [Hardware] Hardware Loop Stat (avg: 2.000 ms, min: 1.998 ms, max: 2.002 ms, count: 15000)
[07/30/26 12:31:49.437800] [debug] [01:45:08.567002] [ControlManager] Control Manager Loop Stat (avg: 2.000 ms, min: 1.998 ms, max: 2.002 ms, count: 15000)
[07/30/26 12:32:19.302810] [debug] [01:45:38.432003] [Hardware] Hardware Loop Stat (avg: 2.000 ms, min: 1.997 ms, max: 2.003 ms, count: 15000)
[07/30/26 12:32:19.437799] [debug] [01:45:38.567002] [ControlManager] Control Manager Loop Stat (avg: 2.000 ms, min: 1.998 ms, max: 2.002 ms, count: 15000)
[07/30/26 12:32:49.302810] [debug] [01:46:08.432003] [Hardware] Hardware Loop Stat (avg: 2.000 ms, min: 1.999 ms, max: 2.001 ms, count: 15000)
[07/30/26 12:32:49.437799] [debug] [01:46:08.567002] [ControlManager] Control Manager Loop Stat (avg: 2.000 ms, min: 1.997 ms, max: 2.003 ms, count: 15000)
[07/30/26 12:33:09.669832] [debug] [01:46:28.799026] [Service] Server method called: /rb.api.RobotInfoService/GetRobotInfo
[07/30/26 12:33:09.669868] [debug] [01:46:28.799071] [Service::RobotInfoService::GetRobotInfo] Requested: request_header { request_timestamp { seconds: 1785382335 nanos: 867331304 } }
[07/30/26 12:33:09.670489] [debug] [01:46:28.799690] [Service] Server method called: /rb.api.RobotStateService/GetRobotState
[07/30/26 12:33:09.670511] [debug] [01:46:28.799715] [Service::RobotStateService::GetRobotState] Requested: request_header { request_timestamp { seconds: 1785382335 nanos: 868135002 } }
[07/30/26 12:33:09.671176] [debug] [01:46:28.800376] [Service] Server method called: /rb.api.RobotInfoService/GetRobotInfo
[07/30/26 12:33:09.671201] [debug] [01:46:28.800405] [Service::RobotInfoService::GetRobotInfo] Requested: request_header { request_timestamp { seconds: 1785382335 nanos: 868826654 } }
[07/30/26 12:33:09.671888] [debug] [01:46:28.801089] [Service] Server method called: /rb.api.RobotStateService/GetRobotState
[07/30/26 12:33:09.671904] [debug] [01:46:28.801108] [Service::RobotStateService::GetRobotState] Requested: request_header { request_timestamp { seconds: 1785382335 nanos: 869542605 } }
[07/30/26 12:33:09.672698] [debug] [01:46:28.801900] [Service] Server method called: /rb.api.RobotStateService/GetControlManagerState
[07/30/26 12:33:09.672714] [debug] [01:46:28.801918] [Service::RobotStateService::GetControlManagerState] Requested: request_header { request_timestamp { seconds: 1785382335 nanos: 870385329 } }
[07/30/26 12:33:09.673169] [debug] [01:46:28.802371] [Service] Server method called: /rb.api.RobotInfoService/GetRobotInfo
[07/30/26 12:33:09.673192] [debug] [01:46:28.802395] [Service::RobotInfoService::GetRobotInfo] Requested: request_header { request_timestamp { seconds: 1785382335 nanos: 870829047 } }
[07/30/26 12:33:09.673693] [debug] [01:46:28.802895] [Service] Server method called: /rb.api.RobotStateService/GetRobotState
[07/30/26 12:33:09.673706] [debug] [01:46:28.802910] [Service::RobotStateService::GetRobotState] Requested: request_header { request_timestamp { seconds: 1785382335 nanos: 871372324 } }
[07/30/26 12:33:09.674195] [debug] [01:46:28.803396] [Service] Server method called: /rb.api.RobotStateService/GetRobotState
[07/30/26 12:33:09.674211] [debug] [01:46:28.803415] [Service::RobotStateService::GetRobotState] Requested: request_header { request_timestamp { seconds: 1785382335 nanos: 871875139 } }
[07/30/26 12:33:09.674741] [debug] [01:46:28.803943] [Service] Server method called: /rb.api.RobotInfoService/GetRobotInfo
[07/30/26 12:33:09.674768] [debug] [01:46:28.803972] [Service::RobotInfoService::GetRobotInfo] Requested: request_header { request_timestamp { seconds: 1785382335 nanos: 872436803 } }
[07/30/26 12:33:09.675338] [debug] [01:46:28.804540] [Service] Server method called: /rb.api.ControlManagerService/ControlManagerCommand
[07/30/26 12:33:09.675364] [debug] [01:46:28.804568] [Service::ControlManagerService::ControlManagerCommand] Requested: request_header { request_timestamp { seconds: 1785382335 nanos: 873000239 } } command: COMMAND_ENABLE unlimited_mode_enabled { }
[07/30/26 12:33:09.675368] [info] [01:46:28.804573] [ControlManager::Enable] Enable request received. Starting the enabling process...
[07/30/26 12:33:09.675812] [info] [01:46:28.805017] [ControlManager::Enable] Control Manager successfully enabled
[07/30/26 12:33:09.676192] [debug] [01:46:28.805395] [Service] Server method called: /rb.api.ParameterService/SetParameter
[07/30/26 12:33:09.676210] [debug] [01:46:28.805414] [Service::ParameterService::SetParameter] Requested: request_header { request_timestamp { seconds: 1785382335 nanos: 873868650 } } name: "cartesian_command.cutoff_frequency" parameter: "{\"value\":5,\"write_db\":true}"
[07/30/26 12:33:09.686552] [debug] [01:46:28.815751] [Service] Server method called: /rb.api.ParameterService/SetParameter
[07/30/26 12:33:09.686572] [debug] [01:46:28.815776] [Service::ParameterService::SetParameter] Requested: request_header { request_timestamp { seconds: 1785382335 nanos: 884209965 } } name: "default.acceleration_limit_scaling" parameter: "{\"value\":1.0,\"write_db\":true}"
[07/30/26 12:33:09.694696] [debug] [01:46:28.823896] [Service] Server method called: /rb.api.ParameterService/SetParameter
[07/30/26 12:33:09.694723] [debug] [01:46:28.823927] [Service::ParameterService::SetParameter] Requested: request_header { request_timestamp { seconds: 1785382335 nanos: 892338176 } } name: "default.angular_acceleration_limit" parameter: "{\"value\":10,\"write_db\":true}"
[07/30/26 12:33:09.700546] [debug] [01:46:28.829745] [Service] Server method called: /rb.api.ParameterService/SetParameter
[07/30/26 12:33:09.700567] [debug] [01:46:28.829770] [Service::ParameterService::SetParameter] Requested: request_header { request_timestamp { seconds: 1785382335 nanos: 898171229 } } name: "default.linear_acceleration_limit" parameter: "{\"value\":20,\"write_db\":true}"
[07/30/26 12:33:09.706641] [debug] [01:46:28.835841] [Service] Server method called: /rb.api.ParameterService/SetParameter
[07/30/26 12:33:09.706668] [debug] [01:46:28.835871] [Service::ParameterService::SetParameter] Requested: request_header { request_timestamp { seconds: 1785382335 nanos: 904273895 } } name: "joint_position_command.cutoff_frequency" parameter: "{\"value\":5,\"write_db\":true}"
[07/30/26 12:33:09.712421] [debug] [01:46:28.841621] [Service] Server method called: /rb.api.RobotCommandService/RobotCommand
[07/30/26 12:33:09.712493] [debug] [01:46:28.841694] [Service::RobotCommandService::RobotCommand] Requested: robot_command { component_based_command { body_command { joint_position_command { command_header { control_hold_time { seconds: 1 } } minimum_time { nanos: 500000000 } position: -0.039556960020278739 position: 1.0681632209584175 position: -1.4201358721352075 position: 0.55220650476379318 position: 0.014622178252840606 position: -0.27101719479434017 position: 0.15904039426083655 position: -0.32644174321207953 position: 0.14575855070632177 position... [truncated]
[07/30/26 12:33:09.712497] [debug] [01:46:28.841702] [Service::RobotCommandService::RobotCommand]   Peer: ipv4:192.168.30.230:49724
[07/30/26 12:33:09.712650] [debug] [01:46:28.841853] [Service::RobotCommandService::RobotCommand]   IP: 192.168.30.230, Family: ipv4
[07/30/26 12:33:09.717840] [info] [01:46:28.847041] [ControlManager] Control started: {"type":"RobotCommand","control":{"type":"ComponentBasedCommand","components":{"mobility":null,"body":{"type":"BodyCommand","control":{"type":"JointPositionCommand","control":{"type":"JointPositionControl"}}},"head":{"type":"HeadCommand","control":{"type":"JointPositionCommand","control":{"type":"JointPositionControl"}}}}}} (priority: 1)
[07/30/26 12:33:11.475843] [debug] [01:46:30.605040] [ControlManager] Control finished: {"type":"RobotCommand","control":{"type":"ComponentBasedCommand","components":{"mobility":null,"body":{"type":"BodyCommand","control":{"type":"JointPositionCommand","control":{"type":"JointPositionControl"}}},"head":{"type":"HeadCommand","control":{"type":"JointPositionCommand","control":{"type":"JointPositionControl"}}}}}}
[07/30/26 12:33:11.475919] [info] [01:46:30.605117] [ControlInterface] Control completed successfully.
[07/30/26 12:33:11.475928] [debug] [01:46:30.605127] [ControlInterface::ExecutionStats] Average Control Time: 0.001 ms (max: 0.026 ms, min: 0.001 ms, sigma: 0.001 ms, count: 880)
[07/30/26 12:33:11.476636] [debug] [01:46:30.605837] [Service] Server method called: /rb.api.PowerService/ToolFlangePowerCommand
[07/30/26 12:33:11.476677] [debug] [01:46:30.605880] [Service::PowerService::ToolFlangePowerCommand] Requested: request_header { request_timestamp { seconds: 1785382337 nanos: 674195085 } } name: "right" command: COMMAND_POWER_12V
[07/30/26 12:33:11.476682] [debug] [01:46:30.605887] [Service::PowerService::ToolFlangePowerCommand] Result: Success
[07/30/26 12:33:11.477110] [debug] [01:46:30.606308] [Service] Server method called: /rb.api.PowerService/ToolFlangePowerCommand
[07/30/26 12:33:11.477128] [debug] [01:46:30.606332] [Service::PowerService::ToolFlangePowerCommand] Requested: request_header { request_timestamp { seconds: 1785382337 nanos: 674730423 } } name: "left" command: COMMAND_POWER_12V
[07/30/26 12:33:11.477132] [debug] [01:46:30.606337] [Service::PowerService::ToolFlangePowerCommand] Result: Success
[07/30/26 12:33:12.637897] [debug] [01:46:31.767092] [Service] Server method called: /rb.api.RobotCommandService/RobotCommand
[07/30/26 12:33:12.637969] [debug] [01:46:31.767171] [Service::RobotCommandService::RobotCommand] Requested: robot_command { component_based_command { body_command { joint_position_command { command_header { control_hold_time { seconds: 1 } } minimum_time { seconds: 4 } position: 0 position: 0.78539816339744828 position: -1.3962634015954636 position: 0.78539816339744828 position: 0 position: 0 position: 0 position: -0.26179938779914941 position: 0 position: -2.0943951023931953 position: 0 position: 0.52359877559829882 position: 0 position: 0 position: 0... [truncated]
[07/30/26 12:33:12.637973] [debug] [01:46:31.767178] [Service::RobotCommandService::RobotCommand]   Peer: ipv4:192.168.30.230:49724
[07/30/26 12:33:12.638129] [debug] [01:46:31.767333] [Service::RobotCommandService::RobotCommand]   IP: 192.168.30.230, Family: ipv4
[07/30/26 12:33:12.643827] [info] [01:46:31.773027] [ControlManager] Control started: {"type":"RobotCommand","control":{"type":"ComponentBasedCommand","components":{"mobility":null,"body":{"type":"BodyCommand","control":{"type":"JointPositionCommand","control":{"type":"JointPositionControl"}}},"head":{"type":"HeadCommand","control":{"type":"JointPositionCommand","control":{"type":"JointPositionControl"}}}}}} (priority: 1)
[07/30/26 12:33:17.901842] [debug] [01:46:37.031039] [ControlManager] Control finished: {"type":"RobotCommand","control":{"type":"ComponentBasedCommand","components":{"mobility":null,"body":{"type":"BodyCommand","control":{"type":"JointPositionCommand","control":{"type":"JointPositionControl"}}},"head":{"type":"HeadCommand","control":{"type":"JointPositionCommand","control":{"type":"JointPositionControl"}}}}}}
[07/30/26 12:33:17.901912] [info] [01:46:37.031110] [ControlInterface] Control completed successfully.
[07/30/26 12:33:17.901922] [debug] [01:46:37.031121] [ControlInterface::ExecutionStats] Average Control Time: 0.001 ms (max: 0.017 ms, min: 0.001 ms, sigma: 0.000 ms, count: 2630)
[07/30/26 12:33:17.902465] [debug] [01:46:37.031665] [Service] Server method called: /rb.api.RobotCommandService/RobotCommandStream
[07/30/26 12:33:17.902484] [debug] [01:46:37.031687] [Service::RobotCommandService::RobotCommandStream] Stream is created
[07/30/26 12:33:17.934245] [debug] [01:46:37.063444] [Service::RobotCommandService::RobotCommandStream] Requested: robot_command { component_based_command { mobility_command { se2_velocity_command { command_header { control_hold_time { seconds: 1 } } minimum_time { nanos: 10100000 } velocity { linear { } } acceleration_limit { linear { x: 1 y: 1 } angular: 1 } } } body_command { joint_impedance_control_command { command_header { control_hold_time { seconds: 1 } } minimum_time { nanos: 10100000 } position: -9.8532901921412322e-05 position: 0.78507627567046356 ... [truncated]
[07/30/26 12:33:17.934253] [debug] [01:46:37.063457] [Service::RobotCommandService::RobotCommandStream]   Peer: ipv4:192.168.30.230:49724
[07/30/26 12:33:17.934404] [debug] [01:46:37.063608] [Service::RobotCommandService::RobotCommandStream]   IP: 192.168.30.230, Family: ipv4
[07/30/26 12:33:17.939826] [info] [01:46:37.069030] [ControlManager] Control started: {"type":"RobotCommand","control":{"type":"ComponentBasedCommand","components":{"mobility":{"type":"MobilityCommand","control":{"type":"SE2VelocityCommand","control":{"type":"MobilitySE2VelocityControl"}}},"body":{"type":"BodyCommand","control":{"type":"JointImpedanceControlCommand","control":{"type":"JointImpedanceControl"}}},"head":{"type":"HeadCommand","control":{"type":"JointPositionCommand","control":{"type":"JointPositionControl"}}}}}} (priority: 1)
[07/30/26 12:33:19.302811] [debug] [01:46:38.432003] [Hardware] Hardware Loop Stat (avg: 2.000 ms, min: 1.997 ms, max: 2.003 ms, count: 15000)
[07/30/26 12:33:19.437803] [debug] [01:46:38.567003] [ControlManager] Control Manager Loop Stat (avg: 2.000 ms, min: 1.997 ms, max: 2.003 ms, count: 15000)
[07/30/26 12:33:22.814451] [debug] [01:46:41.943641] [Service] Server method called: /rb.api.RobotCommandService/RobotCommand
[07/30/26 12:33:22.814485] [debug] [01:46:41.943689] [Service::RobotCommandService::RobotCommand] Requested: robot_command { whole_body_command { stop_command { } } } priority: 99
[07/30/26 12:33:22.814488] [debug] [01:46:41.943694] [Service::RobotCommandService::RobotCommand]   Peer: ipv4:192.168.30.230:49724
[07/30/26 12:33:22.814635] [debug] [01:46:41.943839] [Service::RobotCommandService::RobotCommand]   IP: 192.168.30.230, Family: ipv4
[07/30/26 12:33:22.917976] [debug] [01:46:42.047173] [ControlManager] Control finished: {"type":"RobotCommand","control":{"type":"ComponentBasedCommand","components":{"mobility":{"type":"MobilityCommand","control":{"type":"SE2VelocityCommand","control":{"type":"MobilitySE2VelocityControl"}}},"body":{"type":"BodyCommand","control":{"type":"JointImpedanceControlCommand","control":{"type":"JointImpedanceControl"}}},"head":{"type":"HeadCommand","control":{"type":"JointPositionCommand","control":{"type":"JointPositionControl"}}}}}}
[07/30/26 12:33:22.918077] [debug] [01:46:42.047276] [Service::RobotCommandService::RobotCommandStream] OnReadDone (write_done: true, read_done: true)
[07/30/26 12:33:22.918095] [debug] [01:46:42.047296] [Service::RobotCommandService::RobotCommandStream] OnCancel
[07/30/26 12:33:22.918178] [info] [01:46:42.047380] [ControlInterface] Control was preempted or canceled by another request.
[07/30/26 12:33:22.918188] [debug] [01:46:42.047388] [ControlInterface::ExecutionStats] Average Control Time: 0.120 ms (max: 0.197 ms, min: 0.110 ms, sigma: 0.005 ms, count: 2490)
[07/30/26 12:33:22.918221] [debug] [01:46:42.047423] [Service::RobotCommandService::RobotCommandStream] OnDone: robot_command { component_based_command { mobility_command { se2_velocity_command { command_header { control_hold_time { seconds: 1 } } minimum_time { nanos: 10100000 } velocity { linear { } } acceleration_limit { linear { x: 1 y: 1 } angular: 1 } } } body_command { joint_impedance_control_command { command_header { control_hold_time { seconds: 1 } } minimum_time { nanos: 10100000 } position: -0.0030476944393308691 position: 0.82733345293631211 p... [truncated]
[07/30/26 12:33:22.919813] [info] [01:46:42.049017] [ControlManager] Control started: {"type":"RobotCommand","control":{"type":"WholeBodyCommand","control":{"type":"StopControl","control":{"type":"JointVelocityControl"}}}} (priority: 99)
[07/30/26 12:33:22.919832] [debug] [01:46:42.049037] [ControlManager] Control finished: {"type":"RobotCommand","control":{"type":"WholeBodyCommand","control":{"type":"StopControl","control":{"type":"JointVelocityControl"}}}}
[07/30/26 12:33:22.919864] [info] [01:46:42.049068] [ControlInterface] Control completed successfully.
[07/30/26 12:33:22.919868] [debug] [01:46:42.049072] [ControlInterface::ExecutionStats] Average Control Time: 0.006 ms (max: 0.006 ms, min: 0.006 ms, sigma: 0.000 ms, count: 1)
[07/30/26 12:33:22.920476] [debug] [01:46:42.049678] [Service] Server method called: /rb.api.ControlManagerService/ControlManagerCommand
[07/30/26 12:33:22.920498] [debug] [01:46:42.049702] [Service::ControlManagerService::ControlManagerCommand] Requested: request_header { request_timestamp { seconds: 1785382349 nanos: 117872170 } } command: COMMAND_DISABLE
[07/30/26 12:33:22.920502] [info] [01:46:42.049707] [ControlManager::Disable] Disable request received. Starting the disabling process...
[07/30/26 12:33:22.921815] [info] [01:46:42.051019] [ControlManager::Disable] Control Manager successfully disabled
[07/30/26 12:33:49.302812] [debug] [01:47:08.432003] [Hardware] Hardware Loop Stat (avg: 2.000 ms, min: 1.998 ms, max: 2.002 ms, count: 15000)
[07/30/26 12:33:49.437802] [debug] [01:47:08.567003] [ControlManager] Control Manager Loop Stat (avg: 2.000 ms, min: 1.997 ms, max: 2.003 ms, count: 15000)
[07/30/26 12:34:11.213764] [debug] [01:47:30.342944] [Service] Server method called: /rb.api.RobotInfoService/GetRobotInfo
[07/30/26 12:34:11.213797] [debug] [01:47:30.343001] [Service::RobotInfoService::GetRobotInfo] Requested: request_header { request_timestamp { seconds: 1785382397 nanos: 410353209 } }
[07/30/26 12:34:11.214391] [debug] [01:47:30.343587] [Service] Server method called: /rb.api.RobotStateService/GetRobotState
[07/30/26 12:34:11.214416] [debug] [01:47:30.343619] [Service::RobotStateService::GetRobotState] Requested: request_header { request_timestamp { seconds: 1785382397 nanos: 411077636 } }
[07/30/26 12:34:11.215252] [debug] [01:47:30.344449] [Service] Server method called: /rb.api.RobotInfoService/GetRobotInfo
[07/30/26 12:34:11.215276] [debug] [01:47:30.344480] [Service::RobotInfoService::GetRobotInfo] Requested: request_header { request_timestamp { seconds: 1785382397 nanos: 411928658 } }
[07/30/26 12:34:11.215881] [debug] [01:47:30.345083] [Service] Server method called: /rb.api.RobotStateService/GetRobotState
[07/30/26 12:34:11.215898] [debug] [01:47:30.345102] [Service::RobotStateService::GetRobotState] Requested: request_header { request_timestamp { seconds: 1785382397 nanos: 412631503 } }
[07/30/26 12:34:11.216340] [debug] [01:47:30.345544] [Service] Server method called: /rb.api.RobotStateService/GetControlManagerState
[07/30/26 12:34:11.216365] [debug] [01:47:30.345570] [Service::RobotStateService::GetControlManagerState] Requested: request_header { request_timestamp { seconds: 1785382397 nanos: 413094651 } }
[07/30/26 12:34:11.216702] [debug] [01:47:30.345904] [Service] Server method called: /rb.api.RobotInfoService/GetRobotInfo
[07/30/26 12:34:11.216715] [debug] [01:47:30.345920] [Service::RobotInfoService::GetRobotInfo] Requested: request_header { request_timestamp { seconds: 1785382397 nanos: 413455723 } }
[07/30/26 12:34:11.217197] [debug] [01:47:30.346399] [Service] Server method called: /rb.api.RobotStateService/GetRobotState
[07/30/26 12:34:11.217213] [debug] [01:47:30.346417] [Service::RobotStateService::GetRobotState] Requested: request_header { request_timestamp { seconds: 1785382397 nanos: 413930483 } }
[07/30/26 12:34:11.217751] [debug] [01:47:30.346953] [Service] Server method called: /rb.api.RobotStateService/GetRobotState
[07/30/26 12:34:11.217764] [debug] [01:47:30.346968] [Service::RobotStateService::GetRobotState] Requested: request_header { request_timestamp { seconds: 1785382397 nanos: 414490243 } }
[07/30/26 12:34:11.218202] [debug] [01:47:30.347402] [Service] Server method called: /rb.api.RobotInfoService/GetRobotInfo
[07/30/26 12:34:11.218217] [debug] [01:47:30.347421] [Service::RobotInfoService::GetRobotInfo] Requested: request_header { request_timestamp { seconds: 1785382397 nanos: 414950471 } }
[07/30/26 12:34:11.218705] [debug] [01:47:30.347910] [Service] Server method called: /rb.api.ControlManagerService/ControlManagerCommand
[07/30/26 12:34:11.218729] [debug] [01:47:30.347934] [Service::ControlManagerService::ControlManagerCommand] Requested: request_header { request_timestamp { seconds: 1785382397 nanos: 415469194 } } command: COMMAND_ENABLE unlimited_mode_enabled { }
[07/30/26 12:34:11.218732] [info] [01:47:30.347937] [ControlManager::Enable] Enable request received. Starting the enabling process...
[07/30/26 12:34:11.219810] [info] [01:47:30.349016] [ControlManager::Enable] Control Manager successfully enabled
[07/30/26 12:34:11.220230] [debug] [01:47:30.349432] [Service] Server method called: /rb.api.ParameterService/SetParameter
[07/30/26 12:34:11.220248] [debug] [01:47:30.349452] [Service::ParameterService::SetParameter] Requested: request_header { request_timestamp { seconds: 1785382397 nanos: 416960236 } } name: "cartesian_command.cutoff_frequency" parameter: "{\"value\":5,\"write_db\":true}"
[07/30/26 12:34:11.230340] [debug] [01:47:30.359544] [Service] Server method called: /rb.api.ParameterService/SetParameter
[07/30/26 12:34:11.230351] [debug] [01:47:30.359556] [Service::ParameterService::SetParameter] Requested: request_header { request_timestamp { seconds: 1785382397 nanos: 427080524 } } name: "default.acceleration_limit_scaling" parameter: "{\"value\":1.0,\"write_db\":true}"
[07/30/26 12:34:11.238327] [debug] [01:47:30.367527] [Service] Server method called: /rb.api.ParameterService/SetParameter
[07/30/26 12:34:11.238347] [debug] [01:47:30.367551] [Service::ParameterService::SetParameter] Requested: request_header { request_timestamp { seconds: 1785382397 nanos: 434983754 } } name: "default.angular_acceleration_limit" parameter: "{\"value\":10,\"write_db\":true}"
[07/30/26 12:34:11.244450] [debug] [01:47:30.373652] [Service] Server method called: /rb.api.ParameterService/SetParameter
[07/30/26 12:34:11.244464] [debug] [01:47:30.373669] [Service::ParameterService::SetParameter] Requested: request_header { request_timestamp { seconds: 1785382397 nanos: 441190648 } } name: "default.linear_acceleration_limit" parameter: "{\"value\":20,\"write_db\":true}"
[07/30/26 12:34:11.250550] [debug] [01:47:30.379750] [Service] Server method called: /rb.api.ParameterService/SetParameter
[07/30/26 12:34:11.250567] [debug] [01:47:30.379771] [Service::ParameterService::SetParameter] Requested: request_header { request_timestamp { seconds: 1785382397 nanos: 447273407 } } name: "joint_position_command.cutoff_frequency" parameter: "{\"value\":5,\"write_db\":true}"
[07/30/26 12:34:11.256373] [debug] [01:47:30.385573] [Service] Server method called: /rb.api.RobotCommandService/RobotCommand
[07/30/26 12:34:11.256443] [debug] [01:47:30.385646] [Service::RobotCommandService::RobotCommand] Requested: robot_command { component_based_command { body_command { joint_position_command { command_header { control_hold_time { seconds: 1 } } minimum_time { nanos: 500000000 } position: -0.0010327791443190456 position: 0.79594617980523619 position: -1.4768020337154188 position: 0.78537158452241074 position: 0.0020010095921181507 position: -0.00030755555400677458 position: -0.029312702184349382 position: -0.26202214408517904 position: -0.00147702605566216... [truncated]
[07/30/26 12:34:11.256447] [debug] [01:47:30.385652] [Service::RobotCommandService::RobotCommand]   Peer: ipv4:192.168.30.230:49724
[07/30/26 12:34:11.256599] [debug] [01:47:30.385803] [Service::RobotCommandService::RobotCommand]   IP: 192.168.30.230, Family: ipv4
[07/30/26 12:34:11.261833] [info] [01:47:30.391036] [ControlManager] Control started: {"type":"RobotCommand","control":{"type":"ComponentBasedCommand","components":{"mobility":null,"body":{"type":"BodyCommand","control":{"type":"JointPositionCommand","control":{"type":"JointPositionControl"}}},"head":{"type":"HeadCommand","control":{"type":"JointPositionCommand","control":{"type":"JointPositionControl"}}}}}} (priority: 1)
[07/30/26 12:34:13.019840] [debug] [01:47:32.149039] [ControlManager] Control finished: {"type":"RobotCommand","control":{"type":"ComponentBasedCommand","components":{"mobility":null,"body":{"type":"BodyCommand","control":{"type":"JointPositionCommand","control":{"type":"JointPositionControl"}}},"head":{"type":"HeadCommand","control":{"type":"JointPositionCommand","control":{"type":"JointPositionControl"}}}}}}
[07/30/26 12:34:13.019907] [info] [01:47:32.149106] [ControlInterface] Control completed successfully.
[07/30/26 12:34:13.019916] [debug] [01:47:32.149115] [ControlInterface::ExecutionStats] Average Control Time: 0.001 ms (max: 0.024 ms, min: 0.001 ms, sigma: 0.001 ms, count: 880)
[07/30/26 12:34:13.020559] [debug] [01:47:32.149760] [Service] Server method called: /rb.api.PowerService/ToolFlangePowerCommand
[07/30/26 12:34:13.020589] [debug] [01:47:32.149792] [Service::PowerService::ToolFlangePowerCommand] Requested: request_header { request_timestamp { seconds: 1785382399 nanos: 217151380 } } name: "right" command: COMMAND_POWER_12V
[07/30/26 12:34:13.020594] [debug] [01:47:32.149799] [Service::PowerService::ToolFlangePowerCommand] Result: Success
[07/30/26 12:34:13.021053] [debug] [01:47:32.150255] [Service] Server method called: /rb.api.PowerService/ToolFlangePowerCommand
[07/30/26 12:34:13.021070] [debug] [01:47:32.150274] [Service::PowerService::ToolFlangePowerCommand] Requested: request_header { request_timestamp { seconds: 1785382399 nanos: 217732815 } } name: "left" command: COMMAND_POWER_12V
[07/30/26 12:34:13.021074] [debug] [01:47:32.150279] [Service::PowerService::ToolFlangePowerCommand] Result: Success
[07/30/26 12:34:14.187737] [debug] [01:47:33.316933] [Service] Server method called: /rb.api.RobotCommandService/RobotCommand
[07/30/26 12:34:14.187805] [debug] [01:47:33.317007] [Service::RobotCommandService::RobotCommand] Requested: robot_command { component_based_command { body_command { joint_position_command { command_header { control_hold_time { seconds: 1 } } minimum_time { seconds: 4 } position: 0 position: 0.78539816339744828 position: -1.3962634015954636 position: 0.78539816339744828 position: 0 position: 0 position: 0 position: -0.26179938779914941 position: 0 position: -2.0943951023931953 position: 0 position: 0.52359877559829882 position: 0 position: 0 position: 0... [truncated]
[07/30/26 12:34:14.187810] [debug] [01:47:33.317015] [Service::RobotCommandService::RobotCommand]   Peer: ipv4:192.168.30.230:49724
[07/30/26 12:34:14.187978] [debug] [01:47:33.317171] [Service::RobotCommandService::RobotCommand]   IP: 192.168.30.230, Family: ipv4
[07/30/26 12:34:14.193829] [info] [01:47:33.323030] [ControlManager] Control started: {"type":"RobotCommand","control":{"type":"ComponentBasedCommand","components":{"mobility":null,"body":{"type":"BodyCommand","control":{"type":"JointPositionCommand","control":{"type":"JointPositionControl"}}},"head":{"type":"HeadCommand","control":{"type":"JointPositionCommand","control":{"type":"JointPositionControl"}}}}}} (priority: 1)
[07/30/26 12:34:19.302810] [debug] [01:47:38.432003] [Hardware] Hardware Loop Stat (avg: 2.000 ms, min: 1.998 ms, max: 2.002 ms, count: 15000)
[07/30/26 12:34:19.437801] [debug] [01:47:38.567003] [ControlManager] Control Manager Loop Stat (avg: 2.000 ms, min: 1.998 ms, max: 2.002 ms, count: 15000)
[07/30/26 12:34:19.451833] [debug] [01:47:38.581037] [ControlManager] Control finished: {"type":"RobotCommand","control":{"type":"ComponentBasedCommand","components":{"mobility":null,"body":{"type":"BodyCommand","control":{"type":"JointPositionCommand","control":{"type":"JointPositionControl"}}},"head":{"type":"HeadCommand","control":{"type":"JointPositionCommand","control":{"type":"JointPositionControl"}}}}}}
[07/30/26 12:34:19.451894] [info] [01:47:38.581094] [ControlInterface] Control completed successfully.
[07/30/26 12:34:19.451902] [debug] [01:47:38.581103] [ControlInterface::ExecutionStats] Average Control Time: 0.001 ms (max: 0.020 ms, min: 0.001 ms, sigma: 0.000 ms, count: 2630)
[07/30/26 12:34:19.452417] [debug] [01:47:38.581617] [Service] Server method called: /rb.api.RobotCommandService/RobotCommandStream
[07/30/26 12:34:19.452428] [debug] [01:47:38.581633] [Service::RobotCommandService::RobotCommandStream] Stream is created
[07/30/26 12:34:19.494187] [debug] [01:47:38.623384] [Service::RobotCommandService::RobotCommandStream] Requested: robot_command { component_based_command { mobility_command { se2_velocity_command { command_header { control_hold_time { seconds: 1 } } minimum_time { nanos: 10100000 } velocity { linear { } } acceleration_limit { linear { x: 1 y: 1 } angular: 1 } } } body_command { joint_impedance_control_command { command_header { control_hold_time { seconds: 1 } } minimum_time { nanos: 10100000 } position: -0.00011754758606429316 position: 0.78513675850416376 ... [truncated]
[07/30/26 12:34:19.494192] [debug] [01:47:38.623398] [Service::RobotCommandService::RobotCommandStream]   Peer: ipv4:192.168.30.230:49724
[07/30/26 12:34:19.494325] [debug] [01:47:38.623530] [Service::RobotCommandService::RobotCommandStream]   IP: 192.168.30.230, Family: ipv4
[07/30/26 12:34:19.499825] [info] [01:47:38.629029] [ControlManager] Control started: {"type":"RobotCommand","control":{"type":"ComponentBasedCommand","components":{"mobility":{"type":"MobilityCommand","control":{"type":"SE2VelocityCommand","control":{"type":"MobilitySE2VelocityControl"}}},"body":{"type":"BodyCommand","control":{"type":"JointImpedanceControlCommand","control":{"type":"JointImpedanceControl"}}},"head":{"type":"HeadCommand","control":{"type":"JointPositionCommand","control":{"type":"JointPositionControl"}}}}}} (priority: 1)
[07/30/26 12:34:22.056229] [debug] [01:47:41.185422] [Service] Server method called: /rb.api.RobotCommandService/RobotCommand
[07/30/26 12:34:22.056266] [debug] [01:47:41.185469] [Service::RobotCommandService::RobotCommand] Requested: robot_command { whole_body_command { stop_command { } } } priority: 99
[07/30/26 12:34:22.056270] [debug] [01:47:41.185475] [Service::RobotCommandService::RobotCommand]   Peer: ipv4:192.168.30.230:49724
[07/30/26 12:34:22.056438] [debug] [01:47:41.185642] [Service::RobotCommandService::RobotCommand]   IP: 192.168.30.230, Family: ipv4
[07/30/26 12:34:22.159969] [debug] [01:47:41.289168] [ControlManager] Control finished: {"type":"RobotCommand","control":{"type":"ComponentBasedCommand","components":{"mobility":{"type":"MobilityCommand","control":{"type":"SE2VelocityCommand","control":{"type":"MobilitySE2VelocityControl"}}},"body":{"type":"BodyCommand","control":{"type":"JointImpedanceControlCommand","control":{"type":"JointImpedanceControl"}}},"head":{"type":"HeadCommand","control":{"type":"JointPositionCommand","control":{"type":"JointPositionControl"}}}}}}
[07/30/26 12:34:22.160136] [info] [01:47:41.289337] [ControlInterface] Control was preempted or canceled by another request.
[07/30/26 12:34:22.160147] [debug] [01:47:41.289345] [ControlInterface::ExecutionStats] Average Control Time: 0.120 ms (max: 0.192 ms, min: 0.111 ms, sigma: 0.005 ms, count: 1331)
[07/30/26 12:34:22.160163] [debug] [01:47:41.289361] [Service::RobotCommandService::RobotCommandStream] OnReadDone (write_done: true, read_done: true)
[07/30/26 12:34:22.160164] [debug] [01:47:41.289364] [Service::RobotCommandService::RobotCommandStream] OnCancel
[07/30/26 12:34:22.160309] [debug] [01:47:41.289511] [Service::RobotCommandService::RobotCommandStream] OnDone: robot_command { component_based_command { mobility_command { se2_velocity_command { command_header { control_hold_time { seconds: 1 } } minimum_time { nanos: 10100000 } velocity { linear { } } acceleration_limit { linear { x: 1 y: 1 } angular: 1 } } } body_command { joint_impedance_control_command { command_header { control_hold_time { seconds: 1 } } minimum_time { nanos: 10100000 } position: -0.011599610531717947 position: 0.82208889655956141 po... [truncated]
[07/30/26 12:34:22.161813] [info] [01:47:41.291018] [ControlManager] Control started: {"type":"RobotCommand","control":{"type":"WholeBodyCommand","control":{"type":"StopControl","control":{"type":"JointVelocityControl"}}}} (priority: 99)
[07/30/26 12:34:22.161832] [debug] [01:47:41.291037] [ControlManager] Control finished: {"type":"RobotCommand","control":{"type":"WholeBodyCommand","control":{"type":"StopControl","control":{"type":"JointVelocityControl"}}}}
[07/30/26 12:34:22.161866] [info] [01:47:41.291069] [ControlInterface] Control completed successfully.
[07/30/26 12:34:22.161870] [debug] [01:47:41.291073] [ControlInterface::ExecutionStats] Average Control Time: 0.006 ms (max: 0.006 ms, min: 0.006 ms, sigma: 0.000 ms, count: 1)
[07/30/26 12:34:22.162400] [debug] [01:47:41.291602] [Service] Server method called: /rb.api.ControlManagerService/ControlManagerCommand
[07/30/26 12:34:22.162421] [debug] [01:47:41.291625] [Service::ControlManagerService::ControlManagerCommand] Requested: request_header { request_timestamp { seconds: 1785382408 nanos: 358898463 } } command: COMMAND_DISABLE
[07/30/26 12:34:22.162425] [info] [01:47:41.291630] [ControlManager::Disable] Disable request received. Starting the disabling process...
[07/30/26 12:34:22.163814] [info] [01:47:41.293018] [ControlManager::Disable] Control Manager successfully disabled
[07/30/26 12:34:49.302810] [debug] [01:48:08.432003] [Hardware] Hardware Loop Stat (avg: 2.000 ms, min: 1.996 ms, max: 2.003 ms, count: 15000)
[07/30/26 12:34:49.437802] [debug] [01:48:08.567003] [ControlManager] Control Manag