[07/30/26 14:11:56.311558] [info] [00:00:08.464595] [App] App main
[07/30/26 14:11:56.311576] [info] [00:00:08.464970] [App] RBY1 Model: rby1m, Model Version: v1.3
[07/30/26 14:11:56.311591] [info] [00:00:08.464980] [App] RBY1 Version: 0.10.4
[07/30/26 14:11:56.311656] [info] [00:00:08.465056] [App] RBY1-SDK Version: 0.9.1 - a3274bb
[07/30/26 14:11:56.331026] [info] [00:00:08.484058] [RobotApp] Using default model: /root/exe/app/models/rby1m/urdf/model_v1.3.urdf
[07/30/26 14:11:56.337054] [info] [00:00:08.489552] [RobotApp] Building robot ...
[07/30/26 14:11:56.339413] [info] [00:00:08.491536] [RobotApp] Link Names: ["ee_finger_l1", "ee_finger_r2", "ee_left", "link_torso_5", "ee_finger_l2", "wheel_fl_link", "ee_finger_r1", "ee_right", "wheel_rl_link", "link_left_arm_6", "link_torso_4", "link_right_arm_3", "link_torso_0", "link_right_arm_4", "link_right_arm_0", "link_left_arm_2", "link_right_arm_5", "link_left_arm_0", "link_torso_1", "base", "link_left_arm_3", "link_torso_3", "wheel_rr_link", "wheel_fr_link", "link_head_0", "link_torso_2", "link_head_1", "link_right_arm_1", "link_left_arm_1", "link_left_arm_4", "link_right_arm_2", "link_head_2", "link_left_arm_5", "link_right_arm_6"]
[07/30/26 14:11:56.339437] [info] [00:00:08.492824] [RobotApp] Joint Names: ["left_arm_6", "left_arm_2", "right_arm_6", "head_0", "wheel_fr", "left_arm_3", "wheel_fl", "left_arm_5", "wheel_rr", "torso_4", "wheel_rl", "right_arm_5", "head_1", "torso_0", "right_arm_2", "torso_3", "left_arm_1", "torso_1", "right_arm_3", "torso_2", "torso_5", "left_arm_0", "right_arm_4", "right_arm_0", "left_arm_4", "right_arm_1"]
[07/30/26 14:11:57.636554] [info] [00:00:09.789944] [RobotApp] Server listening on 0.0.0.0:50051
[07/30/26 14:12:06.472477] [debug] [00:00:18.625853] [Service] Server method called: /rb.api.RobotInfoService/GetRobotInfo
[07/30/26 14:12:06.473470] [debug] [00:00:18.626864] [Service::RobotInfoService::GetRobotInfo] Requested: request_header { request_timestamp { seconds: 1785388326 nanos: 470965977 } }
[07/30/26 14:12:26.340621] [debug] [00:00:38.494003] [Hardware] Hardware Loop Stat (avg: 2.000 ms, min: 1.985 ms, max: 2.014 ms, count: 15000)
[07/30/26 14:12:26.479619] [debug] [00:00:38.633003] [ControlManager] Control Manager Loop Stat (avg: 2.000 ms, min: 1.994 ms, max: 2.007 ms, count: 15000)
[07/30/26 14:12:56.340617] [debug] [00:01:08.494003] [Hardware] Hardware Loop Stat (avg: 2.000 ms, min: 1.998 ms, max: 2.002 ms, count: 15000)
[07/30/26 14:12:56.479606] [debug] [00:01:08.633003] [ControlManager] Control Manager Loop Stat (avg: 2.000 ms, min: 1.996 ms, max: 2.004 ms, count: 15000)
[07/30/26 14:13:26.340617] [debug] [00:01:38.494002] [Hardware] Hardware Loop Stat (avg: 2.000 ms, min: 1.987 ms, max: 2.013 ms, count: 15000)
[07/30/26 14:13:26.479604] [debug] [00:01:38.633002] [ControlManager] Control Manager Loop Stat (avg: 2.000 ms, min: 1.996 ms, max: 2.003 ms, count: 15000)
[07/30/26 14:13:56.340615] [debug] [00:02:08.494003] [Hardware] Hardware Loop Stat (avg: 2.000 ms, min: 1.998 ms, max: 2.002 ms, count: 15000)
[07/30/26 14:13:56.479604] [debug] [00:02:08.633002] [ControlManager] Control Manager Loop Stat (avg: 2.000 ms, min: 1.997 ms, max: 2.003 ms, count: 15000)
[07/30/26 14:14:26.340613] [debug] [00:02:38.494003] [Hardware] Hardware Loop Stat (avg: 2.000 ms, min: 1.998 ms, max: 2.002 ms, count: 15000)
[07/30/26 14:14:26.479604] [debug] [00:02:38.633002] [ControlManager] Control Manager Loop Stat (avg: 2.000 ms, min: 1.999 ms, max: 2.001 ms, count: 15000)
[07/30/26 14:14:56.340613] [debug] [00:03:08.494003] [Hardware] Hardware Loop Stat (avg: 2.000 ms, min: 1.998 ms, max: 2.003 ms, count: 15000)
[07/30/26 14:14:56.479604] [debug] [00:03:08.633002] [ControlManager] Control Manager Loop Stat (avg: 2.000 ms, min: 1.997 ms, max: 2.003 ms, count: 15000)
[07/30/26 14:14:58.337515] [debug] [00:03:10.490906] [Service] Server method called: /rb.api.RobotInfoService/GetRobotModel
[07/30/26 14:14:58.337559] [debug] [00:03:10.490957] [Service::RobotInfoService::GetRobotModel] Requested: request_header { request_timestamp { seconds: 1785388445 nanos: 168753379 } }
[07/30/26 14:14:58.340648] [debug] [00:03:10.494044] [Service] Server method called: /rb.api.RobotStateService/GetRobotStateStream
[07/30/26 14:14:58.340908] [debug] [00:03:10.494306] [Service::RobotStateService::GetRobotStateStream] Requested: request_header { request_timestamp { seconds: 1785388445 nanos: 172111918 } } update_rate: 100
[07/30/26 14:15:26.340615] [debug] [00:03:38.494003] [Hardware] Hardware Loop Stat (avg: 2.000 ms, min: 1.997 ms, max: 2.003 ms, count: 15000)
[07/30/26 14:15:26.479604] [debug] [00:03:38.633002] [ControlManager] Control Manager Loop Stat (avg: 2.000 ms, min: 1.997 ms, max: 2.003 ms, count: 15000)
[07/30/26 14:15:31.694314] [debug] [00:03:43.847702] [Service] Server method called: /rb.api.RobotInfoService/GetRobotModel
[07/30/26 14:15:31.694350] [debug] [00:03:43.847749] [Service::RobotInfoService::GetRobotModel] Requested: request_header { request_timestamp { seconds: 1785388478 nanos: 521641707 } }
[07/30/26 14:15:31.697289] [debug] [00:03:43.850686] [Service] Server method called: /rb.api.RobotStateService/GetRobotStateStream
[07/30/26 14:15:31.697320] [debug] [00:03:43.850720] [Service::RobotStateService::GetRobotStateStream] Requested: request_header { request_timestamp { seconds: 1785388478 nanos: 524843888 } } update_rate: 100
[07/30/26 14:15:37.159514] [debug] [00:03:49.312892] [Service] Server method called: /rb.api.RobotInfoService/GetRobotInfo
[07/30/26 14:15:37.159551] [debug] [00:03:49.312950] [Service::RobotInfoService::GetRobotInfo] Requested: request_header { request_timestamp { seconds: 1785388483 nanos: 985250451 } }
[07/30/26 14:15:37.160240] [debug] [00:03:49.313633] [Service] Server method called: /rb.api.RobotStateService/GetRobotState
[07/30/26 14:15:37.160278] [debug] [00:03:49.313677] [Service::RobotStateService::GetRobotState] Requested: request_header { request_timestamp { seconds: 1785388483 nanos: 986083717 } }
[07/30/26 14:15:37.160967] [debug] [00:03:49.314364] [Service] Server method called: /rb.api.PowerService/PowerCommand
[07/30/26 14:15:37.161105] [debug] [00:03:49.314503] [Service::PowerService::PowerCommand] Requested: request_header { request_timestamp { seconds: 1785388483 nanos: 986835146 } } name: ".*" command: COMMAND_POWER_ON
[07/30/26 14:15:37.161112] [info] [00:03:49.314512] [Hardware::ExecutePowerCommand] Started: device name = .*, command = PowerOn
[07/30/26 14:15:37.688784] [info] [00:03:49.842179] [Hardware::ExecutePowerCommand] Power command succeeded
[07/30/26 14:15:37.688793] [debug] [00:03:49.842193] [Service::PowerService::PowerCommand] Result: Success
[07/30/26 14:15:37.689725] [debug] [00:03:49.843119] [Service] Server method called: /rb.api.RobotInfoService/GetRobotInfo
[07/30/26 14:15:37.689749] [debug] [00:03:49.843148] [Service::RobotInfoService::GetRobotInfo] Requested: request_header { request_timestamp { seconds: 1785388484 nanos: 515371106 } }
[07/30/26 14:15:37.690580] [debug] [00:03:49.843976] [Service] Server method called: /rb.api.RobotStateService/GetRobotState
[07/30/26 14:15:37.690601] [debug] [00:03:49.844001] [Service::RobotStateService::GetRobotState] Requested: request_header { request_timestamp { seconds: 1785388484 nanos: 516220091 } }
[07/30/26 14:15:37.691452] [debug] [00:03:49.844849] [Service] Server method called: /rb.api.PowerService/JointCommand
[07/30/26 14:15:37.691474] [debug] [00:03:49.844873] [Service::PowerService::JointCommand] Requested: request_header { request_timestamp { seconds: 1785388484 nanos: 517126278 } } name: ".*" command: COMMAND_SERVO_ON
[07/30/26 14:15:40.606792] [debug] [00:03:52.760183] [Service::PowerService::JointCommand] Result: Success
[07/30/26 14:15:40.607770] [debug] [00:03:52.761164] [Service] Server method called: /rb.api.RobotStateService/GetControlManagerState
[07/30/26 14:15:40.607801] [debug] [00:03:52.761201] [Service::RobotStateService::GetControlManagerState] Requested: request_header { request_timestamp { seconds: 1785388487 nanos: 432324696 } }
[07/30/26 14:15:40.608222] [debug] [00:03:52.761619] [Service] Server method called: /rb.api.RobotInfoService/GetRobotInfo
[07/30/26 14:15:40.608241] [debug] [00:03:52.761641] [Service::RobotInfoService::GetRobotInfo] Requested: request_header { request_timestamp { seconds: 1785388487 nanos: 432868717 } }
[07/30/26 14:15:40.608780] [debug] [00:03:52.762175] [Service] Server method called: /rb.api.RobotStateService/GetRobotState
[07/30/26 14:15:40.608803] [debug] [00:03:52.762203] [Service::RobotStateService::GetRobotState] Requested: request_header { request_timestamp { seconds: 1785388487 nanos: 433434202 } }
[07/30/26 14:15:40.609355] [debug] [00:03:52.762751] [Service] Server method called: /rb.api.RobotStateService/GetRobotState
[07/30/26 14:15:40.609374] [debug] [00:03:52.762774] [Service::RobotStateService::GetRobotState] Requested: request_header { request_timestamp { seconds: 1785388487 nanos: 433999301 } }
[07/30/26 14:15:40.609961] [debug] [00:03:52.763358] [Service] Server method called: /rb.api.RobotInfoService/GetRobotInfo
[07/30/26 14:15:40.610006] [debug] [00:03:52.763405] [Service::RobotInfoService::GetRobotInfo] Requested: request_header { request_timestamp { seconds: 1785388487 nanos: 434631494 } }
[07/30/26 14:15:40.610777] [debug] [00:03:52.764175] [Service] Server method called: /rb.api.ControlManagerService/ControlManagerCommand
[07/30/26 14:15:40.610995] [debug] [00:03:52.764393] [Service::ControlManagerService::ControlManagerCommand] Requested: request_header { request_timestamp { seconds: 1785388487 nanos: 435371152 } } command: COMMAND_ENABLE unlimited_mode_enabled { }
[07/30/26 14:15:40.611002] [info] [00:03:52.764402] [ControlManager::Enable] Enable request received. Starting the enabling process...
[07/30/26 14:15:40.611616] [info] [00:03:52.765017] [ControlManager::Enable] Control Manager successfully enabled
[07/30/26 14:15:40.611995] [debug] [00:03:52.765393] [Service] Server method called: /rb.api.ParameterService/SetParameter
[07/30/26 14:15:40.612131] [debug] [00:03:52.765530] [Service::ParameterService::SetParameter] Requested: request_header { request_timestamp { seconds: 1785388487 nanos: 436655429 } } name: "cartesian_command.cutoff_frequency" parameter: "{\"value\":5,\"write_db\":true}"
[07/30/26 14:15:40.624682] [debug] [00:03:52.778079] [Service] Server method called: /rb.api.ParameterService/SetParameter
[07/30/26 14:15:40.624701] [debug] [00:03:52.778101] [Service::ParameterService::SetParameter] Requested: request_header { request_timestamp { seconds: 1785388487 nanos: 449337971 } } name: "default.acceleration_limit_scaling" parameter: "{\"value\":1.0,\"write_db\":true}"
[07/30/26 14:15:40.630510] [debug] [00:03:52.783906] [Service] Server method called: /rb.api.ParameterService/SetParameter
[07/30/26 14:15:40.630529] [debug] [00:03:52.783929] [Service::ParameterService::SetParameter] Requested: request_header { request_timestamp { seconds: 1785388487 nanos: 455159352 } } name: "default.angular_acceleration_limit" parameter: "{\"value\":10,\"write_db\":true}"
[07/30/26 14:15:40.636603] [debug] [00:03:52.789998] [Service] Server method called: /rb.api.ParameterService/SetParameter
[07/30/26 14:15:40.636622] [debug] [00:03:52.790021] [Service::ParameterService::SetParameter] Requested: request_header { request_timestamp { seconds: 1785388487 nanos: 461218110 } } name: "default.linear_acceleration_limit" parameter: "{\"value\":20,\"write_db\":true}"
[07/30/26 14:15:40.642615] [debug] [00:03:52.796011] [Service] Server method called: /rb.api.ParameterService/SetParameter
[07/30/26 14:15:40.642633] [debug] [00:03:52.796033] [Service::ParameterService::SetParameter] Requested: request_header { request_timestamp { seconds: 1785388487 nanos: 467253854 } } name: "joint_position_command.cutoff_frequency" parameter: "{\"value\":5,\"write_db\":true}"
[07/30/26 14:15:40.648636] [debug] [00:03:52.802031] [Service] Server method called: /rb.api.RobotCommandService/RobotCommand
[07/30/26 14:15:40.649252] [debug] [00:03:52.802649] [Service::RobotCommandService::RobotCommand] Requested: robot_command { component_based_command { body_command { joint_position_command { command_header { control_hold_time { seconds: 1 } } minimum_time { nanos: 500000000 } position: -0.0020389794136004688 position: 1.104944587028339 position: -1.5375347631763863 position: 0.78332880812666206 position: 0.0017655966989277802 position: -0.0002619917682279932 position: -0.019854419653104007 position: -0.26052233613662751 position: 0.015309432021670559 po... [truncated]
[07/30/26 14:15:40.649257] [debug] [00:03:52.802659] [Service::RobotCommandService::RobotCommand]   Peer: ipv4:192.168.30.230:34606
[07/30/26 14:15:40.649474] [debug] [00:03:52.802874] [Service::RobotCommandService::RobotCommand]   IP: 192.168.30.230, Family: ipv4
[07/30/26 14:15:40.655637] [info] [00:03:52.809035] [ControlManager] Control started: {"type":"RobotCommand","control":{"type":"ComponentBasedCommand","components":{"mobility":null,"body":{"type":"BodyCommand","control":{"type":"JointPositionCommand","control":{"type":"JointPositionControl"}}},"head":{"type":"HeadCommand","control":{"type":"JointPositionCommand","control":{"type":"JointPositionControl"}}}}}} (priority: 1)
[07/30/26 14:15:42.413648] [debug] [00:03:54.567040] [ControlManager] Control finished: {"type":"RobotCommand","control":{"type":"ComponentBasedCommand","components":{"mobility":null,"body":{"type":"BodyCommand","control":{"type":"JointPositionCommand","control":{"type":"JointPositionControl"}}},"head":{"type":"HeadCommand","control":{"type":"JointPositionCommand","control":{"type":"JointPositionControl"}}}}}}
[07/30/26 14:15:42.413727] [info] [00:03:54.567123] [ControlInterface] Control completed successfully.
[07/30/26 14:15:42.413735] [debug] [00:03:54.567131] [ControlInterface::ExecutionStats] Average Control Time: 0.001 ms (max: 0.031 ms, min: 0.001 ms, sigma: 0.001 ms, count: 880)
[07/30/26 14:15:42.414727] [debug] [00:03:54.568123] [Service] Server method called: /rb.api.PowerService/ToolFlangePowerCommand
[07/30/26 14:15:42.414757] [debug] [00:03:54.568157] [Service::PowerService::ToolFlangePowerCommand] Requested: request_header { request_timestamp { seconds: 1785388489 nanos: 238694410 } } name: "right" command: COMMAND_POWER_12V
[07/30/26 14:15:42.414773] [debug] [00:03:54.568173] [Service::PowerService::ToolFlangePowerCommand] Result: Success
[07/30/26 14:15:42.415143] [debug] [00:03:54.568529] [Service] Server method called: /rb.api.PowerService/ToolFlangePowerCommand
[07/30/26 14:15:42.415161] [debug] [00:03:54.568561] [Service::PowerService::ToolFlangePowerCommand] Requested: request_header { request_timestamp { seconds: 1785388489 nanos: 239200346 } } name: "left" command: COMMAND_POWER_12V
[07/30/26 14:15:42.415166] [debug] [00:03:54.568567] [Service::PowerService::ToolFlangePowerCommand] Result: Success
[07/30/26 14:15:55.924015] [debug] [00:04:08.077399] [Service] Server method called: /rb.api.RobotCommandService/RobotCommand
[07/30/26 14:15:55.924093] [debug] [00:04:08.077490] [Service::RobotCommandService::RobotCommand] Requested: robot_command { component_based_command { body_command { joint_position_command { command_header { control_hold_time { seconds: 1 } } minimum_time { seconds: 4 } position: 0 position: 0.78539816339744828 position: -1.3962634015954636 position: 0.78539816339744828 position: 0 position: 0 position: 0 position: -0.26179938779914941 position: 0 position: -2.0943951023931953 position: 0 position: 0.52359877559829882 position: 0 position: 0 position: 0... [truncated]
[07/30/26 14:15:55.924098] [debug] [00:04:08.077499] [Service::RobotCommandService::RobotCommand]   Peer: ipv4:192.168.30.230:34606
[07/30/26 14:15:55.924258] [debug] [00:04:08.077657] [Service::RobotCommandService::RobotCommand]   IP: 192.168.30.230, Family: ipv4
[07/30/26 14:15:55.929644] [info] [00:04:08.083038] [ControlManager] Control started: {"type":"RobotCommand","control":{"type":"ComponentBasedCommand","components":{"mobility":null,"body":{"type":"BodyCommand","control":{"type":"JointPositionCommand","control":{"type":"JointPositionControl"}}},"head":{"type":"HeadCommand","control":{"type":"JointPositionCommand","control":{"type":"JointPositionControl"}}}}}} (priority: 1)
[07/30/26 14:15:56.340612] [debug] [00:04:08.494003] [Hardware] Hardware Loop Stat (avg: 2.000 ms, min: 1.998 ms, max: 2.002 ms, count: 15000)
[07/30/26 14:15:56.479606] [debug] [00:04:08.633003] [ControlManager] Control Manager Loop Stat (avg: 2.000 ms, min: 1.998 ms, max: 2.002 ms, count: 15000)
[07/30/26 14:16:01.187650] [debug] [00:04:13.341042] [ControlManager] Control finished: {"type":"RobotCommand","control":{"type":"ComponentBasedCommand","components":{"mobility":null,"body":{"type":"BodyCommand","control":{"type":"JointPositionCommand","control":{"type":"JointPositionControl"}}},"head":{"type":"HeadCommand","control":{"type":"JointPositionCommand","control":{"type":"JointPositionControl"}}}}}}
[07/30/26 14:16:01.187711] [info] [00:04:13.341106] [ControlInterface] Control completed successfully.
[07/30/26 14:16:01.187721] [debug] [00:04:13.341115] [ControlInterface::ExecutionStats] Average Control Time: 0.001 ms (max: 0.026 ms, min: 0.001 ms, sigma: 0.000 ms, count: 2630)
[07/30/26 14:16:01.188287] [debug] [00:04:13.341683] [Service] Server method called: /rb.api.RobotCommandService/RobotCommandStream
[07/30/26 14:16:01.188312] [debug] [00:04:13.341712] [Service::RobotCommandService::RobotCommandStream] Stream is created
[07/30/26 14:16:01.236071] [debug] [00:04:13.389466] [Service::RobotCommandService::RobotCommandStream] Requested: robot_command { component_based_command { mobility_command { se2_velocity_command { command_header { control_hold_time { seconds: 1 } } minimum_time { nanos: 10100000 } velocity { linear { } } acceleration_limit { linear { x: 1 y: 1 } angular: 1 } } } body_command { joint_impedance_control_command { command_header { control_hold_time { seconds: 1 } } minimum_time { nanos: 10100000 } position: -0.00010989544642279937 position: 0.78492388858495454 ... [truncated]
[07/30/26 14:16:01.236078] [debug] [00:04:13.389478] [Service::RobotCommandService::RobotCommandStream]   Peer: ipv4:192.168.30.230:34606
[07/30/26 14:16:01.236225] [debug] [00:04:13.389624] [Service::RobotCommandService::RobotCommandStream]   IP: 192.168.30.230, Family: ipv4
[07/30/26 14:16:01.241630] [info] [00:04:13.395029] [ControlManager] Control started: {"type":"RobotCommand","control":{"type":"ComponentBasedCommand","components":{"mobility":{"type":"MobilityCommand","control":{"type":"SE2VelocityCommand","control":{"type":"MobilitySE2VelocityControl"}}},"body":{"type":"BodyCommand","control":{"type":"JointImpedanceControlCommand","control":{"type":"JointImpedanceControl"}}},"head":{"type":"HeadCommand","control":{"type":"JointPositionCommand","control":{"type":"JointPositionControl"}}}}}} (priority: 1)
[07/30/26 14:16:11.239748] [debug] [00:04:23.393132] [ControlInterface::ExecutionStats] Average Control Time: 0.121 ms (max: 0.254 ms, min: 0.112 ms, sigma: 0.005 ms, count: 5000)
[07/30/26 14:16:21.239747] [debug] [00:04:33.393132] [ControlInterface::ExecutionStats] Average Control Time: 0.120 ms (max: 0.138 ms, min: 0.111 ms, sigma: 0.004 ms, count: 5000)
[07/30/26 14:16:23.821480] [debug] [00:04:35.974870] [Service] Server method called: /rb.api.RobotCommandService/RobotCommand
[07/30/26 14:16:23.821588] [debug] [00:04:35.974986] [Service::RobotCommandService::RobotCommand] Requested: robot_command { whole_body_command { stop_command { } } } priority: 99
[07/30/26 14:16:23.821591] [debug] [00:04:35.974992] [Service::RobotCommandService::RobotCommand]   Peer: ipv4:192.168.30.230:34606
[07/30/26 14:16:23.821750] [debug] [00:04:35.975150] [Service::RobotCommandService::RobotCommand]   IP: 192.168.30.230, Family: ipv4
[07/30/26 14:16:23.925782] [debug] [00:04:36.079174] [ControlManager] Control finished: {"type":"RobotCommand","control":{"type":"ComponentBasedCommand","components":{"mobility":{"type":"MobilityCommand","control":{"type":"SE2VelocityCommand","control":{"type":"MobilitySE2VelocityControl"}}},"body":{"type":"BodyCommand","control":{"type":"JointImpedanceControlCommand","control":{"type":"JointImpedanceControl"}}},"head":{"type":"HeadCommand","control":{"type":"JointPositionCommand","control":{"type":"JointPositionControl"}}}}}}
[07/30/26 14:16:23.925898] [debug] [00:04:36.079292] [Service::RobotCommandService::RobotCommandStream] OnReadDone (write_done: true, read_done: true)
[07/30/26 14:16:23.925911] [debug] [00:04:36.079305] [Service::RobotCommandService::RobotCommandStream] OnCancel
[07/30/26 14:16:23.926050] [debug] [00:04:36.079448] [Service::RobotCommandService::RobotCommandStream] OnDone: robot_command { component_based_command { mobility_command { se2_velocity_command { command_header { control_hold_time { seconds: 1 } } minimum_time { nanos: 10100000 } velocity { linear { } } acceleration_limit { linear { x: 1 y: 1 } angular: 1 } } } body_command { joint_impedance_control_command { command_header { control_hold_time { seconds: 1 } } minimum_time { nanos: 10100000 } position: -0.0013373421284008104 position: 0.86521594490859632 p... [truncated]
[07/30/26 14:16:23.926079] [info] [00:04:36.079473] [ControlInterface] Control was preempted or canceled by another request.
[07/30/26 14:16:23.926090] [debug] [00:04:36.079484] [ControlInterface::ExecutionStats] Average Control Time: 0.120 ms (max: 0.136 ms, min: 0.113 ms, sigma: 0.004 ms, count: 1343)
[07/30/26 14:16:23.927617] [info] [00:04:36.081017] [ControlManager] Control started: {"type":"RobotCommand","control":{"type":"WholeBodyCommand","control":{"type":"StopControl","control":{"type":"JointVelocityControl"}}}} (priority: 99)
[07/30/26 14:16:23.927636] [debug] [00:04:36.081038] [ControlManager] Control finished: {"type":"RobotCommand","control":{"type":"WholeBodyCommand","control":{"type":"StopControl","control":{"type":"JointVelocityControl"}}}}
[07/30/26 14:16:23.927672] [info] [00:04:36.081069] [ControlInterface] Control completed successfully.
[07/30/26 14:16:23.927677] [debug] [00:04:36.081075] [ControlInterface::ExecutionStats] Average Control Time: 0.006 ms (max: 0.006 ms, min: 0.006 ms, sigma: 0.000 ms, count: 1)
[07/30/26 14:16:23.928191] [debug] [00:04:36.081589] [Service] Server method called: /rb.api.ControlManagerService/ControlManagerCommand
[07/30/26 14:16:23.928209] [debug] [00:04:36.081608] [Service::ControlManagerService::ControlManagerCommand] Requested: request_header { request_timestamp { seconds: 1785388530 nanos: 740186150 } } command: COMMAND_DISABLE
[07/30/26 14:16:23.928213] [info] [00:04:36.081614] [ControlManager::Disable] Disable request received. Starting the disabling process...
[07/30/26 14:16:23.929619] [info] [00:04:36.083019] [ControlManager::Disable] Control Manager successfully disabled
[07/30/26 14:16:25.181856] [debug] [00:04:37.335243] [Service] Server method called: /rb.api.RobotInfoService/GetRobotInfo
[07/30/26 14:16:25.181888] [debug] [00:04:37.335287] [Service::RobotInfoService::GetRobotInfo] Requested: request_header { request_timestamp { seconds: 1785388531 nanos: 993482201 } }
[07/30/26 14:16:25.182741] [debug] [00:04:37.336134] [Service] Server method called: /rb.api.RobotStateService/GetRobotState
[07/30/26 14:16:25.182765] [debug] [00:04:37.336165] [Service::RobotStateService::GetRobotState] Requested: request_header { request_timestamp { seconds: 1785388531 nanos: 994455236 } }
[07/30/26 14:16:25.183457] [debug] [00:04:37.336853] [Service] Server method called: /rb.api.RobotInfoService/GetRobotInfo
[07/30/26 14:16:25.183475] [debug] [00:04:37.336875] [Service::RobotInfoService::GetRobotInfo] Requested: request_header { request_timestamp { seconds: 1785388531 nanos: 995204102 } }
[07/30/26 14:16:25.184488] [debug] [00:04:37.337882] [Service] Server method called: /rb.api.RobotStateService/GetRobotState
[07/30/26 14:16:25.184513] [debug] [00:04:37.337913] [Service::RobotStateService::GetRobotState] Requested: request_header { request_timestamp { seconds: 1785388531 nanos: 996154771 } }
[07/30/26 14:16:25.185182] [debug] [00:04:37.338580] [Service] Server method called: /rb.api.RobotStateService/GetControlManagerState
[07/30/26 14:16:25.185197] [debug] [00:04:37.338597] [Service::RobotStateService::GetControlManagerState] Requested: request_header { request_timestamp { seconds: 1785388531 nanos: 996927674 } }
[07/30/26 14:16:25.185667] [debug] [00:04:37.339065] [Service] Server method called: /rb.api.RobotInfoService/GetRobotInfo
[07/30/26 14:16:25.185680] [debug] [00:04:37.339080] [Service::RobotInfoService::GetRobotInfo] Requested: request_header { request_timestamp { seconds: 1785388531 nanos: 997424837 } }
[07/30/26 14:16:25.186114] [debug] [00:04:37.339512] [Service] Server method called: /rb.api.RobotStateService/GetRobotState
[07/30/26 14:16:25.186128] [debug] [00:04:37.339528] [Service::RobotStateService::GetRobotState] Requested: request_header { request_timestamp { seconds: 1785388531 nanos: 997861709 } }
[07/30/26 14:16:25.186560] [debug] [00:04:37.339960] [Service] Server method called: /rb.api.RobotStateService/GetRobotState
[07/30/26 14:16:25.186568] [debug] [00:04:37.339969] [Service::RobotStateService::GetRobotState] Requested: request_header { request_timestamp { seconds: 1785388531 nanos: 998327100 } }
[07/30/26 14:16:25.186950] [debug] [00:04:37.340347] [Service] Server method called: /rb.api.RobotInfoService/GetRobotInfo
[07/30/26 14:16:25.186965] [debug] [00:04:37.340365] [Service::RobotInfoService::GetRobotInfo] Requested: request_header { request_timestamp { seconds: 1785388531 nanos: 998714051 } }
[07/30/26 14:16:25.187438] [debug] [00:04:37.340836] [Service] Server method called: /rb.api.ControlManagerService/ControlManagerCommand
[07/30/26 14:16:25.187456] [debug] [00:04:37.340856] [Service::ControlManagerService::ControlManagerCommand] Requested: request_header { request_timestamp { seconds: 1785388531 nanos: 999202785 } } command: COMMAND_ENABLE unlimited_mode_enabled { }
[07/30/26 14:16:25.187459] [info] [00:04:37.340860] [ControlManager::Enable] Enable request received. Starting the enabling process...
[07/30/26 14:16:25.187615] [info] [00:04:37.341016] [ControlManager::Enable] Control Manager successfully enabled
[07/30/26 14:16:25.187855] [debug] [00:04:37.341249] [Service] Server method called: /rb.api.ParameterService/SetParameter
[07/30/26 14:16:25.187870] [debug] [00:04:37.341270] [Service::ParameterService::SetParameter] Requested: request_header { request_timestamp { seconds: 1785388531 nanos: 999607187 } } name: "cartesian_command.cutoff_frequency" parameter: "{\"value\":5,\"write_db\":true}"
[07/30/26 14:16:25.198262] [debug] [00:04:37.351659] [Service] Server method called: /rb.api.ParameterService/SetParameter
[07/30/26 14:16:25.198280] [debug] [00:04:37.351679] [Service::ParameterService::SetParameter] Requested: request_header { request_timestamp { seconds: 1785388532 nanos: 9971909 } } name: "default.acceleration_limit_scaling" parameter: "{\"value\":1.0,\"write_db\":true}"
[07/30/26 14:16:25.204334] [debug] [00:04:37.357731] [Service] Server method called: /rb.api.ParameterService/SetParameter
[07/30/26 14:16:25.204350] [debug] [00:04:37.357750] [Service::ParameterService::SetParameter] Requested: request_header { request_timestamp { seconds: 1785388532 nanos: 16049282 } } name: "default.angular_acceleration_limit" parameter: "{\"value\":10,\"write_db\":true}"
[07/30/26 14:16:25.210403] [debug] [00:04:37.363800] [Service] Server method called: /rb.api.ParameterService/SetParameter
[07/30/26 14:16:25.210419] [debug] [00:04:37.363819] [Service::ParameterService::SetParameter] Requested: request_header { request_timestamp { seconds: 1785388532 nanos: 22114999 } } name: "default.linear_acceleration_limit" parameter: "{\"value\":20,\"write_db\":true}"
[07/30/26 14:16:25.216307] [debug] [00:04:37.369704] [Service] Server method called: /rb.api.ParameterService/SetParameter
[07/30/26 14:16:25.216324] [debug] [00:04:37.369724] [Service::ParameterService::SetParameter] Requested: request_header { request_timestamp { seconds: 1785388532 nanos: 28019385 } } name: "joint_position_command.cutoff_frequency" parameter: "{\"value\":5,\"write_db\":true}"
[07/30/26 14:16:25.222272] [debug] [00:04:37.375669] [Service] Server method called: /rb.api.RobotCommandService/RobotCommand
[07/30/26 14:16:25.222341] [debug] [00:04:37.375739] [Service::RobotCommandService::RobotCommand] Requested: robot_command { component_based_command { body_command { joint_position_command { command_header { control_hold_time { seconds: 1 } } minimum_time { nanos: 500000000 } position: -0.00023920987533860248 position: 1.0862634348590385 position: -1.5152882447698961 position: 0.77438311818542793 position: 0.0012643950553611846 position: -0.00030375857185854283 position: -0.023051478621915169 position: -0.26087545547641305 position: -0.00149980794855155... [truncated]
[07/30/26 14:16:25.222344] [debug] [00:04:37.375745] [Service::RobotCommandService::RobotCommand]   Peer: ipv4:192.168.30.230:34606
[07/30/26 14:16:25.222493] [debug] [00:04:37.375893] [Service::RobotCommandService::RobotCommand]   IP: 192.168.30.230, Family: ipv4
[07/30/26 14:16:25.227636] [info] [00:04:37.381035] [ControlManager] Control started: {"type":"RobotCommand","control":{"type":"ComponentBasedCommand","components":{"mobility":null,"body":{"type":"BodyCommand","control":{"type":"JointPositionCommand","control":{"type":"JointPositionControl"}}},"head":{"type":"HeadCommand","control":{"type":"JointPositionCommand","control":{"type":"JointPositionControl"}}}}}} (priority: 1)
[07/30/26 14:16:26.340617] [debug] [00:04:38.494002] [Hardware] Hardware Loop Stat (avg: 2.000 ms, min: 1.998 ms, max: 2.002 ms, count: 15000)
[07/30/26 14:16:26.479606] [debug] [00:04:38.633002] [ControlManager] Control Manager Loop Stat (avg: 2.000 ms, min: 1.999 ms, max: 2.001 ms, count: 15000)
[07/30/26 14:16:26.985642] [debug] [00:04:39.139039] [ControlManager] Control finished: {"type":"RobotCommand","control":{"type":"ComponentBasedCommand","components":{"mobility":null,"body":{"type":"BodyCommand","control":{"type":"JointPositionCommand","control":{"type":"JointPositionControl"}}},"head":{"type":"HeadCommand","control":{"type":"JointPositionCommand","control":{"type":"JointPositionControl"}}}}}}
[07/30/26 14:16:26.985698] [info] [00:04:39.139094] [ControlInterface] Control completed successfully.
[07/30/26 14:16:26.985705] [debug] [00:04:39.139102] [ControlInterface::ExecutionStats] Average Control Time: 0.001 ms (max: 0.022 ms, min: 0.001 ms, sigma: 0.001 ms, count: 880)
[07/30/26 14:16:26.986371] [debug] [00:04:39.139768] [Service] Server method called: /rb.api.PowerService/ToolFlangePowerCommand
[07/30/26 14:16:26.986402] [debug] [00:04:39.139802] [Service::PowerService::ToolFlangePowerCommand] Requested: request_header { request_timestamp { seconds: 1785388533 nanos: 797621608 } } name: "right" command: COMMAND_POWER_12V
[07/30/26 14:16:26.986410] [debug] [00:04:39.139811] [Service::PowerService::ToolFlangePowerCommand] Result: Success
[07/30/26 14:16:26.986802] [debug] [00:04:39.140200] [Service] Server method called: /rb.api.PowerService/ToolFlangePowerCommand
[07/30/26 14:16:26.986818] [debug] [00:04:39.140218] [Service::PowerService::ToolFlangePowerCommand] Requested: request_header { request_timestamp { seconds: 1785388533 nanos: 798124808 } } name: "left" command: COMMAND_POWER_12V
[07/30/26 14:16:26.986822] [debug] [00:04:39.140223] [Service::PowerService::ToolFlangePowerCommand] Result: Success
[07/30/26 14:16:28.120353] [debug] [00:04:40.273744] [Service] Server method called: /rb.api.RobotCommandService/RobotCommand
[07/30/26 14:16:28.120420] [debug] [00:04:40.273818] [Service::RobotCommandService::RobotCommand] Requested: robot_command { component_based_command { body_command { joint_position_command { command_header { control_hold_time { seconds: 1 } } minimum_time { seconds: 4 } position: 0 position: 0.78539816339744828 position: -1.3962634015954636 position: 0.78539816339744828 position: 0 position: 0 position: 0 position: -0.26179938779914941 position: 0 position: -2.0943951023931953 position: 0 position: 0.52359877559829882 position: 0 position: 0 position: 0... [truncated]
[07/30/26 14:16:28.120424] [debug] [00:04:40.273825] [Service::RobotCommandService::RobotCommand]   Peer: ipv4:192.168.30.230:34606
[07/30/26 14:16:28.120580] [debug] [00:04:40.273979] [Service::RobotCommandService::RobotCommand]   IP: 192.168.30.230, Family: ipv4
[07/30/26 14:16:28.125629] [info] [00:04:40.279026] [ControlManager] Control started: {"type":"RobotCommand","control":{"type":"ComponentBasedCommand","components":{"mobility":null,"body":{"type":"BodyCommand","control":{"type":"JointPositionCommand","control":{"type":"JointPositionControl"}}},"head":{"type":"HeadCommand","control":{"type":"JointPositionCommand","control":{"type":"JointPositionControl"}}}}}} (priority: 1)
[07/30/26 14:16:33.383646] [debug] [00:04:45.537039] [ControlManager] Control finished: {"type":"RobotCommand","control":{"type":"ComponentBasedCommand","components":{"mobility":null,"body":{"type":"BodyCommand","control":{"type":"JointPositionCommand","control":{"type":"JointPositionControl"}}},"head":{"type":"HeadCommand","control":{"type":"JointPositionCommand","control":{"type":"JointPositionControl"}}}}}}
[07/30/26 14:16:33.383707] [info] [00:04:45.537102] [ControlInterface] Control completed successfully.
[07/30/26 14:16:33.383716] [debug] [00:04:45.537111] [ControlInterface::ExecutionStats] Average Control Time: 0.001 ms (max: 0.019 ms, min: 0.001 ms, sigma: 0.000 ms, count: 2630)
[07/30/26 14:16:33.384430] [debug] [00:04:45.537826] [Service] Server method called: /rb.api.RobotCommandService/RobotCommandStream
[07/30/26 14:16:33.384451] [debug] [00:04:45.537850] [Service::RobotCommandService::RobotCommandStream] Stream is created
[07/30/26 14:16:33.416486] [debug] [00:04:45.569880] [Service::RobotCommandService::RobotCommandStream] Requested: robot_command { component_based_command { mobility_command { se2_velocity_command { command_header { control_hold_time { seconds: 1 } } minimum_time { nanos: 10100000 } velocity { linear { } } acceleration_limit { linear { x: 1 y: 1 } angular: 1 } } } body_command { joint_impedance_control_command { command_header { control_hold_time { seconds: 1 } } minimum_time { nanos: 10100000 } position: -0.00012123250926697605 position: 0.78497041157096048 ... [truncated]
[07/30/26 14:16:33.416492] [debug] [00:04:45.569893] [Service::RobotCommandService::RobotCommandStream]   Peer: ipv4:192.168.30.230:34606
[07/30/26 14:16:33.416634] [debug] [00:04:45.570034] [Service::RobotCommandService::RobotCommandStream]   IP: 192.168.30.230, Family: ipv4
[07/30/26 14:16:33.421631] [info] [00:04:45.575030] [ControlManager] Control started: {"type":"RobotCommand","control":{"type":"ComponentBasedCommand","components":{"mobility":{"type":"MobilityCommand","control":{"type":"SE2VelocityCommand","control":{"type":"MobilitySE2VelocityControl"}}},"body":{"type":"BodyCommand","control":{"type":"JointImpedanceControlCommand","control":{"type":"JointImpedanceControl"}}},"head":{"type":"HeadCommand","control":{"type":"JointPositionCommand","control":{"type":"JointPositionControl"}}}}}} (priority: 1)
[07/30/26 14:16:39.986747] [debug] [00:04:52.140135] [Service] Server method called: /rb.api.RobotCommandService/RobotCommand
[07/30/26 14:16:39.986781] [debug] [00:04:52.140180] [Service::RobotCommandService::RobotCommand] Requested: robot_command { whole_body_command { stop_command { } } } priority: 99
[07/30/26 14:16:39.986785] [debug] [00:04:52.140186] [Service::RobotCommandService::RobotCommand]   Peer: ipv4:192.168.30.230:34606
[07/30/26 14:16:39.986957] [debug] [00:04:52.140356] [Service::RobotCommandService::RobotCommand]   IP: 192.168.30.230, Family: ipv4
[07/30/26 14:16:40.089777] [debug] [00:04:52.243171] [ControlManager] Control finished: {"type":"RobotCommand","control":{"type":"ComponentBasedCommand","components":{"mobility":{"type":"MobilityCommand","control":{"type":"SE2VelocityCommand","control":{"type":"MobilitySE2VelocityControl"}}},"body":{"type":"BodyCommand","control":{"type":"JointImpedanceControlCommand","control":{"type":"JointImpedanceControl"}}},"head":{"type":"HeadCommand","control":{"type":"JointPositionCommand","control":{"type":"JointPositionControl"}}}}}}
[07/30/26 14:16:40.089876] [debug] [00:04:52.243271] [Service::RobotCommandService::RobotCommandStream] OnReadDone (write_done: true, read_done: true)
[07/30/26 14:16:40.089901] [debug] [00:04:52.243296] [Service::RobotCommandService::RobotCommandStream] OnCancel
[07/30/26 14:16:40.089978] [info] [00:04:52.243375] [ControlInterface] Control was preempted or canceled by another request.
[07/30/26 14:16:40.089988] [debug] [00:04:52.243383] [ControlInterface::ExecutionStats] Average Control Time: 0.119 ms (max: 0.217 ms, min: 0.110 ms, sigma: 0.005 ms, count: 3335)
[07/30/26 14:16:40.090013] [debug] [00:04:52.243412] [Service::RobotCommandService::RobotCommandStream] OnDone: robot_command { component_based_command { mobility_command { se2_velocity_command { command_header { control_hold_time { seconds: 1 } } minimum_time { nanos: 10100000 } velocity { linear { } } acceleration_limit { linear { x: 1 y: 1 } angular: 1 } } } body_command { joint_impedance_control_command { command_header { control_hold_time { seconds: 1 } } minimum_time { nanos: 10100000 } position: -0.0057414646642208944 position: 0.86683702952961794 p... [truncated]
[07/30/26 14:16:40.091618] [info] [00:04:52.245018] [ControlManager] Control started: {"type":"RobotCommand","control":{"type":"WholeBodyCommand","control":{"type":"StopControl","control":{"type":"JointVelocityControl"}}}} (priority: 99)
[07/30/26 14:16:40.091639] [debug] [00:04:52.245040] [ControlManager] Control finished: {"type":"RobotCommand","control":{"type":"WholeBodyCommand","control":{"type":"StopControl","control":{"type":"JointVelocityControl"}}}}
[07/30/26 14:16:40.091674] [info] [00:04:52.245072] [ControlInterface] Control completed successfully.
[07/30/26 14:16:40.091682] [debug] [00:04:52.245078] [ControlInterface::ExecutionStats] Average Control Time: 0.007 ms (max: 0.007 ms, min: 0.007 ms, sigma: 0.000 ms, count: 1)
[07/30/26 14:16:40.092257] [debug] [00:04:52.245654] [Service] Server method called: /rb.api.ControlManagerService/ControlManagerCommand
[07/30/26 14:16:40.092279] [debug] [00:04:52.245678] [Service::ControlManagerService::ControlManagerCommand] Requested: request_header { request_timestamp { seconds: 1785388546 nanos: 900617571 } } command: COMMAND_DISABLE
[07/30/26 14:16:40.092282] [info] [00:04:52.245683] [ControlManager::Disable] Disable request received. Starting the disabling process...
[07/30/26 14:16:40.093619] [info] [00:04:52.247019] [ControlManager::Disable] Control Manager successfully disabled
[07/30/26 14:16:40.939010] [debug] [00:04:53.092402] [Service] Server method called: /rb.api.RobotInfoService/GetRobotInfo
[07/30/26 14:16:40.939040] [debug] [00:04:53.092439] [Service::RobotInfoService::GetRobotInfo] Requested: request_header { request_timestamp { seconds: 1785388547 nanos: 747149131 } }
[07/30/26 14:16:40.939974] [debug] [00:04:53.093367] [Service] Server method called: /rb.api.RobotStateService/GetRobotState
[07/30/26 14:16:40.940002] [debug] [00:04:53.093402] [Service::RobotStateService::GetRobotState] Requested: request_header { request_timestamp { seconds: 1785388547 nanos: 748102781 } }
[07/30/26 14:16:40.940936] [debug] [00:04:53.094329] [Service] Server method called: /rb.api.RobotInfoService/GetRobotInfo
[07/30/26 14:16:40.940957] [debug] [00:04:53.094358] [Service::RobotInfoService::GetRobotInfo] Requested: request_header { request_timestamp { seconds: 1785388547 nanos: 749096162 } }
[07/30/26 14:16:40.941854] [debug] [00:04:53.095252] [Service] Server method called: /rb.api.RobotStateService/GetRobotState
[07/30/26 14:16:40.941871] [debug] [00:04:53.095270] [Service::RobotStateService::GetRobotState] Requested: request_header { request_timestamp { seconds: 1785388547 nanos: 750019532 } }
[07/30/26 14:16:40.942665] [debug] [00:04:53.096063] [Service] Server method called: /rb.api.RobotStateService/GetControlManagerState
[07/30/26 14:16:40.942680] [debug] [00:04:53.096080] [Service::RobotStateService::GetControlManagerState] Requested: request_header { request_timestamp { seconds: 1785388547 nanos: 750851472 } }
[07/30/26 14:16:40.943214] [debug] [00:04:53.096611] [Service] Server method called: /rb.api.RobotInfoService/GetRobotInfo
[07/30/26 14:16:40.943228] [debug] [00:04:53.096628] [Service::RobotInfoService::GetRobotInfo] Requested: request_header { request_timestamp { seconds: 1785388547 nanos: 751435817 } }
[07/30/26 14:16:40.943636] [debug] [00:04:53.097037] [Service] Server method called: /rb.api.RobotStateService/GetRobotState
[07/30/26 14:16:40.943645] [debug] [00:04:53.097046] [Service::RobotStateService::GetRobotState] Requested: request_header { request_timestamp { seconds: 1785388547 nanos: 751889384 } }
[07/30/26 14:16:40.944023] [debug] [00:04:53.097421] [Service] Server method called: /rb.api.RobotStateService/GetRobotState
[07/30/26 14:16:40.944036] [debug] [00:04:53.097436] [Service::RobotStateService::GetRobotState] Requested: request_header { request_timestamp { seconds: 1785388547 nanos: 752269311 } }
[07/30/26 14:16:40.944578] [debug] [00:04:53.097976] [Service] Server method called: /rb.api.RobotInfoService/GetRobotInfo
[07/30/26 14:16:40.944591] [debug] [00:04:53.097991] [Service::RobotInfoService::GetRobotInfo] Requested: request_header { request_timestamp { seconds: 1785388547 nanos: 752832856 } }
[07/30/26 14:16:40.945136] [debug] [00:04:53.098533] [Service] Server method called: /rb.api.ControlManagerService/ControlManagerCommand
[07/30/26 14:16:40.945154] [debug] [00:04:53.098554] [Service::ControlManagerService::ControlManagerCommand] Requested: request_header { request_timestamp { seconds: 1785388547 nanos: 753380654 } } command: COMMAND_ENABLE unlimited_mode_enabled { }
[07/30/26 14:16:40.945158] [info] [00:04:53.098559] [ControlManager::Enable] Enable request received. Starting the enabling process...
[07/30/26 14:16:40.945616] [info] [00:04:53.099016] [ControlManager::Enable] Control Manager successfully enabled
[07/30/26 14:16:40.946011] [debug] [00:04:53.099408] [Service] Server method called: /rb.api.ParameterService/SetParameter
[07/30/26 14:16:40.946028] [debug] [00:04:53.099428] [Service::ParameterService::SetParameter] Requested: request_header { request_timestamp { seconds: 1785388547 nanos: 754247740 } } name: "cartesian_command.cutoff_frequency" parameter: "{\"value\":5,\"write_db\":true}"
[07/30/26 14:16:41.056438] [debug] [00:04:53.209833] [Service] Server method called: /rb.api.ParameterService/SetParameter
[07/30/26 14:16:41.056459] [debug] [00:04:53.209858] [Service::ParameterService::SetParameter] Requested: request_header { request_timestamp { seconds: 1785388547 nanos: 864592939 } } name: "default.acceleration_limit_scaling" parameter: "{\"value\":1.0,\"write_db\":true}"
[07/30/26 14:16:41.062361] [debug] [00:04:53.215758] [Service] Server method called: /rb.api.ParameterService/SetParameter
[07/30/26 14:16:41.062381] [debug] [00:04:53.215781] [Service::ParameterService::SetParameter] Requested: request_header { request_timestamp { seconds: 1785388547 nanos: 870520861 } } name: "default.angular_acceleration_limit" parameter: "{\"value\":10,\"write_db\":true}"
[07/30/26 14:16:41.068169] [debug] [00:04:53.221565] [Service] Server method called: /rb.api.ParameterService/SetParameter
[07/30/26 14:16:41.068186] [debug] [00:04:53.221586] [Service::ParameterService::SetParameter] Requested: request_header { request_timestamp { seconds: 1785388547 nanos: 876336711 } } name: "default.linear_acceleration_limit" parameter: "{\"value\":20,\"write_db\":true}"
[07/30/26 14:16:41.074412] [debug] [00:04:53.227808] [Service] Server method called: /rb.api.ParameterService/SetParameter
[07/30/26 14:16:41.074429] [debug] [00:04:53.227829] [Service::ParameterService::SetParameter] Requested: request_header { request_timestamp { seconds: 1785388547 nanos: 882547092 } } name: "joint_position_command.cutoff_frequency" parameter: "{\"value\":5,\"write_db\":true}"
[07/30/26 14:16:41.080418] [debug] [00:04:53.233815] [Service] Server method called: /rb.api.RobotCommandService/RobotCommand
[07/30/26 14:16:41.080486] [debug] [00:04:53.233884] [Service::RobotCommandService::RobotCommand] Requested: robot_command { component_based_command { body_command { joint_position_command { command_header { control_hold_time { seconds: 1 } } minimum_time { nanos: 500000000 } position: -0.00024300685748683426 position: 1.0840649821952124 position: -1.5140086617859421 position: 0.77662333765288472 position: 0.0011011248229872176 position: -0.00026578875037622495 position: -0.018536866847667574 position: -0.26105771061952815 position: -0.00048221673282543... [truncated]
[07/30/26 14:16:41.080489] [debug] [00:04:53.233890] [Service::RobotCommandService::RobotCommand]   Peer: ipv4:192.168.30.230:34606
[07/30/26 14:16:41.080633] [debug] [00:04:53.234032] [Service::RobotCommandService::RobotCommand]   IP: 192.168.30.230, Family: ipv4
[07/30/26 14:16:41.085633] [info] [00:04:53.239031] [ControlManager] Control started: {"type":"RobotCommand","control":{"type":"ComponentBasedCommand","components":{"mobility":null,"body":{"type":"BodyCommand","control":{"type":"JointPositionCommand","control":{"type":"JointPositionControl"}}},"head":{"type":"HeadCommand","control":{"type":"JointPositionCommand","control":{"type":"JointPositionControl"}}}}}} (priority: 1)
[07/30/26 14:16:42.843643] [debug] [00:04:54.997038] [ControlManager] Control finished: {"type":"RobotCommand","control":{"type":"ComponentBasedCommand","components":{"mobility":null,"body":{"type":"BodyCommand","control":{"type":"JointPositionCommand","control":{"type":"JointPositionControl"}}},"head":{"type":"HeadCommand","control":{"type":"JointPositionCommand","control":{"type":"JointPositionControl"}}}}}}
[07/30/26 14:16:42.843700] [info] [00:04:54.997095] [ControlInterface] Control completed successfully.
[07/30/26 14:16:42.843709] [debug] [00:04:54.997104] [ControlInterface::ExecutionStats] Average Control Time: 0.001 ms (max: 0.021 ms, min: 0.001 ms, sigma: 0.001 ms, count: 880)
[07/30/26 14:16:42.844400] [debug] [00:04:54.997796] [Service] Server method called: /rb.api.PowerService/ToolFlangePowerCommand
[07/30/26 14:16:42.844430] [debug] [00:04:54.997830] [Service::PowerService::ToolFlangePowerCommand] Requested: request_header { request_timestamp { seconds: 1785388549 nanos: 652152597 } } name: "right" command: COMMAND_POWER_12V
[07/30/26 14:16:42.844435] [debug] [00:04:54.997836] [Service::PowerService::ToolFlangePowerCommand] Result: Success
[07/30/26 14:16:42.845082] [debug] [00:04:54.998479] [Service] Server method called: /rb.api.PowerService/ToolFlangePowerCommand
[07/30/26 14:16:42.845100] [debug] [00:04:54.998499] [Service::PowerService::ToolFlangePowerCommand] Requested: request_header { request_timestamp { seconds: 1785388549 nanos: 652876163 } } name: "left" command: COMMAND_POWER_12V
[07/30/26 14:16:42.845105] [debug] [00:04:54.998505] [Service::PowerService::ToolFlangePowerCommand] Result: Success
[07/30/26 14:16:44.012265] [debug] [00:04:56.165655] [Service] Server method called: /rb.api.RobotCommandService/RobotCommand
[07/30/26 14:16:44.012331] [debug] [00:04:56.165730] [Service::RobotCommandService::RobotCommand] Requested: robot_command { component_based_command { body_command { joint_position_command { command_header { control_hold_time { seconds: 1 } } minimum_time { seconds: 4 } position: 0 position: 0.78539816339744828 position: -1.3962634015954636 position: 0.78539816339744828 position: 0 position: 0 position: 0 position: -0.26179938779914941 position: 0 position: -2.0943951023931953 position: 0 position: 0.52359877559829882 position: 0 position: 0 position: 0... [truncated]
[07/30/26 14:16:44.012335] [debug] [00:04:56.165736] [Service::RobotCommandService::RobotCommand]   Peer: ipv4:192.168.30.230:34606
[07/30/26 14:16:44.012485] [debug] [00:04:56.165885] [Service::RobotCommandService::RobotCommand]   IP: 192.168.30.230, Family: ipv4
[07/30/26 14:16:44.017631] [info] [00:04:56.171026] [ControlManager] Control started: {"type":"RobotCommand","control":{"type":"ComponentBasedCommand","components":{"mobility":null,"body":{"type":"BodyCommand","control":{"type":"JointPositionCommand","control":{"type":"JointPositionControl"}}},"head":{"type":"HeadCommand","control":{"type":"JointPositionCommand","control":{"type":"JointPositionControl"}}}}}} (priority: 1)
[07/30/26 14:16:49.275654] [debug] [00:05:01.429041] [ControlManager] Control finished: {"type":"RobotCommand","control":{"type":"ComponentBasedCommand","components":{"mobility":null,"body":{"type":"BodyCommand","control":{"type":"JointPositionCommand","control":{"type":"JointPositionControl"}}},"head":{"type":"HeadCommand","control":{"type":"JointPositionCommand","control":{"type":"JointPositionControl"}}}}}}
[07/30/26 14:16:49.275713] [info] [00:05:01.429108] [ControlInterface] Control completed successfully.
[07/30/26 14:16:49.275722] [debug] [00:05:01.429117] [ControlInterface::ExecutionStats] Average Control Time: 0.001 ms (max: 0.017 ms, min: 0.001 ms, sigma: 0.000 ms, count: 2630)
[07/30/26 14:16:49.276342] [debug] [00:05:01.429737] [Service] Server method called: /rb.api.RobotCommandService/RobotCommandStream
[07/30/26 14:16:49.276356] [debug] [00:05:01.429756] [Service::RobotCommandService::RobotCommandStream] Stream is created
[07/30/26 14:16:49.308250] [debug] [00:05:01.461643] [Service::RobotCommandService::RobotCommandStream] Requested: robot_command { component_based_command { mobility_command { se2_velocity_command { command_header { control_hold_time { seconds: 1 } } minimum_time { nanos: 10100000 } velocity { linear { } } acceleration_limit { linear { x: 1 y: 1 } angular: 1 } } } body_command { joint_impedance_control_command { command_header { control_hold_time { seconds: 1 } } minimum_time { nanos: 10100000 } position: -0.00012116522626090763 position: 0.78497049049687306 ... [truncated]
[07/30/26 14:16:49.308256] [debug] [00:05:01.461657] [Service::RobotCommandService::RobotCommandStream]   Peer: ipv4:192.168.30.230:34606
[07/30/26 14:16:49.308395] [debug] [00:05:01.461796] [Service::RobotCommandService::RobotCommandStream]   IP: 192.168.30.230, Family: ipv4
[07/30/26 14:16:49.313631] [info] [00:05:01.467030] [ControlManager] Control started: {"type":"RobotCommand","control":{"type":"ComponentBasedCommand","components":{"mobility":{"type":"MobilityCommand","control":{"type":"SE2VelocityCommand","control":{"type":"MobilitySE2VelocityControl"}}},"body":{"type":"BodyCommand","control":{"type":"JointImpedanceControlCommand","control":{"type":"JointImpedanceControl"}}},"head":{"type":"HeadCommand","control":{"type":"JointPositionCommand","control":{"type":"JointPositionControl"}}}}}} (priority: 1)
[07/30/26 14:16:55.417982] [debug] [00:05:07.571370] [Service] Server method called: /rb.api.RobotCommandService/RobotCommand
[07/30/26 14:16:55.418017] [debug] [00:05:07.571416] [Service::RobotCommandService::RobotCommand] Requested: robot_command { whole_body_command { stop_command { } } } priority: 10
[07/30/26 14:16:55.418020] [debug] [00:05:07.571422] [Service::RobotCommandService::RobotCommand]   Peer: ipv4:192.168.30.230:34606
[07/30/26 14:16:55.418192] [debug] [00:05:07.571591] [Service::RobotCommandService::RobotCommandStream] OnCancel
[07/30/26 14:16:55.418192] [debug] [00:05:07.571582] [Service::RobotCommandService::RobotCommandStream] OnReadDone (write_done: true, read_done: true)
[07/30/26 14:16:55.418203] [debug] [00:05:07.571603] [Service::RobotCommandService::RobotCommand]   IP: 192.168.30.230, Family: ipv4
[07/30/26 14:16:55.418371] [debug] [00:05:07.571768] [Service::RobotCommandService::RobotCommandStream] OnDone: robot_command { component_based_command { mobility_command { se2_velocity_command { command_header { control_hold_time { seconds: 1 } } minimum_time { nanos: 10100000 } velocity { linear { } } acceleration_limit { linear { x: 1 y: 1 } angular: 1 } } } body_command { joint_impedance_control_command { command_header { control_hold_time { seconds: 1 } } minimum_time { nanos: 10100000 } position: 0.03292263989129314 position: 1.0472817650603004 posit... [truncated]
[07/30/26 14:16:55.418374] [info] [00:05:07.571775] [ControlManager::CancelControl] Control cancel request received
[07/30/26 14:16:55.419764] [debug] [00:05:07.573158] [ControlManager::CancelControl] Cancelling control
[07/30/26 14:16:55.419776] [info] [00:05:07.573177] [ControlManager::CancelControl] Control canceling process is successfully starting...
[07/30/26 14:16:55.421744] [info] [00:05:07.575144] [ControlManager::CancelControl] Control cancel request received
[07/30/26 14:16:55.423745] [warning] [00:05:07.577145] [ControlManager::CancelControl] Target control is not currently running
[07/30/26 14:16:55.423754] [error] [00:05:07.577154] [ControlManager::CancelControl] Failed to start control canceling process
[07/30/26 14:16:55.423756] [info] [00:05:07.577158] [Service::RobotCommandService::RobotCommand] Control canceled
[07/30/26 14:16:55.519777] [debug] [00:05:07.673175] [ControlManager] Control finished: {"type":"RobotCommand","control":{"type":"ComponentBasedCommand","components":{"mobility":{"type":"MobilityCommand","control":{"type":"SE2VelocityCommand","control":{"type":"MobilitySE2VelocityControl"}}},"body":{"type":"BodyCommand","control":{"type":"JointImpedanceControlCommand","control":{"type":"JointImpedanceControl"}}},"head":{"type":"HeadCommand","control":{"type":"JointPositionCommand","control":{"type":"JointPositionControl"}}}}}}
[07/30/26 14:16:55.519832] [info] [00:05:07.673229] [ControlInterface] Control was preempted or canceled by another request.
[07/30/26 14:16:55.519842] [debug] [00:05:07.673237] [ControlInterface::ExecutionStats] Average Control Time: 0.121 ms (max: 0.197 ms, min: 0.111 ms, sigma: 0.005 ms, count: 3104)
[07/30/26 14:16:55.521617] [info] [00:05:07.675017] [ControlManager] Control started: {"type":"RobotCommand","control":{"type":"WholeBodyCommand","control":{"type":"StopControl","control":{"type":"JointVelocityControl"}}}} (priority: 10)
[07/30/26 14:16:55.521637] [debug] [00:05:07.675037] [ControlManager] Control finished: {"type":"RobotCommand","control":{"type":"WholeBodyCommand","control":{"type":"StopControl","control":{"type":"JointVelocityControl"}}}}
[07/30/26 14:16:55.521669] [info] [00:05:07.675067] [ControlInterface] Control completed successfully.
[07/30/26 14:16:55.521674] [debug] [00:05:07.675072] [ControlInterface::ExecutionStats] Average Control Time: 0.006 ms (max: 0.006 ms, min: 0.006 ms, sigma: 0.000 ms, count: 1)
[07/30/26 14:16:56.340613] [debug] [00:05:08.494002] [Hardware] Hardware Loop Stat (avg: 2.000 ms, min: 1.998 ms, max: 2.002 ms, count: 15000)
[07/30/26 14:16:56.479605] [debug] [00:05:08.633003] [ControlManager] Control Manager Loop Stat (avg: 2.000 ms, min: 1.999 ms, max: 2.001 ms, count: 15000)
[07/30/26 14:16:59.184493] [debug] [00:05:11.337883] [Service] Server method called: /rb.api.RobotInfoService/GetRobotInfo
[07/30/26 14:16:59.184538] [debug] [00:05:11.337939] [Service::RobotInfoService::GetRobotInfo] Requested: request_header { request_timestamp { seconds: 1785388565 nanos: 989076798 } }
[07/30/26 14:16:59.185476] [debug] [00:05:11.338871] [Service] Server method called: /rb.api.RobotStateService/GetRobotState
[07/30/26 14:16:59.185507] [debug] [00:05:11.338906] [Service::RobotStateService::GetRobotState] Requested: request_header { request_timestamp { seconds: 1785388565 nanos: 990153377 } }
[07/30/26 14:16:59.186329] [debug] [00:05:11.339727] [Service] Server method called: /rb.api.RobotInfoService/GetRobotInfo
[07/30/26 14:16:59.186345] [debug] [00:05:11.339745] [Service::RobotInfoService::GetRobotInfo] Requested: request_header { request_timestamp { seconds: 1785388565 nanos: 991021764 } }
[07/30/26 14:16:59.187146] [debug] [00:05:11.340543] [Service] Server method called: /rb.api.RobotStateService/GetRobotState
[07/30/26 14:16:59.187161] [debug] [00:05:11.340561] [Service::RobotStateService::GetRobotState] Requested: request_header { request_timestamp { seconds: 1785388565 nanos: 991841279 } }
[07/30/26 14:16:59.187800] [debug] [00:05:11.341196] [Service] Server method called: /rb.api.RobotStateService/GetControlManagerState
[07/30/26 14:16:59.187818] [debug] [00:05:11.341217] [Service::RobotStateService::GetControlManagerState] Requested: request_header { request_timestamp { seconds: 1785388565 nanos: 992498709 } }
[07/30/26 14:16:59.188151] [debug] [00:05:11.341550] [Service] Server method called: /rb.api.RobotCommandService/RobotCommand
[07/30/26 14:16:59.188269] [debug] [00:05:11.341670] [Service::RobotCommandService::RobotCommand] Requested: robot_command { whole_body_command { stop_command { } } } priority: 99
[07/30/26 14:16:59.188273] [debug] [00:05:11.341674] [Service::RobotCommandService::RobotCommand]   Peer: ipv4:192.168.30.230:34606
[07/30/26 14:16:59.188413] [debug] [00:05:11.341814] [Service::RobotCommandService::RobotCommand]   IP: 192.168.30.230, Family: ipv4
[07/30/26 14:16:59.193620] [info] [00:05:11.347019] [ControlManager] Control started: {"type":"RobotCommand","control":{"type":"WholeBodyCommand","control":{"type":"StopControl","control":{"type":"JointVelocityControl"}}}} (priority: 99)
[07/30/26 14:16:59.193642] [debug] [00:05:11.347042] [ControlManager] Control finished: {"type":"RobotCommand","control":{"type":"WholeBodyCommand","control":{"type":"StopControl","control":{"type":"JointVelocityControl"}}}}
[07/30/26 14:16:59.193683] [info] [00:05:11.347080] [ControlInterface] Control completed successfully.
[07/30/26 14:16:59.193692] [debug] [00:05:11.347087] [ControlInterface::ExecutionStats] Average Control Time: 0.005 ms (max: 0.005 ms, min: 0.005 ms, sigma: 0.000 ms, count: 1)
[07/30/26 14:16:59.194157] [debug] [00:05:11.347555] [Service] Server method called: /rb.api.ControlManagerService/ControlManagerCommand
[07/30/26 14:16:59.194174] [debug] [00:05:11.347574] [Service::ControlManagerService::ControlManagerCommand] Requested: request_header { request_timestamp { seconds: 1785388565 nanos: 998868414 } } command: COMMAND_DISABLE
[07/30/26 14:16:59.194178] [info] [00:05:11.347579] [ControlManager::Disable] Disable request received. Starting the disabling process...
[07/30/26 14:16:59.195618] [info] [00:05:11.349018] [ControlManager::Disable] Control Manager successfully disabled
[07/30/26 14:16:59.196072] [debug] [00:05:11.349469] [Service] Server method called: /rb.api.RobotInfoService/GetRobotInfo
[07/30/26 14:16:59.196087] [debug] [00:05:11.349486] [Service::RobotInfoService::GetRobotInfo] Requested: request_header { request_timestamp { seconds: 1785388566 nanos: 773744 } }
[07/30/26 14:16:59.196577] [debug] [00:05:11.349975] [Service] Server method called: /rb.api.RobotStateService/GetRobotState
[07/30/26 14:16:59.196592] [debug] [00:05:11.349992] [Service::RobotStateService::GetRobotState] Requested: request_header { request_timestamp { seconds: 1785388566 nanos: 1312042 } }
[07/30/26 14:16:59.197058] [debug] [00:05:11.350456] [Service] Server method called: /rb.api.RobotStateService/GetRobotState
[07/30/26 14:16:59.197071] [debug] [00:05:11.350471] [Service::RobotStateService::GetRobotState] Requested: request_header { request_timestamp { seconds: 1785388566 nanos: 1785109 } }
[07/30/26 14:16:59.197431] [debug] [00:05:11.350821] [Service] Server method called: /rb.api.RobotInfoService/GetRobotInfo
[07/30/26 14:16:59.197443] [debug] [00:05:11.350843] [Service::RobotInfoService::GetRobotInfo] Requested: request_header { request_timestamp { seconds: 1785388566 nanos: 2175315 } }
[07/30/26 14:16:59.197942] [debug] [00:05:11.351340] [Service] Server method called: /rb.api.ControlManagerService/ControlManagerCommand
[07/30/26 14:16:59.197957] [debug] [00:05:11.351357] [Service::ControlManagerService::ControlManagerCommand] Requested: request_header { request_timestamp { seconds: 1785388566 nanos: 2672128 } } command: COMMAND_ENABLE unlimited_mode_enabled { }
[07/30/26 14:16:59.197961] [info] [00:05:11.351361] [ControlManager::Enable] Enable request received. Starting the enabling process...
[07/30/26 14:16:59.199614] [info] [00:05:11.353014] [ControlManager::Enable] Control Manager successfully enabled
[07/30/26 14:16:59.199956] [debug] [00:05:11.353351] [Service] Server method called: /rb.api.ParameterService/SetParameter
[07/30/26 14:16:59.199974] [debug] [00:05:11.353374] [Service::ParameterService::SetParameter] Requested: request_header { request_timestamp { seconds: 1785388566 nanos: 4672528 } } name: "cartesian_command.cutoff_frequency" parameter: "{\"value\":5,\"write_db\":true}"
[07/30/26 14:16:59.209187] [debug] [00:05:11.362582] [Service] Server method called: /rb.api.ParameterService/SetParameter
[07/30/26 14:16:59.209205] [debug] [00:05:11.362605] [Service::ParameterService::SetParameter] Requested: request_header { request_timestamp { seconds: 1785388566 nanos: 13877370 } } name: "default.acceleration_limit_scaling" parameter: "{\"value\":1.0,\"write_db\":true}"
[07/30/26 14:16:59.213037] [debug] [00:05:11.366433] [Service] Server method called: /rb.api.ParameterService/SetParameter
[07/30/26 14:16:59.213054] [debug] [00:05:11.366454] [Service::ParameterService::SetParameter] Requested: request_header { request_timestamp { seconds: 1785388566 nanos: 17727456 } } name: "default.angular_acceleration_limit" parameter: "{\"value\":10,\"write_db\":true}"
[07/30/26 14:16:59.216923] [debug] [00:05:11.370311] [Service] Server method called: /rb.api.ParameterService/SetParameter
[07/30/26 14:16:59.216939] [debug] [00:05:11.370339] [Service::ParameterService::SetParameter] Requested: request_header { request_timestamp { seconds: 1785388566 nanos: 21603514 } } name: "default.linear_acceleration_limit" parameter: "{\"value\":20,\"write_db\":true}"
[07/30/26 14:16:59.220331] [debug] [00:05:11.373727] [Service] Server method called: /rb.api.ParameterService/SetParameter
[07/30/26 14:16:59.220373] [debug] [00:05:11.373772] [Service::ParameterService::SetParameter] Requested: request_header { request_timestamp { seconds: 1785388566 nanos: 25019678 } } name: "joint_position_command.cutoff_frequency" parameter: "{\"value\":5,\"write_db\":true}"
[07/30/26 14:16:59.224183] [debug] [00:05:11.377579] [Service] Server method called: /rb.api.RobotCommandService/RobotCommand
[07/30/26 14:16:59.224250] [debug] [00:05:11.377648] [Service::RobotCommandService::RobotCommand] Requested: robot_command { component_based_command { body_command { joint_position_command { command_header { control_hold_time { seconds: 1 } } minimum_time { nanos: 500000000 } position: 0.010491061675564423 position: 1.3679729313827993 position: -1.5430251993627293 position: 0.80305413038672613 position: 0.028534320843961868 position: 0.31371805603335479 position: -0.12157936838638177 position: -0.3467100339193408 position: -0.23746326355041586 position:... [truncated]
[07/30/26 14:16:59.224253] [debug] [00:05:11.377654] [Service::RobotCommandService::RobotCommand]   Peer: ipv4:192.168.30.230:34606
[07/30/26 14:16:59.224393] [debug] [00:05:11.377793] [Service::RobotCommandService::RobotCommand]   IP: 192.168.30.230, Family: ipv4
[07/30/26 14:16:59.229633] [info] [00:05:11.383033] [ControlManager] Control started: {"type":"RobotCommand","control":{"type":"ComponentBasedCommand","components":{"mobility":null,"body":{"type":"BodyCommand","control":{"type":"JointPositionCommand","control":{"type":"JointPositionControl"}}},"head":{"type":"HeadCommand","control":{"type":"JointPositionCommand","control":{"type":"JointPositionControl"}}}}}} (priority: 1)
[07/30/26 14:17:00.987647] [debug] [00:05:13.141039] [ControlManager] Control finished: {"type":"RobotCommand","control":{"type":"ComponentBasedCommand","components":{"mobility":null,"body":{"type":"BodyCommand","control":{"type":"JointPositionCommand","control":{"type":"JointPositionControl"}}},"head":{"type":"HeadCommand","control":{"type":"JointPositionCommand","control":{"type":"JointPositionControl"}}}}}}
[07/30/26 14:17:00.987704] [info] [00:05:13.141100] [ControlInterface] Control completed successfully.
[07/30/26 14:17:00.987713] [debug] [00:05:13.141108] [ControlInterface::ExecutionStats] Average Control Time: 0.001 ms (max: 0.027 ms, min: 0.001 ms, sigma: 0.001 ms, count: 880)
[07/30/26 14:17:00.988260] [debug] [00:05:13.141656] [Service] Server method called: /rb.api.PowerService/ToolFlangePowerCommand
[07/30/26 14:17:00.988289] [debug] [00:05:13.141689] [Service::PowerService::ToolFlangePowerCommand] Requested: request_header { request_timestamp { seconds: 1785388567 nanos: 792609051 } } name: "right" command: COMMAND_POWER_12V
[07/30/26 14:17:00.988294] [debug] [00:05:13.141695] [Service::PowerService::ToolFlangePowerCommand] Result: Success
[07/30/26 14:17:00.988693] [debug] [00:05:13.142090] [Service] Server method called: /rb.api.PowerService/ToolFlangePowerCommand
[07/30/26 14:17:00.988708] [debug] [00:05:13.142108] [Service::PowerService::ToolFlangePowerCommand] Requested: request_header { request_timestamp { seconds: 1785388567 nanos: 793100246 } } name: "left" command: COMMAND_POWER_12V
[07/30/26 14:17:00.988713] [debug] [00:05:13.142114] [Service::PowerService::ToolFlangePowerCommand] Result: Success
[07/30/26 14:17:02.159715] [debug] [00:05:14.313105] [Service] Server method called: /rb.api.RobotCommandService/RobotCommand
[07/30/26 14:17:02.159899] [debug] [00:05:14.313296] [Service::RobotCommandService::RobotCommand] Requested: robot_command { component_based_command { body_command { joint_position_command { command_header { control_hold_time { seconds: 1 } } minimum_time { seconds: 4 } position: 0 position: 0.78539816339744828 position: -1.3962634015954636 position: 0.78539816339744828 position: 0 position: 0 position: 0 position: -0.26179938779914941 position: 0 position: -2.0943951023931953 position: 0 position: 0.52359877559829882 position: 0 position: 0 position: 0... [truncated]
[07/30/26 14:17:02.159906] [debug] [00:05:14.313306] [Service::RobotCommandService::RobotCommand]   Peer: ipv4:192.168.30.230:34606
[07/30/26 14:17:02.160113] [debug] [00:05:14.313511] [Service::RobotCommandService::RobotCommand]   IP: 192.168.30.230, Family: ipv4
[07/30/26 14:17:02.165633] [info] [00:05:14.319028] [ControlManager] Control started: {"type":"RobotCommand","control":{"type":"ComponentBasedCommand","components":{"mobility":null,"body":{"type":"BodyCommand","control":{"type":"JointPositionCommand","control":{"type":"JointPositionControl"}}},"head":{"type":"HeadCommand","control":{"type":"JointPositionCommand","control":{"type":"JointPositionControl"}}}}}} (priority: 1)
[07/30/26 14:17:07.423649] [debug] [00:05:19.577040] [ControlManager] Control finished: {"type":"RobotCommand","control":{"type":"ComponentBasedCommand","components":{"mobility":null,"body":{"type":"BodyCommand","control":{"type":"JointPositionCommand","control":{"type":"JointPositionControl"}}},"head":{"type":"HeadCommand","control":{"type":"JointPositionCommand","control":{"type":"JointPositionControl"}}}}}}
[07/30/26 14:17:07.423710] [info] [00:05:19.577104] [ControlInterface] Control completed successfully.
[07/30/26 14:17:07.423720] [debug] [00:05:19.577114] [ControlInterface::ExecutionStats] Average Control Time: 0.001 ms (max: 0.019 ms, min: 0.001 ms, sigma: 0.000 ms, count: 2630)
[07/30/26 14:17:07.424543] [debug] [00:05:19.577938] [Service] Server method called: /rb.api.RobotCommandService/RobotCommandStream
[07/30/26 14:17:07.424556] [debug] [00:05:19.577956] [Service::RobotCommandService::RobotCommandStream] Stream is created
[07/30/26 14:17:07.456309] [debug] [00:05:19.609705] [Service::RobotCommandService::RobotCommandStream] Requested: robot_command { component_based_command { mobility_command { se2_velocity_command { command_header { control_hold_time { seconds: 1 } } minimum_time { nanos: 10100000 } velocity { linear { } } acceleration_limit { linear { x: 1 y: 1 } angular: 1 } } } body_command { joint_impedance_control_command { command_header { control_hold_time { seconds: 1 } } minimum_time { nanos: 10100000 } position: -0.00013610171289950545 position: 0.78479416974487037 ... [truncated]
[07/30/26 14:17:07.456317] [debug] [00:05:19.609717] [Service::RobotCommandService::RobotCommandStream]   Peer: ipv4:192.168.30.230:34606
[07/30/26 14:17:07.456469] [debug] [00:05:19.609868] [Service::RobotCommandService::RobotCommandStream]   IP: 192.168.30.230, Family: ipv4
[07/30/26 14:17:07.461632] [info] [00:05:19.615031] [ControlManager] Control started: {"type":"RobotCommand","control":{"type":"ComponentBasedCommand","components":{"mobility":{"type":"MobilityCommand","control":{"type":"SE2VelocityCommand","control":{"type":"MobilitySE2VelocityControl"}}},"body":{"type":"BodyCommand","control":{"type":"JointImpedanceControlCommand","control":{"type":"JointImpedanceControl"}}},"head":{"type":"HeadCommand","control":{"type":"JointPositionCommand","control":{"type":"JointPositionControl"}}}}}} (priority: 1)
[07/30/26 14:17:13.489616] [error] [00:05:25.643007] [ControlManager] Joint 0 wheel_fr 'power' is down (it was up when cm is enabled)
[07/30/26 14:17:13.489624] [error] [00:05:25.643025] [ControlManager] Joint 1 wheel_fl 'power' is down (it was up when cm is enabled)
[07/30/26 14:17:13.489626] [error] [00:05:25.643027] [ControlManager] Joint 2 wheel_rr 'power' is down (it was up when cm is enabled)
[07/30/26 14:17:13.489627] [error] [00:05:25.643029] [ControlManager] Joint 3 wheel_rl 'power' is down (it was up when cm is enabled)
[07/30/26 14:17:13.489633] [error] [00:05:25.643030] [ControlManager] Joint 4 torso_0 'power' is down (it was up when cm is enabled)
[07/30/26 14:17:13.489634] [error] [00:05:25.643036] [ControlManager] Joint 5 torso_1 'power' is down (it was up when cm is enabled)
[07/30/26 14:17:13.489636] [error] [00:05:25.643037] [ControlManager] Joint 6 torso_2 'power' is down (it was up when cm is enabled)
[07/30/26 14:17:13.489637] [error] [00:05:25.643039] [ControlManager] Joint 7 torso_3 'power' is down (it was up when cm is enabled)
[07/30/26 14:17:13.489638] [error] [00:05:25.643039] [ControlManager] Joint 8 torso_4 'power' is down (it was up when cm is enabled)
[07/30/26 14:17:13.489639] [error] [00:05:25.643041] [ControlManager] Joint 9 torso_5 'power' is down (it was up when cm is enabled)
[07/30/26 14:17:13.489640] [error] [00:05:25.643042] [ControlManager] Joint 10 right_arm_0 'power' is down (it was up when cm is enabled)
[07/30/26 14:17:13.489641] [error] [00:05:25.643043] [ControlManager] Joint 11 right_arm_1 'power' is down (it was up when cm is enabled)
[07/30/26 14:17:13.489642] [error] [00:05:25.643044] [ControlManager] Joint 12 right_arm_2 'power' is down (it was up when cm is enabled)
[07/30/26 14:17:13.489643] [error] [00:05:25.643045] [ControlManager] Joint 13 right_arm_3 'power' is down (it was up when cm is enabled)
[07/30/26 14:17:13.489645] [error] [00:05:25.643046] [ControlManager] Joint 14 right_arm_4 'power' is down (it was up when cm is enabled)
[07/30/26 14:17:13.489646] [error] [00:05:25.643048] [ControlManager] Joint 15 right_arm_5 'power' is down (it was up when cm is enabled)
[07/30/26 14:17:13.489647] [error] [00:05:25.643049] [ControlManager] Joint 16 right_arm_6 'power' is down (it was up when cm is enabled)
[07/30/26 14:17:13.489648] [error] [00:05:25.643050] [ControlManager] Joint 17 left_arm_0 'power' is down (it was up when cm is enabled)
[07/30/26 14:17:13.489649] [error] [00:05:25.643051] [ControlManager] Joint 18 left_arm_1 'power' is down (it was up when cm is enabled)
[07/30/26 14:17:13.489650] [error] [00:05:25.643052] [ControlManager] Joint 19 left_arm_2 'power' is down (it was up when cm is enabled)
[07/30/26 14:17:13.489651] [error] [00:05:25.643053] [ControlManager] Joint 20 left_arm_3 'power' is down (it was up when cm is enabled)
[07/30/26 14:17:13.489652] [error] [00:05:25.643054] [ControlManager] Joint 21 left_arm_4 'power' is down (it was up when cm is enabled)
[07/30/26 14:17:13.489653] [error] [00:05:25.643055] [ControlManager] Joint 22 left_arm_5 'power' is down (it was up when cm is enabled)
[07/30/26 14:17:13.489654] [error] [00:05:25.643056] [ControlManager] Joint 23 left_arm_6 'power' is down (it was up when cm is enabled)
[07/30/26 14:17:13.489655] [error] [00:05:25.643057] [ControlManager] Joint 24 head_0 'power' is down (it was up when cm is enabled)
[07/30/26 14:17:13.489656] [error] [00:05:25.643058] [ControlManager] Joint 25 head_1 'power' is down (it was up when cm is enabled)
[07/30/26 14:17:13.489658] [error] [00:05:25.643059] [ControlManager] Joint 0 wheel_fr 'ready' is down (it was up when cm is enabled)
[07/30/26 14:17:13.489659] [error] [00:05:25.643061] [ControlManager] Joint 1 wheel_fl 'ready' is down (it was up when cm is enabled)
[07/30/26 14:17:13.489660] [error] [00:05:25.643062] [ControlManager] Joint 2 wheel_rr 'ready' is down (it was up when cm is enabled)
[07/30/26 14:17:13.489661] [error] [00:05:25.643063] [ControlManager] Joint 3 wheel_rl 'ready' is down (it was up when cm is enabled)
[07/30/26 14:17:13.489662] [error] [00:05:25.643064] [ControlManager] Joint 4 torso_0 'ready' is down (it was up when cm is enabled)
[07/30/26 14:17:13.489663] [error] [00:05:25.643064] [ControlManager] Joint 5 torso_1 'ready' is down (it was up when cm is enabled)
[07/30/26 14:17:13.489664] [error] [00:05:25.643065] [ControlManager] Joint 6 torso_2 'ready' is down (it was up when cm is enabled)
[07/30/26 14:17:13.489665] [error] [00:05:25.643066] [ControlManager] Joint 7 torso_3 'ready' is down (it was up when cm is enabled)
[07/30/26 14:17:13.489666] [error] [00:05:25.643068] [ControlManager] Joint 8 torso_4 'ready' is down (it was up when cm is enabled)
[07/30/26 14:17:13.489667] [error] [00:05:25.643069] [ControlManager] Joint 9 torso_5 'ready' is down (it was up when cm is enabled)
[07/30/26 14:17:13.489668] [error] [00:05:25.643070] [ControlManager] Joint 10 right_arm_0 'ready' is down (it was up when cm is enabled)
[07/30/26 14:17:13.489669] [error] [00:05:25.643071] [ControlManager] Joint 11 right_arm_1 'ready' is down (it was up when cm is enabled)
[07/30/26 14:17:13.489670] [error] [00:05:25.643072] [ControlManager] Joint 12 right_arm_2 'ready' is down (it was up when cm is enabled)
[07/30/26 14:17:13.489671] [error] [00:05:25.643073] [ControlManager] Joint 13 right_arm_3 'ready' is down (it was up when cm is enabled)
[07/30/26 14:17:13.489672] [error] [00:05:25.643074] [ControlManager] Joint 14 right_arm_4 'ready' is down (it was up when cm is enabled)
[07/30/26 14:17:13.489673] [error] [00:05:25.643075] [ControlManager] Joint 15 right_arm_5 'ready' is down (it was up when cm is enabled)
[07/30/26 14:17:13.489674] [error] [00:05:25.643076] [ControlManager] Joint 16 right_arm_6 'ready' is down (it was up when cm is enabled)
[07/30/26 14:17:13.489675] [error] [00:05:25.643077] [ControlManager] Joint 17 left_arm_0 'ready' is down (it was up when cm is enabled)
[07/30/26 14:17:13.489676] [error] [00:05:25.643078] [ControlManager] Joint 18 left_arm_1 'ready' is down (it was up when cm is enabled)
[07/30/26 14:17:13.489678] [error] [00:05:25.643079] [ControlManager] Joint 19 left_arm_2 'ready' is down (it was up when cm is enabled)
[07/30/26 14:17:13.489679] [error] [00:05:25.643081] [ControlManager] Joint 20 left_arm_3 'ready' is down (it was up when cm is enabled)
[07/30/26 14:17:13.489680] [error] [00:05:25.643081] [ControlManager] Joint 21 left_arm_4 'ready' is down (it was up when cm is enabled)
[07/30/26 14:17:13.489681] [error] [00:05:25.643082] [ControlManager] Joint 22 left_arm_5 'ready' is down (it was up when cm is enabled)
[07/30/26 14:17:13.489682] [error] [00:05:25.643083] [ControlManager] Joint 23 left_arm_6 'ready' is down (it was up when cm is enabled)
[07/30/26 14:17:13.489683] [error] [00:05:25.643084] [ControlManager] Joint 24 head_0 'ready' is down (it was up when cm is enabled)
[07/30/26 14:17:13.489684] [error] [00:05:25.643085] [ControlManager] Joint 25 head_1 'ready' is down (it was up when cm is enabled)
[07/30/26 14:17:13.489685] [error] [00:05:25.643086] [ControlManager] Power state 3 is changed during enable state
[07/30/26 14:17:13.489689] [info] [00:05:25.643089] [ControlManager] Control Manager state changed to 'MajorFault'.
[07/30/26 14:17:13.489692] [error] [00:05:25.643093] [ControlManager] Major Fault Reaction Started...
[07/30/26 14:17:13.489705] [error] [00:05:25.643106] [ControlManager] Motor Error Occurred
[07/30/26 14:17:13.489729] [info] [00:05:25.643122] [Hardware::ExecutePowerCommand] Started: device name = 48v|.*, command = PowerOff
[07/30/26 14:17:13.491753] [debug] [00:05:25.645149] [Service::RobotCommandService::RobotCommandStream] OnReadDone (write_done: false, read_done: true)
[07/30/26 14:17:13.491766] [debug] [00:05:25.645163] [Service::RobotCommandService::RobotCommandStream] OnCancel
[07/30/26 14:17:13.493653] [debug] [00:05:25.647047] [Service::RobotCommandService::RobotCommandStream] OnWriteDone (write_done: true, read_done: true)
[07/30/26 14:17:13.493686] [warning] [00:05:25.647084] [ControlInterface] Control terminated due to an unexpected state transition in the Control Manager.
[07/30/26 14:17:13.493696] [debug] [00:05:25.647091] [ControlInterface::ExecutionStats] Average Control Time: 0.120 ms (max: 0.201 ms, min: 0.110 ms, sigma: 0.005 ms, count: 3014)
[07/30/26 14:17:13.493802] [debug] [00:05:25.647200] [Service::RobotCommandService::RobotCommandStream] OnDone: robot_command { component_based_command { mobility_command { se2_velocity_command { command_header { control_hold_time { seconds: 1 } } minimum_time { nanos: 10100000 } velocity { linear { } } acceleration_limit { linear { x: 1 y: 1 } angular: 1 } } } body_command { joint_impedance_control_command { command_header { control_hold_time { seconds: 1 } } minimum_time { nanos: 10100000 } position: -0.00109508053143096 position: 0.867668187587217 posit... [truncated]
[07/30/26 14:17:13.735024] [debug] [00:05:25.888418] [Service] Server method called: /rb.api.RobotCommandService/RobotCommand
[07/30/26 14:17:13.735050] [debug] [00:05:25.888450] [Service::RobotCommandService::RobotCommand] Requested: robot_command { whole_body_command { stop_command { } } } priority: 99
[07/30/26 14:17:13.735053] [debug] [00:05:25.888454] [Service::RobotCommandService::RobotCommand]   Peer: ipv4:192.168.30.230:34606
[07/30/26 14:17:13.735223] [debug] [00:05:25.888623] [Service::RobotCommandService::RobotCommand]   IP: 192.168.30.230, Family: ipv4
[07/30/26 14:17:13.737609] [error] [00:05:25.891009] [ControlManager::SetControl] Control activation aborted: Control manager is in Fault state. It must be in Enabled state
[07/30/26 14:17:13.739626] [warning] [00:05:25.893024] [ControlInterface] Control was not executed due to a fault in the Control Manager.
[07/30/26 14:17:13.740060] [debug] [00:05:25.893456] [Service] Server method called: /rb.api.ControlManagerService/ControlManagerCommand
[07/30/26 14:17:13.740085] [debug] [00:05:25.893485] [Service::ControlManagerService::ControlManagerCommand] Requested: request_header { request_timestamp { seconds: 1785388580 nanos: 542362565 } } command: COMMAND_DISABLE
[07/30/26 14:17:13.740089] [info] [00:05:25.893490] [ControlManager::Disable] Disable request received. Starting the disabling process...
[07/30/26 14:17:13.740787] [info] [00:05:25.894185] [Hardware::ExecutePowerCommand] Power command succeeded
[07/30/26 14:17:13.741606] [warning] [00:05:25.895007] [ControlManager::Disable] Disable operation aborted: Control manager is not in the 'Enabled' state
[07/30/26 14:17:13.741616] [error] [00:05:25.895016] [ControlManager::Disable] Failed to disable Control Manager
[07/30/26 14:17:14.884184] [error] [00:05:27.037571] [RobotApp] Robot states have been saved: [logs/fault-2026-07-30_14-17-14-752.csv]
[07/30/26 14:17:17.136607] [debug] [00:05:29.289994] [Service] Server method called: /rb.api.RobotInfoService/GetRobotInfo
[07/30/26 14:17:17.136642] [debug] [00:05:29.290042] [Service::RobotInfoService::GetRobotInfo] Requested: request_header { request_timestamp { seconds: 1785388583 nanos: 938307918 } }
[07/30/26 14:17:17.137389] [debug] [00:05:29.290786] [Service] Server method called: /rb.api.RobotStateService/GetRobotState
[07/30/26 14:17:17.137407] [debug] [00:05:29.290807] [Service::RobotStateService::GetRobotState] Requested: request_header { request_timestamp { seconds: 1785388583 nanos: 939175173 } }
[07/30/26 14:17:17.138137] [debug] [00:05:29.291530] [Service] Server method called: /rb.api.PowerService/PowerCommand
[07/30/26 14:17:17.138163] [debug] [00:05:29.291563] [Service::PowerService::PowerCommand] Requested: request_header { request_timestamp { seconds: 1785388583 nanos: 939917478 } } name: ".*" command: COMMAND_POWER_ON
[07/30/26 14:17:17.138168] [info] [00:05:29.291568] [Hardware::ExecutePowerCommand] Started: device name = .*, command = PowerOn
[07/30/26 14:17:18.396785] [error] [00:05:30.550175] [Hardware::ExecutePowerCommand] EMO Error: Please check EMO Switch
[07/30/26 14:17:18.396805] [error] [00:05:30.550198] [Hardware::ExecutePowerCommand] Timeout: Power command failed - unmatched power states: 48v
[07/30/26 14:17:18.396810] [debug] [00:05:30.550211] [Service::PowerService::PowerCommand] Result: Failed
[07/30/26 14:17:21.812366] [debug] [00:05:33.965752] [Service] Server method called: /rb.api.RobotInfoService/GetRobotInfo
[07/30/26 14:17:21.812402] [debug] [00:05:33.965802] [Service::RobotInfoService::GetRobotInfo] Requested: request_header { request_timestamp { seconds: 1785388588 nanos: 613314883 } }
[07/30/26 14:17:21.813025] [debug] [00:05:33.966417] [Service] Server method called: /rb.api.RobotStateService/GetRobotState
[07/30/26 14:17:21.813052] [debug] [00:05:33.966452] [Service::RobotStateService::GetRobotState] Requested: request_header { request_timestamp { seconds: 1785388588 nanos: 614078952 } }
[07/30/26 14:17:21.813677] [debug] [00:05:33.967072] [Service] Server method called: /rb.api.PowerService/PowerCommand
[07/30/26 14:17:21.813700] [debug] [00:05:33.967099] [Service::PowerService::PowerCommand] Requested: request_header { request_timestamp { seconds: 1785388588 nanos: 614782036 } } name: ".*" command: COMMAND_POWER_ON
[07/30/26 14:17:21.813704] [info] [00:05:33.967105] [Hardware::ExecutePowerCommand] Started: device name = .*, command = PowerOn
[07/30/26 14:17:22.292783] [info] [00:05:34.446178] [Hardware::ExecutePowerCommand] Power command succeeded
[07/30/26 14:17:22.292797] [debug] [00:05:34.446192] [Service::PowerService::PowerCommand] Result: Success
[07/30/26 14:17:22.293431] [debug] [00:05:34.446825] [Service] Server method called: /rb.api.RobotInfoService/GetRobotInfo
[07/30/26 14:17:22.293453] [debug] [00:05:34.446853] [Service::RobotInfoService::GetRobotInfo] Requested: request_header { request_timestamp { seconds: 1785388589 nanos: 94445415 } }
[07/30/26 14:17:22.294413] [debug] [00:05:34.447808] [Service] Server method called: /rb.api.RobotStateService/GetRobotState
[07/30/26 14:17:22.294444] [debug] [00:05:34.447844] [Service::RobotStateService::GetRobotState] Requested: request_header { request_timestamp { seconds: 1785388589 nanos: 95150877 } }
[07/30/26 14:17:22.295086] [debug] [00:05:34.448483] [Service] Server method called: /rb.api.PowerService/JointCommand
[07/30/26 14:17:22.295105] [debug] [00:05:34.448505] [Service::PowerService::JointCommand] Requested: request_header { request_timestamp { seconds: 1785388589 nanos: 96133902 } } name: ".*" command: COMMAND_SERVO_ON
[07/30/26 14:17:25.222794] [debug] [00:05:37.376184] [Service::PowerService::JointCommand] Result: Success
[07/30/26 14:17:25.223652] [debug] [00:05:37.377048] [Service] Server method called: /rb.api.RobotStateService/GetControlManagerState
[07/30/26 14:17:25.223690] [debug] [00:05:37.377089] [Service::RobotStateService::GetControlManagerState] Requested: request_header { request_timestamp { seconds: 1785388592 nanos: 24217193 } }
[07/30/26 14:17:25.224145] [debug] [00:05:37.377542] [Service] Server method called: /rb.api.ControlManagerService/ControlManagerCommand
[07/30/26 14:17:25.224164] [debug] [00:05:37.377564] [Service::ControlManagerService::ControlManagerCommand] Requested: request_header { request_timestamp { seconds: 1785388592 nanos: 24776705 } } command: COMMAND_RESET_FAULT
[07/30/26 14:17:25.224168] [info] [00:05:37.377569] [ControlManager::ResetFault] Reset fault request received. Starting the process...
[07/30/26 14:17:25.225611] [info] [00:05:37.379011] [ControlManager::ResetFault] Control Manager successfully reset
[07/30/26 14:17:25.225977] [debug] [00:05:37.379375] [Service] Server method called: /rb.api.RobotInfoService/GetRobotInfo
[07/30/26 14:17:25.226001] [debug] [00:05:37.379401] [Service::RobotInfoService::GetRobotInfo] Requested: request_header { request_timestamp { seconds: 1785388592 nanos: 26619236 } }
[07/30/26 14:17:25.226542] [debug] [00:05:37.379939] [Service] Server method called: /rb.api.RobotStateService/GetRobotState
[07/30/26 14:17:25.226569] [debug] [00:05:37.379968] [Service::RobotStateService::GetRobotState] Requested: request_header { request_timestamp { seconds: 1785388592 nanos: 27181431 } }
[07/30/26 14:17:25.227052] [debug] [00:05:37.380450] [Service] Server method called: /rb.api.RobotStateService/GetRobotState
[07/30/26 14:17:25.227073] [debug] [00:05:37.380473] [Service::RobotStateService::GetRobotState] Requested: request_header { request_timestamp { seconds: 1785388592 nanos: 27695146 } }
[07/30/26 14:17:25.227481] [debug] [00:05:37.380879] [Service] Server method called: /rb.api.RobotInfoService/GetRobotInfo
[07/30/26 14:17:25.227493] [debug] [00:05:37.380893] [Service::RobotInfoService::GetRobotInfo] Requested: request_header { request_timestamp { seconds: 1785388592 nanos: 28134293 } }
[07/30/26 14:17:25.228023] [debug] [00:05:37.381418] [Service] Server method called: /rb.api.ControlManagerService/ControlManagerCommand
[07/30/26 14:17:25.228049] [debug] [00:05:37.381450] [Service::ControlManagerService::ControlManagerCommand] Requested: request_header { request_timestamp { seconds: 1785388592 nanos: 28625806 } } command: COMMAND_ENABLE unlimited_mode_enabled { }
[07/30/26 14:17:25.228053] [info] [00:05:37.381453] [ControlManager::Enable] Enable request received. Starting the enabling process...
[07/30/26 14:17:25.229613] [info] [00:05:37.383014] [ControlManager::Enable] Control Manager successfully enabled
[07/30/26 14:17:25.229969] [debug] [00:05:37.383367] [Service] Server method called: /rb.api.ParameterService/SetParameter
[07/30/26 14:17:25.229994] [debug] [00:05:37.383393] [Service::ParameterService::SetParameter] Requested: request_header { request_timestamp { seconds: 1785388592 nanos: 30608840 } } name: "cartesian_command.cutoff_frequency" parameter: "{\"value\":5,\"write_db\":true}"
[07/30/26 14:17:25.240226] [debug] [00:05:37.393620] [Service] Server method called: /rb.api.ParameterService/SetParameter
[07/30/26 14:17:25.240245] [debug] [00:05:37.393645] [Service::ParameterService::SetParameter] Requested: request_header { request_timestamp { seconds: 1785388592 nanos: 40852846 } } name: "default.acceleration_limit_scaling" parameter: "{\"value\":1.0,\"write_db\":true}"
[07/30/26 14:17:25.246246] [debug] [00:05:37.399646] [Service] Server method called: /rb.api.ParameterService/SetParameter
[07/30/26 14:17:25.246261] [debug] [00:05:37.399662] [Service::ParameterService::SetParameter] Requested: request_header { request_timestamp { seconds: 1785388592 nanos: 46890779 } } name: "default.angular_acceleration_limit" parameter: "{\"value\":10,\"write_db\":true}"
[07/30/26 14:17:25.252387] [debug] [00:05:37.405783] [Service] Server method called: /rb.api.ParameterService/SetParameter
[07/30/26 14:17:25.252404] [debug] [00:05:37.405804] [Service::ParameterService::SetParameter] Requested: request_header { request_timestamp { seconds: 1785388592 nanos: 53006671 } } name: "default.linear_acceleration_limit" parameter: "{\"value\":20,\"write_db\":true}"
[07/30/26 14:17:25.258385] [debug] [00:05:37.411782] [Service] Server method called: /rb.api.ParameterService/SetParameter
[07/30/26 14:17:25.258401] [debug] [00:05:37.411801] [Service::ParameterService::SetParameter] Requested: request_header { request_timestamp { seconds: 1785388592 nanos: 59011630 } } name: "joint_position_command.cutoff_frequency" parameter: "{\"value\":5,\"write_db\":true}"
[07/30/26 14:17:25.264410] [debug] [00:05:37.417807] [Service] Server method called: /rb.api.RobotCommandService/RobotCommand
[07/30/26 14:17:25.264485] [debug] [00:05:37.417884] [Service::RobotCommandService::RobotCommand] Requested: robot_command { component_based_command { body_command { joint_position_command { command_header { control_hold_time { seconds: 1 } } minimum_time { nanos: 500000000 } position: 0.003113525361550064 position: 1.0896427489709648 position: -1.5375727329978686 position: 0.79941282450657181 position: 0.00071383264386757565 position: -0.00025439780393152959 position: -0.019903780421031018 position: -0.26051094519018281 position: 0.015309432021670559 p... [truncated]
[07/30/26 14:17:25.264489] [debug] [00:05:37.417890] [Service::RobotCommandService::RobotCommand]   Peer: ipv4:192.168.30.230:34606
[07/30/26 14:17:25.264647] [debug] [00:05:37.418046] [Service::RobotCommandService::RobotCommand]   IP: 192.168.30.230, Family: ipv4
[07/30/26 14:17:25.269650] [info] [00:05:37.423048] [ControlManager] Control started: {"type":"RobotCommand","control":{"type":"ComponentBasedCommand","components":{"mobility":null,"body":{"type":"BodyCommand","control":{"type":"JointPositionCommand","control":{"type":"JointPositionControl"}}},"head":{"type":"HeadCommand","control":{"type":"JointPositionCommand","control":{"type":"JointPositionControl"}}}}}} (priority: 1)
[07/30/26 14:17:26.340616] [debug] [00:05:38.494003] [Hardware] Hardware Loop Stat (avg: 2.000 ms, min: 1.998 ms, max: 2.002 ms, count: 15000)
[07/30/26 14:17:26.479606] [debug] [00:05:38.633002] [ControlManager] Control Manager Loop Stat (avg: 2.000 ms, min: 1.995 ms, max: 2.005 ms, count: 15000)
[07/30/26 14:17:27.027646] [debug] [00:05:39.181041] [ControlManager] Control finished: {"type":"RobotCommand","control":{"type":"ComponentBasedCommand","components":{"mobility":null,"body":{"type":"BodyCommand","control":{"type":"JointPositionCommand","control":{"type":"JointPositionControl"}}},"head":{"type":"HeadCommand","control":{"type":"JointPositionCommand","control":{"type":"JointPositionControl"}}}}}}
[07/30/26 14:17:27.027717] [info] [00:05:39.181113] [ControlInterface] Control completed successfully.
[07/30/26 14:17:27.027724] [debug] [00:05:39.181121] [ControlInterface::ExecutionStats] Average Control Time: 0.001 ms (max: 0.029 ms, min: 0.001 ms, sigma: 0.001 ms, count: 880)
[07/30/26 14:17:27.028311] [debug] [00:05:39.181708] [Service] Server method called: /rb.api.PowerService/ToolFlangePowerCommand
[07/30/26 14:17:27.028344] [debug] [00:05:39.181745] [Service::PowerService::ToolFlangePowerCommand] Requested: request_header { request_timestamp { seconds: 1785388593 nanos: 828615619 } } name: "right" command: COMMAND_POWER_12V
[07/30/26 14:17:27.028349] [debug] [00:05:39.181751] [Service::PowerService::ToolFlangePowerCommand] Result: Success
[07/30/26 14:17:27.028858] [debug] [00:05:39.182255] [Service] Server method called: /rb.api.PowerService/ToolFlangePowerCommand
[07/30/26 14:17:27.028878] [debug] [00:05:39.182278] [Service::PowerService::ToolFlangePowerCommand] Requested: request_header { request_timestamp { seconds: 1785388593 nanos: 829222244 } } name: "left" command: COMMAND_POWER_12V
[07/30/26 14:17:27.028882] [debug] [00:05:39.182283] [Service::PowerService::ToolFlangePowerCommand] Result: Success
[07/30/26 14:17:37.159571] [debug] [00:05:49.312961] [Service] Server method called: /rb.api.RobotCommandService/RobotCommand
[07/30/26 14:17:37.159643] [debug] [00:05:49.313040] [Service::RobotCommandService::RobotCommand] Requested: robot_command { component_based_command { body_command { joint_position_command { command_header { control_hold_time { seconds: 1 } } minimum_time { seconds: 4 } position: 0 position: 0.78539816339744828 position: -1.3962634015954636 position: 0.78539816339744828 position: 0 position: 0 position: 0 position: -0.26179938779914941 position: 0 position: -2.0943951023931953 position: 0 position: 0.52359877559829882 position: 0 position: 0 position: 0... [truncated]
[07/30/26 14:17:37.159646] [debug] [00:05:49.313047] [Service::RobotCommandService::RobotCommand]   Peer: ipv4:192.168.30.230:34606
[07/30/26 14:17:37.159794] [debug] [00:05:49.313194] [Service::RobotCommandService::RobotCommand]   IP: 192.168.30.230, Family: ipv4
[07/30/26 14:17:37.165644] [info] [00:05:49.319037] [ControlManager] Control started: {"type":"RobotCommand","control":{"type":"ComponentBasedCommand","components":{"mobility":null,"body":{"type":"BodyCommand","control":{"type":"JointPositionCommand","control":{"type":"JointPositionControl"}}},"head":{"type":"HeadCommand","control":{"type":"JointPositionCommand","control":{"type":"JointPositionControl"}}}}}} (priority: 1)
[07/30/26 14:17:42.423649] [debug] [00:05:54.577040] [ControlManager] Control finished: {"type":"RobotCommand","control":{"type":"ComponentBasedCommand","components":{"mobility":null,"body":{"type":"BodyCommand","control":{"type":"JointPositionCommand","control":{"type":"JointPositionControl"}}},"head":{"type":"HeadCommand","control":{"type":"JointPositionCommand","control":{"type":"JointPositionControl"}}}}}}
[07/30/26 14:17:42.423708] [info] [00:05:54.577102] [ControlInterface] Control completed successfully.
[07/30/26 14:17:42.423717] [debug] [00:05:54.577112] [ControlInterface::ExecutionStats] Average Control Time: 0.001 ms (max: 0.024 ms, min: 0.001 ms, sigma: 0.000 ms, count: 2630)
[07/30/26 14:17:42.424356] [debug] [00:05:54.577751] [Service] Server method called: /rb.api.RobotCommandService/RobotCommandStream
[07/30/26 14:17:42.424368] [debug] [00:05:54.577767] [Service::RobotCommandService::RobotCommandStream] Stream is created
[07/30/26 14:17:42.456326] [debug] [00:05:54.609719] [Service::RobotCommandService::RobotCommandStream] Requested: robot_command { component_based_command { mobility_command { se2_velocity_command { command_header { control_hold_time { seconds: 1 } } minimum_time { nanos: 10100000 } velocity { linear { } } acceleration_limit { linear { x: 1 y: 1 } angular: 1 } } } body_command { joint_impedance_control_command { command_header { control_hold_time { seconds: 1 } } minimum_time { nanos: 10100000 } position: -0.00013253504646787185 position: 0.78496512266445029 ... [truncated]
[07/30/26 14:17:42.456332] [debug] [00:05:54.609733] [Service::RobotCommandService::RobotCommandStream]   Peer: ipv4:192.168.30.230:34606
[07/30/26 14:17:42.456471] [debug] [00:05:54.609871] [Service::RobotCommandService::RobotCommandStream]   IP: 192.168.30.230, Family: ipv4
[07/30/26 14:17:42.461630] [info] [00:05:54.615029] [ControlManager] Control started: {"type":"RobotCommand","control":{"type":"ComponentBasedCommand","components":{"mobility":{"type":"MobilityCommand","control":{"type":"SE2VelocityCommand","control":{"type":"MobilitySE2VelocityControl"}}},"body":{"type":"BodyCommand","control":{"type":"JointImpedanceControlCommand","control":{"type":"JointImpedanceControl"}}},"head":{"type":"HeadCommand","control":{"type":"JointPositionCommand","control":{"type":"JointPositionControl"}}}}}} (priority: 1)
[07/30/26 14:17:50.689617] [error] [00:06:02.843008] [ControlManager] Joint 0 wheel_fr 'power' is down (it was up when cm is enabled)
[07/30/26 14:17:50.689623] [error] [00:06:02.843025] [ControlManager] Joint 1 wheel_fl 'power' is down (it was up when cm is enabled)
[07/30/26 14:17:50.689625] [error] [00:06:02.843026] [ControlManager] Joint 2 wheel_rr 'power' is down (it was up when cm is enabled)
[07/30/26 14:17:50.689626] [error] [00:06:02.843027] [ControlManager] Joint 3 wheel_rl 'power' is down (it was up when cm is enabled)
[07/30/26 14:17:50.689638] [error] [00:06:02.843033] [ControlManager] Joint 4 torso_0 'power' is down (it was up when cm is enabled)
[07/30/26 14:17:50.689640] [error] [00:06:02.843041] [ControlManager] Joint 5 torso_1 'power' is down (it was up when cm is enabled)
[07/30/26 14:17:50.689641] [error] [00:06:02.843042] [ControlManager] Joint 6 torso_2 'power' is down (it was up when cm is enabled)
[07/30/26 14:17:50.689642] [error] [00:06:02.843044] [ControlManager] Joint 7 torso_3 'power' is down (it was up when cm is enabled)
[07/30/26 14:17:50.689643] [error] [00:06:02.843045] [ControlManager] Joint 8 torso_4 'power' is down (it was up when cm is enabled)
[07/30/26 14:17:50.689644] [error] [00:06:02.843046] [ControlManager] Joint 9 torso_5 'power' is down (it was up when cm is enabled)
[07/30/26 14:17:50.689645] [error] [00:06:02.843047] [ControlManager] Joint 10 right_arm_0 'power' is down (it was up when cm is enabled)
[07/30/26 14:17:50.689646] [error] [00:06:02.843048] [ControlManager] Joint 11 right_arm_1 'power' is down (it was up when cm is enabled)
[07/30/26 14:17:50.689647] [error] [00:06:02.843049] [ControlManager] Joint 12 right_arm_2 'power' is down (it was up when cm is enabled)
[07/30/26 14:17:50.689648] [error] [00:06:02.843050] [ControlManager] Joint 13 right_arm_3 'power' is down (it was up when cm is enabled)
[07/30/26 14:17:50.689649] [error] [00:06:02.843051] [ControlManager] Joint 14 right_arm_4 'power' is down (it was up when cm is enabled)
[07/30/26 14:17:50.689651] [error] [00:06:02.843052] [ControlManager] Joint 15 right_arm_5 'power' is down (it was up when cm is enabled)
[07/30/26 14:17:50.689652] [error] [00:06:02.843054] [ControlManager] Joint 16 right_arm_6 'power' is down (it was up when cm is enabled)
[07/30/26 14:17:50.689653] [error] [00:06:02.843055] [ControlManager] Joint 17 left_arm_0 'power' is down (it was up when cm is enabled)
[07/30/26 14:17:50.689654] [error] [00:06:02.843056] [ControlManager] Joint 18 left_arm_1 'power' is down (it was up when cm is enabled)
[07/30/26 14:17:50.689655] [error] [00:06:02.843057] [ControlManager] Joint 19 left_arm_2 'power' is down (it was up when cm is enabled)
[07/30/26 14:17:50.689656] [error] [00:06:02.843058] [ControlManager] Joint 20 left_arm_3 'power' is down (it was up when cm is enabled)
[07/30/26 14:17:50.689657] [error] [00:06:02.843059] [ControlManager] Joint 21 left_arm_4 'power' is down (it was up when cm is enabled)
[07/30/26 14:17:50.689658] [error] [00:06:02.843060] [ControlManager] Joint 22 left_arm_5 'power' is down (it was up when cm is enabled)
[07/30/26 14:17:50.689659] [error] [00:06:02.843061] [ControlManager] Joint 23 left_arm_6 'power' is down (it was up when cm is enabled)
[07/30/26 14:17:50.689660] [error] [00:06:02.843062] [ControlManager] Joint 24 head_0 'power' is down (it was up when cm is enabled)
[07/30/26 14:17:50.689661] [error] [00:06:02.843063] [ControlManager] Joint 25 head_1 'power' is down (it was up when cm is enabled)
[07/30/26 14:17:50.689663] [error] [00:06:02.843064] [ControlManager] Joint 0 wheel_fr 'ready' is down (it was up when cm is enabled)
[07/30/26 14:17:50.689664] [error] [00:06:02.843066] [ControlManager] Joint 1 wheel_fl 'ready' is down (it was up when cm is enabled)
[07/30/26 14:17:50.689665] [error] [00:06:02.843067] [ControlManager] Joint 2 wheel_rr 'ready' is down (it was up when cm is enabled)
[07/30/26 14:17:50.689666] [error] [00:06:02.843068] [ControlManager] Joint 3 wheel_rl 'ready' is down (it was up when cm is enabled)
[07/30/26 14:17:50.689667] [error] [00:06:02.843069] [ControlManager] Joint 4 torso_0 'ready' is down (it was up when cm is enabled)
[07/30/26 14:17:50.689668] [error] [00:06:02.843070] [ControlManager] Joint 5 torso_1 'ready' is down (it was up when cm is enabled)
[07/30/26 14:17:50.689669] [error] [00:06:02.843071] [ControlManager] Joint 6 torso_2 'ready' is down (it was up when cm is enabled)
[07/30/26 14:17:50.689670] [error] [00:06:02.843072] [ControlManager] Joint 7 torso_3 'ready' is down (it was up when cm is enabled)
[07/30/26 14:17:50.689671] [error] [00:06:02.843073] [ControlManager] Joint 8 torso_4 'ready' is down (it was up when cm is enabled)
[07/30/26 14:17:50.689672] [error] [00:06:02.843074] [ControlManager] Joint 9 torso_5 'ready' is down (it was up when cm is enabled)
[07/30/26 14:17:50.689674] [error] [00:06:02.843075] [ControlManager] Joint 10 right_arm_0 'ready' is down (it was up when cm is enabled)
[07/30/26 14:17:50.689675] [error] [00:06:02.843076] [ControlManager] Joint 11 right_arm_1 'ready' is down (it was up when cm is enabled)
[07/30/26 14:17:50.689676] [error] [00:06:02.843077] [ControlManager] Joint 12 right_arm_2 'ready' is down (it was up when cm is enabled)
[07/30/26 14:17:50.689677] [error] [00:06:02.843079] [ControlManager] Joint 13 right_arm_3 'ready' is down (it was up when cm is enabled)
[07/30/26 14:17:50.689678] [error] [00:06:02.843080] [ControlManager] Joint 14 right_arm_4 'ready' is down (it was up when cm is enabled)
[07/30/26 14:17:50.689679] [error] [00:06:02.843080] [ControlManager] Joint 15 right_arm_5 'ready' is down (it was up when cm is enabled)
[07/30/26 14:17:50.689680] [error] [00:06:02.843082] [ControlManager] Joint 16 right_arm_6 'ready' is down (it was up when cm is enabled)
[07/30/26 14:17:50.689681] [error] [00:06:02.843083] [ControlManager] Joint 17 left_arm_0 'ready' is down (it was up when cm is enabled)
[07/30/26 14:17:50.689682] [error] [00:06:02.843083] [ControlManager] Joint 18 left_arm_1 'ready' is down (it was up when cm is enabled)
[07/30/26 14:17:50.689683] [error] [00:06:02.843085] [ControlManager] Joint 19 left_arm_2 'ready' is down (it was up when cm is enabled)
[07/30/26 14:17:50.689684] [error] [00:06:02.843086] [ControlManager] Joint 20 left_arm_3 'ready' is down (it was up when cm is enabled)
[07/30/26 14:17:50.689685] [error] [00:06:02.843087] [ControlManager] Joint 21 left_arm_4 'ready' is down (it was up when cm is enabled)
[07/30/26 14:17:50.689687] [error] [00:06:02.843088] [ControlManager] Joint 22 left_arm_5 'ready' is down (it was up when cm is enabled)
[07/30/26 14:17:50.689688] [error] [00:06:02.843089] [ControlManager] Joint 23 left_arm_6 'ready' is down (it was up when cm is enabled)
[07/30/26 14:17:50.689688] [error] [00:06:02.843090] [ControlManager] Joint 24 head_0 'ready' is down (it was up when cm is enabled)
[07/30/26 14:17:50.689690] [error] [00:06:02.843091] [ControlManager] Joint 25 head_1 'ready' is down (it was up when cm is enabled)
[07/30/26 14:17:50.689691] [error] [00:06:02.843092] [ControlManager] Power state 3 is changed during enable state
[07/30/26 14:17:50.689695] [info] [00:06:02.843096] [ControlManager] Control Manager state changed to 'MajorFault'.
[07/30/26 14:17:50.689698] [error] [00:06:02.843099] [ControlManager] Major Fault Reaction Started...
[07/30/26 14:17:50.689714] [error] [00:06:02.843116] [ControlManager] Motor Error Occurred
[07/30/26 14:17:50.689728] [info] [00:06:02.843122] [Hardware::ExecutePowerCommand] Started: device name = 48v|.*, command = PowerOff
[07/30/26 14:17:50.691725] [debug] [00:06:02.845120] [Service::RobotCommandService::RobotCommandStream] OnReadDone (write_done: true, read_done: true)
[07/30/26 14:17:50.691758] [debug] [00:06:02.845153] [Service::RobotCommandService::RobotCommandStream] OnCancel
[07/30/26 14:17:50.691848] [warning] [00:06:02.845245] [ControlInterface] Control terminated due to an unexpected state transition in the Control Manager.
[07/30/26 14:17:50.691857] [debug] [00:06:02.845252] [ControlInterface::ExecutionStats] Average Control Time: 0.120 ms (max: 0.203 ms, min: 0.110 ms, sigma: 0.005 ms, count: 4114)
[07/30/26 14:17:50.691882] [debug] [00:06:02.845280] [Service::RobotCommandService::RobotCommandStream] OnDone: robot_command { component_based_command { mobility_command { se2_velocity_command { command_header { control_hold_time { seconds: 1 } } minimum_time { nanos: 10100000 } velocity { linear { } } acceleration_limit { linear { x: 1 y: 1 } angular: 1 } } } body_command { joint_impedance_control_command { command_header { control_hold_time { seconds: 1 } } minimum_time { nanos: 10100000 } position: -0.007183936387834983 position: 0.86615905683479633 po... [truncated]
[07/30/26 14:17:50.926875] [debug] [00:06:03.080268] [Service] Server method called: /rb.api.RobotCommandService/RobotCommand
[07/30/26 14:17:50.926902] [debug] [00:06:03.080301] [Service::RobotCommandService::RobotCommand] Requested: robot_command { whole_body_command { stop_command { } } } priority: 99
[07/30/26 14:17:50.926905] [debug] [00:06:03.080306] [Service::RobotCommandService::RobotCommand]   Peer: ipv4:192.168.30.230:34606
[07/30/26 14:17:50.927053] [debug] [00:06:03.080453] [Service::RobotCommandService::RobotCommand]   IP: 192.168.30.230, Family: ipv4
[07/30/26 14:17:50.929610] [error] [00:06:03.083009] [ControlManager::SetControl] Control activation aborted: Control manager is in Fault state. It must be in Enabled state
[07/30/26 14:17:50.931628] [warning] [00:06:03.085026] [ControlInterface] Control was not executed due to a fault in the Control Manager.
[07/30/26 14:17:50.932421] [debug] [00:06:03.085818] [Service] Server method called: /rb.api.ControlManagerService/ControlManagerCommand
[07/30/26 14:17:50.932443] [debug] [00:06:03.085843] [Service::ControlManagerService::ControlManagerCommand] Requested: request_header { request_timestamp { seconds: 1785388617 nanos: 729803660 } } command: COMMAND_DISABLE
[07/30/26 14:17:50.932447] [info] [00:06:03.085847] [ControlManager::Disable] Disable request received. Starting the disabling process...
[07/30/26 14:17:50.933606] [warning] [00:06:03.087007] [ControlManager::Disable] Disable operation aborted: Control manager is not in the 'Enabled' state
[07/30/26 14:17:50.933616] [error] [00:06:03.087016] [ControlManager::Disable] Failed to disable Control Manager
[07/30/26 14:17:50.940790] [info] [00:06:03.094186] [Hardware::ExecutePowerCommand] Power command succeeded
[07/30/26 14:17:52.086954] [error] [00:06:04.240342] [RobotApp] Robot states have been saved: [logs/fault-2026-07-30_14-17-51-955.csv]
[07/30/26 14:17:56.340617] [debug] [00:06:08.494002] [Hardware] Hardware Loop Stat (avg: 2.000 ms, min: 1.999 ms, max: 2.001 ms, count: 15000)
[07/30/26 14:17:56.479605] [debug] [00:06:08.633002] [ControlManager] Control Manager Loop Stat (avg: 2.000 ms, min: 1.997 ms, max: 2.003 ms, count: 15000)
[07/30/26 14:18:26.340617] [debug] [00:06:38.494003] [Hardware] Hardware Loop Stat (avg: 2.000 ms, min: 1.999 ms, max: 2.001 ms, count: 15000)
[07/30/26 14:18:26.479605] [debug] [00:06:38.633003] [ControlManager] Control Manager Loop Stat (avg: 2.000 ms, min: 1.990 ms, max: 2.010 ms, count: 15000)
[07/30/26 14:18:50.857114] [debug] [00:07:03.010502] [Service] Server method called: /rb.api.RobotInfoService/GetRobotInfo
[07/30/26 14:18:50.857149] [debug] [00:07:03.010548] [Service::RobotInfoService::GetRobotInfo] Requested: request_header { request_timestamp { seconds: 1785388677 nanos: 649479118 } }
[07/30/26 14:18:50.857700] [debug] [00:07:03.011097] [Service] Server method called: /rb.api.RobotStateService/GetRobotState
[07/30/26 14:18:50.857722] [debug] [00:07:03.011122] [Service::RobotStateService::GetRobotState] Requested: request_header { request_timestamp { seconds: 1785388677 nanos: 650200622 } }
[07/30/26 14:18:50.858279] [debug] [00:07:03.011676] [Service] Server method called: /rb.api.PowerService/PowerCommand
[07/30/26 14:18:50.858299] [debug] [00:07:03.011699] [Service::PowerService::PowerCommand] Requested: request_header { request_timestamp { seconds: 1785388677 nanos: 650773848 } } name: ".*" command: COMMAND_POWER_ON
[07/30/26 14:18:50.858304] [info] [00:07:03.011705] [Hardware::ExecutePowerCommand] Started: device name = .*, command = PowerOn
[07/30/26 14:18:52.116783] [error] [00:07:04.270176] [Hardware::ExecutePowerCommand] EMO Error: Please check EMO Switch
[07/30/26 14:18:52.116807] [error] [00:07:04.270196] [Hardware::ExecutePowerCommand] Timeout: Power command failed - unmatched power states: 48v
[07/30/26 14:18:52.116812] [debug] [00:07:04.270212] [Service::PowerService::PowerCommand] Result: Failed
[07/30/26 14:18:55.734531] [debug] [00:07:07.887922] [Service] Server method called: /rb.api.RobotInfoService/GetRobotInfo
[07/30/26 14:18:55.734565] [debug] [00:07:07.887964] [Service::RobotInfoService::GetRobotInfo] Requested: request_header { request_timestamp { seconds: 1785388682 nanos: 526652296 } }
[07/30/26 14:18:55.735522] [debug] [00:07:07.888915] [Service] Server method called: /rb.api.RobotStateService/GetRobotState
[07/30/26 14:18:55.735556] [debug] [00:07:07.888955] [Service::RobotStateService::GetRobotState] Requested: request_header { request_timestamp { seconds: 1785388682 nanos: 527718810 } }
[07/30/26 14:18:55.736455] [debug] [00:07:07.889852] [Service] Server method called: /rb.api.PowerService/PowerCommand
[07/30/26 14:18:55.736482] [debug] [00:07:07.889881] [Service::PowerService::PowerCommand] Requested: request_header { request_timestamp { seconds: 1785388682 nanos: 528667359 } } name: ".*" command: COMMAND_POWER_ON
[07/30/26 14:18:55.736486] [info] [00:07:07.889887] [Hardware::ExecutePowerCommand] Started: device name = .*, command = PowerOn
[07/30/26 14:18:56.096782] [info] [00:07:08.250177] [Hardware::ExecutePowerCommand] Power command succeeded
[07/30/26 14:18:56.096789] [debug] [00:07:08.250190] [Service::PowerService::PowerCommand] Result: Success
[07/30/26 14:18:56.097571] [debug] [00:07:08.250967] [Service] Server method called: /rb.api.RobotInfoService/GetRobotInfo
[07/30/26 14:18:56.097592] [debug] [00:07:08.250993] [Service::RobotInfoService::GetRobotInfo] Requested: request_header { request_timestamp { seconds: 1785388682 nanos: 889733025 } }
[07/30/26 14:18:56.098196] [debug] [00:07:08.251591] [Service] Server method called: /rb.api.RobotStateService/GetRobotState
[07/30/26 14:18:56.098236] [debug] [00:07:08.251635] [Service::RobotStateService::GetRobotState] Requested: request_header { request_timestamp { seconds: 1785388682 nanos: 890420354 } }
[07/30/26 14:18:56.099003] [debug] [00:07:08.252401] [Service] Server method called: /rb.api.PowerService/JointCommand
[07/30/26 14:18:56.099039] [debug] [00:07:08.252438] [Service::PowerService::JointCommand] Requested: request_header { request_timestamp { seconds: 1785388682 nanos: 891206779 } } name: ".*" command: COMMAND_SERVO_ON
[07/30/26 14:18:56.340616] [debug] [00:07:08.494003] [Hardware] Hardware Loop Stat (avg: 2.000 ms, min: 1.987 ms, max: 2.013 ms, count: 15000)
[07/30/26 14:18:56.479606] [debug] [00:07:08.633003] [ControlManager] Control Manager Loop Stat (avg: 2.000 ms, min: 1.999 ms, max: 2.001 ms, count: 15000)
[07/30/26 14:18:59.142793] [debug] [00:07:11.296183] [Service::PowerService::JointCommand] Result: Success
[07/30/26 14:18:59.143726] [debug] [00:07:11.297119] [Service] Server method called: /rb.api.RobotStateService/GetControlManagerState
[07/30/26 14:18:59.143760] [debug] [00:07:11.297161] [Service::RobotStateService::GetControlManagerState] Requested: request_header { request_timestamp { seconds: 1785388685 nanos: 935710493 } }
[07/30/26 14:18:59.144557] [debug] [00:07:11.297952] [Service] Server method called: /rb.api.ControlManagerService/ControlManagerCommand
[07/30/26 14:18:59.144606] [debug] [00:07:11.298004] [Service::ControlManagerService::ControlManagerCommand] Requested: request_header { request_timestamp { seconds: 1785388685 nanos: 936577151 } } command: COMMAND_RESET_FAULT
[07/30/26 14:18:59.144610] [info] [00:07:11.298010] [ControlManager::ResetFault] Reset fault request received. Starting the process...
[07/30/26 14:18:59.145614] [info] [00:07:11.299014] [ControlManager::ResetFault] Control Manager successfully reset
[07/30/26 14:18:59.146620] [debug] [00:07:11.300016] [Service] Server method called: /rb.api.RobotInfoService/GetRobotInfo
[07/30/26 14:18:59.146637] [debug] [00:07:11.300037] [Service::RobotInfoService::GetRobotInfo] Requested: request_header { request_timestamp { seconds: 1785388685 nanos: 938650945 } }
[07/30/26 14:18:59.147575] [debug] [00:07:11.300960] [Service] Server method called: /rb.api.RobotStateService/GetRobotState
[07/30/26 14:18:59.147593] [debug] [00:07:11.300992] [Service::RobotStateService::GetRobotState] Requested: request_header { request_timestamp { seconds: 1785388685 nanos: 939596625 } }
[07/30/26 14:18:59.148324] [debug] [00:07:11.301722] [Service] Server method called: /rb.api.RobotStateService/GetRobotState
[07/30/26 14:18:59.148341] [debug] [00:07:11.301741] [Service::RobotStateService::GetRobotState] Requested: request_header { request_timestamp { seconds: 1785388685 nanos: 940380971 } }
[07/30/26 14:18:59.148945] [debug] [00:07:11.302342] [Service] Server method called: /rb.api.RobotInfoService/GetRobotInfo
[07/30/26 14:18:59.148959] [debug] [00:07:11.302359] [Service::RobotInfoService::GetRobotInfo] Requested: request_header { request_timestamp { seconds: 1785388685 nanos: 941024816 } }
[07/30/26 14:18:59.149577] [debug] [00:07:11.302977] [Service] Server method called: /rb.api.ControlManagerService/ControlManagerCommand
[07/30/26 14:18:59.149590] [debug] [00:07:11.302991] [Service::ControlManagerService::ControlManagerCommand] Requested: request_header { request_timestamp { seconds: 1785388685 nanos: 941630497 } } command: COMMAND_ENABLE unlimited_mode_enabled { }
[07/30/26 14:18:59.149593] [info] [00:07:11.302994] [ControlManager::Enable] Enable request received. Starting the enabling process...
[07/30/26 14:18:59.149614] [info] [00:07:11.303015] [ControlManager::Enable] Control Manager successfully enabled
[07/30/26 14:18:59.150127] [debug] [00:07:11.303524] [Service] Server method called: /rb.api.ParameterService/SetParameter
[07/30/26 14:18:59.150145] [debug] [00:07:11.303545] [Service::ParameterService::SetParameter] Requested: request_header { request_timestamp { seconds: 1785388685 nanos: 942167973 } } name: "cartesian_command.cutoff_frequency" parameter: "{\"value\":5,\"write_db\":true}"
[07/30/26 14:18:59.162531] [debug] [00:07:11.315932] [Service] Server method called: /rb.api.ParameterService/SetParameter
[07/30/26 14:18:59.162541] [debug] [00:07:11.315943] [Service::ParameterService::SetParameter] Requested: request_header { request_timestamp { seconds: 1785388685 nanos: 954591289 } } name: "default.acceleration_limit_scaling" parameter: "{\"value\":1.0,\"write_db\":true}"
[07/30/26 14:18:59.168487] [debug] [00:07:11.321883] [Service] Server method called: /rb.api.ParameterService/SetParameter
[07/30/26 14:18:59.168505] [debug] [00:07:11.321905] [Service::ParameterService::SetParameter] Requested: request_header { request_timestamp { seconds: 1785388685 nanos: 960529323 } } name: "default.angular_acceleration_limit" parameter: "{\"value\":10,\"write_db\":true}"
[07/30/26 14:18:59.174533] [debug] [00:07:11.327929] [Service] Server method called: /rb.api.ParameterService/SetParameter
[07/30/26 14:18:59.174574] [debug] [00:07:11.327973] [Service::ParameterService::SetParameter] Requested: request_header { request_timestamp { seconds: 1785388685 nanos: 966572607 } } name: "default.linear_acceleration_limit" parameter: "{\"value\":20,\"write_db\":true}"
[07/30/26 14:18:59.180373] [debug] [00:07:11.333770] [Service] Server method called: /rb.api.ParameterService/SetParameter
[07/30/26 14:18:59.180389] [debug] [00:07:11.333789] [Service::ParameterService::SetParameter] Requested: request_header { request_timestamp { seconds: 1785388685 nanos: 972409404 } } name: "joint_position_command.cutoff_frequency" parameter: "{\"value\":5,\"write_db\":true}"
[07/30/26 14:18:59.185378] [debug] [00:07:11.338773] [Service] Server method called: /rb.api.RobotCommandService/RobotCommand
[07/30/26 14:18:59.185446] [debug] [00:07:11.338844] [Service::RobotCommandService::RobotCommand] Requested: robot_command { component_based_command { body_command { joint_position_command { command_header { control_hold_time { seconds: 1 } } minimum_time { nanos: 500000000 } position: -0.000918869679872092 position: 1.105798908011691 position: -1.5375613420514238 position: 0.7996862072212445 position: 0.00077078737609105239 position: -0.00025439780393152959 position: -0.019899983438882787 position: -0.26051853915447926 position: 0.015317025985967021 po... [truncated]
[07/30/26 14:18:59.185449] [debug] [00:07:11.338850] [Service::RobotCommandService::RobotCommand]   Peer: ipv4:192.168.30.230:34606
[07/30/26 14:18:59.185593] [debug] [00:07:11.338993] [Service::RobotCommandService::RobotCommand]   IP: 192.168.30.230, Family: ipv4
[07/30/26 14:18:59.191646] [info] [00:07:11.345044] [ControlManager] Control started: {"type":"RobotCommand","control":{"type":"ComponentBasedCommand","components":{"mobility":null,"body":{"type":"BodyCommand","control":{"type":"JointPositionCommand","control":{"type":"JointPositionControl"}}},"head":{"type":"HeadCommand","control":{"type":"JointPositionCommand","control":{"type":"JointPositionControl"}}}}}} (priority: 1)
[07/30/26 14:19:00.949646] [debug] [00:07:13.103039] [ControlManager] Control finished: {"type":"RobotCommand","control":{"type":"ComponentBasedCommand","components":{"mobility":null,"body":{"type":"BodyCommand","control":{"type":"JointPositionCommand","control":{"type":"JointPositionControl"}}},"head":{"type":"HeadCommand","control":{"type":"JointPositionCommand","control":{"type":"JointPositionControl"}}}}}}
[07/30/26 14:19:00.949705] [info] [00:07:13.103101] [ControlInterface] Control completed successfully.
[07/30/26 14:19:00.949714] [debug] [00:07:13.103109] [ControlInterface::ExecutionStats] Average Control Time: 0.001 ms (max: 0.031 ms, min: 0.001 ms, sigma: 0.001 ms, count: 880)
[07/30/26 14:19:00.950754] [debug] [00:07:13.104151] [Service] Server method called: /rb.api.PowerService/ToolFlangePowerCommand
[07/30/26 14:19:00.950783] [debug] [00:07:13.104183] [Service::PowerService::ToolFlangePowerCommand] Requested: request_header { request_timestamp { seconds: 1785388687 nanos: 742644738 } } name: "right" command: COMMAND_POWER_12V
[07/30/26 14:19:00.950788] [debug] [00:07:13.104189] [Service::PowerService::ToolFlangePowerCommand] Result: Success
[07/30/26 14:19:00.951394] [debug] [00:07:13.104792] [Service] Server method called: /rb.api.PowerService/ToolFlangePowerCommand
[07/30/26 14:19:00.951411] [debug] [00:07:13.104810] [Service::PowerService::ToolFlangePowerCommand] Requested: request_header { request_timestamp { seconds: 1785388687 nanos: 743324230 } } name: "left" command: COMMAND_POWER_12V
[07/30/26 14:19:00.951415] [debug] [00:07:13.104816] [Service::PowerService::ToolFlangePowerCommand] Result: Success
[07/30/26 14:19:11.863591] [debug] [00:07:24.016979] [Service] Server method called: /rb.api.RobotCommandService/RobotCommand
[07/30/26 14:19:11.863665] [debug] [00:07:24.017063] [Service::RobotCommandService::RobotCommand] Requested: robot_command { component_based_command { body_command { joint_position_command { command_header { control_hold_time { seconds: 1 } } minimum_time { seconds: 4 } position: 0 position: 0.78539816339744828 position: -1.3962634015954636 position: 0.78539816339744828 position: 0 position: 0 position: 0 position: -0.26179938779914941 position: 0 position: -2.0943951023931953 position: 0 position: 0.52359877559829882 position: 0 position: 0 position: 0... [truncated]
[07/30/26 14:19:11.863669] [debug] [00:07:24.017070] [Service::RobotCommandService::RobotCommand]   Peer: ipv4:192.168.30.230:34606
[07/30/26 14:19:11.863861] [debug] [00:07:24.017220] [Service::RobotCommandService::RobotCommand]   IP: 192.168.30.230, Family: ipv4
[07/30/26 14:19:11.869642] [info] [00:07:24.023037] [ControlManager] Control started: {"type":"RobotCommand","control":{"type":"ComponentBasedCommand","components":{"mobility":null,"body":{"type":"BodyCommand","control":{"type":"JointPositionCommand","control":{"type":"JointPositionControl"}}},"head":{"type":"HeadCommand","control":{"type":"JointPositionCommand","control":{"type":"JointPositionControl"}}}}}} (priority: 1)
[07/30/26 14:19:17.127649] [debug] [00:07:29.281041] [ControlManager] Control finished: {"type":"RobotCommand","control":{"type":"ComponentBasedCommand","components":{"mobility":null,"body":{"type":"BodyCommand","control":{"type":"JointPositionCommand","control":{"type":"JointPositionControl"}}},"head":{"type":"HeadCommand","control":{"type":"JointPositionCommand","control":{"type":"JointPositionControl"}}}}}}
[07/30/26 14:19:17.127783] [info] [00:07:29.281177] [ControlInterface] Control completed successfully.
[07/30/26 14:19:17.127793] [debug] [00:07:29.281188] [ControlInterface::ExecutionStats] Average Control Time: 0.001 ms (max: 0.024 ms, min: 0.001 ms, sigma: 0.000 ms, count: 2630)
[07/30/26 14:19:17.128388] [debug] [00:07:29.281783] [Service] Server method called: /rb.api.RobotCommandService/RobotCommandStream
[07/30/26 14:19:17.128402] [debug] [00:07:29.281801] [Service::RobotCommandService::RobotCommandStream] Stream is created
[07/30/26 14:19:17.160287] [debug] [00:07:29.313681] [Service::RobotCommandService::RobotCommandStream] Requested: robot_command { component_based_command { mobility_command { se2_velocity_command { command_header { control_hold_time { seconds: 1 } } minimum_time { nanos: 10100000 } velocity { linear { } } acceleration_limit { linear { x: 1 y: 1 } angular: 1 } } } body_command { joint_impedance_control_command { command_header { control_hold_time { seconds: 1 } } minimum_time { nanos: 10100000 } position: -0.00010976344475152037 position: 0.78494611953275384 ... [truncated]
[07/30/26 14:19:17.160294] [debug] [00:07:29.313695] [Service::RobotCommandService::RobotCommandStream]   Peer: ipv4:192.168.30.230:34606
[07/30/26 14:19:17.160442] [debug] [00:07:29.313842] [Service::RobotCommandService::RobotCommandStream]   IP: 192.168.30.230, Family: ipv4
[07/30/26 14:19:17.165633] [info] [00:07:29.319032] [ControlManager] Control started: {"type":"RobotCommand","control":{"type":"ComponentBasedCommand","components":{"mobility":{"type":"MobilityCommand","control":{"type":"SE2VelocityCommand","control":{"type":"MobilitySE2VelocityControl"}}},"body":{"type":"BodyCommand","control":{"type":"JointImpedanceControlCommand","control":{"type":"JointImpedanceControl"}}},"head":{"type":"HeadCommand","control":{"type":"JointPositionCommand","control":{"type":"JointPositionControl"}}}}}} (priority: 1)
[07/30/26 14:19:23.823409] [debug] [00:07:35.976799] [Service] Server method called: /rb.api.RobotCommandService/RobotCommand
[07/30/26 14:19:23.823444] [debug] [00:07:35.976843] [Service::RobotCommandService::RobotCommand] Requested: robot_command { whole_body_command { stop_command { } } } priority: 99
[07/30/26 14:19:23.823447] [debug] [00:07:35.976848] [Service::RobotCommandService::RobotCommand]   Peer: ipv4:192.168.30.230:34606
[07/30/26 14:19:23.823598] [debug] [00:07:35.976997] [Service::RobotCommandService::RobotCommand]   IP: 192.168.30.230, Family: ipv4
[07/30/26 14:19:23.925784] [debug] [00:07:36.079177] [ControlManager] Control finished: {"type":"RobotCommand","control":{"type":"ComponentBasedCommand","components":{"mobility":{"type":"MobilityCommand","control":{"type":"SE2VelocityCommand","control":{"type":"MobilitySE2VelocityControl"}}},"body":{"type":"BodyCommand","control":{"type":"JointImpedanceControlCommand","control":{"type":"JointImpedanceControl"}}},"head":{"type":"HeadCommand","control":{"type":"JointPositionCommand","control":{"type":"JointPositionControl"}}}}}}
[07/30/26 14:19:23.925875] [debug] [00:07:36.079270] [Service::RobotCommandService::RobotCommandStream] OnReadDone (write_done: true, read_done: true)
[07/30/26 14:19:23.925903] [debug] [00:07:36.079298] [Service::RobotCommandService::RobotCommandStream] OnCancel
[07/30/26 14:19:23.926002] [info] [00:07:36.079398] [ControlInterface] Control was preempted or canceled by another request.
[07/30/26 14:19:23.926013] [debug] [00:07:36.079407] [ControlInterface::ExecutionStats] Average Control Time: 0.120 ms (max: 0.208 ms, min: 0.111 ms, sigma: 0.005 ms, count: 3381)
[07/30/26 14:19:23.926040] [debug] [00:07:36.079438] [Service::RobotCommandService::RobotCommandStream] OnDone: robot_command { component_based_command { mobility_command { se2_velocity_command { command_header { control_hold_time { seconds: 1 } } minimum_time { nanos: 10100000 } velocity { linear { } } acceleration_limit { linear { x: 1 y: 1 } angular: 1 } } } body_command { joint_impedance_control_command { command_header { control_hold_time { seconds: 1 } } minimum_time { nanos: 10100000 } position: -0.0039793345236284784 position: 0.86624607938046372 p... [truncated]
[07/30/26 14:19:23.927620] [info] [00:07:36.081019] [ControlManager] Control started: {"type":"RobotCommand","control":{"type":"WholeBodyCommand","control":{"type":"StopControl","control":{"type":"JointVelocityControl"}}}} (priority: 99)
[07/30/26 14:19:23.927639] [debug] [00:07:36.081040] [ControlManager] Control finished: {"type":"RobotCommand","control":{"type":"WholeBodyCommand","control":{"type":"StopControl","control":{"type":"JointVelocityControl"}}}}
[07/30/26 14:19:23.929624] [info] [00:07:36.083022] [ControlInterface] Control completed successfully.
[07/30/26 14:19:23.929633] [debug] [00:07:36.083030] [ControlInterface::ExecutionStats] Average Control Time: 0.006 ms (max: 0.006 ms, min: 0.006 ms, sigma: 0.000 ms, count: 1)
[07/30/26 14:19:23.930285] [debug] [00:07:36.083681] [Service] Server method called: /rb.api.ControlManagerService/ControlManagerCommand
[07/30/26 14:19:23.930309] [debug] [00:07:36.083708] [Service::ControlManagerService::ControlManagerCommand] Requested: request_header { request_timestamp { seconds: 1785388710 nanos: 721168794 } } command: COMMAND_DISABLE
[07/30/26 14:19:23.930312] [info] [00:07:36.083713] [ControlManager::Disable] Disable request received. Starting the disabling process...
[07/30/26 14:19:23.931619] [info] [00:07:36.085019] [ControlManager::Disable] Control Manager successfully disabled
[07/30/26 14:19:26.340618] [debug] [00:07:38.494003] [Hardware] Hardware Loop Stat (avg: 2.000 ms, min: 1.998 ms, max: 2.001 ms, count: 15000)
[07/30/26 14:19:26.479607] [debug] [00:07:38.633002] [ControlManager] Control Manager Loop Stat (avg: 2.000 ms, min: 1.998 ms, max: 2.002 ms, count: 15000)
[07/30/26 14:19:56.340615] [debug] [00:08:08.494002] [Hardware] Hardware Loop Stat (avg: 2.000 ms, min: 1.999 ms, max: 2.001 ms, count: 15000)
[07/30/26 14:19:56.479605] [debug] [00:08:08.633003] [ControlManager] Control Manager Loop Stat (avg: 2.000 ms, min: 1.998 ms, max: 2.002 ms, count: 15000)
[07/30/26 14:20:26.340615] [debug] [00:08:38.494003] [Hardware] Hardware Loop Stat (avg: 2.000 ms, min: 1.999 ms, max: 2.001 ms, count: 15000)
[07/30/26 14:20:26.479605] [debug] [00:08:38.633002] [ControlManager] Control Manager Loop Stat (avg: 2.000 ms, min: 1.998 ms, max: 2.002 ms, count: 15000)
[07/30/26 14:20:40.050173] [debug] [00:08:52.203562] [Service] Server method called: /rb.api.RobotInfoService/GetRobotInfo
[07/30/26 14:20:40.050205] [debug] [00:08:52.203605] [Service::RobotInfoService::GetRobotInfo] Requested: request_header { request_timestamp { seconds: 1785388786 nanos: 839171273 } }
[07/30/26 14:20:40.050846] [debug] [00:08:52.204242] [Service] Server method called: /rb.api.RobotStateService/GetRobotState
[07/30/26 14:20:40.050865] [debug] [00:08:52.204265] [Service::RobotStateService::GetRobotState] Requested: request_header { request_timestamp { seconds: 1785388786 nanos: 839967167 } }
[07/30/26 14:20:40.051465] [debug] [00:08:52.204862] [Service] Server method called: /rb.api.RobotInfoService/GetRobotInfo
[07/30/26 14:20:40.051481] [debug] [00:08:52.204881] [Service::RobotInfoService::GetRobotInfo] Requested: request_header { request_timestamp { seconds: 1785388786 nanos: 840606295 } }
[07/30/26 14:20:40.052249] [debug] [00:08:52.205642] [Service] Server method called: /rb.api.RobotStateService/GetRobotState
[07/30/26 14:20:40.052297] [debug] [00:08:52.205696] [Service::RobotStateService::GetRobotState] Requested: request_header { request_timestamp { seconds: 1785388786 nanos: 841358284 } }
[07/30/26 14:20:40.053041] [debug] [00:08:52.206437] [Service] Server method called: /rb.api.RobotStateService/GetControlManagerState
[07/30/26 14:20:40.053060] [debug] [00:08:52.206460] [Service::RobotStateService::GetControlManagerState] Requested: request_header { request_timestamp { seconds: 1785388786 nanos: 842175274 } }
[07/30/26 14:20:40.053509] [debug] [00:08:52.206907] [Service] Server method called: /rb.api.RobotInfoService/GetRobotInfo
[07/30/26 14:20:40.053523] [debug] [00:08:52.206922] [Service::RobotInfoService::GetRobotInfo] Requested: request_header { request_timestamp { seconds: 1785388786 nanos: 842647707 } }
[07/30/26 14:20:40.053936] [debug] [00:08:52.207334] [Service] Server method called: /rb.api.RobotStateService/GetRobotState
[07/30/26 14:20:40.053950] [debug] [00:08:52.207350] [Service::RobotStateService::GetRobotState] Requested: request_header { request_timestamp { seconds: 1785388786 nanos: 843084153 } }
[07/30/26 14:20:40.054331] [debug] [00:08:52.207729] [Service] Server method called: /rb.api.RobotStateService/GetRobotState
[07/30/26 14:20:40.054346] [debug] [00:08:52.207746] [Service::RobotStateService::GetRobotState] Requested: request_header { request_timestamp { seconds: 1785388786 nanos: 843504312 } }
[07/30/26 14:20:40.054751] [debug] [00:08:52.208149] [Service] Server method called: /rb.api.RobotInfoService/GetRobotInfo
[07/30/26 14:20:40.054765] [debug] [00:08:52.208165] [Service::RobotInfoService::GetRobotInfo] Requested: request_header { request_timestamp { seconds: 1785388786 nanos: 843925084 } }
[07/30/26 14:20:40.055424] [debug] [00:08:52.208821] [Service] Server method called: /rb.api.ControlManagerService/ControlManagerCommand
[07/30/26 14:20:40.055469] [debug] [00:08:52.208868] [Service::ControlManagerService::ControlManagerCommand] Requested: request_header { request_timestamp { seconds: 1785388786 nanos: 844548826 } } command: COMMAND_ENABLE unlimited_mode_enabled { }
[07/30/26 14:20:40.055472] [info] [00:08:52.208873] [ControlManager::Enable] Enable request received. Starting the enabling process...
[07/30/26 14:20:40.055621] [info] [00:08:52.209021] [ControlManager::Enable] Control Manager successfully enabled
[07/30/26 14:20:40.056011] [debug] [00:08:52.209409] [Service] Server method called: /rb.api.ParameterService/SetParameter
[07/30/26 14:20:40.056031] [debug] [00:08:52.209431] [Service::ParameterService::SetParameter] Requested: request_header { request_timestamp { seconds: 1785388786 nanos: 845155501 } } name: "cartesian_command.cutoff_frequency" parameter: "{\"value\":5,\"write_db\":true}"
[07/30/26 14:20:40.066348] [debug] [00:08:52.219743] [Service] Server method called: /rb.api.ParameterService/SetParameter
[07/30/26 14:20:40.066399] [debug] [00:08:52.219798] [Service::ParameterService::SetParameter] Requested: request_header { request_timestamp { seconds: 1785388786 nanos: 855476953 } } name: "default.acceleration_limit_scaling" parameter: "{\"value\":1.0,\"write_db\":true}"
[07/30/26 14:20:40.072245] [debug] [00:08:52.225640] [Service] Server method called: /rb.api.ParameterService/SetParameter
[07/30/26 14:20:40.072265] [debug] [00:08:52.225665] [Service::ParameterService::SetParameter] Requested: request_header { request_timestamp { seconds: 1785388786 nanos: 861389686 } } name: "default.angular_acceleration_limit" parameter: "{\"value\":10,\"write_db\":true}"
[07/30/26 14:20:40.078234] [debug] [00:08:52.231630] [Service] Server method called: /rb.api.ParameterService/SetParameter
[07/30/26 14:20:40.078250] [debug] [00:08:52.231650] [Service::ParameterService::SetParameter] Requested: request_header { request_timestamp { seconds: 1785388786 nanos: 867397604 } } name: "default.linear_acceleration_limit" parameter: "{\"value\":20,\"write_db\":true}"
[07/30/26 14:20:40.084493] [debug] [00:08:52.237890] [Service] Server method called: /rb.api.ParameterService/SetParameter
[07/30/26 14:20:40.084510] [debug] [00:08:52.237910] [Service::ParameterService::SetParameter] Requested: request_header { request_timestamp { seconds: 1785388786 nanos: 873632432 } } name: "joint_position_command.cutoff_frequency" parameter: "{\"value\":5,\"write_db\":true}"
[07/30/26 14:20:40.090510] [debug] [00:08:52.243906] [Service] Server method called: /rb.api.RobotCommandService/RobotCommand
[07/30/26 14:20:40.090577] [debug] [00:08:52.243975] [Service::RobotCommandService::RobotCommand] Requested: robot_command { component_based_command { body_command { joint_position_command { command_header { control_hold_time { seconds: 1 } } minimum_time { nanos: 500000000 } position: -0.00027338271467268856 position: 1.080735028851213 position: -1.513139152873997 position: 0.78170369976721876 position: 0.00087710287624154237 position: -0.00025060082178329784 position: -0.022736329103611931 position: -0.26106530458382465 position: -7.5939642964635708e-... [truncated]
[07/30/26 14:20:40.090580] [debug] [00:08:52.243981] [Service::RobotCommandService::RobotCommand]   Peer: ipv4:192.168.30.230:34606
[07/30/26 14:20:40.090723] [debug] [00:08:52.244123] [Service::RobotCommandService::RobotCommand]   IP: 192.168.30.230, Family: ipv4
[07/30/26 14:20:40.095643] [info] [00:08:52.249040] [ControlManager] Control started: {"type":"RobotCommand","control":{"type":"ComponentBasedCommand","components":{"mobility":null,"body":{"type":"BodyCommand","control":{"type":"JointPositionCommand","control":{"type":"JointPositionControl"}}},"head":{"type":"HeadCommand","control":{"type":"JointPositionCommand","control":{"type":"JointPositionControl"}}}}}} (priority: 1)
[07/30/26 14:20:41.853645] [debug] [00:08:54.007037] [ControlManager] Control finished: {"type":"RobotCommand","control":{"type":"ComponentBasedCommand","components":{"mobility":null,"body":{"type":"BodyCommand","control":{"type":"JointPositionCommand","control":{"type":"JointPositionControl"}}},"head":{"type":"HeadCommand","control":{"type":"JointPositionCommand","control":{"type":"JointPositionControl"}}}}}}
[07/30/26 14:20:41.853703] [info] [00:08:54.007098] [ControlInterface] Control completed successfully.
[07/30/26 14:20:41.853712] [debug] [00:08:54.007107] [ControlInterface::ExecutionStats] Average Control Time: 0.001 ms (max: 0.028 ms, min: 0.001 ms, sigma: 0.001 ms, count: 880)
[07/30/26 14:20:41.854443] [debug] [00:08:54.007840] [Service] Server method called: /rb.api.PowerService/ToolFlangePowerCommand
[07/30/26 14:20:41.854472] [debug] [00:08:54.007872] [Service::PowerService::ToolFlangePowerCommand] Requested: request_header { request_timestamp { seconds: 1785388788 nanos: 643501579 } } name: "right" command: COMMAND_POWER_12V
[07/30/26 14:20:41.854477] [debug] [00:08:54.007878] [Service::PowerService::ToolFlangePowerCommand] Result: Success
[07/30/26 14:20:41.855078] [debug] [00:08:54.008477] [Service] Server method called: /rb.api.PowerService/ToolFlangePowerCommand
[07/30/26 14:20:41.855094] [debug] [00:08:54.008493] [Service::PowerService::ToolFlangePowerCommand] Requested: request_header { request_timestamp { seconds: 1785388788 nanos: 644196885 } } name: "left" command: COMMAND_POWER_12V
[07/30/26 14:20:41.855098] [debug] [00:08:54.008499] [Service::PowerService::ToolFlangePowerCommand] Result: Success
[07/30/26 14:20:42.994785] [debug] [00:08:55.148177] [Service] Server method called: /rb.api.RobotCommandService/RobotCommand
[07/30/26 14:20:42.994852] [debug] [00:08:55.148250] [Service::RobotCommandService::RobotCommand] Requested: robot_command { component_based_command { body_command { joint_position_command { command_header { control_hold_time { seconds: 1 } } minimum_time { seconds: 4 } position: 0 position: 0.78539816339744828 position: -1.3962634015954636 position: 0.78539816339744828 position: 0 position: 0 position: 0 position: -0.26179938779914941 position: 0 position: -2.0943951023931953 position: 0 position: 0.52359877559829882 position: 0 position: 0 position: 0... [truncated]
[07/30/26 14:20:42.994856] [debug] [00:08:55.148257] [Service::RobotCommandService::RobotCommand]   Peer: ipv4:192.168.30.230:34606
[07/30/26 14:20:42.995009] [debug] [00:08:55.148408] [Service::RobotCommandService::RobotCommand]   IP: 192.168.30.230, Family: ipv4
[07/30/26 14:20:42.999632] [info] [00:08:55.153029] [ControlManager] Control started: {"type":"RobotCommand","control":{"type":"ComponentBasedCommand","components":{"mobility":null,"body":{"type":"BodyCommand","control":{"type":"JointPositionCommand","control":{"type":"JointPositionControl"}}},"head":{"type":"HeadCommand","control":{"type":"JointPositionCommand","control":{"type":"JointPositionControl"}}}}}} (priority: 1)
[07/30/26 14:20:48.257648] [debug] [00:09:00.411040] [ControlManager] Control finished: {"type":"RobotCommand","control":{"type":"ComponentBasedCommand","components":{"mobility":null,"body":{"type":"BodyCommand","control":{"type":"JointPositionCommand","control":{"type":"JointPositionControl"}}},"head":{"type":"HeadCommand","control":{"type":"JointPositionCommand","control":{"type":"JointPositionControl"}}}}}}
[07/30/26 14:20:48.257705] [info] [00:09:00.411100] [ControlInterface] Control completed successfully.
[07/30/26 14:20:48.257713] [debug] [00:09:00.411109] [ControlInterface::ExecutionStats] Average Control Time: 0.001 ms (max: 0.019 ms, min: 0.001 ms, sigma: 0.000 ms, count: 2630)
[07/30/26 14:20:48.258226] [debug] [00:09:00.411624] [Service] Server method called: /rb.api.RobotCommandService/RobotCommandStream
[07/30/26 14:20:48.258237] [debug] [00:09:00.411637] [Service::RobotCommandService::RobotCommandStream] Stream is created
[07/30/26 14:20:48.290112] [debug] [00:09:00.443508] [Service::RobotCommandService::RobotCommandStream] Requested: robot_command { component_based_command { mobility_command { se2_velocity_command { command_header { control_hold_time { seconds: 1 } } minimum_time { nanos: 10100000 } velocity { linear { } } acceleration_limit { linear { x: 1 y: 1 } angular: 1 } } } body_command { joint_impedance_control_command { command_header { control_hold_time { seconds: 1 } } minimum_time { nanos: 10100000 } position: -0.00012492669214769086 position: 0.7849308898688806 p... [truncated]
[07/30/26 14:20:48.290120] [debug] [00:09:00.443520] [Service::RobotCommandService::RobotCommandStream]   Peer: ipv4:192.168.30.230:34606
[07/30/26 14:20:48.290269] [debug] [00:09:00.443668] [Service::RobotCommandService::RobotCommandStream]   IP: 192.168.30.230, Family: ipv4
[07/30/26 14:20:48.295631] [info] [00:09:00.449031] [ControlManager] Control started: {"type":"RobotCommand","control":{"type":"ComponentBasedCommand","components":{"mobility":{"type":"MobilityCommand","control":{"type":"SE2VelocityCommand","control":{"type":"MobilitySE2VelocityControl"}}},"body":{"type":"BodyCommand","control":{"type":"JointImpedanceControlCommand","control":{"type":"JointImpedanceControl"}}},"head":{"type":"HeadCommand","control":{"type":"JointPositionCommand","control":{"type":"JointPositionControl"}}}}}} (priority: 1)
[07/30/26 14:20:56.340618] [debug] [00:09:08.494003] [Hardware] Hardware Loop Stat (avg: 2.000 ms, min: 1.998 ms, max: 2.002 ms, count: 15000)
[07/30/26 14:20:56.479611] [debug] [00:09:08.633002] [ControlManager] Control Manager Loop Stat (avg: 2.000 ms, min: 1.998 ms, max: 2.002 ms, count: 15000)
[07/30/26 14:20:58.293755] [debug] [00:09:10.447137] [ControlInterface::ExecutionStats] Average Control Time: 0.121 ms (max: 0.205 ms, min: 0.110 ms, sigma: 0.005 ms, count: 5000)
[07/30/26 14:21:04.569281] [debug] [00:09:16.722671] [Service] Server method called: /rb.api.RobotCommandService/RobotCommand
[07/30/26 14:21:04.569471] [debug] [00:09:16.722872] [Service::RobotCommandService::RobotCommand] Requested: robot_command { whole_body_command { stop_command { } } } priority: 99
[07/30/26 14:21:04.569576] [debug] [00:09:16.722977] [Service::RobotCommandService::RobotCommand]   Peer: ipv4:192.168.30.230:34606
[07/30/26 14:21:04.569799] [debug] [00:09:16.723199] [Service::RobotCommandService::RobotCommand]   IP: 192.168.30.230, Family: ipv4
[07/30/26 14:21:04.673774] [debug] [00:09:16.827170] [ControlManager] Control finished: {"type":"RobotCommand","control":{"type":"ComponentBasedCommand","components":{"mobility":{"type":"MobilityCommand","control":{"type":"SE2VelocityCommand","control":{"type":"MobilitySE2VelocityControl"}}},"body":{"type":"BodyCommand","control":{"type":"JointImpedanceControlCommand","control":{"type":"JointImpedanceControl"}}},"head":{"type":"HeadCommand","control":{"type":"JointPositionCommand","control":{"type":"JointPositionControl"}}}}}}
[07/30/26 14:21:04.673874] [debug] [00:09:16.827268] [Service::RobotCommandService::RobotCommandStream] OnReadDone (write_done: true, read_done: true)
[07/30/26 14:21:04.673921] [debug] [00:09:16.827308] [Service::RobotCommandService::RobotCommandStream] OnCancel
[07/30/26 14:21:04.673955] [info] [00:09:16.827352] [ControlInterface] Control was preempted or canceled by another request.
[07/30/26 14:21:04.673965] [debug] [00:09:16.827360] [ControlInterface::ExecutionStats] Average Control Time: 0.121 ms (max: 0.138 ms, min: 0.111 ms, sigma: 0.004 ms, count: 3190)
[07/30/26 14:21:04.674038] [debug] [00:09:16.827436] [Service::RobotCommandService::RobotCommandStream] OnDone: robot_command { component_based_command { mobility_command { se2_velocity_command { command_header { control_hold_time { seconds: 1 } } minimum_time { nanos: 10100000 } velocity { linear { } } acceleration_limit { linear { x: 1 y: 1 } angular: 1 } } } body_command { joint_impedance_control_command { command_header { control_hold_time { seconds: 1 } } minimum_time { nanos: 10100000 } position: -0.0056410585814846556 position: 0.86851350565483465 p... [truncated]
[07/30/26 14:21:04.675618] [info] [00:09:16.829017] [ControlManager] Control started: {"type":"RobotCommand","control":{"type":"WholeBodyCommand","control":{"type":"StopControl","control":{"type":"JointVelocityControl"}}}} (priority: 99)
[07/30/26 14:21:04.675636] [debug] [00:09:16.829037] [ControlManager] Control finished: {"type":"RobotCommand","control":{"type":"WholeBodyCommand","control":{"type":"StopControl","control":{"type":"JointVelocityControl"}}}}
[07/30/26 14:21:04.675673] [info] [00:09:16.829071] [ControlInterface] Control completed successfully.
[07/30/26 14:21:04.675680] [debug] [00:09:16.829077] [ControlInterface::ExecutionStats] Average Control Time: 0.005 ms (max: 0.005 ms, min: 0.005 ms, sigma: 0.000 ms, count: 1)
[07/30/26 14:21:04.676500] [debug] [00:09:16.829896] [Service] Server method called: /rb.api.ControlManagerService/ControlManagerCommand
[07/30/26 14:21:04.676521] [debug] [00:09:16.829921] [Service::ControlManagerService::ControlManagerCommand] Requested: request_header { request_timestamp { seconds: 1785388811 nanos: 465398421 } } command: COMMAND_DISABLE
[07/30/26 14:21:04.676525] [info] [00:09:16.829926] [ControlManager::Disable] Disable request received. Starting the disabling process...
[07/30/26 14:21:04.677620] [info] [00:09:16.831019] [ControlManager::Disable] Control Manager successfully disabled
[07/30/26 14:21:07.027928] [debug] [00:09:19.181317] [Service] Server method called: /rb.api.RobotInfoService/GetRobotInfo
[07/30/26 14:21:07.027967] [debug] [00:09:19.181367] [Service::RobotInfoService::GetRobotInfo] Requested: request_header { request_timestamp { seconds: 1785388813 nanos: 816718614 } }
[07/30/26 14:21:07.029037] [debug] [00:09:19.182430] [Service] Server method called: /rb.api.RobotStateService/GetRobotState
[07/30/26 14:21:07.029062] [debug] [00:09:19.182462] [Service::RobotStateService::GetRobotState] Requested: request_header { request_timestamp { seconds: 1785388813 nanos: 817876395 } }
[07/30/26 14:21:07.029990] [debug] [00:09:19.183386] [Service] Server method called: /rb.api.RobotInfoService/GetRobotInfo
[07/30/26 14:21:07.030009] [debug] [00:09:19.183409] [Service::RobotInfoService::GetRobotInfo] Requested: request_header { request_timestamp { seconds: 1785388813 nanos: 818885858 } }
[07/30/26 14:21:07.030760] [debug] [00:09:19.184156] [Service] Server method called: /rb.api.RobotStateService/GetRobotState
[07/30/26 14:21:07.030803] [debug] [00:09:19.184202] [Service::RobotStateService::GetRobotState] Requested: request_header { request_timestamp { seconds: 1785388813 nanos: 819650117 } }
[07/30/26 14:21:07.031538] [debug] [00:09:19.184935] [Service] Server method called: /rb.api.RobotStateService/GetControlManagerState
[07/30/26 14:21:07.031554] [debug] [00:09:19.184954] [Service::RobotStateService::GetControlManagerState] Requested: request_header { request_timestamp { seconds: 1785388813 nanos: 820481629 } }
[07/30/26 14:21:07.032042] [debug] [00:09:19.185435] [Service] Server method called: /rb.api.RobotInfoService/GetRobotInfo
[07/30/26 14:21:07.032059] [debug] [00:09:19.185459] [Service::RobotInfoService::GetRobotInfo] Requested: request_header { request_timestamp { seconds: 1785388813 nanos: 820979552 } }
[07/30/26 14:21:07.032642] [debug] [00:09:19.186040] [Service] Server method called: /rb.api.RobotStateService/GetRobotState
[07/30/26 14:21:07.032657] [debug] [00:09:19.186057] [Service::RobotStateService::GetRobotState] Requested: request_header { request_timestamp { seconds: 1785388813 nanos: 821565872 } }
[07/30/26 14:21:07.033078] [debug] [00:09:19.186477] [Service] Server method called: /rb.api.RobotStateService/GetRobotState
[07/30/26 14:21:07.033092] [debug] [00:09:19.186492] [Service::RobotStateService::GetRobotState] Requested: request_header { request_timestamp { seconds: 1785388813 nanos: 822032062 } }
[07/30/26 14:21:07.033610] [debug] [00:09:19.187007] [Service] Server method called: /rb.api.RobotInfoService/GetRobotInfo
[07/30/26 14:21:07.033626] [debug] [00:09:19.187026] [Service::RobotInfoService::GetRobotInfo] Requested: request_header { request_timestamp { seconds: 1785388813 nanos: 822527634 } }
[07/30/26 14:21:07.034193] [debug] [00:09:19.187592] [Service] Server method called: /rb.api.ControlManagerService/ControlManagerCommand
[07/30/26 14:21:07.034211] [debug] [00:09:19.187611] [Service::ControlManagerService::ControlManagerCommand] Requested: request_header { request_timestamp { seconds: 1785388813 nanos: 823151913 } } command: COMMAND_ENABLE unlimited_mode_enabled { }
[07/30/26 14:21:07.034215] [info] [00:09:19.187616] [ControlManager::Enable] Enable request received. Starting the enabling process...
[07/30/26 14:21:07.035614] [info] [00:09:19.189015] [ControlManager::Enable] Control Manager successfully enabled
[07/30/26 14:21:07.036152] [debug] [00:09:19.189550] [Service] Server method called: /rb.api.ParameterService/SetParameter
[07/30/26 14:21:07.036169] [debug] [00:09:19.189569] [Service::ParameterService::SetParameter] Requested: request_header { request_timestamp { seconds: 1785388813 nanos: 825064893 } } name: "cartesian_command.cutoff_frequency" parameter: "{\"value\":5,\"write_db\":true}"
[07/30/26 14:21:07.046745] [debug] [00:09:19.200141] [Service] Server method called: /rb.api.ParameterService/SetParameter
[07/30/26 14:21:07.046763] [debug] [00:09:19.200163] [Service::ParameterService::SetParameter] Requested: request_header { request_timestamp { seconds: 1785388813 nanos: 835645275 } } name: "default.acceleration_limit_scaling" parameter: "{\"value\":1.0,\"write_db\":true}"
[07/30/26 14:21:07.052528] [debug] [00:09:19.205924] [Service] Server method called: /rb.api.ParameterService/SetParameter
[07/30/26 14:21:07.052547] [debug] [00:09:19.205946] [Service::ParameterService::SetParameter] Requested: request_header { request_timestamp { seconds: 1785388813 nanos: 841439709 } } name: "default.angular_acceleration_limit" parameter: "{\"value\":10,\"write_db\":true}"
[07/30/26 14:21:07.058521] [debug] [00:09:19.211918] [Service] Server method called: /rb.api.ParameterService/SetParameter
[07/30/26 14:21:07.058538] [debug] [00:09:19.211938] [Service::ParameterService::SetParameter] Requested: request_header { request_timestamp { seconds: 1785388813 nanos: 847441610 } } name: "default.linear_acceleration_limit" parameter: "{\"value\":20,\"write_db\":true}"
[07/30/26 14:21:07.064541] [debug] [00:09:19.217937] [Service] Server method called: /rb.api.ParameterService/SetParameter
[07/30/26 14:21:07.064559] [debug] [00:09:19.217959] [Service::ParameterService::SetParameter] Requested: request_header { request_timestamp { seconds: 1785388813 nanos: 853445015 } } name: "joint_position_command.cutoff_frequency" parameter: "{\"value\":5,\"write_db\":true}"
[07/30/26 14:21:07.070505] [debug] [00:09:19.223901] [Service] Server method called: /rb.api.RobotCommandService/RobotCommand
[07/30/26 14:21:07.070575] [debug] [00:09:19.223973] [Service::RobotCommandService::RobotCommand] Requested: robot_command { component_based_command { body_command { joint_position_command { command_header { control_hold_time { seconds: 1 } } minimum_time { nanos: 500000000 } position: -0.00034552537548909247 position: 1.0881011742187827 position: -1.5138036247499376 position: 0.780625356837121 position: 0.0014960109664033233 position: -0.00031894650045146994 position: -0.020572049279119813 position: -0.261088086476714 position: -9.4924553705794636e-05 ... [truncated]
[07/30/26 14:21:07.070578] [debug] [00:09:19.223979] [Service::RobotCommandService::RobotCommand]   Peer: ipv4:192.168.30.230:34606
[07/30/26 14:21:07.070724] [debug] [00:09:19.224124] [Service::RobotCommandService::RobotCommand]   IP: 192.168.30.230, Family: ipv4
[07/30/26 14:21:07.075634] [info] [00:09:19.229033] [ControlManager] Control started: {"type":"RobotCommand","control":{"type":"ComponentBasedCommand","components":{"mobility":null,"body":{"type":"BodyCommand","control":{"type":"JointPositionCommand","control":{"type":"JointPositionControl"}}},"head":{"type":"HeadCommand","control":{"type":"JointPositionCommand","control":{"type":"JointPositionControl"}}}}}} (priority: 1)
[07/30/26 14:21:08.833645] [debug] [00:09:20.987037] [ControlManager] Control finished: {"type":"RobotCommand","control":{"type":"ComponentBasedCommand","components":{"mobility":null,"body":{"type":"BodyCommand","control":{"type":"JointPositionCommand","control":{"type":"JointPositionControl"}}},"head":{"type":"HeadCommand","control":{"type":"JointPositionCommand","control":{"type":"JointPositionControl"}}}}}}
[07/30/26 14:21:08.833700] [info] [00:09:20.987096] [ControlInterface] Control completed successfully.
[07/30/26 14:21:08.833710] [debug] [00:09:20.987105] [ControlInterface::ExecutionStats] Average Control Time: 0.001 ms (max: 0.022 ms, min: 0.001 ms, sigma: 0.001 ms, count: 880)
[07/30/26 14:21:08.834380] [debug] [00:09:20.987776] [Service] Server method called: /rb.api.PowerService/ToolFlangePowerCommand
[07/30/26 14:21:08.834411] [debug] [00:09:20.987810] [Service::PowerService::ToolFlangePowerCommand] Requested: request_header { request_timestamp { seconds: 1785388815 nanos: 623183035 } } name: "right" command: COMMAND_POWER_12V
[07/30/26 14:21:08.834415] [debug] [00:09:20.987816] [Service::PowerService::ToolFlangePowerCommand] Result: Success
[07/30/26 14:21:08.834901] [debug] [00:09:20.988296] [Service] Server method called: /rb.api.PowerService/ToolFlangePowerCommand
[07/30/26 14:21:08.834925] [debug] [00:09:20.988325] [Service::PowerService::ToolFlangePowerCommand] Requested: request_header { request_timestamp { seconds: 1785388815 nanos: 623791997 } } name: "left" command: COMMAND_POWER_12V
[07/30/26 14:21:08.834930] [debug] [00:09:20.988331] [Service::PowerService::ToolFlangePowerCommand] Result: Success
[07/30/26 14:21:09.968068] [debug] [00:09:22.121459] [Service] Server method called: /rb.api.RobotCommandService/RobotCommand
[07/30/26 14:21:09.968132] [debug] [00:09:22.121530] [Service::RobotCommandService::RobotCommand] Requested: robot_command { component_based_command { body_command { joint_position_command { command_header { control_hold_time { seconds: 1 } } minimum_time { seconds: 4 } position: 0 position: 0.78539816339744828 position: -1.3962634015954636 position: 0.78539816339744828 position: 0 position: 0 position: 0 position: -0.26179938779914941 position: 0 position: -2.0943951023931953 position: 0 position: 0.52359877559829882 position: 0 position: 0 position: 0... [truncated]
[07/30/26 14:21:09.968135] [debug] [00:09:22.121536] [Service::RobotCommandService::RobotCommand]   Peer: ipv4:192.168.30.230:34606
[07/30/26 14:21:09.968283] [debug] [00:09:22.121683] [Service::RobotCommandService::RobotCommand]   IP: 192.168.30.230, Family: ipv4
[07/30/26 14:21:09.973631] [info] [00:09:22.127028] [ControlManager] Control started: {"type":"RobotCommand","control":{"type":"ComponentBasedCommand","components":{"mobility":null,"body":{"type":"BodyCommand","control":{"type":"JointPositionCommand","control":{"type":"JointPositionControl"}}},"head":{"type":"HeadCommand","control":{"type":"JointPositionCommand","control":{"type":"JointPositionControl"}}}}}} (priority: 1)
[07/30/26 14:21:15.231648] [debug] [00:09:27.385040] [ControlManager] Control finished: {"type":"RobotCommand","control":{"type":"ComponentBasedCommand","components":{"mobility":null,"body":{"type":"BodyCommand","control":{"type":"JointPositionCommand","control":{"type":"JointPositionControl"}}},"head":{"type":"HeadCommand","control":{"type":"JointPositionCommand","control":{"type":"JointPositionControl"}}}}}}
[07/30/26 14:21:15.231703] [info] [00:09:27.385099] [ControlInterface] Control completed successfully.
[07/30/26 14:21:15.231712] [debug] [00:09:27.385107] [ControlInterface::ExecutionStats] Average Control Time: 0.001 ms (max: 0.018 ms, min: 0.001 ms, sigma: 0.000 ms, count: 2630)
[07/30/26 14:21:15.232180] [debug] [00:09:27.385577] [Service] Server method called: /rb.api.RobotCommandService/RobotCommandStream
[07/30/26 14:21:15.232193] [debug] [00:09:27.385592] [Service::RobotCommandService::RobotCommandStream] Stream is created
[07/30/26 14:21:15.263759] [debug] [00:09:27.417153] [Service::RobotCommandService::RobotCommandStream] Requested: robot_command { component_based_command { mobility_command { se2_velocity_command { command_header { control_hold_time { seconds: 1 } } minimum_time { nanos: 10100000 } velocity { linear { } } acceleration_limit { linear { x: 1 y: 1 } angular: 1 } } } body_command { joint_impedance_control_command { command_header { control_hold_time { seconds: 1 } } minimum_time { nanos: 10100000 } position: -0.0001248844664474433 position: 0.78496255210329846 p... [truncated]
[07/30/26 14:21:15.263766] [debug] [00:09:27.417166] [Service::RobotCommandService::RobotCommandStream]   Peer: ipv4:192.168.30.230:34606
[07/30/26 14:21:15.263986] [debug] [00:09:27.417384] [Service::RobotCommandService::RobotCommandStream]   IP: 192.168.30.230, Family: ipv4
[07/30/26 14:21:15.269632] [info] [00:09:27.423031] [ControlManager] Control started: {"type":"RobotCommand","control":{"type":"ComponentBasedCommand","components":{"mobility":{"type":"MobilityCommand","control":{"type":"SE2VelocityCommand","control":{"type":"MobilitySE2VelocityControl"}}},"body":{"type":"BodyCommand","control":{"type":"JointImpedanceControlCommand","control":{"type":"JointImpedanceControl"}}},"head":{"type":"HeadCommand","control":{"type":"JointPositionCommand","control":{"type":"JointPositionControl"}}}}}} (priority: 1)
[07/30/26 14:21:25.267764] [debug] [00:09:37.421149] [ControlInterface::ExecutionStats] Average Control Time: 0.120 ms (max: 0.204 ms, min: 0.110 ms, sigma: 0.005 ms, count: 5000)
[07/30/26 14:21:26.340614] [debug] [00:09:38.494003] [Hardware] Hardware Loop Stat (avg: 2.000 ms, min: 1.999 ms, max: 2.001 ms, count: 15000)
[07/30/26 14:21:26.479607] [debug] [00:09:38.633003] [ControlManager] Control Manager Loop Stat (avg: 2.000 ms, min: 1.997 ms, max: 2.003 ms, count: 15000)
[07/30/26 14:21:35.267747] [debug] [00:09:47.421133] [ControlInterface::ExecutionStats] Average Control Time: 0.120 ms (max: 0.138 ms, min: 0.111 ms, sigma: 0.005 ms, count: 5000)
[07/30/26 14:21:45.267751] [debug] [00:09:57.421138] [ControlInterface::ExecutionStats] Average Control Time: 0.121 ms (max: 0.140 ms, min: 0.111 ms, sigma: 0.005 ms, count: 5000)
[07/30/26 14:21:55.267753] [debug] [00:10:07.421141] [ControlInterface::ExecutionStats] Average Control Time: 0.121 ms (max: 0.146 ms, min: 0.112 ms, sigma: 0.005 ms, count: 5000)
[07/30/26 14:21:56.340615] [debug] [00:10:08.494003] [Hardware] Hardware Loop Stat (avg: 2.000 ms, min: 1.999 ms, max: 2.001 ms, count: 15000)
[07/30/26 14:21:56.479607] [debug] [00:10:08.633002] [ControlManager] Control Manager Loop Stat (avg: 2.000 ms, min: 1.999 ms, max: 2.001 ms, count: 15000)
[07/30/26 14:22:05.267747] [debug] [00:10:17.421133] [ControlInterface::ExecutionStats] Average Control Time: 0.121 ms (max: 0.139 ms, min: 0.111 ms, sigma: 0.005 ms, count: 5000)
[07/30/26 14:22:15.267759] [debug] [00:10:27.421147] [ControlInterface::ExecutionStats] Average Control Time: 0.120 ms (max: 0.139 ms, min: 0.112 ms, sigma: 0.004 ms, count: 5000)
[07/30/26 14:22:25.267767] [debug] [00:10:37.421155] [ControlInterface::ExecutionStats] Average Control Time: 0.121 ms (max: 0.139 ms, min: 0.112 ms, sigma: 0.005 ms, count: 5000)
[07/30/26 14:22:26.340615] [debug] [00:10:38.494003] [Hardware] Hardware Loop Stat (avg: 2.000 ms, min: 1.997 ms, max: 2.003 ms, count: 15000)
[07/30/26 14:22:26.479608] [debug] [00:10:38.633002] [ControlManager] Control Manager Loop Stat (avg: 2.000 ms, min: 1.999 ms, max: 2.001 ms, count: 15000)
[07/30/26 14:22:35.267747] [debug] [00:10:47.421132] [ControlInterface::ExecutionStats] Average Control Time: 0.120 ms (max: 0.138 ms, min: 0.111 ms, sigma: 0.005 ms, count: 5000)
[07/30/26 14:22:45.267759] [debug] [00:10:57.421143] [ControlInterface::ExecutionStats] Average Control Time: 0.120 ms (max: 0.139 ms, min: 0.111 ms, sigma: 0.005 ms, count: 5000)
[07/30/26 14:22:55.267747] [debug] [00:11:07.421134] [ControlInterface::ExecutionStats] Average Control Time: 0.120 ms (max: 0.138 ms, min: 0.112 ms, sigma: 0.005 ms, count: 5000)
[07/30/26 14:22:56.340615] [debug] [00:11:08.494003] [Hardware] Hardware Loop Stat (avg: 2.000 ms, min: 1.999 ms, max: 2.001 ms, count: 15000)
[07/30/26 14:22:56.479607] [debug] [00:11:08.633002] [ControlManager] Control Manager Loop Stat (avg: 2.000 ms, min: 1.999 ms, max: 2.001 ms, count: 15000)
[07/30/26 14:23:05.267768] [debug] [00:11:17.421154] [ControlInterface::ExecutionStats] Average Control Time: 0.120 ms (max: 0.138 ms, min: 0.111 ms, sigma: 0.005 ms, count: 5000)
[07/30/26 14:23:15.267754] [debug] [00:11:27.421142] [ControlInterface::ExecutionStats] Average Control Time: 0.120 ms (max: 0.139 ms, min: 0.111 ms, sigma: 0.004 ms, count: 5000)
[07/30/26 14:23:25.267744] [debug] [00:11:37.421132] [ControlInterface::ExecutionStats] Average Control Time: 0.120 ms (max: 0.137 ms, min: 0.112 ms, sigma: 0.004 ms, count: 5000)
[07/30/26 14:23:26.340614] [debug] [00:11:38.494003] [Hardware] Hardware Loop Stat (avg: 2.000 ms, min: 1.999 ms, max: 2.001 ms, count: 15000)
[07/30/26 14:23:26.479608] [debug] [00:11:38.633002] [ControlManager] Control Manager Loop Stat (avg: 2.000 ms, min: 1.999 ms, max: 2.001 ms, count: 15000)
[07/30/26 14:23:31.738669] [debug] [00:11:43.892059] [Service] Server method called: /rb.api.RobotCommandService/RobotCommand
[07/30/26 14:23:31.738703] [debug] [00:11:43.892104] [Service::RobotCommandService::RobotCommand] Requested: robot_command { whole_body_command { stop_command { } } } priority: 99
[07/30/26 14:23:31.738706] [debug] [00:11:43.892107] [Service::RobotCommandService::RobotCommand]   Peer: ipv4:192.168.30.230:34606
[07/30/26 14:23:31.738848] [debug] [00:11:43.892249] [Service::RobotCommandService::RobotCommand]   IP: 192.168.30.230, Family: ipv4
[07/30/26 14:23:31.741738] [info] [00:11:43.895139] [ControlManager::CancelControl] Control cancel request received
[07/30/26 14:23:31.743741] [warning] [00:11:43.897138] [ControlManager::CancelControl] Target control is not currently running
[07/30/26 14:23:31.743749] [error] [00:11:43.897150] [ControlManager::CancelControl] Failed to start control canceling process
[07/30/26 14:23:31.743757] [info] [00:11:43.897157] [Service::RobotCommandService::RobotCommand] Control canceled
[07/30/26 14:23:31.841783] [debug] [00:11:43.995176] [ControlManager] Control finished: {"type":"RobotCommand","control":{"type":"ComponentBasedCommand","components":{"mobility":{"type":"MobilityCommand","control":{"type":"SE2VelocityCommand","control":{"type":"MobilitySE2VelocityControl"}}},"body":{"type":"BodyCommand","control":{"type":"JointImpedanceControlCommand","control":{"type":"JointImpedanceControl"}}},"head":{"type":"HeadCommand","control":{"type":"JointPositionCommand","control":{"type":"JointPositionControl"}}}}}}
[07/30/26 14:23:31.841938] [debug] [00:11:43.995331] [Service::RobotCommandService::RobotCommandStream] OnReadDone (write_done: true, read_done: true)
[07/30/26 14:23:31.841950] [debug] [00:11:43.995346] [Service::RobotCommandService::RobotCommandStream] OnCancel
[07/30/26 14:23:31.841997] [info] [00:11:43.995396] [ControlInterface] Control was preempted or canceled by another request.
[07/30/26 14:23:31.842008] [debug] [00:11:43.995402] [ControlInterface::ExecutionStats] Average Control Time: 0.120 ms (max: 0.167 ms, min: 0.111 ms, sigma: 0.005 ms, count: 3287)
[07/30/26 14:23:31.842095] [debug] [00:11:43.995493] [Service::RobotCommandService::RobotCommandStream] OnDone: robot_command { component_based_command { mobility_command { se2_velocity_command { command_header { control_hold_time { seconds: 1 } } minimum_time { nanos: 10100000 } velocity { linear { } } acceleration_limit { linear { x: 1 y: 1 } angular: 1 } } } body_command { joint_impedance_control_command { command_header { control_hold_time { seconds: 1 } } minimum_time { nanos: 10100000 } position: -0.0011429967438376541 position: 0.87070992372298717 p... [truncated]
[07/30/26 14:23:31.843617] [info] [00:11:43.997017] [ControlManager] Control started: {"type":"RobotCommand","control":{"type":"WholeBodyCommand","control":{"type":"StopControl","control":{"type":"JointVelocityControl"}}}} (priority: 99)
[07/30/26 14:23:31.843636] [debug] [00:11:43.997038] [ControlManager] Control finished: {"type":"RobotCommand","control":{"type":"WholeBodyCommand","control":{"type":"StopControl","control":{"type":"JointVelocityControl"}}}}
[07/30/26 14:23:31.843672] [info] [00:11:43.997073] [ControlInterface] Control completed successfully.
[07/30/26 14:23:31.843675] [debug] [00:11:43.997075] [ControlInterface::ExecutionStats] Average Control Time: 0.006 ms (max: 0.006 ms, min: 0.006 ms, sigma: 0.000 ms, count: 1)
[07/30/26 14:23:56.340615] [debug] [00:12:08.494003] [Hardware] Hardware Loop Stat (avg: 2.000 ms, min: 1.999 ms, max: 2.001 ms, count: 15000)
[07/30/26 14:23:56.479606] [debug] [00:12:08.633002] [ControlManager] Control Manager Loop Stat (avg: 2.000 ms, min: 1.991 ms, max: 2.009 ms, count: 15000)
[07/30/26 14:24:26.340616] [debug] [00:12:38.494003] [Hardware] Hardware Loop Stat (avg: 2.000 ms, min: 1.999 ms, max: 2.001 ms, count: 15000)
[07/30/26 14:24:26.479605] [debug] [00:12:38.633002] [ControlManager] Control Manager Loop Stat (avg: 2.000 ms, min: 1.999 ms, max: 2.001 ms, count: 15000)
[07/30/26 14:24:56.340615] [debug] [00:13:08.494003] [Hardware] Hardware Loop Stat (avg: 2.000 ms, min: 1.998 ms, max: 2.002 ms, count: 15000)
[07/30/26 14:24:56.479605] [debug] [00:13:08.633002] [ControlManager] Control Manager Loop Stat (avg: 2.000 ms, min: 1.998 ms, max: 2.002 ms, count: 15000)
[07/30/26 14:25:26.340616] [debug] [00:13:38.494003] [Hardware] Hardware Loop Stat (avg: 2.000 ms, min: 1.999 ms, max: 2.001 ms, count: 15000)
[07/30/26 14:25:26.479606] [debug] [00:13:38.633002] [ControlManager] Control Manager Loop Stat (avg: 2.000 ms, min: 1.999 ms, max: 2.001 ms, count: 15000)
[07/30/26 14:25:56.340614] [debug] [00:14:08.494003] [Hardware] Hardware Loop Stat (avg: 2.000 ms, min: 1.999 ms, max: 2.001 ms, count: 15000)
[07/30/26 14:25:56.479606] [debug] [00:14:08.633002] [ControlManager] Control Manager Loop Stat (avg: 2.000 ms, min: 1.999 ms, max: 2.001 ms, count: 15000)
[07/30/26 14:25:57.626894] [debug] [00:14:09.780279] [Service] Server method called: /rb.api.RobotStateService/GetRobotStateStream
[07/30/26 14:25:57.626979] [debug] [00:14:09.780326] [Service::RobotStateService::GetRobotStateStream] Requested: update_rate: 20
[07/30/26 14:25:57.648728] [debug] [00:14:09.802115] [Service] Server method called: /rb.api.RobotStateService/GetRobotStateStream
[07/30/26 14:25:57.648763] [debug] [00:14:09.802162] [Service::RobotStateService::GetRobotStateStream] Requested: update_rate: 20
[07/30/26 14:25:57.664008] [debug] [00:14:09.817388] [Service] Server method called: /rb.api.RobotStateService/GetRobotStateStream
[07/30/26 14:25:57.664044] [debug] [00:14:09.817443] [Service::RobotStateService::GetRobotStateStream] Requested: update_rate: 20
[07/30/26 14:25:57.689239] [debug] [00:14:09.842628] [Service] Server method called: /rb.api.RobotInfoService/GetRobotInfo
[07/30/26 14:25:57.689299] [debug] [00:14:09.842698] [Service::RobotInfoService::GetRobotInfo] Requested: request_header { request_timestamp { seconds: 1785389157 nanos: 688867007 } }
[07/30/26 14:25:57.690964] [debug] [00:14:09.844358] [Service] Server method called: /rb.api.RobotInfoService/GetRobotInfo
[07/30/26 14:25:57.690983] [debug] [00:14:09.844383] [Service::RobotInfoService::GetRobotInfo] Requested: request_header { request_timestamp { seconds: 1785389157 nanos: 690795752 } }
[07/30/26 14:25:57.692981] [debug] [00:14:09.846374] [Service] Server method called: /rb.api.RobotInfoService/GetRobotInfo
[07/30/26 14:25:57.693002] [debug] [00:14:09.846402] [Service::RobotInfoService::GetRobotInfo] Requested: request_header { request_timestamp { seconds: 1785389157 nanos: 692815633 } }
[07/30/26 14:25:57.694768] [debug] [00:14:09.848163] [Service] Server method called: /rb.api.RobotInfoService/GetRobotInfo
[07/30/26 14:25:57.694787] [debug] [00:14:09.848187] [Service::RobotInfoService::GetRobotInfo] Requested: request_header { request_timestamp { seconds: 1785389157 nanos: 694619386 } }
[07/30/26 14:25:57.696460] [debug] [00:14:09.849854] [Service] Server method called: /rb.api.LogService/GetLogStream
[07/30/26 14:25:57.696579] [debug] [00:14:09.849977] [Service::LogService::GetLogStream] Requested: update_rate: 10
[07/30/26 14:25:57.698264] [debug] [00:14:09.851658] [Service] Server method called: /rb.api.RobotInfoService/GetRobotInfo
[07/30/26 14:25:57.698284] [debug] [00:14:09.851683] [Service::RobotInfoService::GetRobotInfo] Requested: request_header { request_timestamp { seconds: 1785389157 nanos: 698060578 } }
[07/30/26 14:25:57.700392] [debug] [00:14:09.853786] [Service] Server method called: /rb.api.ParameterService/GetParameterList
[07/30/26 14:25:57.700413] [debug] [00:14:09.853813] [Service::ParameterService::GetParameterList] Requested: request_header { request_timestamp { seconds: 1785389157 nanos: 700231709 } }
[07/30/26 14:25:57.701008] [debug] [00:14:09.854403] [Service] Server method called: /rb.api.ParameterService/GetParameter
[07/30/26 14:25:57.701029] [debug] [00:14:09.854428] [Service::ParameterService::GetParameter] Requested: request_header { request_timestamp { seconds: 1785389157 nanos: 700822468 } } name: "real_time_control.max_timeout_count"
[07/30/26 14:25:57.701371] [debug] [00:14:09.854766] [Service] Server method called: /rb.api.ParameterService/GetParameter
[07/30/26 14:25:57.701387] [debug] [00:14:09.854787] [Service::ParameterService::GetParameter] Requested: request_header { request_timestamp { seconds: 1785389157 nanos: 701225228 } } name: "joint_group_position_command.canceling_time"
[07/30/26 14:25:57.701688] [debug] [00:14:09.855083] [Service] Server method called: /rb.api.ParameterService/GetParameter
[07/30/26 14:25:57.701704] [debug] [00:14:09.855103] [Service::ParameterService::GetParameter] Requested: request_header { request_timestamp { seconds: 1785389157 nanos: 701565023 } } name: "joint_group_position_command.cutoff_frequency"
[07/30/26 14:25:57.701962] [debug] [00:14:09.855360] [Service] Server method called: /rb.api.ParameterService/GetParameter
[07/30/26 14:25:57.701976] [debug] [00:14:09.855376] [Service::ParameterService::GetParameter] Requested: request_header { request_timestamp { seconds: 1785389157 nanos: 701857063 } } name: "joint_impedance_control_command.canceling_time"
[07/30/26 14:25:57.702249] [debug] [00:14:09.855645] [Service] Server method called: /rb.api.ParameterService/GetParameter
[07/30/26 14:25:57.702266] [debug] [00:14:09.855665] [Service::ParameterService::GetParameter] Requested: request_header { request_timestamp { seconds: 1785389157 nanos: 702118187 } } name: "joint_velocity_command.canceling_time"
[07/30/26 14:25:57.702526] [debug] [00:14:09.855922] [Service] Server method called: /rb.api.ParameterService/GetParameter
[07/30/26 14:25:57.702540] [debug] [00:14:09.855940] [Service::ParameterService::GetParameter] Requested: request_header { request_timestamp { seconds: 1785389157 nanos: 702410355 } } name: "cartesian_command.cutoff_frequency"
[07/30/26 14:25:57.702791] [debug] [00:14:09.856187] [Service] Server method called: /rb.api.ParameterService/GetParameter
[07/30/26 14:25:57.702806] [debug] [00:14:09.856206] [Service::ParameterService::GetParameter] Requested: request_header { request_timestamp { seconds: 1785389157 nanos: 702671562 } } name: "joint_position_command.canceling_time"
[07/30/26 14:25:57.703051] [debug] [00:14:09.856448] [Service] Server method called: /rb.api.ParameterService/GetParameter
[07/30/26 14:25:57.703063] [debug] [00:14:09.856463] [Service::ParameterService::GetParameter] Requested: request_header { request_timestamp { seconds: 1785389157 nanos: 702948987 } } name: "gravity"
[07/30/26 14:25:57.703297] [debug] [00:14:09.856694] [Service] Server method called: /rb.api.ParameterService/GetParameter
[07/30/26 14:25:57.703308] [debug] [00:14:09.856709] [Service::ParameterService::GetParameter] Requested: request_header { request_timestamp { seconds: 1785389157 nanos: 703197708 } } name: "servo_on_command.timeout"
[07/30/26 14:25:57.704424] [debug] [00:14:09.857697] [Service] Server method called: /rb.api.ParameterService/GetParameter
[07/30/26 14:25:57.704684] [debug] [00:14:09.858052] [Service::ParameterService::GetParameter] Requested: request_header { request_timestamp { seconds: 1785389157 nanos: 703438753 } } name: "servo_on_command.new_data_timeout"
[07/30/26 14:25:57.705133] [debug] [00:14:09.858528] [Service] Server method called: /rb.api.ParameterService/GetParameter
[07/30/26 14:25:57.705149] [debug] [00:14:09.858549] [Service::ParameterService::GetParameter] Requested: request_header { request_timestamp { seconds: 1785389157 nanos: 705018569 } } name: "power_command.timeout"
[07/30/26 14:25:57.705377] [debug] [00:14:09.858775] [Service] Server method called: /rb.api.ParameterService/GetParameter
[07/30/26 14:25:57.705387] [debug] [00:14:09.858788] [Service::ParameterService::GetParameter] Requested: request_header { request_timestamp { seconds: 1785389157 nanos: 705279023 } } name: "hotspot.password"
[07/30/26 14:25:57.705615] [debug] [00:14:09.859012] [Service] Server method called: /rb.api.ParameterService/GetParameter
[07/30/26 14:25:57.705626] [debug] [00:14:09.859027] [Service::ParameterService::GetParameter] Requested: request_header { request_timestamp { seconds: 1785389157 nanos: 705515477 } } name: "hotspot.ssid"
[07/30/26 14:25:57.705864] [debug] [00:14:09.859260] [Service] Server method called: /rb.api.ParameterService/GetParameter
[07/30/26 14:25:57.705878] [debug] [00:14:09.859278] [Service::ParameterService::GetParameter] Requested: request_header { request_timestamp { seconds: 1785389157 nanos: 705744801 } } name: "major_fault_power_off_target"
[07/30/26 14:25:57.706126] [debug] [00:14:09.859523] [Service] Server method called: /rb.api.ParameterService/GetParameter
[07/30/26 14:25:57.706138] [debug] [00:14:09.859538] [Service::ParameterService::GetParameter] Requested: request_header { request_timestamp { seconds: 1785389157 nanos: 706010150 } } name: "default.linear_acceleration_limit"
[07/30/26 14:25:57.706375] [debug] [00:14:09.859773] [Service] Server method called: /rb.api.ParameterService/GetParameter
[07/30/26 14:25:57.706385] [debug] [00:14:09.859786] [Service::ParameterService::GetParameter] Requested: request_header { request_timestamp { seconds: 1785389157 nanos: 706272832 } } name: "soft_stop_enabled"
[07/30/26 14:25:57.706598] [debug] [00:14:09.859995] [Service] Server method called: /rb.api.ParameterService/GetParameter
[07/30/26 14:25:57.706609] [debug] [00:14:09.860009] [Service::ParameterService::GetParameter] Requested: request_header { request_timestamp { seconds: 1785389157 nanos: 706499515 } } name: "model_name"
[07/30/26 14:25:57.706842] [debug] [00:14:09.860239] [Service] Server method called: /rb.api.ParameterService/GetParameter
[07/30/26 14:25:57.706867] [debug] [00:14:09.860266] [Service::ParameterService::GetParameter] Requested: request_header { request_timestamp { seconds: 1785389157 nanos: 706732710 } } name: "preset_position_command.new_data_timeout"
[07/30/26 14:25:57.707102] [debug] [00:14:09.860499] [Service] Server method called: /rb.api.ParameterService/GetParameter
[07/30/26 14:25:57.707114] [debug] [00:14:09.860515] [Service::ParameterService::GetParameter] Requested: request_header { request_timestamp { seconds: 1785389157 nanos: 707002918 } } name: "battery_config"
[07/30/26 14:25:57.707364] [debug] [00:14:09.860763] [Service] Server method called: /rb.api.ParameterService/GetParameter
[07/30/26 14:25:57.707375] [debug] [00:14:09.860775] [Service::ParameterService::GetParameter] Requested: request_header { request_timestamp { seconds: 1785389157 nanos: 707268348 } } name: "default.cartesian_command.stop_joint_position_tracking_error"
[07/30/26 14:25:57.707627] [debug] [00:14:09.861022] [Service] Server method called: /rb.api.ParameterService/GetParameter
[07/30/26 14:25:57.707641] [debug] [00:14:09.861041] [Service::ParameterService::GetParameter] Requested: request_header { request_timestamp { seconds: 1785389157 nanos: 707506154 } } name: "default.cartesian_impedance_control_command.stop_joint_position_tracking_error"
[07/30/26 14:25:57.707985] [debug] [00:14:09.861382] [Service] Server method called: /rb.api.ParameterService/GetParameter
[07/30/26 14:25:57.707998] [debug] [00:14:09.861398] [Service::ParameterService::GetParameter] Requested: request_header { request_timestamp { seconds: 1785389157 nanos: 707815111 } } name: "robot_model_name"
[07/30/26 14:25:57.708192] [debug] [00:14:09.861590] [Service] Server method called: /rb.api.ParameterService/GetParameter
[07/30/26 14:25:57.708201] [debug] [00:14:09.861602] [Service::ParameterService::GetParameter] Requested: request_header { request_timestamp { seconds: 1785389157 nanos: 708103235 } } name: "optimal_control_command.cutoff_frequency"
[07/30/26 14:25:57.708414] [debug] [00:14:09.861810] [Service] Server method called: /rb.api.ParameterService/GetParameter
[07/30/26 14:25:57.708426] [debug] [00:14:09.861826] [Service::ParameterService::GetParameter] Requested: request_header { request_timestamp { seconds: 1785389157 nanos: 708317254 } } name: "default.acceleration_limit_scaling"
[07/30/26 14:25:57.708688] [debug] [00:14:09.862084] [Service] Server method called: /rb.api.ParameterService/GetParameter
[07/30/26 14:25:57.708702] [debug] [00:14:09.862102] [Service::ParameterService::GetParameter] Requested: request_header { request_timestamp { seconds: 1785389157 nanos: 708568643 } } name: "default.torque_limit_scaling"
[07/30/26 14:25:57.708960] [debug] [00:14:09.862357] [Service] Server method called: /rb.api.ParameterService/GetParameter
[07/30/26 14:25:57.708972] [debug] [00:14:09.862372] [Service::ParameterService::GetParameter] Requested: request_header { request_timestamp { seconds: 1785389157 nanos: 708852229 } } name: "default.angular_acceleration_limit"
[07/30/26 14:25:57.709196] [debug] [00:14:09.862593] [Service] Server method called: /rb.api.ParameterService/GetParameter
[07/30/26 14:25:57.709209] [debug] [00:14:09.862609] [Service::ParameterService::GetParameter] Requested: request_header { request_timestamp { seconds: 1785389157 nanos: 709094864 } } name: "default.cartesian_command.stop_position_tracking_error"
[07/30/26 14:25:57.709454] [debug] [00:14:09.862852] [Service] Server method called: /rb.api.ParameterService/GetParameter
[07/30/26 14:25:57.709466] [debug] [00:14:09.862866] [Service::ParameterService::GetParameter] Requested: request_header { request_timestamp { seconds: 1785389157 nanos: 709350851 } } name: "manipulability_threshold"
[07/30/26 14:25:57.709680] [debug] [00:14:09.863076] [Service] Server method called: /rb.api.ParameterService/GetParameter
[07/30/26 14:25:57.709693] [debug] [00:14:09.863093] [Service::ParameterService::GetParameter] Requested: request_header { request_timestamp { seconds: 1785389157 nanos: 709581404 } } name: "jog_command.canceling_time"
[07/30/26 14:25:57.709908] [debug] [00:14:09.863306] [Service] Server method called: /rb.api.ParameterService/GetParameter
[07/30/26 14:25:57.709919] [debug] [00:14:09.863319] [Service::ParameterService::GetParameter] Requested: request_header { request_timestamp { seconds: 1785389157 nanos: 709813570 } } name: "default.velocity_limit_scaling"
[07/30/26 14:25:57.710126] [debug] [00:14:09.863524] [Service] Server method called: /rb.api.ParameterService/GetParameter
[07/30/26 14:25:57.710136] [debug] [00:14:09.863536] [Service::ParameterService::GetParameter] Requested: request_header { request_timestamp { seconds: 1785389157 nanos: 710038611 } } name: "default.optimal_control_command.stop_cost"
[07/30/26 14:25:57.710346] [debug] [00:14:09.863744] [Service] Server method called: /rb.api.ParameterService/GetParameter
[07/30/26 14:25:57.710357] [debug] [00:14:09.863757] [Service::ParameterService::GetParameter] Requested: request_header { request_timestamp { seconds: 1785389157 nanos: 710253276 } } name: "preset_position_command.timeout"
[07/30/26 14:25:57.710574] [debug] [00:14:09.863970] [Service] Server method called: /rb.api.ParameterService/GetParameter
[07/30/26 14:25:57.710585] [debug] [00:14:09.863986] [Service::ParameterService::GetParameter] Requested: request_header { request_timestamp { seconds: 1785389157 nanos: 710482154 } } name: "default.cartesian_command.stop_orientation_tracking_error"
[07/30/26 14:25:57.710813] [debug] [00:14:09.864209] [Service] Server method called: /rb.api.ParameterService/GetParameter
[07/30/26 14:25:57.710825] [debug] [00:14:09.864225] [Service::ParameterService::GetParameter] Requested: request_header { request_timestamp { seconds: 1785389157 nanos: 710709937 } } name: "default.se2_velocity_command.acceleration_limit"
[07/30/26 14:25:57.711064] [debug] [00:14:09.864462] [Service] Server method called: /rb.api.ParameterService/GetParameter
[07/30/26 14:25:57.711073] [debug] [00:14:09.864474] [Service::ParameterService::GetParameter] Requested: request_header { request_timestamp { seconds: 1785389157 nanos: 710970374 } } name: "stop_command.canceling_time"
[07/30/26 14:25:57.711314] [debug] [00:14:09.864711] [Service] Server method called: /rb.api.ParameterService/GetParameter
[07/30/26 14:25:57.711327] [debug] [00:14:09.864727] [Service::ParameterService::GetParameter] Requested: request_header { request_timestamp { seconds: 1785389157 nanos: 711210629 } } name: "default.cartesian_impedance_control_command.stop_position_tracking_error"
[07/30/26 14:25:57.711601] [debug] [00:14:09.864996] [Service] Server method called: /rb.api.ParameterService/GetParameter
[07/30/26 14:25:57.711615] [debug] [00:14:09.865015] [Service::ParameterService::GetParameter] Requested: request_header { request_timestamp { seconds: 1785389157 nanos: 711481863 } } name: "cartesian_impedance_control_command.canceling_time"
[07/30/26 14:25:57.711897] [debug] [00:14:09.865293] [Service] Server method called: /rb.api.ParameterService/GetParameter
[07/30/26 14:25:57.711910] [debug] [00:14:09.865310] [Service::ParameterService::GetParameter] Requested: request_header { request_timestamp { seconds: 1785389157 nanos: 711774665 } } name: "se2_velocity_command.canceling_time"
[07/30/26 14:25:57.712181] [debug] [00:14:09.865577] [Service] Server method called: /rb.api.ParameterService/GetParameter
[07/30/26 14:25:57.712195] [debug] [00:14:09.865595] [Service::ParameterService::GetParameter] Requested: request_header { request_timestamp { seconds: 1785389157 nanos: 712066044 } } name: "default.cartesian_impedance_control_command.stop_orientation_tracking_error"
[07/30/26 14:25:57.712420] [debug] [00:14:09.865818] [Service] Server method called: /rb.api.ParameterService/GetParameter
[07/30/26 14:25:57.712431] [debug] [00:14:09.865831] [Service::ParameterService::GetParameter] Requested: request_header { request_timestamp { seconds: 1785389157 nanos: 712329311 } } name: "jog_command.one_step_size"
[07/30/26 14:25:57.712678] [debug] [00:14:09.866073] [Service] Server method called: /rb.api.ParameterService/GetParameter
[07/30/26 14:25:57.712693] [debug] [00:14:09.866092] [Service::ParameterService::GetParameter] Requested: request_header { request_timestamp { seconds: 1785389157 nanos: 712561941 } } name: "cartesian_command.canceling_time"
[07/30/26 14:25:57.712925] [debug] [00:14:09.866323] [Service] Server method called: /rb.api.ParameterService/GetParameter
[07/30/26 14:25:57.712938] [debug] [00:14:09.866338] [Service::ParameterService::GetParameter] Requested: request_header { request_timestamp { seconds: 1785389157 nanos: 712822319 } } name: "joint_position_command.cutoff_frequency"
[07/30/26 14:25:57.720583] [debug] [00:14:09.873977] [Service] Server method called: /rb.api.SystemService/GetWifiStatus
[07/30/26 14:25:57.720724] [debug] [00:14:09.874123] [Service::SystemService::GetWifiStatus] Requested: request_header { request_timestamp { seconds: 1785389157 nanos: 720413861 } }
[07/30/26 14:25:57.752422] [debug] [00:14:09.905810] [Service] Server method called: /rb.api.ControlManagerService/GetTimeScale
[07/30/26 14:25:57.752451] [debug] [00:14:09.905850] [Service::ControlManagerService::GetTimeScale] Requested: request_header { request_timestamp { seconds: 1785389157 nanos: 752183463 } }
[07/30/26 14:25:57.757235] [debug] [00:14:09.910629] [Service] Server method called: /rb.api.LogService/GetLogStream
[07/30/26 14:25:57.757262] [debug] [00:14:09.910662] [Service::LogService::GetLogStream] Requested: update_rate: 10
[07/30/26 14:25:57.781972] [debug] [00:14:09.935362] [Service] Server method called: /rb.api.RobotInfoService/GetRobotInfo
[07/30/26 14:25:57.782001] [debug] [00:14:09.935400] [Service::RobotInfoService::GetRobotInfo] Requested: request_header { request_timestamp { seconds: 1785389157 nanos: 781713634 } }
[07/30/26 14:25:57.783420] [debug] [00:14:09.936814] [Service] Server method called: /rb.api.RobotInfoService/GetRobotInfo
[07/30/26 14:25:57.783443] [debug] [00:14:09.936843] [Service::RobotInfoService::GetRobotInfo] Requested: request_header { request_timestamp { seconds: 1785389157 nanos: 783245154 } }
[07/30/26 14:25:57.785408] [debug] [00:14:09.938800] [Service] Server method called: /rb.api.RobotInfoService/GetRobotInfo
[07/30/26 14:25:57.785430] [debug] [00:14:09.938829] [Service::RobotInfoService::GetRobotInfo] Requested: request_header { request_timestamp { seconds: 1785389157 nanos: 785229641 } }
[07/30/26 14:25:57.787288] [debug] [00:14:09.940682] [Service] Server method called: /rb.api.RobotInfoService/GetRobotInfo
[07/30/26 14:25:57.787308] [debug] [00:14:09.940708] [Service::RobotInfoService::GetRobotInfo] Requested: request_header { request_timestamp { seconds: 1785389157 nanos: 787129797 } }
[07/30/26 14:25:57.789052] [debug] [00:14:09.942444] [Service] Server method called: /rb.api.LogService/GetLogStream
[07/30/26 14:25:57.789088] [debug] [00:14:09.942487] [Service::LogService::GetLogStream] Requested: update_rate: 10
[07/30/26 14:25:57.793237] [debug] [00:14:09.946631] [Service] Server method called: /rb.api.RobotInfoService/GetRobotInfo
[07/30/26 14:25:57.793255] [debug] [00:14:09.946655] [Service::RobotInfoService::GetRobotInfo] Requested: request_header { request_timestamp { seconds: 1785389157 nanos: 793045804 } }
[07/30/26 14:25:57.819341] [debug] [00:14:09.972725] [Service] Server method called: /rb.api.ControlManagerService/GetTimeScale
[07/30/26 14:25:57.819371] [debug] [00:14:09.972771] [Service::ControlManagerService::GetTimeScale] Requested: request_header { request_timestamp { seconds: 1785389157 nanos: 819097250 } }
[07/30/26 14:26:26.340619] [debug] [00:14:38.494003] [Hardware] Hardware Loop Stat (avg: 2.000 ms, min: 1.999 ms, max: 2.001 ms, count: 15000)
[07/30/26 14:26:26.479612] [debug] [00:14:38.633003] [ControlManager] Control Manager Loop Stat (avg: 2.000 ms, min: 1.998 ms, max: 2.002 ms, count: 15000)
[07/30/26 14:26:33.583888] [debug] [00:14:45.737266] [Service] Server method called: /rb.api.RobotInfoService/GetRobotInfo
[07/30/26 14:26:33.583924] [debug] [00:14:45.737323] [Service::RobotInfoService::GetRobotInfo] Requested: request_header { request_timestamp { seconds: 1785389193 nanos: 583507070 } }
[07/30/26 14:26:33.585717] [debug] [00:14:45.739107] [Service] Server method called: /rb.api.RobotInfoService/GetRobotInfo
[07/30/26 14:26:33.585745] [debug] [00:14:45.739145] [Service::RobotInfoService::GetRobotInfo] Requested: request_header { request_timestamp { seconds: 1785389193 nanos: 585490914 } }
[07/30/26 14:26:46.012022] [debug] [00:14:58.165407] [Service] Server method called: /rb.api.LogService/GetLastLog
[07/30/26 14:26:46.012057] [debug] [00:14:58.165457] [Service::LogService::GetLastLog] Requested: request_header { request_timestamp { seconds: 1785389206 nanos: 11658668 } } log_count: 500
[07/30/26 14:26:56.340619] [debug] [00:15:08.494003] [Hardware] Hardware Loop Stat (avg: 2.000 ms, min: 1.998 ms, max: 2.002 ms, count: 15000)
[07/30/26 14:26:56.479611] [debug] [00:15:08.633003] [ControlManager] Control Manager Loop Stat (avg: 2.000 ms, min: 1.999 ms, max: 2.001 ms, count: 15000)
[07/30/26 14:27:10.363762] [debug] [00:15:22.517144] [Service] Server method called: /rb.api.PowerService/PowerCommand
[07/30/26 14:27:10.363801] [debug] [00:15:22.517201] [Service::PowerService::PowerCommand] Requested: request_header { request_timestamp { seconds: 1785389230 nanos: 363276582 } } name: "^(5v|12v|24v|48v)$" command: COMMAND_POWER_ON
[07/30/26 14:27:10.363806] [info] [00:15:22.517207] [Hardware::ExecutePowerCommand] Started: device name = ^(5v|12v|24v|48v)$, command = PowerOn
[07/30/26 14:27:10.614844] [info] [00:15:22.768228] [Hardware::ExecutePowerCommand] Power command succeeded
[07/30/26 14:27:10.614855] [debug] [00:15:22.768256] [Service::PowerService::PowerCommand] Result: Success
[07/30/26 14:27:12.562262] [debug] [00:15:24.715646] [Service] Server method called: /rb.api.PowerService/JointCommand
[07/30/26 14:27:12.562305] [debug] [00:15:24.715701] [Service::PowerService::JointCommand] Requested: request_header { request_timestamp { seconds: 1785389232 nanos: 561867658 } } name: "^(wheel_fr|wheel_fl|wheel_rr|wheel_rl|torso_0|torso_1|torso_2|torso_3|torso_4|torso_5|right_arm_0|right_arm_1|right_arm_2|right_arm_3|right_arm_4|right_arm_5|right_arm_6|left_arm_0|left_arm_1|left_arm_2|left_arm_3|left_arm_4|left_arm_5|left_arm_6|head_0|head_1)$" command: COMMAND_SERVO_ON
[07/30/26 14:27:12.562312] [error] [00:15:24.715712] [Service::PowerService::JointCommand] Failed to execute 'SERVO_ON': Control manager is in Enabled mode
[07/30/26 14:27:12.562314] [debug] [00:15:24.715715] [Service::PowerService::JointCommand] Result: Failed
[07/30/26 14:27:15.081507] [debug] [00:15:27.234890] [Service] Server method called: /rb.api.ControlManagerService/ControlManagerCommand
[07/30/26 14:27:15.081547] [debug] [00:15:27.234947] [Service::ControlManagerService::ControlManagerCommand] Requested: request_header { request_timestamp { seconds: 1785389235 nanos: 81059227 } } command: COMMAND_RESET_FAULT
[07/30/26 14:27:15.081550] [info] [00:15:27.234951] [ControlManager::ResetFault] Reset fault request received. Starting the process...
[07/30/26 14:27:15.081625] [warning] [00:15:27.235023] [ControlManager::ResetFault] Reset denied: system is currently in 'Enabled' state.
[07/30/26 14:27:15.081633] [error] [00:15:27.235034] [ControlManager::ResetFault] Failed to reset Control Manager
[07/30/26 14:27:20.094923] [debug] [00:15:32.248305] [Service] Server method called: /rb.api.ControlManagerService/ControlManagerCommand
[07/30/26 14:27:20.094962] [debug] [00:15:32.248361] [Service::ControlManagerService::ControlManagerCommand] Requested: request_header { request_timestamp { seconds: 1785389240 nanos: 94502864 } } command: COMMAND_ENABLE unlimited_mode_enabled { }
[07/30/26 14:27:20.094967] [info] [00:15:32.248367] [ControlManager::Enable] Enable request received. Starting the enabling process...
[07/30/26 14:27:20.095629] [info] [00:15:32.249028] [ControlManager::Enable] Control Manager successfully enabled
[07/30/26 14:27:23.240522] [debug] [00:15:35.393899] [Service] Server method called: /rb.api.RobotCommandService/RobotCommand
[07/30/26 14:27:23.240796] [debug] [00:15:35.394190] [Service::RobotCommandService::RobotCommand] Requested: robot_command { component_based_command { body_command { body_component_based_command { right_arm_command { joint_position_command { minimum_time { seconds: 10 } position: 0 position: -0.087266462599716474 position: 0 position: -2.0943951023931953 position: 0 position: 0.52359877559829882 position: 0 } } left_arm_command { joint_position_command { minimum_time { seconds: 10 } position: 0 position: 0.087266462599716474 position: 0 position: -2.094... [truncated]
[07/30/26 14:27:23.240803] [debug] [00:15:35.394203] [Service::RobotCommandService::RobotCommand]   Peer: ipv6:%5B::1%5D:37452
[07/30/26 14:27:23.241069] [debug] [00:15:35.394467] [Service::RobotCommandService::RobotCommand]   IP: ::1, Family: ipv6
[07/30/26 14:27:23.245665] [info] [00:15:35.399059] [ControlManager] Control started: {"type":"RobotCommand","control":{"type":"ComponentBasedCommand","components":{"mobility":null,"body":{"type":"BodyCommand","control":{"type":"BodyComponentBasedCommand","components":{"torso":{"type":"TorsoCommand","control":{"type":"JointPositionCommand","control":{"type":"JointPositionControl"}}},"right_arm":{"type":"ArmCommand","control":{"type":"JointPositionCommand","control":{"type":"JointPositionControl"}}},"left_arm":{"type":"ArmCommand","control":{"type":"JointPositionCommand","control":{"type":"JointPositionControl"}}}}}},"head":{"type":"HeadCommand","control":{"type":"JointPositionCommand","control":{"type":"JointPositionControl"}}}}}} (priority: 10)
[07/30/26 14:27:26.340617] [debug] [00:15:38.494003] [Hardware] Hardware Loop Stat (avg: 2.000 ms, min: 1.999 ms, max: 2.001 ms, count: 15000)
[07/30/26 14:27:26.479613] [debug] [00:15:38.633003] [ControlManager] Control Manager Loop Stat (avg: 2.000 ms, min: 1.999 ms, max: 2.001 ms, count: 15000)
[07/30/26 14:27:33.243631] [debug] [00:15:45.397019] [ControlInterface::ExecutionStats] Average Control Time: 0.002 ms (max: 0.034 ms, min: 0.002 ms, sigma: 0.000 ms, count: 5000)
[07/30/26 14:27:33.503684] [debug] [00:15:45.657076] [ControlManager] Control finished: {"type":"RobotCommand","control":{"type":"ComponentBasedCommand","components":{"mobility":null,"body":{"type":"BodyCommand","control":{"type":"BodyComponentBasedCommand","components":{"torso":{"type":"TorsoCommand","control":{"type":"JointPositionCommand","control":{"type":"JointPositionControl"}}},"right_arm":{"type":"ArmCommand","control":{"type":"JointPositionCommand","control":{"type":"JointPositionControl"}}},"left_arm":{"type":"ArmCommand","control":{"type":"JointPositionCommand","control":{"type":"JointPositionControl"}}}}}},"head":{"type":"HeadCommand","control":{"type":"JointPositionCommand","control":{"type":"JointPositionControl"}}}}}}
[07/30/26 14:27:33.503771] [info] [00:15:45.657165] [ControlInterface] Control completed successfully.
[07/30/26 14:27:33.503778] [debug] [00:15:45.657175] [ControlInterface::ExecutionStats] Average Control Time: 0.002 ms (max: 0.006 ms, min: 0.002 ms, sigma: 0.000 ms, count: 130)
[07/30/26 14:27:56.340617] [debug] [00:16:08.494003] [Hardware] Hardware Loop Stat (avg: 2.000 ms, min: 1.998 ms, max: 2.001 ms, count: 15000)
[07/30/26 14:27:56.479613] [debug] [00:16:08.633002] [ControlManager] Control Manager Loop Stat (avg: 2.000 ms, min: 1.999 ms, max: 2.001 ms, count: 15000)
[07/30/26 14:27:59.954584] [debug] [00:16:12.107970] [Service] Server method called: /rb.api.RobotInfoService/GetRobotInfo
[07/30/26 14:27:59.954619] [debug] [00:16:12.108018] [Service::RobotInfoService::GetRobotInfo] Requested: request_header { request_timestamp { seconds: 1785389226 nanos: 737986621 } }
[07/30/26 14:27:59.955311] [debug] [00:16:12.108707] [Service] Server method called: /rb.api.RobotStateService/GetRobotState
[07/30/26 14:27:59.955333] [debug] [00:16:12.108733] [Service::RobotStateService::GetRobotState] Requested: request_header { request_timestamp { seconds: 1785389226 nanos: 738850511 } }
[07/30/26 14:27:59.955925] [debug] [00:16:12.109317] [Service] Server method called: /rb.api.RobotInfoService/GetRobotInfo
[07/30/26 14:27:59.955948] [debug] [00:16:12.109348] [Service::RobotInfoService::GetRobotInfo] Requested: request_header { request_timestamp { seconds: 1785389226 nanos: 739453925 } }
[07/30/26 14:27:59.956770] [debug] [00:16:12.110165] [Service] Server method called: /rb.api.RobotStateService/GetRobotState
[07/30/26 14:27:59.956791] [debug] [00:16:12.110190] [Service::RobotStateService::GetRobotState] Requested: request_header { request_timestamp { seconds: 1785389226 nanos: 740313617 } }
[07/30/26 14:27:59.957542] [debug] [00:16:12.110938] [Service] Server method called: /rb.api.RobotStateService/GetControlManagerState
[07/30/26 14:27:59.957561] [debug] [00:16:12.110961] [Service::RobotStateService::GetControlManagerState] Requested: request_header { request_timestamp { seconds: 1785389226 nanos: 741093488 } }
[07/30/26 14:27:59.957905] [debug] [00:16:12.111300] [Service] Server method called: /rb.api.RobotCommandService/RobotCommand
[07/30/26 14:27:59.957927] [debug] [00:16:12.111326] [Service::RobotCommandService::RobotCommand] Requested: robot_command { whole_body_command { stop_command { } } } priority: 99
[07/30/26 14:27:59.957929] [debug] [00:16:12.111331] [Service::RobotCommandService::RobotCommand]   Peer: ipv4:192.168.30.230:34606
[07/30/26 14:27:59.958163] [debug] [00:16:12.111561] [Service::RobotCommandService::RobotCommand]   IP: 192.168.30.230, Family: ipv4
[07/30/26 14:27:59.963631] [info] [00:16:12.117028] [ControlManager] Control started: {"type":"RobotCommand","control":{"type":"WholeBodyCommand","control":{"type":"StopControl","control":{"type":"JointVelocityControl"}}}} (priority: 99)
[07/30/26 14:27:59.963657] [debug] [00:16:12.117057] [ControlManager] Control finished: {"type":"RobotCommand","control":{"type":"WholeBodyCommand","control":{"type":"StopControl","control":{"type":"JointVelocityControl"}}}}
[07/30/26 14:27:59.963690] [info] [00:16:12.117088] [ControlInterface] Control completed successfully.
[07/30/26 14:27:59.963698] [debug] [00:16:12.117093] [ControlInterface::ExecutionStats] Average Control Time: 0.006 ms (max: 0.006 ms, min: 0.006 ms, sigma: 0.000 ms, count: 1)
[07/30/26 14:27:59.964214] [debug] [00:16:12.117611] [Service] Server method called: /rb.api.ControlManagerService/ControlManagerCommand
[07/30/26 14:27:59.964232] [debug] [00:16:12.117632] [Service::ControlManagerService::ControlManagerCommand] Requested: request_header { request_timestamp { seconds: 1785389226 nanos: 747759235 } } command: COMMAND_DISABLE
[07/30/26 14:27:59.964235] [info] [00:16:12.117636] [ControlManager::Disable] Disable request received. Starting the disabling process...
[07/30/26 14:27:59.965619] [info] [00:16:12.119019] [ControlManager::Disable] Control Manager successfully disabled
[07/30/26 14:27:59.966041] [debug] [00:16:12.119439] [Service] Server method called: /rb.api.RobotInfoService/GetRobotInfo
[07/30/26 14:27:59.966056] [debug] [00:16:12.119456] [Service::RobotInfoService::GetRobotInfo] Requested: request_header { request_timestamp { seconds: 1785389226 nanos: 749630009 } }
[07/30/26 14:27:59.966557] [debug] [00:16:12.119955] [Service] Server method called: /rb.api.RobotStateService/GetRobotState
[07/30/26 14:27:59.966571] [debug] [00:16:12.119971] [Service::RobotStateService::GetRobotState] Requested: request_header { request_timestamp { seconds: 1785389226 nanos: 750156702 } }
[07/30/26 14:27:59.967128] [debug] [00:16:12.120523] [Service] Server method called: /rb.api.RobotStateService/GetRobotState
[07/30/26 14:27:59.967146] [debug] [00:16:12.120546] [Service::RobotStateService::GetRobotState] Requested: request_header { request_timestamp { seconds: 1785389226 nanos: 750687770 } }
[07/30/26 14:27:59.967652] [debug] [00:16:12.121051] [Service] Server method called: /rb.api.RobotInfoService/GetRobotInfo
[07/30/26 14:27:59.967667] [debug] [00:16:12.121067] [Service::RobotInfoService::GetRobotInfo] Requested: request_header { request_timestamp { seconds: 1785389226 nanos: 751236260 } }
[07/30/26 14:27:59.968092] [debug] [00:16:12.121489] [Service] Server method called: /rb.api.ControlManagerService/ControlManagerCommand
[07/30/26 14:27:59.968110] [debug] [00:16:12.121510] [Service::ControlManagerService::ControlManagerCommand] Requested: request_header { request_timestamp { seconds: 1785389226 nanos: 751696682 } } command: COMMAND_ENABLE unlimited_mode_enabled { }
[07/30/26 14:27:59.968113] [info] [00:16:12.121514] [ControlManager::Enable] Enable request received. Starting the enabling process...
[07/30/26 14:27:59.969614] [info] [00:16:12.123013] [ControlManager::Enable] Control Manager successfully enabled
[07/30/26 14:27:59.970050] [debug] [00:16:12.123448] [Service] Server method called: /rb.api.ParameterService/SetParameter
[07/30/26 14:27:59.970069] [debug] [00:16:12.123469] [Service::ParameterService::SetParameter] Requested: request_header { request_timestamp { seconds: 1785389226 nanos: 753616050 } } name: "cartesian_command.cutoff_frequency" parameter: "{\"value\":5,\"write_db\":true}"
[07/30/26 14:27:59.975881] [debug] [00:16:12.129279] [Service] Server method called: /rb.api.ParameterService/SetParameter
[07/30/26 14:27:59.975899] [debug] [00:16:12.129298] [Service::ParameterService::SetParameter] Requested: request_header { request_timestamp { seconds: 1785389226 nanos: 759475753 } } name: "default.acceleration_limit_scaling" parameter: "{\"value\":1.0,\"write_db\":true}"
[07/30/26 14:27:59.982027] [debug] [00:16:12.135422] [Service] Server method called: /rb.api.ParameterService/SetParameter
[07/30/26 14:27:59.982048] [debug] [00:16:12.135447] [Service::ParameterService::SetParameter] Requested: request_header { request_timestamp { seconds: 1785389226 nanos: 765609598 } } name: "default.angular_acceleration_limit" parameter: "{\"value\":10,\"write_db\":true}"
[07/30/26 14:27:59.987987] [debug] [00:16:12.141383] [Service] Server method called: /rb.api.ParameterService/SetParameter
[07/30/26 14:27:59.988012] [debug] [00:16:12.141411] [Service::ParameterService::SetParameter] Requested: request_header { request_timestamp { seconds: 1785389226 nanos: 771571661 } } name: "default.linear_acceleration_limit" parameter: "{\"value\":20,\"write_db\":true}"
[07/30/26 14:27:59.993869] [debug] [00:16:12.147265] [Service] Server method called: /rb.api.ParameterService/SetParameter
[07/30/26 14:27:59.993888] [debug] [00:16:12.147287] [Service::ParameterService::SetParameter] Requested: request_header { request_timestamp { seconds: 1785389226 nanos: 777460546 } } name: "joint_position_command.cutoff_frequency" parameter: "{\"value\":5,\"write_db\":true}"
[07/30/26 14:28:00.000128] [debug] [00:16:12.153522] [Service] Server method called: /rb.api.RobotCommandService/RobotCommand
[07/30/26 14:28:00.000201] [debug] [00:16:12.153599] [Service::RobotCommandService::RobotCommand] Requested: robot_command { component_based_command { body_command { joint_position_command { command_header { control_hold_time { seconds: 1 } } minimum_time { nanos: 500000000 } position: 0 position: 0.78539816339744828 position: -1.5707925298127485 position: 0.78539056943315189 position: 3.7969821482317853e-06 position: 0 position: -3.7969821482317853e-06 position: -0.087266040712811119 position: 0 position: -2.0943963680539115 position: 3.834951969714102... [truncated]
[07/30/26 14:28:00.000205] [debug] [00:16:12.153606] [Service::RobotCommandService::RobotCommand]   Peer: ipv4:192.168.30.230:34606
[07/30/26 14:28:00.000394] [debug] [00:16:12.153793] [Service::RobotCommandService::RobotCommand]   IP: 192.168.30.230, Family: ipv4
[07/30/26 14:28:00.005639] [info] [00:16:12.159037] [ControlManager] Control started: {"type":"RobotCommand","control":{"type":"ComponentBasedCommand","components":{"mobility":null,"body":{"type":"BodyCommand","control":{"type":"JointPositionCommand","control":{"type":"JointPositionControl"}}},"head":{"type":"HeadCommand","control":{"type":"JointPositionCommand","control":{"type":"JointPositionControl"}}}}}} (priority: 1)
[07/30/26 14:28:01.763652] [debug] [00:16:13.917041] [ControlManager] Control finished: {"type":"RobotCommand","control":{"type":"ComponentBasedCommand","components":{"mobility":null,"body":{"type":"BodyCommand","control":{"type":"JointPositionCommand","control":{"type":"JointPositionControl"}}},"head":{"type":"HeadCommand","control":{"type":"JointPositionCommand","control":{"type":"JointPositionControl"}}}}}}
[07/30/26 14:28:01.763724] [info] [00:16:13.917119] [ControlInterface] Control completed successfully.
[07/30/26 14:28:01.763734] [debug] [00:16:13.917128] [ControlInterface::ExecutionStats] Average Control Time: 0.001 ms (max: 0.028 ms, min: 0.001 ms, sigma: 0.001 ms, count: 880)
[07/30/26 14:28:01.764271] [debug] [00:16:13.917665] [Service] Server method called: /rb.api.PowerService/ToolFlangePowerCommand
[07/30/26 14:28:01.764304] [debug] [00:16:13.917704] [Service::PowerService::ToolFlangePowerCommand] Requested: request_header { request_timestamp { seconds: 1785389228 nanos: 547760340 } } name: "right" command: COMMAND_POWER_12V
[07/30/26 14:28:01.764311] [debug] [00:16:13.917712] [Service::PowerService::ToolFlangePowerCommand] Result: Success
[07/30/26 14:28:01.764719] [debug] [00:16:13.918116] [Service] Server method called: /rb.api.PowerService/ToolFlangePowerCommand
[07/30/26 14:28:01.764745] [debug] [00:16:13.918144] [Service::PowerService::ToolFlangePowerCommand] Requested: request_header { request_timestamp { seconds: 1785389228 nanos: 548251860 } } name: "left" command: COMMAND_POWER_12V
[07/30/26 14:28:01.764750] [debug] [00:16:13.918150] [Service::PowerService::ToolFlangePowerCommand] Result: Success
[07/30/26 14:28:02.897007] [debug] [00:16:15.050390] [Service] Server method called: /rb.api.RobotCommandService/RobotCommand
[07/30/26 14:28:02.897083] [debug] [00:16:15.050480] [Service::RobotCommandService::RobotCommand] Requested: robot_command { component_based_command { body_command { joint_position_command { command_header { control_hold_time { seconds: 1 } } minimum_time { seconds: 4 } position: 0 position: 0.78539816339744828 position: -1.3962634015954636 position: 0.78539816339744828 position: 0 position: 0 position: 0 position: -0.26179938779914941 position: 0 position: -2.0943951023931953 position: 0 position: 0.52359877559829882 position: 0 position: 0 position: 0... [truncated]
[07/30/26 14:28:02.897087] [debug] [00:16:15.050488] [Service::RobotCommandService::RobotCommand]   Peer: ipv4:192.168.30.230:34606
[07/30/26 14:28:02.897247] [debug] [00:16:15.050646] [Service::RobotCommandService::RobotCommand]   IP: 192.168.30.230, Family: ipv4
[07/30/26 14:28:02.901639] [info] [00:16:15.055032] [ControlManager] Control started: {"type":"RobotCommand","control":{"type":"ComponentBasedCommand","components":{"mobility":null,"body":{"type":"BodyCommand","control":{"type":"JointPositionCommand","control":{"type":"JointPositionControl"}}},"head":{"type":"HeadCommand","control":{"type":"JointPositionCommand","control":{"type":"JointPositionControl"}}}}}} (priority: 1)
[07/30/26 14:28:08.159655] [debug] [00:16:20.313043] [ControlManager] Control finished: {"type":"RobotCommand","control":{"type":"ComponentBasedCommand","components":{"mobility":null,"body":{"type":"BodyCommand","control":{"type":"JointPositionCommand","control":{"type":"JointPositionControl"}}},"head":{"type":"HeadCommand","control":{"type":"JointPositionCommand","control":{"type":"JointPositionControl"}}}}}}
[07/30/26 14:28:08.159721] [info] [00:16:20.313114] [ControlInterface] Control completed successfully.
[07/30/26 14:28:08.159731] [debug] [00:16:20.313125] [ControlInterface::ExecutionStats] Average Control Time: 0.001 ms (max: 0.021 ms, min: 0.001 ms, sigma: 0.000 ms, count: 2630)
[07/30/26 14:28:08.160542] [debug] [00:16:20.313938] [Service] Server method called: /rb.api.RobotCommandService/RobotCommandStream
[07/30/26 14:28:08.160554] [debug] [00:16:20.313954] [Service::RobotCommandService::RobotCommandStream] Stream is created
[07/30/26 14:28:08.192309] [debug] [00:16:20.345702] [Service::RobotCommandService::RobotCommandStream] Requested: robot_command { component_based_command { mobility_command { se2_velocity_command { command_header { control_hold_time { seconds: 1 } } minimum_time { nanos: 10100000 } velocity { linear { } } acceleration_limit { linear { x: 1 y: 1 } angular: 1 } } } body_command { joint_impedance_control_command { command_header { control_hold_time { seconds: 1 } } minimum_time { nanos: 10100000 } position: -0.00011743506596082128 position: 0.78523451889377549 ... [truncated]
[07/30/26 14:28:08.192317] [debug] [00:16:20.345718] [Service::RobotCommandService::RobotCommandStream]   Peer: ipv4:192.168.30.230:34606
[07/30/26 14:28:08.192459] [debug] [00:16:20.345860] [Service::RobotCommandService::RobotCommandStream]   IP: 192.168.30.230, Family: ipv4
[07/30/26 14:28:08.197635] [info] [00:16:20.351034] [ControlManager] Control started: {"type":"RobotCommand","control":{"type":"ComponentBasedCommand","components":{"mobility":{"type":"MobilityCommand","control":{"type":"SE2VelocityCommand","control":{"type":"MobilitySE2VelocityControl"}}},"body":{"type":"BodyCommand","control":{"type":"JointImpedanceControlCommand","control":{"type":"JointImpedanceControl"}}},"head":{"type":"HeadCommand","control":{"type":"JointPositionCommand","control":{"type":"JointPositionControl"}}}}}} (priority: 1)
[07/30/26 14:28:10.862145] [debug] [00:16:23.015528] [Service] Server method called: /rb.api.RobotCommandService/RobotCommand
[07/30/26 14:28:10.862182] [debug] [00:16:23.015581] [Service::RobotCommandService::RobotCommand] Requested: robot_command { whole_body_command { stop_command { } } } priority: 99
[07/30/26 14:28:10.862186] [debug] [00:16:23.015587] [Service::RobotCommandService::RobotCommand]   Peer: ipv4:192.168.30.230:34606
[07/30/26 14:28:10.862352] [debug] [00:16:23.015750] [Service::RobotCommandService::RobotCommand]   IP: 192.168.30.230, Family: ipv4
[07/30/26 14:28:10.965792] [debug] [00:16:23.119180] [ControlManager] Control finished: {"type":"RobotCommand","control":{"type":"ComponentBasedCommand","components":{"mobility":{"type":"MobilityCommand","control":{"type":"SE2VelocityCommand","control":{"type":"MobilitySE2VelocityControl"}}},"body":{"type":"BodyCommand","control":{"type":"JointImpedanceControlCommand","control":{"type":"JointImpedanceControl"}}},"head":{"type":"HeadCommand","control":{"type":"JointPositionCommand","control":{"type":"JointPositionControl"}}}}}}
[07/30/26 14:28:10.965934] [debug] [00:16:23.119327] [Service::RobotCommandService::RobotCommandStream] OnReadDone (write_done: true, read_done: true)
[07/30/26 14:28:10.965988] [debug] [00:16:23.119383] [Service::RobotCommandService::RobotCommandStream] OnCancel
[07/30/26 14:28:10.966030] [info] [00:16:23.119426] [ControlInterface] Control was preempted or canceled by another request.
[07/30/26 14:28:10.966041] [debug] [00:16:23.119435] [ControlInterface::ExecutionStats] Average Control Time: 0.121 ms (max: 0.214 ms, min: 0.114 ms, sigma: 0.005 ms, count: 1385)
[07/30/26 14:28:10.966126] [debug] [00:16:23.119524] [Service::RobotCommandService::RobotCommandStream] OnDone: robot_command { component_based_command { mobility_command { se2_velocity_command { command_header { control_hold_time { seconds: 1 } } minimum_time { nanos: 10100000 } velocity { linear { } } acceleration_limit { linear { x: 1 y: 1 } angular: 1 } } } body_command { joint_impedance_control_command { command_header { control_hold_time { seconds: 1 } } minimum_time { nanos: 10100000 } position: -0.0018676089310061747 position: 0.85575111278715277 p... [truncated]
[07/30/26 14:28:10.967619] [info] [00:16:23.121018] [ControlManager] Control started: {"type":"RobotCommand","control":{"type":"WholeBodyCommand","control":{"type":"StopControl","control":{"type":"JointVelocityControl"}}}} (priority: 99)
[07/30/26 14:28:10.967639] [debug] [00:16:23.121040] [ControlManager] Control finished: {"type":"RobotCommand","control":{"type":"WholeBodyCommand","control":{"type":"StopControl","control":{"type":"JointVelocityControl"}}}}
[07/30/26 14:28:10.967677] [info] [00:16:23.121075] [ControlInterface] Control completed successfully.
[07/30/26 14:28:10.967684] [debug] [00:16:23.121081] [ControlInterface::ExecutionStats] Average Control Time: 0.006 ms (max: 0.006 ms, min: 0.006 ms, sigma: 0.000 ms, count: 1)
[07/30/26 14:28:10.968143] [debug] [00:16:23.121539] [Service] Server method called: /rb.api.ControlManagerService/ControlManagerCommand
[07/30/26 14:28:10.968164] [debug] [00:16:23.121564] [Service::ControlManagerService::ControlManagerCommand] Requested: request_header { request_timestamp { seconds: 1785389237 nanos: 751562359 } } command: COMMAND_DISABLE
[07/30/26 14:28:10.968168] [info] [00:16:23.121569] [ControlManager::Disable] Disable request received. Starting the disabling process...
[07/30/26 14:28:10.969621] [info] [00:16:23.123020] [ControlManager::Disable] Control Manager successfully disabled
[07/30/26 14:28:26.340620] [debug] [00:16:38.494003] [Hardware] Hardware Loop Stat (avg: 2.000 ms, min: 1.999 ms, max: 2.001 ms, count: 15000)
[07/30/26 14:28:26.479614] [debug] [00:16:38.633003] [ControlManager] Control Manager Loop Stat (avg: 2.000 ms, min: 1.997 ms, max: 2.003 ms, count: 15000)
[07/30/26 14:28:45.489698] [debug] [00:16:57.643081] [Service] Server method called: /rb.api.RobotCommandService/RobotCommand
[07/30/26 14:28:45.489785] [debug] [00:16:57.643181] [Service::RobotCommandService::RobotCommand] Requested: robot_command { component_based_command { body_command { body_component_based_command { right_arm_command { joint_position_command { minimum_time { seconds: 10 } position: 0 position: -0.087266462599716474 position: 0 position: -2.0943951023931953 position: 0 position: 0.52359877559829882 position: 0 } } left_arm_command { joint_position_command { minimum_time { seconds: 10 } position: 0 position: 0.087266462599716474 position: 0 position: -2.094... [truncated]
[07/30/26 14:28:45.489789] [debug] [00:16:57.643190] [Service::RobotCommandService::RobotCommand]   Peer: ipv6:%5B::1%5D:37452
[07/30/26 14:28:45.489981] [debug] [00:16:57.643379] [Service::RobotCommandService::RobotCommand]   IP: ::1, Family: ipv6
[07/30/26 14:28:45.493618] [error] [00:16:57.647011] [ControlManager::SetControl] Control activation aborted: Control manager is in Idle state. It must be in Enabled state
[07/30/26 14:28:45.495667] [warning] [00:16:57.649065] [ControlInterface] Control was not executed because Control Manager was idle.
[07/30/26 14:28:50.540240] [debug] [00:17:02.693620] [Service] Server method called: /rb.api.ControlManagerService/ControlManagerCommand
[07/30/26 14:28:50.540281] [debug] [00:17:02.693680] [Service::ControlManagerService::ControlManagerCommand] Requested: request_header { request_timestamp { seconds: 1785389330 nanos: 539758550 } } command: COMMAND_ENABLE unlimited_mode_enabled { }
[07/30/26 14:28:50.540285] [info] [00:17:02.693686] [ControlManager::Enable] Enable request received. Starting the enabling process...
[07/30/26 14:28:50.541615] [info] [00:17:02.695016] [ControlManager::Enable] Control Manager successfully enabled
[07/30/26 14:28:52.532317] [debug] [00:17:04.685699] [Service] Server method called: /rb.api.RobotCommandService/RobotCommand
[07/30/26 14:28:52.532404] [debug] [00:17:04.685801] [Service::RobotCommandService::RobotCommand] Requested: robot_command { component_based_command { body_command { body_component_based_command { right_arm_command { joint_position_command { minimum_time { seconds: 10 } position: 0 position: -0.087266462599716474 position: 0 position: -2.0943951023931953 position: 0 position: 0.52359877559829882 position: 0 } } left_arm_command { joint_position_command { minimum_time { seconds: 10 } position: 0 position: 0.087266462599716474 position: 0 position: -2.094... [truncated]
[07/30/26 14:28:52.532408] [debug] [00:17:04.685809] [Service::RobotCommandService::RobotCommand]   Peer: ipv6:%5B::1%5D:37452
[07/30/26 14:28:52.532581] [debug] [00:17:04.685980] [Service::RobotCommandService::RobotCommand]   IP: ::1, Family: ipv6
[07/30/26 14:28:52.537677] [info] [00:17:04.691068] [ControlManager] Control started: {"type":"RobotCommand","control":{"type":"ComponentBasedCommand","components":{"mobility":null,"body":{"type":"BodyCommand","control":{"type":"BodyComponentBasedCommand","components":{"torso":{"type":"TorsoCommand","control":{"type":"JointPositionCommand","control":{"type":"JointPositionControl"}}},"right_arm":{"type":"ArmCommand","control":{"type":"JointPositionCommand","control":{"type":"JointPositionControl"}}},"left_arm":{"type":"ArmCommand","control":{"type":"JointPositionCommand","control":{"type":"JointPositionControl"}}}}}},"head":{"type":"HeadCommand","control":{"type":"JointPositionCommand","control":{"type":"JointPositionControl"}}}}}} (priority: 10)
[07/30/26 14:28:56.340621] [debug] [00:17:08.494003] [Hardware] Hardware Loop Stat (avg: 2.000 ms, min: 1.999 ms, max: 2.001 ms, count: 15000)
[07/30/26 14:28:56.479613] [debug] [00:17:08.633003] [ControlManager] Control Manager Loop Stat (avg: 2.000 ms, min: 1.993 ms, max: 2.007 ms, count: 15000)
[07/30/26 14:29:02.535631] [debug] [00:17:14.689018] [ControlInterface::ExecutionStats] Average Control Time: 0.002 ms (max: 0.048 ms, min: 0.002 ms, sigma: 0.001 ms, count: 5000)
[07/30/26 14:29:02.795682] [debug] [00:17:14.949075] [ControlManager] Control finished: {"type":"RobotCommand","control":{"type":"ComponentBasedCommand","components":{"mobility":null,"body":{"type":"BodyCommand","control":{"type":"BodyComponentBasedCommand","components":{"torso":{"type":"TorsoCommand","control":{"type":"JointPositionCommand","control":{"type":"JointPositionControl"}}},"right_arm":{"type":"ArmCommand","control":{"type":"JointPositionCommand","control":{"type":"JointPositionControl"}}},"left_arm":{"type":"ArmCommand","control":{"type":"JointPositionCommand","control":{"type":"JointPositionControl"}}}}}},"head":{"type":"HeadCommand","control":{"type":"JointPositionCommand","control":{"type":"JointPositionControl"}}}}}}
[07/30/26 14:29:02.795767] [info] [00:17:14.949162] [ControlInterface] Control completed successfully.
[07/30/26 14:29:02.795774] [debug] [00:17:14.949171] [ControlInterface::ExecutionStats] Average Control Time: 0.002 ms (max: 0.007 ms, min: 0.002 ms, sigma: 0.000 ms, count: 130)
[07/30/26 14:29:08.395400] [debug] [00:17:20.548784] [Service] Server method called: /rb.api.RobotCommandService/RobotCommand
[07/30/26 14:29:08.395456] [debug] [00:17:20.548855] [Service::RobotCommandService::RobotCommand] Requested: robot_command { jog_command { joint_name: "torso_0" relative_position: 0.087266462599716474 } } priority: 1
[07/30/26 14:29:08.395460] [debug] [00:17:20.548861] [Service::RobotCommandService::RobotCommand]   Peer: ipv6:%5B::1%5D:37452
[07/30/26 14:29:08.395624] [debug] [00:17:20.549024] [Service::RobotCommandService::RobotCommand]   IP: ::1, Family: ipv6
[07/30/26 14:29:08.401622] [info] [00:17:20.555017] [ControlManager] Control started: {"type":"RobotCommand","control":"{\"type\":\"JogCommand\",\"control\":{\"type\":\"Jog\"}}"} (priority: 1)
[07/30/26 14:29:08.667618] [debug] [00:17:20.821016] [ControlManager] Control finished: {"type":"RobotCommand","control":"{\"type\":\"JogCommand\",\"control\":{\"type\":\"Jog\"}}"}
[07/30/26 14:29:08.667654] [info] [00:17:20.821050] [ControlInterface] Control completed successfully.
[07/30/26 14:29:08.667663] [debug] [00:17:20.821058] [ControlInterface::ExecutionStats] Average Control Time: 0.001 ms (max: 0.060 ms, min: 0.000 ms, sigma: 0.005 ms, count: 134)
[07/30/26 14:29:26.340618] [debug] [00:17:38.494003] [Hardware] Hardware Loop Stat (avg: 2.000 ms, min: 1.999 ms, max: 2.001 ms, count: 15000)
[07/30/26 14:29:26.479613] [debug] [00:17:38.633003] [ControlManager] Control Manager Loop Stat (avg: 2.000 ms, min: 1.999 ms, max: 2.001 ms, count: 15000)
[07/30/26 14:29:32.977570] [debug] [00:17:45.130951] [Service] Server method called: /rb.api.RobotCommandService/RobotCommand
[07/30/26 14:29:32.977622] [debug] [00:17:45.131020] [Service::RobotCommandService::RobotCommand] Requested: robot_command { jog_command { joint_name: "torso_0" relative_position: 0.010471975511965976 } } priority: 1
[07/30/26 14:29:32.977625] [debug] [00:17:45.131027] [Service::RobotCommandService::RobotCommand]   Peer: ipv6:%5B::1%5D:37452
[07/30/26 14:29:32.977791] [debug] [00:17:45.131190] [Service::RobotCommandService::RobotCommand]   IP: ::1, Family: ipv6
[07/30/26 14:29:32.983622] [info] [00:17:45.137018] [ControlManager] Control started: {"type":"RobotCommand","control":"{\"type\":\"JogCommand\",\"control\":{\"type\":\"Jog\"}}"} (priority: 1)
[07/30/26 14:29:33.075613] [debug] [00:17:45.229013] [ControlManager] Control finished: {"type":"RobotCommand","control":"{\"type\":\"JogCommand\",\"control\":{\"type\":\"Jog\"}}"}
[07/30/26 14:29:33.075648] [info] [00:17:45.229044] [ControlInterface] Control completed successfully.
[07/30/26 14:29:33.075657] [debug] [00:17:45.229052] [ControlInterface::ExecutionStats] Average Control Time: 0.000 ms (max: 0.003 ms, min: 0.000 ms, sigma: 0.000 ms, count: 47)
[07/30/26 14:29:34.760412] [debug] [00:17:46.913794] [Service] Server method called: /rb.api.RobotCommandService/RobotCommand
[07/30/26 14:29:34.760464] [debug] [00:17:46.913862] [Service::RobotCommandService::RobotCommand] Requested: robot_command { jog_command { joint_name: "torso_0" relative_position: -0.010471975511965976 } } priority: 1
[07/30/26 14:29:34.760468] [debug] [00:17:46.913869] [Service::RobotCommandService::RobotCommand]   Peer: ipv6:%5B::1%5D:37452
[07/30/26 14:29:34.760643] [debug] [00:17:46.914042] [Service::RobotCommandService::RobotCommand]   IP: ::1, Family: ipv6
[07/30/26 14:29:34.765620] [info] [00:17:46.919015] [ControlManager] Control started: {"type":"RobotCommand","control":"{\"type\":\"JogCommand\",\"control\":{\"type\":\"Jog\"}}"} (priority: 1)
[07/30/26 14:29:34.857617] [debug] [00:17:47.011015] [ControlManager] Control finished: {"type":"RobotCommand","control":"{\"type\":\"JogCommand\",\"control\":{\"type\":\"Jog\"}}"}
[07/30/26 14:29:34.857657] [info] [00:17:47.011052] [ControlInterface] Control completed successfully.
[07/30/26 14:29:34.857667] [debug] [00:17:47.011061] [ControlInterface::ExecutionStats] Average Control Time: 0.000 ms (max: 0.002 ms, min: 0.000 ms, sigma: 0.000 ms, count: 47)
[07/30/26 14:29:35.564824] [debug] [00:17:47.718210] [Service] Server method called: /rb.api.RobotCommandService/RobotCommand
[07/30/26 14:29:35.564878] [debug] [00:17:47.718279] [Service::RobotCommandService::RobotCommand] Requested: robot_command { jog_command { joint_name: "torso_0" relative_position: -0.010471975511965976 } } priority: 1
[07/30/26 14:29:35.564881] [debug] [00:17:47.718282] [Service::RobotCommandService::RobotCommand]   Peer: ipv6:%5B::1%5D:37452
[07/30/26 14:29:35.565031] [debug] [00:17:47.718431] [Service::RobotCommandService::RobotCommand]   IP: ::1, Family: ipv6
[07/30/26 14:29:35.569613] [info] [00:17:47.723013] [ControlManager] Control started: {"type":"RobotCommand","control":"{\"type\":\"JogCommand\",\"control\":{\"type\":\"Jog\"}}"} (priority: 1)
[07/30/26 14:29:35.661613] [debug] [00:17:47.815013] [ControlManager] Control finished: {"type":"RobotCommand","control":"{\"type\":\"JogCommand\",\"control\":{\"type\":\"Jog\"}}"}
[07/30/26 14:29:35.661646] [info] [00:17:47.815045] [ControlInterface] Control completed successfully.
[07/30/26 14:29:35.661657] [debug] [00:17:47.815049] [ControlInterface::ExecutionStats] Average Control Time: 0.000 ms (max: 0.002 ms, min: 0.000 ms, sigma: 0.000 ms, count: 47)
[07/30/26 14:29:36.311037] [debug] [00:17:48.464420] [Service] Server method called: /rb.api.RobotCommandService/RobotCommand
[07/30/26 14:29:36.311087] [debug] [00:17:48.464488] [Service::RobotCommandService::RobotCommand] Requested: robot_command { jog_command { joint_name: "torso_0" relative_position: -0.010471975511965976 } } priority: 1
[07/30/26 14:29:36.311090] [debug] [00:17:48.464491] [Service::RobotCommandService::RobotCommand]   Peer: ipv6:%5B::1%5D:37452
[07/30/26 14:29:36.311231] [debug] [00:17:48.464631] [Service::RobotCommandService::RobotCommand]   IP: ::1, Family: ipv6
[07/30/26 14:29:36.315614] [info] [00:17:48.469013] [ControlManager] Control started: {"type":"RobotCommand","control":"{\"type\":\"JogCommand\",\"control\":{\"type\":\"Jog\"}}"} (priority: 1)
[07/30/26 14:29:36.407614] [debug] [00:17:48.561014] [ControlManager] Control finished: {"type":"RobotCommand","control":"{\"type\":\"JogCommand\",\"control\":{\"type\":\"Jog\"}}"}
[07/30/26 14:29:36.407644] [info] [00:17:48.561042] [ControlInterface] Control completed successfully.
[07/30/26 14:29:36.407654] [debug] [00:17:48.561049] [ControlInterface::ExecutionStats] Average Control Time: 0.000 ms (max: 0.002 ms, min: 0.000 ms, sigma: 0.000 ms, count: 47)
[07/30/26 14:29:37.064196] [debug] [00:17:49.217579] [Service] Server method called: /rb.api.RobotCommandService/RobotCommand
[07/30/26 14:29:37.064249] [debug] [00:17:49.217647] [Service::RobotCommandService::RobotCommand] Requested: robot_command { jog_command { joint_name: "torso_0" relative_position: -0.010471975511965976 } } priority: 1
[07/30/26 14:29:37.064252] [debug] [00:17:49.217653] [Service::RobotCommandService::RobotCommand]   Peer: ipv6:%5B::1%5D:37452
[07/30/26 14:29:37.064416] [debug] [00:17:49.217816] [Service::RobotCommandService::RobotCommand]   IP: ::1, Family: ipv6
[07/30/26 14:29:37.069621] [info] [00:17:49.223015] [ControlManager] Control started: {"type":"RobotCommand","control":"{\"type\":\"JogCommand\",\"control\":{\"type\":\"Jog\"}}"} (priority: 1)
[07/30/26 14:29:37.161611] [debug] [00:17:49.315011] [ControlManager] Control finished: {"type":"RobotCommand","control":"{\"type\":\"JogCommand\",\"control\":{\"type\":\"Jog\"}}"}
[07/30/26 14:29:37.161642] [info] [00:17:49.315040] [ControlInterface] Control completed successfully.
[07/30/26 14:29:37.161651] [debug] [00:17:49.315046] [ControlInterface::ExecutionStats] Average Control Time: 0.000 ms (max: 0.001 ms, min: 0.000 ms, sigma: 0.000 ms, count: 47)
[07/30/26 14:29:37.882806] [debug] [00:17:50.036188] [Service] Server method called: /rb.api.RobotCommandService/RobotCommand
[07/30/26 14:29:37.882859] [debug] [00:17:50.036257] [Service::RobotCommandService::RobotCommand] Requested: robot_command { jog_command { joint_name: "torso_0" relative_position: -0.010471975511965976 } } priority: 1
[07/30/26 14:29:37.882862] [debug] [00:17:50.036263] [Service::RobotCommandService::RobotCommand]   Peer: ipv6:%5B::1%5D:37452
[07/30/26 14:29:37.883026] [debug] [00:17:50.036425] [Service::RobotCommandService::RobotCommand]   IP: ::1, Family: ipv6
[07/30/26 14:29:37.887621] [info] [00:17:50.041014] [ControlManager] Control started: {"type":"RobotCommand","control":"{\"type\":\"JogCommand\",\"control\":{\"type\":\"Jog\"}}"} (priority: 1)
[07/30/26 14:29:37.979612] [debug] [00:17:50.133013] [ControlManager] Control finished: {"type":"RobotCommand","control":"{\"type\":\"JogCommand\",\"control\":{\"type\":\"Jog\"}}"}
[07/30/26 14:29:37.979649] [info] [00:17:50.133045] [ControlInterface] Control completed successfully.
[07/30/26 14:29:37.979659] [debug] [00:17:50.133053] [ControlInterface::ExecutionStats] Average Control Time: 0.000 ms (max: 0.001 ms, min: 0.000 ms, sigma: 0.000 ms, count: 47)
[07/30/26 14:29:41.576291] [debug] [00:17:53.729673] [Service] Server method called: /rb.api.RobotCommandService/RobotCommand
[07/30/26 14:29:41.576341] [debug] [00:17:53.729740] [Service::RobotCommandService::RobotCommand] Requested: robot_command { jog_command { joint_name: "torso_1" relative_position: 0.010471975511965976 } } priority: 1
[07/30/26 14:29:41.576345] [debug] [00:17:53.729746] [Service::RobotCommandService::RobotCommand]   Peer: ipv6:%5B::1%5D:37452
[07/30/26 14:29:41.576519] [debug] [00:17:53.729917] [Service::RobotCommandService::RobotCommand]   IP: ::1, Family: ipv6
[07/30/26 14:29:41.581621] [info] [00:17:53.735015] [ControlManager] Control started: {"type":"RobotCommand","control":"{\"type\":\"JogCommand\",\"control\":{\"type\":\"Jog\"}}"} (priority: 1)
[07/30/26 14:29:41.673612] [debug] [00:17:53.827012] [ControlManager] Control finished: {"type":"RobotCommand","control":"{\"type\":\"JogCommand\",\"control\":{\"type\":\"Jog\"}}"}
[07/30/26 14:29:41.673647] [info] [00:17:53.827043] [ControlInterface] Control completed successfully.
[07/30/26 14:29:41.673657] [debug] [00:17:53.827051] [ControlInterface::ExecutionStats] Average Control Time: 0.000 ms (max: 0.002 ms, min: 0.000 ms, sigma: 0.000 ms, count: 47)
[07/30/26 14:29:42.432841] [debug] [00:17:54.586226] [Service] Server method called: /rb.api.RobotCommandService/RobotCommand
[07/30/26 14:29:42.432891] [debug] [00:17:54.586289] [Service::RobotCommandService::RobotCommand] Requested: robot_command { jog_command { joint_name: "torso_1" relative_position: 0.010471975511965976 } } priority: 1
[07/30/26 14:29:42.432894] [debug] [00:17:54.586295] [Service::RobotCommandService::RobotCommand]   Peer: ipv6:%5B::1%5D:37452
[07/30/26 14:29:42.433055] [debug] [00:17:54.586454] [Service::RobotCommandService::RobotCommand]   IP: ::1, Family: ipv6
[07/30/26 14:29:42.437620] [info] [00:17:54.591015] [ControlManager] Control started: {"type":"RobotCommand","control":"{\"type\":\"JogCommand\",\"control\":{\"type\":\"Jog\"}}"} (priority: 1)
[07/30/26 14:29:42.529614] [debug] [00:17:54.683014] [ControlManager] Control finished: {"type":"RobotCommand","control":"{\"type\":\"JogCommand\",\"control\":{\"type\":\"Jog\"}}"}
[07/30/26 14:29:42.529649] [info] [00:17:54.683045] [ControlInterface] Control completed successfully.
[07/30/26 14:29:42.529659] [debug] [00:17:54.683053] [ControlInterface::ExecutionStats] Average Control Time: 0.000 ms (max: 0.001 ms, min: 0.000 ms, sigma: 0.000 ms, count: 47)
[07/30/26 14:29:43.181099] [debug] [00:17:55.334483] [Service] Server method called: /rb.api.RobotCommandService/RobotCommand
[07/30/26 14:29:43.181153] [debug] [00:17:55.334553] [Service::RobotCommandService::RobotCommand] Requested: robot_command { jog_command { joint_name: "torso_1" relative_position: 0.010471975511965976 } } priority: 1
[07/30/26 14:29:43.181156] [debug] [00:17:55.334558] [Service::RobotCommandService::RobotCommand]   Peer: ipv6:%5B::1%5D:37452
[07/30/26 14:29:43.181301] [debug] [00:17:55.334701] [Service::RobotCommandService::RobotCommand]   IP: ::1, Family: ipv6
[07/30/26 14:29:43.185613] [info] [00:17:55.339012] [ControlManager] Control started: {"type":"RobotCommand","control":"{\"type\":\"JogCommand\",\"control\":{\"type\":\"Jog\"}}"} (priority: 1)
[07/30/26 14:29:43.277614] [debug] [00:17:55.431014] [ControlManager] Control finished: {"type":"RobotCommand","control":"{\"type\":\"JogCommand\",\"control\":{\"type\":\"Jog\"}}"}
[07/30/26 14:29:43.278039] [info] [00:17:55.431375] [ControlInterface] Control completed successfully.
[07/30/26 14:29:43.278282] [debug] [00:17:55.431517] [ControlInterface::ExecutionStats] Average Control Time: 0.000 ms (max: 0.001 ms, min: 0.000 ms, sigma: 0.000 ms, count: 47)
[07/30/26 14:29:45.376557] [debug] [00:17:57.529941] [Service] Server method called: /rb.api.RobotCommandService/RobotCommand
[07/30/26 14:29:45.376606] [debug] [00:17:57.530004] [Service::RobotCommandService::RobotCommand] Requested: robot_command { jog_command { joint_name: "torso_2" relative_position: 0.010471975511965976 } } priority: 1
[07/30/26 14:29:45.376610] [debug] [00:17:57.530010] [Service::RobotCommandService::RobotCommand]   Peer: ipv6:%5B::1%5D:37452
[07/30/26 14:29:45.376780] [debug] [00:17:57.530178] [Service::RobotCommandService::RobotCommand]   IP: ::1, Family: ipv6
[07/30/26 14:29:45.381616] [info] [00:17:57.535014] [ControlManager] Control started: {"type":"RobotCommand","control":"{\"type\":\"JogCommand\",\"control\":{\"type\":\"Jog\"}}"} (priority: 1)
[07/30/26 14:29:45.473612] [debug] [00:17:57.627012] [ControlManager] Control finished: {"type":"RobotCommand","control":"{\"type\":\"JogCommand\",\"control\":{\"type\":\"Jog\"}}"}
[07/30/26 14:29:45.473645] [info] [00:17:57.627042] [ControlInterface] Control completed successfully.
[07/30/26 14:29:45.473653] [debug] [00:17:57.627049] [ControlInterface::ExecutionStats] Average Control Time: 0.000 ms (max: 0.001 ms, min: 0.000 ms, sigma: 0.000 ms, count: 47)
[07/30/26 14:29:46.207318] [debug] [00:17:58.360702] [Service] Server method called: /rb.api.RobotCommandService/RobotCommand
[07/30/26 14:29:46.207368] [debug] [00:17:58.360766] [Service::RobotCommandService::RobotCommand] Requested: robot_command { jog_command { joint_name: "torso_2" relative_position: 0.010471975511965976 } } priority: 1
[07/30/26 14:29:46.207372] [debug] [00:17:58.360773] [Service::RobotCommandService::RobotCommand]   Peer: ipv6:%5B::1%5D:37452
[07/30/26 14:29:46.207539] [debug] [00:17:58.360938] [Service::RobotCommandService::RobotCommand]   IP: ::1, Family: ipv6
[07/30/26 14:29:46.211621] [info] [00:17:58.365016] [ControlManager] Control started: {"type":"RobotCommand","control":"{\"type\":\"JogCommand\",\"control\":{\"type\":\"Jog\"}}"} (priority: 1)
[07/30/26 14:29:46.303612] [debug] [00:17:58.457012] [ControlManager] Control finished: {"type":"RobotCommand","control":"{\"type\":\"JogCommand\",\"control\":{\"type\":\"Jog\"}}"}
[07/30/26 14:29:46.303645] [info] [00:17:58.457042] [ControlInterface] Control completed successfully.
[07/30/26 14:29:46.303655] [debug] [00:17:58.457049] [ControlInterface::ExecutionStats] Average Control Time: 0.000 ms (max: 0.001 ms, min: 0.000 ms, sigma: 0.000 ms, count: 47)
[07/30/26 14:29:50.106259] [debug] [00:18:02.259641] [Service] Server method called: /rb.api.RobotCommandService/RobotCommand
[07/30/26 14:29:50.106348] [debug] [00:18:02.259743] [Service::RobotCommandService::RobotCommand] Requested: robot_command { component_based_command { body_command { body_component_based_command { right_arm_command { joint_position_command { minimum_time { seconds: 10 } position: 0 position: -0.087266462599716474 position: 0 position: -2.0943951023931953 position: 0 position: 0.52359877559829882 position: 0 } } left_arm_command { joint_position_command { minimum_time { seconds: 10 } position: 0 position: 0.087266462599716474 position: 0 position: -2.094... [truncated]
[07/30/26 14:29:50.106352] [debug] [00:18:02.259753] [Service::RobotCommandService::RobotCommand]   Peer: ipv6:%5B::1%5D:37452
[07/30/26 14:29:50.106523] [debug] [00:18:02.259921] [Service::RobotCommandService::RobotCommand]   IP: ::1, Family: ipv6
[07/30/26 14:29:50.111670] [info] [00:18:02.265061] [ControlManager] Control started: {"type":"RobotCommand","control":{"type":"ComponentBasedCommand","components":{"mobility":null,"body":{"type":"BodyCommand","control":{"type":"BodyComponentBasedCommand","components":{"torso":{"type":"TorsoCommand","control":{"type":"JointPositionCommand","control":{"type":"JointPositionControl"}}},"right_arm":{"type":"ArmCommand","control":{"type":"JointPositionCommand","control":{"type":"JointPositionControl"}}},"left_arm":{"type":"ArmCommand","control":{"type":"JointPositionCommand","control":{"type":"JointPositionControl"}}}}}},"head":{"type":"HeadCommand","control":{"type":"JointPositionCommand","control":{"type":"JointPositionControl"}}}}}} (priority: 10)
[07/30/26 14:29:56.340620] [debug] [00:18:08.494003] [Hardware] Hardware Loop Stat (avg: 2.000 ms, min: 1.999 ms, max: 2.001 ms, count: 15000)
[07/30/26 14:29:56.479614] [debug] [00:18:08.633003] [ControlManager] Control Manager Loop Stat (avg: 2.000 ms, min: 1.999 ms, max: 2.001 ms, count: 15000)
[07/30/26 14:30:00.109632] [debug] [00:18:12.263019] [ControlInterface::ExecutionStats] Average Control Time: 0.002 ms (max: 0.044 ms, min: 0.002 ms, sigma: 0.001 ms, count: 5000)
[07/30/26 14:30:00.369687] [debug] [00:18:12.523079] [ControlManager] Control finished: {"type":"RobotCommand","control":{"type":"ComponentBasedCommand","components":{"mobility":null,"body":{"type":"BodyCommand","control":{"type":"BodyComponentBasedCommand","components":{"torso":{"type":"TorsoCommand","control":{"type":"JointPositionCommand","control":{"type":"JointPositionControl"}}},"right_arm":{"type":"ArmCommand","control":{"type":"JointPositionCommand","control":{"type":"JointPositionControl"}}},"left_arm":{"type":"ArmCommand","control":{"type":"JointPositionCommand","control":{"type":"JointPositionControl"}}}}}},"head":{"type":"HeadCommand","control":{"type":"JointPositionCommand","control":{"type":"JointPositionControl"}}}}}}
[07/30/26 14:30:00.369777] [info] [00:18:12.523171] [ControlInterface] Control completed successfully.
[07/30/26 14:30:00.369783] [debug] [00:18:12.523181] [ControlInterface::ExecutionStats] Average Control Time: 0.002 ms (max: 0.007 ms, min: 0.002 ms, sigma: 0.000 ms, count: 130)
[07/30/26 14:30:19.715618] [error] [00:18:31.869007] [ControlManager] Joint 0 wheel_fr 'power' is down (it was up when cm is enabled)
[07/30/26 14:30:19.715625] [error] [00:18:31.869026] [ControlManager] Joint 1 wheel_fl 'power' is down (it was up when cm is enabled)
[07/30/26 14:30:19.715626] [error] [00:18:31.869028] [ControlManager] Joint 2 wheel_rr 'power' is down (it was up when cm is enabled)
[07/30/26 14:30:19.715628] [error] [00:18:31.869030] [ControlManager] Joint 3 wheel_rl 'power' is down (it was up when cm is enabled)
[07/30/26 14:30:19.715630] [error] [00:18:31.869031] [ControlManager] Joint 4 torso_0 'power' is down (it was up when cm is enabled)
[07/30/26 14:30:19.715640] [error] [00:18:31.869033] [ControlManager] Joint 5 torso_1 'power' is down (it was up when cm is enabled)
[07/30/26 14:30:19.715641] [error] [00:18:31.869043] [ControlManager] Joint 6 torso_2 'power' is down (it was up when cm is enabled)
[07/30/26 14:30:19.715642] [error] [00:18:31.869044] [ControlManager] Joint 7 torso_3 'power' is down (it was up when cm is enabled)
[07/30/26 14:30:19.715643] [error] [00:18:31.869045] [ControlManager] Joint 8 torso_4 'power' is down (it was up when cm is enabled)
[07/30/26 14:30:19.715644] [error] [00:18:31.869046] [ControlManager] Joint 9 torso_5 'power' is down (it was up when cm is enabled)
[07/30/26 14:30:19.715645] [error] [00:18:31.869047] [ControlManager] Joint 10 right_arm_0 'power' is down (it was up when cm is enabled)
[07/30/26 14:30:19.715646] [error] [00:18:31.869048] [ControlManager] Joint 11 right_arm_1 'power' is down (it was up when cm is enabled)
[07/30/26 14:30:19.715648] [error] [00:18:31.869049] [ControlManager] Joint 12 right_arm_2 'power' is down (it was up when cm is enabled)
[07/30/26 14:30:19.715649] [error] [00:18:31.869050] [ControlManager] Joint 13 right_arm_3 'power' is down (it was up when cm is enabled)
[07/30/26 14:30:19.715650] [error] [00:18:31.869052] [ControlManager] Joint 14 right_arm_4 'power' is down (it was up when cm is enabled)
[07/30/26 14:30:19.715651] [error] [00:18:31.869053] [ControlManager] Joint 15 right_arm_5 'power' is down (it was up when cm is enabled)
[07/30/26 14:30:19.715652] [error] [00:18:31.869054] [ControlManager] Joint 16 right_arm_6 'power' is down (it was up when cm is enabled)
[07/30/26 14:30:19.715653] [error] [00:18:31.869055] [ControlManager] Joint 17 left_arm_0 'power' is down (it was up when cm is enabled)
[07/30/26 14:30:19.715654] [error] [00:18:31.869056] [ControlManager] Joint 18 left_arm_1 'power' is down (it was up when cm is enabled)
[07/30/26 14:30:19.715655] [error] [00:18:31.869057] [ControlManager] Joint 19 left_arm_2 'power' is down (it was up when cm is enabled)
[07/30/26 14:30:19.715656] [error] [00:18:31.869058] [ControlManager] Joint 20 left_arm_3 'power' is down (it was up when cm is enabled)
[07/30/26 14:30:19.715657] [error] [00:18:31.869059] [ControlManager] Joint 21 left_arm_4 'power' is down (it was up when cm is enabled)
[07/30/26 14:30:19.715658] [error] [00:18:31.869060] [ControlManager] Joint 22 left_arm_5 'power' is down (it was up when cm is enabled)
[07/30/26 14:30:19.715660] [error] [00:18:31.869061] [ControlManager] Joint 23 left_arm_6 'power' is down (it was up when cm is enabled)
[07/30/26 14:30:19.715661] [error] [00:18:31.869063] [ControlManager] Joint 24 head_0 'power' is down (it was up when cm is enabled)
[07/30/26 14:30:19.715662] [error] [00:18:31.869063] [ControlManager] Joint 25 head_1 'power' is down (it was up when cm is enabled)
[07/30/26 14:30:19.715663] [error] [00:18:31.869065] [ControlManager] Joint 0 wheel_fr 'ready' is down (it was up when cm is enabled)
[07/30/26 14:30:19.715664] [error] [00:18:31.869066] [ControlManager] Joint 1 wheel_fl 'ready' is down (it was up when cm is enabled)
[07/30/26 14:30:19.715665] [error] [00:18:31.869067] [ControlManager] Joint 2 wheel_rr 'ready' is down (it was up when cm is enabled)
[07/30/26 14:30:19.715666] [error] [00:18:31.869068] [ControlManager] Joint 3 wheel_rl 'ready' is down (it was up when cm is enabled)
[07/30/26 14:30:19.715667] [error] [00:18:31.869069] [ControlManager] Joint 4 torso_0 'ready' is down (it was up when cm is enabled)
[07/30/26 14:30:19.715668] [error] [00:18:31.869070] [ControlManager] Joint 5 torso_1 'ready' is down (it was up when cm is enabled)
[07/30/26 14:30:19.715669] [error] [00:18:31.869071] [ControlManager] Joint 6 torso_2 'ready' is down (it was up when cm is enabled)
[07/30/26 14:30:19.715670] [error] [00:18:31.869072] [ControlManager] Joint 7 torso_3 'ready' is down (it was up when cm is enabled)
[07/30/26 14:30:19.715671] [error] [00:18:31.869073] [ControlManager] Joint 8 torso_4 'ready' is down (it was up when cm is enabled)
[07/30/26 14:30:19.715672] [error] [00:18:31.869074] [ControlManager] Joint 9 torso_5 'ready' is down (it was up when cm is enabled)
[07/30/26 14:30:19.715673] [error] [00:18:31.869075] [ControlManager] Joint 10 right_arm_0 'ready' is down (it was up when cm is enabled)
[07/30/26 14:30:19.715674] [error] [00:18:31.869076] [ControlManager] Joint 11 right_arm_1 'ready' is down (it was up when cm is enabled)
[07/30/26 14:30:19.715675] [error] [00:18:31.869077] [ControlManager] Joint 12 right_arm_2 'ready' is down (it was up when cm is enabled)
[07/30/26 14:30:19.715676] [error] [00:18:31.869078] [ControlManager] Joint 13 right_arm_3 'ready' is down (it was up when cm is enabled)
[07/30/26 14:30:19.715677] [error] [00:18:31.869079] [ControlManager] Joint 14 right_arm_4 'ready' is down (it was up when cm is enabled)
[07/30/26 14:30:19.715678] [error] [00:18:31.869080] [ControlManager] Joint 15 right_arm_5 'ready' is down (it was up when cm is enabled)
[07/30/26 14:30:19.715679] [error] [00:18:31.869081] [ControlManager] Joint 16 right_arm_6 'ready' is down (it was up when cm is enabled)
[07/30/26 14:30:19.715681] [error] [00:18:31.869082] [ControlManager] Joint 17 left_arm_0 'ready' is down (it was up when cm is enabled)
[07/30/26 14:30:19.715682] [error] [00:18:31.869084] [ControlManager] Joint 18 left_arm_1 'ready' is down (it was up when cm is enabled)
[07/30/26 14:30:19.715683] [error] [00:18:31.869085] [ControlManager] Joint 19 left_arm_2 'ready' is down (it was up when cm is enabled)
[07/30/26 14:30:19.715684] [error] [00:18:31.869086] [ControlManager] Joint 20 left_arm_3 'ready' is down (it was up when cm is enabled)
[07/30/26 14:30:19.715685] [error] [00:18:31.869086] [ControlManager] Joint 21 left_arm_4 'ready' is down (it was up when cm is enabled)
[07/30/26 14:30:19.715686] [error] [00:18:31.869087] [ControlManager] Joint 22 left_arm_5 'ready' is down (it was up when cm is enabled)
[07/30/26 14:30:19.715687] [error] [00:18:31.869088] [ControlManager] Joint 23 left_arm_6 'ready' is down (it was up when cm is enabled)
[07/30/26 14:30:19.715688] [error] [00:18:31.869089] [ControlManager] Joint 24 head_0 'ready' is down (it was up when cm is enabled)
[07/30/26 14:30:19.715689] [error] [00:18:31.869090] [ControlManager] Joint 25 head_1 'ready' is down (it was up when cm is enabled)
[07/30/26 14:30:19.715691] [error] [00:18:31.869092] [ControlManager] Power state 3 is changed during enable state
[07/30/26 14:30:19.715694] [info] [00:18:31.869095] [ControlManager] Control Manager state changed to 'MajorFault'.
[07/30/26 14:30:19.715698] [error] [00:18:31.869099] [ControlManager] Major Fault Reaction Started...
[07/30/26 14:30:19.715713] [error] [00:18:31.869115] [ControlManager] Motor Error Occurred
[07/30/26 14:30:19.715729] [info] [00:18:31.869122] [Hardware::ExecutePowerCommand] Started: device name = 48v|.*, command = PowerOff
[07/30/26 14:30:19.966800] [info] [00:18:32.120187] [Hardware::ExecutePowerCommand] Power command succeeded
[07/30/26 14:30:21.110311] [error] [00:18:33.263697] [RobotApp] Robot states have been saved: [logs/fault-2026-07-30_14-30-20-975.csv]
[07/30/26 14:30:21.984124] [debug] [00:18:34.137507] [Service] Server method called: /rb.api.PowerService/PowerCommand
[07/30/26 14:30:21.984164] [debug] [00:18:34.137562] [Service::PowerService::PowerCommand] Requested: request_header { request_timestamp { seconds: 1785389421 nanos: 983747723 } } name: "^(5v|12v|24v|48v)$" command: COMMAND_POWER_OFF
[07/30/26 14:30:21.984168] [info] [00:18:34.137569] [Hardware::ExecutePowerCommand] Started: device name = ^(5v|12v|24v|48v)$, command = PowerOff
[07/30/26 14:30:22.234792] [info] [00:18:34.388184] [Hardware::ExecutePowerCommand] Power command succeeded
[07/30/26 14:30:22.234801] [debug] [00:18:34.388201] [Service::PowerService::PowerCommand] Result: Success
[07/30/26 14:30:26.340619] [debug] [00:18:38.494003] [Hardware] Hardware Loop Stat (avg: 2.000 ms, min: 1.998 ms, max: 2.002 ms, count: 15000)
[07/30/26 14:30:26.479611] [debug] [00:18:38.633003] [ControlManager] Control Manager Loop Stat (avg: 2.000 ms, min: 1.999 ms, max: 2.001 ms, count: 15000)
[07/30/26 14:30:26.884205] [debug] [00:18:39.037571] [Service] Server method called: /rb.api.PowerService/PowerCommand
[07/30/26 14:30:26.884245] [debug] [00:18:39.037643] [Service::PowerService::PowerCommand] Requested: request_header { request_timestamp { seconds: 1785389426 nanos: 883793766 } } name: "^(5v|12v|24v|48v)$" command: COMMAND_POWER_ON
[07/30/26 14:30:26.884250] [info] [00:18:39.037650] [Hardware::ExecutePowerCommand] Started: device name = ^(5v|12v|24v|48v)$, command = PowerOn
[07/30/26 14:30:28.142784] [error] [00:18:40.296177] [Hardware::ExecutePowerCommand] EMO Error: Please check EMO Switch
[07/30/26 14:30:28.142804] [error] [00:18:40.296197] [Hardware::ExecutePowerCommand] Timeout: Power command failed - unmatched power states: 48v
[07/30/26 14:30:28.142810] [debug] [00:18:40.296211] [Service::PowerService::PowerCommand] Result: Failed
[07/30/26 14:30:31.111729] [debug] [00:18:43.265110] [Service] Server method called: /rb.api.PowerService/JointCommand
[07/30/26 14:30:31.111770] [debug] [00:18:43.265168] [Service::PowerService::JointCommand] Requested: request_header { request_timestamp { seconds: 1785389431 nanos: 111333078 } } name: "^(wheel_fr|wheel_fl|wheel_rr|wheel_rl|torso_0|torso_1|torso_2|torso_3|torso_4|torso_5|right_arm_0|right_arm_1|right_arm_2|right_arm_3|right_arm_4|right_arm_5|right_arm_6|left_arm_0|left_arm_1|left_arm_2|left_arm_3|left_arm_4|left_arm_5|left_arm_6|head_0|head_1)$" command: COMMAND_SERVO_ON
[07/30/26 14:30:34.122800] [error] [00:18:46.276182] [Hardware::ServoOn] Tried to initialize motors, but no data received: ['wheel_fr', 'wheel_fl', 'wheel_rr', 'wheel_rl', 'torso_0', 'torso_1', 'torso_2', 'torso_3', 'torso_4', 'torso_5', 'right_arm_0', 'right_arm_1', 'right_arm_2', 'right_arm_3', 'right_arm_4', 'right_arm_5', 'right_arm_6', 'left_arm_0', 'left_arm_1', 'left_arm_2', 'left_arm_3', 'left_arm_4', 'left_arm_5', 'left_arm_6', 'head_0', 'head_1']
[07/30/26 14:30:34.122816] [debug] [00:18:46.276216] [Service::PowerService::JointCommand] Result: Failed
[07/30/26 14:30:56.340619] [debug] [00:19:08.494003] [Hardware] Hardware Loop Stat (avg: 2.000 ms, min: 1.999 ms, max: 2.001 ms, count: 15000)
[07/30/26 14:30:56.479612] [debug] [00:19:08.633003] [ControlManager] Control Manager Loop Stat (avg: 2.000 ms, min: 1.999 ms, max: 2.001 ms, count: 15000)
[07/30/26 14:31:24.918601] [debug] [00:19:37.071984] [Service] Server method called: /rb.api.RobotInfoService/GetRobotInfo
[07/30/26 14:31:24.918637] [debug] [00:19:37.072036] [Service::RobotInfoService::GetRobotInfo] Requested: request_header { request_timestamp { seconds: 1785389431 nanos: 701823796 } }
[07/30/26 14:31:24.919220] [debug] [00:19:37.072612] [Service] Server method called: /rb.api.RobotStateService/GetRobotState
[07/30/26 14:31:24.919245] [debug] [00:19:37.072645] [Service::RobotStateService::GetRobotState] Requested: request_header { request_timestamp { seconds: 1785389431 nanos: 702573943 } }
[07/30/26 14:31:24.919736] [debug] [00:19:37.073130] [Service] Server method called: /rb.api.PowerService/PowerCommand
[07/30/26 14:31:24.919762] [debug] [00:19:37.073162] [Service::PowerService::PowerCommand] Requested: request_header { request_timestamp { seconds: 1785389431 nanos: 703143188 } } name: ".*" command: COMMAND_POWER_ON
[07/30/26 14:31:24.919767] [info] [00:19:37.073167] [Hardware::ExecutePowerCommand] Started: device name = .*, command = PowerOn
[07/30/26 14:31:25.314799] [info] [00:19:37.468183] [Hardware::ExecutePowerCommand] Power command succeeded
[07/30/26 14:31:25.314810] [debug] [00:19:37.468211] [Service::PowerService::PowerCommand] Result: Success
[07/30/26 14:31:25.315693] [debug] [00:19:37.469089] [Service] Server method called: /rb.api.RobotInfoService/GetRobotInfo
[07/30/26 14:31:25.315746] [debug] [00:19:37.469145] [Service::RobotInfoService::GetRobotInfo] Requested: request_header { request_timestamp { seconds: 1785389432 nanos: 99001603 } }
[07/30/26 14:31:25.316832] [debug] [00:19:37.470230] [Service] Server method called: /rb.api.RobotStateService/GetRobotState
[07/30/26 14:31:25.316851] [debug] [00:19:37.470251] [Service::RobotStateService::GetRobotState] Requested: request_header { request_timestamp { seconds: 1785389432 nanos: 100129374 } }
[07/30/26 14:31:25.317527] [debug] [00:19:37.470924] [Service] Server method called: /rb.api.PowerService/JointCommand
[07/30/26 14:31:25.317548] [debug] [00:19:37.470948] [Service::PowerService::JointCommand] Requested: request_header { request_timestamp { seconds: 1785389432 nanos: 100874632 } } name: ".*" command: COMMAND_SERVO_ON
[07/30/26 14:31:26.340620] [debug] [00:19:38.494003] [Hardware] Hardware Loop Stat (avg: 2.000 ms, min: 1.999 ms, max: 2.001 ms, count: 15000)
[07/30/26 14:31:26.479612] [debug] [00:19:38.633003] [ControlManager] Control Manager Loop Stat (avg: 2.000 ms, min: 1.999 ms, max: 2.001 ms, count: 15000)
[07/30/26 14:31:28.326797] [debug] [00:19:40.480183] [Service::PowerService::JointCommand] Result: Success
[07/30/26 14:31:28.327613] [debug] [00:19:40.481007] [Service] Server method called: /rb.api.RobotStateService/GetControlManagerState
[07/30/26 14:31:28.327648] [debug] [00:19:40.481048] [Service::RobotStateService::GetControlManagerState] Requested: request_header { request_timestamp { seconds: 1785389435 nanos: 110946925 } }
[07/30/26 14:31:28.328203] [debug] [00:19:40.481600] [Service] Server method called: /rb.api.ControlManagerService/ControlManagerCommand
[07/30/26 14:31:28.328225] [debug] [00:19:40.481625] [Service::ControlManagerService::ControlManagerCommand] Requested: request_header { request_timestamp { seconds: 1785389435 nanos: 111582547 } } command: COMMAND_RESET_FAULT
[07/30/26 14:31:28.328229] [info] [00:19:40.481630] [ControlManager::ResetFault] Reset fault request received. Starting the process...
[07/30/26 14:31:28.329613] [info] [00:19:40.483013] [ControlManager::ResetFault] Control Manager successfully reset
[07/30/26 14:31:28.330198] [debug] [00:19:40.483592] [Service] Server method called: /rb.api.RobotInfoService/GetRobotInfo
[07/30/26 14:31:28.330223] [debug] [00:19:40.483623] [Service::RobotInfoService::GetRobotInfo] Requested: request_header { request_timestamp { seconds: 1785389435 nanos: 113579963 } }
[07/30/26 14:31:28.331055] [debug] [00:19:40.484450] [Service] Server method called: /rb.api.RobotStateService/GetRobotState
[07/30/26 14:31:28.331077] [debug] [00:19:40.484477] [Service::RobotStateService::GetRobotState] Requested: request_header { request_timestamp { seconds: 1785389435 nanos: 114433884 } }
[07/30/26 14:31:28.331607] [debug] [00:19:40.485006] [Service] Server method called: /rb.api.RobotStateService/GetRobotState
[07/30/26 14:31:28.331623] [debug] [00:19:40.485023] [Service::RobotStateService::GetRobotState] Requested: request_header { request_timestamp { seconds: 1785389435 nanos: 115017430 } }
[07/30/26 14:31:28.332200] [debug] [00:19:40.485597] [Service] Server method called: /rb.api.RobotInfoService/GetRobotInfo
[07/30/26 14:31:28.332248] [debug] [00:19:40.485647] [Service::RobotInfoService::GetRobotInfo] Requested: request_header { request_timestamp { seconds: 1785389435 nanos: 115597646 } }
[07/30/26 14:31:28.332870] [debug] [00:19:40.486268] [Service] Server method called: /rb.api.ControlManagerService/ControlManagerCommand
[07/30/26 14:31:28.332923] [debug] [00:19:40.486322] [Service::ControlManagerService::ControlManagerCommand] Requested: request_header { request_timestamp { seconds: 1785389435 nanos: 116296600 } } command: COMMAND_ENABLE unlimited_mode_enabled { }
[07/30/26 14:31:28.332927] [info] [00:19:40.486328] [ControlManager::Enable] Enable request received. Starting the enabling process...
[07/30/26 14:31:28.333617] [info] [00:19:40.487016] [ControlManager::Enable] Control Manager successfully enabled
[07/30/26 14:31:28.334025] [debug] [00:19:40.487423] [Service] Server method called: /rb.api.ParameterService/SetParameter
[07/30/26 14:31:28.334043] [debug] [00:19:40.487443] [Service::ParameterService::SetParameter] Requested: request_header { request_timestamp { seconds: 1785389435 nanos: 117458228 } } name: "cartesian_command.cutoff_frequency" parameter: "{\"value\":5,\"write_db\":true}"
[07/30/26 14:31:28.344152] [debug] [00:19:40.497548] [Service] Server method called: /rb.api.ParameterService/SetParameter
[07/30/26 14:31:28.344171] [debug] [00:19:40.497571] [Service::ParameterService::SetParameter] Requested: request_header { request_timestamp { seconds: 1785389435 nanos: 127545259 } } name: "default.acceleration_limit_scaling" parameter: "{\"value\":1.0,\"write_db\":true}"
[07/30/26 14:31:28.350437] [debug] [00:19:40.503833] [Service] Server method called: /rb.api.ParameterService/SetParameter
[07/30/26 14:31:28.350485] [debug] [00:19:40.503884] [Service::ParameterService::SetParameter] Requested: request_header { request_timestamp { seconds: 1785389435 nanos: 133823432 } } name: "default.angular_acceleration_limit" parameter: "{\"value\":10,\"write_db\":true}"
[07/30/26 14:31:28.356187] [debug] [00:19:40.509583] [Service] Server method called: /rb.api.ParameterService/SetParameter
[07/30/26 14:31:28.356206] [debug] [00:19:40.509606] [Service::ParameterService::SetParameter] Requested: request_header { request_timestamp { seconds: 1785389435 nanos: 139573316 } } name: "default.linear_acceleration_limit" parameter: "{\"value\":20,\"write_db\":true}"
[07/30/26 14:31:28.362410] [debug] [00:19:40.515805] [Service] Server method called: /rb.api.ParameterService/SetParameter
[07/30/26 14:31:28.362430] [debug] [00:19:40.515829] [Service::ParameterService::SetParameter] Requested: request_header { request_timestamp { seconds: 1785389435 nanos: 145794228 } } name: "joint_position_command.cutoff_frequency" parameter: "{\"value\":5,\"write_db\":true}"
[07/30/26 14:31:28.368248] [debug] [00:19:40.521643] [Service] Server method called: /rb.api.RobotCommandService/RobotCommand
[07/30/26 14:31:28.368325] [debug] [00:19:40.521723] [Service::RobotCommandService::RobotCommand] Requested: robot_command { component_based_command { body_command { joint_position_command { command_header { control_hold_time { seconds: 1 } } minimum_time { nanos: 500000000 } position: 0.0044804389349135066 position: 0.79365659956985246 position: -1.6157412044835162 position: 0.79878632245211356 position: 0.001522589841440946 position: -0.0002581947860797614 position: 0.011132751658615594 position: -0.081654101097724544 position: 0.0006606748937923306 p... [truncated]
[07/30/26 14:31:28.368329] [debug] [00:19:40.521730] [Service::RobotCommandService::RobotCommand]   Peer: ipv4:192.168.30.230:34606
[07/30/26 14:31:28.368480] [debug] [00:19:40.521879] [Service::RobotCommandService::RobotCommand]   IP: 192.168.30.230, Family: ipv4
[07/30/26 14:31:28.373647] [info] [00:19:40.527044] [ControlManager] Control started: {"type":"RobotCommand","control":{"type":"ComponentBasedCommand","components":{"mobility":null,"body":{"type":"BodyCommand","control":{"type":"JointPositionCommand","control":{"type":"JointPositionControl"}}},"head":{"type":"HeadCommand","control":{"type":"JointPositionCommand","control":{"type":"JointPositionControl"}}}}}} (priority: 1)
[07/30/26 14:31:30.131654] [debug] [00:19:42.285042] [ControlManager] Control finished: {"type":"RobotCommand","control":{"type":"ComponentBasedCommand","components":{"mobility":null,"body":{"type":"BodyCommand","control":{"type":"JointPositionCommand","control":{"type":"JointPositionControl"}}},"head":{"type":"HeadCommand","control":{"type":"JointPositionCommand","control":{"type":"JointPositionControl"}}}}}}
[07/30/26 14:31:30.131817] [info] [00:19:42.285211] [ControlInterface] Control completed successfully.
[07/30/26 14:31:30.131827] [debug] [00:19:42.285221] [ControlInterface::ExecutionStats] Average Control Time: 0.001 ms (max: 0.031 ms, min: 0.001 ms, sigma: 0.001 ms, count: 880)
[07/30/26 14:31:30.132455] [debug] [00:19:42.285851] [Service] Server method called: /rb.api.PowerService/ToolFlangePowerCommand
[07/30/26 14:31:30.132489] [debug] [00:19:42.285889] [Service::PowerService::ToolFlangePowerCommand] Requested: request_header { request_timestamp { seconds: 1785389436 nanos: 915796509 } } name: "right" command: COMMAND_POWER_12V
[07/30/26 14:31:30.132494] [debug] [00:19:42.285895] [Service::PowerService::ToolFlangePowerCommand] Result: Success
[07/30/26 14:31:30.133008] [debug] [00:19:42.286404] [Service] Server method called: /rb.api.PowerService/ToolFlangePowerCommand
[07/30/26 14:31:30.133034] [debug] [00:19:42.286433] [Service::PowerService::ToolFlangePowerCommand] Requested: request_header { request_timestamp { seconds: 1785389436 nanos: 916414437 } } name: "left" command: COMMAND_POWER_12V
[07/30/26 14:31:30.133038] [debug] [00:19:42.286439] [Service::PowerService::ToolFlangePowerCommand] Result: Success
[07/30/26 14:31:44.187464] [debug] [00:19:56.340850] [Service] Server method called: /rb.api.RobotCommandService/RobotCommand
[07/30/26 14:31:44.187542] [debug] [00:19:56.340938] [Service::RobotCommandService::RobotCommand] Requested: robot_command { component_based_command { body_command { joint_position_command { command_header { control_hold_time { seconds: 1 } } minimum_time { seconds: 4 } position: 0 position: 0.78539816339744828 position: -1.3962634015954636 position: 0.78539816339744828 position: 0 position: 0 position: 0 position: -0.26179938779914941 position: 0 position: -2.0943951023931953 position: 0 position: 0.52359877559829882 position: 0 position: 0 position: 0... [truncated]
[07/30/26 14:31:44.187546] [debug] [00:19:56.340947] [Service::RobotCommandService::RobotCommand]   Peer: ipv4:192.168.30.230:34606
[07/30/26 14:31:44.187702] [debug] [00:19:56.341102] [Service::RobotCommandService::RobotCommand]   IP: 192.168.30.230, Family: ipv4
[07/30/26 14:31:44.193646] [info] [00:19:56.347038] [ControlManager] Control started: {"type":"RobotCommand","control":{"type":"ComponentBasedCommand","components":{"mobility":null,"body":{"type":"BodyCommand","control":{"type":"JointPositionCommand","control":{"type":"JointPositionControl"}}},"head":{"type":"HeadCommand","control":{"type":"JointPositionCommand","control":{"type":"JointPositionControl"}}}}}} (priority: 1)
[07/30/26 14:31:49.451654] [debug] [00:20:01.605043] [ControlManager] Control finished: {"type":"RobotCommand","control":{"type":"ComponentBasedCommand","components":{"mobility":null,"body":{"type":"BodyCommand","control":{"type":"JointPositionCommand","control":{"type":"JointPositionControl"}}},"head":{"type":"HeadCommand","control":{"type":"JointPositionCommand","control":{"type":"JointPositionControl"}}}}}}
[07/30/26 14:31:49.451761] [info] [00:20:01.605154] [ControlInterface] Control completed successfully.
[07/30/26 14:31:49.451771] [debug] [00:20:01.605165] [ControlInterface::ExecutionStats] Average Control Time: 0.001 ms (max: 0.026 ms, min: 0.001 ms, sigma: 0.000 ms, count: 2630)
[07/30/26 14:31:49.452378] [debug] [00:20:01.605774] [Service] Server method called: /rb.api.RobotCommandService/RobotCommandStream
[07/30/26 14:31:49.452399] [debug] [00:20:01.605799] [Service::RobotCommandService::RobotCommandStream] Stream is created
[07/30/26 14:31:49.463749] [debug] [00:20:01.617143] [Service::RobotCommandService::RobotCommandStream] Requested: robot_command { component_based_command { mobility_command { se2_velocity_command { command_header { control_hold_time { seconds: 1 } } minimum_time { nanos: 10100000 } velocity { linear { } } acceleration_limit { linear { x: 1 y: 1 } angular: 1 } } } body_command { joint_impedance_control_command { command_header { control_hold_time { seconds: 1 } } minimum_time { nanos: 10100000 } position: -0.0001025650957311771 position: 0.78525182754667455 p... [truncated]
[07/30/26 14:31:49.463757] [debug] [00:20:01.617157] [Service::RobotCommandService::RobotCommandStream]   Peer: ipv4:192.168.30.230:34606
[07/30/26 14:31:49.463923] [debug] [00:20:01.617322] [Service::RobotCommandService::RobotCommandStream]   IP: 192.168.30.230, Family: ipv4
[07/30/26 14:31:49.469634] [info] [00:20:01.623032] [ControlManager] Control started: {"type":"RobotCommand","control":{"type":"ComponentBasedCommand","components":{"mobility":{"type":"MobilityCommand","control":{"type":"SE2VelocityCommand","control":{"type":"MobilitySE2VelocityControl"}}},"body":{"type":"BodyCommand","control":{"type":"JointImpedanceControlCommand","control":{"type":"JointImpedanceControl"}}},"head":{"type":"HeadCommand","control":{"type":"JointPositionCommand","control":{"type":"JointPositionControl"}}}}}} (priority: 1)
[07/30/26 14:31:51.911971] [debug] [00:20:04.065351] [Service] Server method called: /rb.api.RobotCommandService/RobotCommand
[07/30/26 14:31:51.912009] [debug] [00:20:04.065408] [Service::RobotCommandService::RobotCommand] Requested: robot_command { whole_body_command { stop_command { } } } priority: 99
[07/30/26 14:31:51.912023] [debug] [00:20:04.065413] [Service::RobotCommandService::RobotCommand]   Peer: ipv4:192.168.30.230:34606
[07/30/26 14:31:51.912192] [debug] [00:20:04.065591] [Service::RobotCommandService::RobotCommand]   IP: 192.168.30.230, Family: ipv4
[07/30/26 14:31:52.015790] [debug] [00:20:04.169179] [ControlManager] Control finished: {"type":"RobotCommand","control":{"type":"ComponentBasedCommand","components":{"mobility":{"type":"MobilityCommand","control":{"type":"SE2VelocityCommand","control":{"type":"MobilitySE2VelocityControl"}}},"body":{"type":"BodyCommand","control":{"type":"JointImpedanceControlCommand","control":{"type":"JointImpedanceControl"}}},"head":{"type":"HeadCommand","control":{"type":"JointPositionCommand","control":{"type":"JointPositionControl"}}}}}}
[07/30/26 14:31:52.015908] [debug] [00:20:04.169301] [Service::RobotCommandService::RobotCommandStream] OnReadDone (write_done: true, read_done: true)
[07/30/26 14:31:52.015931] [debug] [00:20:04.169327] [Service::RobotCommandService::RobotCommandStream] OnCancel
[07/30/26 14:31:52.015982] [info] [00:20:04.169378] [ControlInterface] Control was preempted or canceled by another request.
[07/30/26 14:31:52.015993] [debug] [00:20:04.169387] [ControlInterface::ExecutionStats] Average Control Time: 0.121 ms (max: 0.209 ms, min: 0.113 ms, sigma: 0.005 ms, count: 1274)
[07/30/26 14:31:52.016081] [debug] [00:20:04.169479] [Service::RobotCommandService::RobotCommandStream] OnDone: robot_command { component_based_command { mobility_command { se2_velocity_command { command_header { control_hold_time { seconds: 1 } } minimum_time { nanos: 10100000 } velocity { linear { } } acceleration_limit { linear { x: 1 y: 1 } angular: 1 } } } body_command { joint_impedance_control_command { command_header { control_hold_time { seconds: 1 } } minimum_time { nanos: 10100000 } position: -0.0047227162983923855 position: 0.85817286456022368 p... [truncated]
[07/30/26 14:31:52.017618] [info] [00:20:04.171018] [ControlManager] Control started: {"type":"RobotCommand","control":{"type":"WholeBodyCommand","control":{"type":"StopControl","control":{"type":"JointVelocityControl"}}}} (priority: 99)
[07/30/26 14:31:52.017642] [debug] [00:20:04.171043] [ControlManager] Control finished: {"type":"RobotCommand","control":{"type":"WholeBodyCommand","control":{"type":"StopControl","control":{"type":"JointVelocityControl"}}}}
[07/30/26 14:31:52.017685] [info] [00:20:04.171083] [ControlInterface] Control completed successfully.
[07/30/26 14:31:52.017690] [debug] [00:20:04.171088] [ControlInterface::ExecutionStats] Average Control Time: 0.006 ms (max: 0.006 ms, min: 0.006 ms, sigma: 0.000 ms, count: 1)
[07/30/26 14:31:52.018155] [debug] [00:20:04.171552] [Service] Server method called: /rb.api.ControlManagerService/ControlManagerCommand
[07/30/26 14:31:52.018177] [debug] [00:20:04.171577] [Service::ControlManagerService::ControlManagerCommand] Requested: request_header { request_timestamp { seconds: 1785389458 nanos: 801676230 } } command: COMMAND_DISABLE
[07/30/26 14:31:52.018181] [info] [00:20:04.171582] [ControlManager::Disable] Disable request received. Starting the disabling process...
[07/30/26 14:31:52.019620] [info] [00:20:04.173020] [ControlManager::Disable] Control Manager successfully disabled
[07/30/26 14:31:56.340619] [debug] [00:20:08.494003] [Hardware] Hardware Loop Stat (avg: 2.000 ms, min: 1.998 ms, max: 2.002 ms, count: 15000)
[07/30/26 14:31:56.479614] [debug] [00:20:08.633003] [ControlManager] Control Manager Loop Stat (avg: 2.000 ms, min: 1.999 ms, max: 2.001 ms, count: 15000)
[07/30/26 14:32:18.728292] [debug] [00:20:30.881668] [Service] Server method called: /rb.api.RobotInfoService/GetRobotModel
[07/30/26 14:32:18.728328] [debug] [00:20:30.881727] [Service::RobotInfoService::GetRobotModel] Requested: request_header { request_timestamp { seconds: 1785389485 nanos: 511471449 } }
[07/30/26 14:32:18.731723] [debug] [00:20:30.885118] [Service] Server method called: /rb.api.RobotStateService/GetRobotStateStream
[07/30/26 14:32:18.731756] [debug] [00:20:30.885156] [Service::RobotStateService::GetRobotStateStream] Requested: request_header { request_timestamp { seconds: 1785389485 nanos: 515108425 } } update_rate: 100
[07/30/26 14:32:26.340620] [debug] [00:20:38.494003] [Hardware] Hardware Loop Stat (avg: 2.000 ms, min: 1.990 ms, max: 2.010 ms, count: 15000)
[07/30/26 14:32:26.479610] [debug] [00:20:38.633003] [ControlManager] Control Manager Loop Stat (avg: 2.000 ms, min: 1.999 ms, max: 2.001 ms, count: 15000)
[07/30/26 14:32:47.779420] [debug] [00:20:59.932806] [Service] Server method called: /rb.api.RobotInfoService/GetRobotInfo
[07/30/26 14:32:47.779457] [debug] [00:20:59.932856] [Service::RobotInfoService::GetRobotInfo] Requested: request_header { request_timestamp { seconds: 1785389514 nanos: 563254477 } }
[07/30/26 14:32:47.780123] [debug] [00:20:59.933516] [Service] Server method called: /rb.api.RobotStateService/GetRobotState
[07/30/26 14:32:47.780175] [debug] [00:20:59.933574] [Service::RobotStateService::GetRobotState] Requested: request_header { request_timestamp { seconds: 1785389514 nanos: 564064821 } }
[07/30/26 14:32:47.780763] [debug] [00:20:59.934157] [Service] Server method called: /rb.api.RobotInfoService/GetRobotInfo
[07/30/26 14:32:47.780784] [debug] [00:20:59.934184] [Service::RobotInfoService::GetRobotInfo] Requested: request_header { request_timestamp { seconds: 1785389514 nanos: 564731756 } }
[07/30/26 14:32:47.781263] [debug] [00:20:59.934658] [Service] Server method called: /rb.api.RobotStateService/GetRobotState
[07/30/26 14:32:47.781285] [debug] [00:20:59.934685] [Service::RobotStateService::GetRobotState] Requested: request_header { request_timestamp { seconds: 1785389514 nanos: 565246422 } }
[07/30/26 14:32:47.782007] [debug] [00:20:59.935403] [Service] Server method called: /rb.api.RobotStateService/GetControlManagerState
[07/30/26 14:32:47.782023] [debug] [00:20:59.935423] [Service::RobotStateService::GetControlManagerState] Requested: request_header { request_timestamp { seconds: 1785389514 nanos: 565961115 } }
[07/30/26 14:32:47.782431] [debug] [00:20:59.935828] [Service] Server method called: /rb.api.RobotInfoService/GetRobotInfo
[07/30/26 14:32:47.782471] [debug] [00:20:59.935871] [Service::RobotInfoService::GetRobotInfo] Requested: request_header { request_timestamp { seconds: 1785389514 nanos: 566386131 } }
[07/30/26 14:32:47.783114] [debug] [00:20:59.936510] [Service] Server method called: /rb.api.RobotStateService/GetRobotState
[07/30/26 14:32:47.783130] [debug] [00:20:59.936530] [Service::RobotStateService::GetRobotState] Requested: request_header { request_timestamp { seconds: 1785389514 nanos: 567083761 } }
[07/30/26 14:32:47.783616] [debug] [00:20:59.937016] [Service] Server method called: /rb.api.RobotStateService/GetRobotState
[07/30/26 14:32:47.783626] [debug] [00:20:59.937027] [Service::RobotStateService::GetRobotState] Requested: request_header { request_timestamp { seconds: 1785389514 nanos: 567616358 } }
[07/30/26 14:32:47.784057] [debug] [00:20:59.937455] [Service] Server method called: /rb.api.RobotInfoService/GetRobotInfo
[07/30/26 14:32:47.784070] [debug] [00:20:59.937470] [Service::RobotInfoService::GetRobotInfo] Requested: request_header { request_timestamp { seconds: 1785389514 nanos: 568061720 } }
[07/30/26 14:32:47.784624] [debug] [00:20:59.938025] [Service] Server method called: /rb.api.ControlManagerService/ControlManagerCommand
[07/30/26 14:32:47.784637] [debug] [00:20:59.938039] [Service::ControlManagerService::ControlManagerCommand] Requested: request_header { request_timestamp { seconds: 1785389514 nanos: 568612516 } } command: COMMAND_ENABLE unlimited_mode_enabled { }
[07/30/26 14:32:47.784641] [info] [00:20:59.938042] [ControlManager::Enable] Enable request received. Starting the enabling process...
[07/30/26 14:32:47.785613] [info] [00:20:59.939014] [ControlManager::Enable] Control Manager successfully enabled
[07/30/26 14:32:47.786055] [debug] [00:20:59.939453] [Service] Server method called: /rb.api.ParameterService/SetParameter
[07/30/26 14:32:47.786073] [debug] [00:20:59.939473] [Service::ParameterService::SetParameter] Requested: request_header { request_timestamp { seconds: 1785389514 nanos: 570002696 } } name: "cartesian_command.cutoff_frequency" parameter: "{\"value\":5,\"write_db\":true}"
[07/30/26 14:32:47.795046] [debug] [00:20:59.948444] [Service] Server method called: /rb.api.ParameterService/SetParameter
[07/30/26 14:32:47.795060] [debug] [00:20:59.948461] [Service::ParameterService::SetParameter] Requested: request_header { request_timestamp { seconds: 1785389514 nanos: 578999769 } } name: "default.acceleration_limit_scaling" parameter: "{\"value\":1.0,\"write_db\":true}"
[07/30/26 14:32:47.798572] [debug] [00:20:59.951965] [Service] Server method called: /rb.api.ParameterService/SetParameter
[07/30/26 14:32:47.798592] [debug] [00:20:59.951992] [Service::ParameterService::SetParameter] Requested: request_header { request_timestamp { seconds: 1785389514 nanos: 582504043 } } name: "default.angular_acceleration_limit" parameter: "{\"value\":10,\"write_db\":true}"
[07/30/26 14:32:47.802007] [debug] [00:20:59.955403] [Service] Server method called: /rb.api.ParameterService/SetParameter
[07/30/26 14:32:47.802021] [debug] [00:20:59.955422] [Service::ParameterService::SetParameter] Requested: request_header { request_timestamp { seconds: 1785389514 nanos: 585982981 } } name: "default.linear_acceleration_limit" parameter: "{\"value\":20,\"write_db\":true}"
[07/30/26 14:32:47.805516] [debug] [00:20:59.958912] [Service] Server method called: /rb.api.ParameterService/SetParameter
[07/30/26 14:32:47.805534] [debug] [00:20:59.958933] [Service::ParameterService::SetParameter] Requested: request_header { request_timestamp { seconds: 1785389514 nanos: 589486192 } } name: "joint_position_command.cutoff_frequency" parameter: "{\"value\":5,\"write_db\":true}"
[07/30/26 14:32:47.809158] [debug] [00:20:59.962554] [Service] Server method called: /rb.api.RobotCommandService/RobotCommand
[07/30/26 14:32:47.809234] [debug] [00:20:59.962632] [Service::RobotCommandService::RobotCommand] Requested: robot_command { component_based_command { body_command { joint_position_command { command_header { control_hold_time { seconds: 1 } } minimum_time { nanos: 500000000 } position: -3.417283933408607e-05 position: 1.0231234187160922 position: -1.5118178030864122 position: 0.77972926905013829 position: 0.0014390562341798467 position: -0.00016327023237396678 position: -0.010673316818679548 position: -0.26157030320953945 position: -0.000508795607863059... [truncated]
[07/30/26 14:32:47.809237] [debug] [00:20:59.962638] [Service::RobotCommandService::RobotCommand]   Peer: ipv4:192.168.30.230:44362
[07/30/26 14:32:47.809394] [debug] [00:20:59.962794] [Service::RobotCommandService::RobotCommand]   IP: 192.168.30.230, Family: ipv4
[07/30/26 14:32:47.813646] [info] [00:20:59.967044] [ControlManager] Control started: {"type":"RobotCommand","control":{"type":"ComponentBasedCommand","components":{"mobility":null,"body":{"type":"BodyCommand","control":{"type":"JointPositionCommand","control":{"type":"JointPositionControl"}}},"head":{"type":"HeadCommand","control":{"type":"JointPositionCommand","control":{"type":"JointPositionControl"}}}}}} (priority: 1)
[07/30/26 14:32:49.571651] [debug] [00:21:01.725041] [ControlManager] Control finished: {"type":"RobotCommand","control":{"type":"ComponentBasedCommand","components":{"mobility":null,"body":{"type":"BodyCommand","control":{"type":"JointPositionCommand","control":{"type":"JointPositionControl"}}},"head":{"type":"HeadCommand","control":{"type":"JointPositionCommand","control":{"type":"JointPositionControl"}}}}}}
[07/30/26 14:32:49.571718] [info] [00:21:01.725111] [ControlInterface] Control completed successfully.
[07/30/26 14:32:49.571728] [debug] [00:21:01.725122] [ControlInterface::ExecutionStats] Average Control Time: 0.001 ms (max: 0.028 ms, min: 0.001 ms, sigma: 0.001 ms, count: 880)
[07/30/26 14:32:49.572716] [debug] [00:21:01.726110] [Service] Server method called: /rb.api.PowerService/ToolFlangePowerCommand
[07/30/26 14:32:49.572753] [debug] [00:21:01.726153] [Service::PowerService::ToolFlangePowerCommand] Requested: request_header { request_timestamp { seconds: 1785389516 nanos: 356550194 } } name: "right" command: COMMAND_POWER_12V
[07/30/26 14:32:49.572760] [debug] [00:21:01.726161] [Service::PowerService::ToolFlangePowerCommand] Result: Success
[07/30/26 14:32:49.573168] [debug] [00:21:01.726569] [Service] Server method called: /rb.api.PowerService/ToolFlangePowerCommand
[07/30/26 14:32:49.573178] [debug] [00:21:01.726579] [Service::PowerService::ToolFlangePowerCommand] Requested: request_header { request_timestamp { seconds: 1785389516 nanos: 357177194 } } name: "left" command: COMMAND_POWER_12V
[07/30/26 14:32:49.573180] [debug] [00:21:01.726582] [Service::PowerService::ToolFlangePowerCommand] Result: Success
[07/30/26 14:32:50.734520] [debug] [00:21:02.887904] [Service] Server method called: /rb.api.RobotCommandService/RobotCommand
[07/30/26 14:32:50.734598] [debug] [00:21:02.887994] [Service::RobotCommandService::RobotCommand] Requested: robot_command { component_based_command { body_command { joint_position_command { command_header { control_hold_time { seconds: 1 } } minimum_time { seconds: 4 } position: 0 position: 0.78539816339744828 position: -1.3962634015954636 position: 0.78539816339744828 position: 0 position: 0 position: 0 position: -0.26179938779914941 position: 0 position: -2.0943951023931953 position: 0 position: 0.52359877559829882 position: 0 position: 0 position: 0... [truncated]
[07/30/26 14:32:50.734602] [debug] [00:21:02.888003] [Service::RobotCommandService::RobotCommand]   Peer: ipv4:192.168.30.230:44362
[07/30/26 14:32:50.734761] [debug] [00:21:02.888160] [Service::RobotCommandService::RobotCommand]   IP: 192.168.30.230, Family: ipv4
[07/30/26 14:32:50.739634] [info] [00:21:02.893028] [ControlManager] Control started: {"type":"RobotCommand","control":{"type":"ComponentBasedCommand","components":{"mobility":null,"body":{"type":"BodyCommand","control":{"type":"JointPositionCommand","control":{"type":"JointPositionControl"}}},"head":{"type":"HeadCommand","control":{"type":"JointPositionCommand","control":{"type":"JointPositionControl"}}}}}} (priority: 1)
[07/30/26 14:32:55.997654] [debug] [00:21:08.151041] [ControlManager] Control finished: {"type":"RobotCommand","control":{"type":"ComponentBasedCommand","components":{"mobility":null,"body":{"type":"BodyCommand","control":{"type":"JointPositionCommand","control":{"type":"JointPositionControl"}}},"head":{"type":"HeadCommand","control":{"type":"JointPositionCommand","control":{"type":"JointPositionControl"}}}}}}
[07/30/26 14:32:55.997717] [info] [00:21:08.151111] [ControlInterface] Control completed successfully.
[07/30/26 14:32:55.997726] [debug] [00:21:08.151121] [ControlInterface::ExecutionStats] Average Control Time: 0.001 ms (max: 0.019 ms, min: 0.001 ms, sigma: 0.000 ms, count: 2630)
[07/30/26 14:32:55.998449] [debug] [00:21:08.151843] [Service] Server method called: /rb.api.RobotCommandService/RobotCommandStream
[07/30/26 14:32:55.998462] [debug] [00:21:08.151862] [Service::RobotCommandService::RobotCommandStream] Stream is created
[07/30/26 14:32:56.040492] [debug] [00:21:08.193884] [Service::RobotCommandService::RobotCommandStream] Requested: robot_command { component_based_command { mobility_command { se2_velocity_command { command_header { control_hold_time { seconds: 1 } } minimum_time { nanos: 10100000 } velocity { linear { } } acceleration_limit { linear { x: 1 y: 1 } angular: 1 } } } body_command { joint_impedance_control_command { command_header { control_hold_time { seconds: 1 } } minimum_time { nanos: 10100000 } position: -0.0001251000366036024 position: 0.78498178456957146 p... [truncated]
[07/30/26 14:32:56.040501] [debug] [00:21:08.193901] [Service::RobotCommandService::RobotCommandStream]   Peer: ipv4:192.168.30.230:44362
[07/30/26 14:32:56.040707] [debug] [00:21:08.194106] [Service::RobotCommandService::RobotCommandStream]   IP: 192.168.30.230, Family: ipv4
[07/30/26 14:32:56.045635] [info] [00:21:08.199033] [ControlManager] Control started: {"type":"RobotCommand","control":{"type":"ComponentBasedCommand","components":{"mobility":{"type":"MobilityCommand","control":{"type":"SE2VelocityCommand","control":{"type":"MobilitySE2VelocityControl"}}},"body":{"type":"BodyCommand","control":{"type":"JointImpedanceControlCommand","control":{"type":"JointImpedanceControl"}}},"head":{"type":"HeadCommand","control":{"type":"JointPositionCommand","control":{"type":"JointPositionControl"}}}}}} (priority: 1)
[07/30/26 14:32:56.340620] [debug] [00:21:08.494003] [Hardware] Hardware Loop Stat (avg: 2.000 ms, min: 1.998 ms, max: 2.001 ms, count: 15000)
[07/30/26 14:32:56.479616] [debug] [00:21:08.633003] [ControlManager] Control Manager Loop Stat (avg: 2.000 ms, min: 1.998 ms, max: 2.002 ms, count: 15000)
[07/30/26 14:33:03.702461] [debug] [00:21:15.855849] [Service] Server method called: /rb.api.RobotCommandService/RobotCommand
[07/30/26 14:33:03.702495] [debug] [00:21:15.855894] [Service::RobotCommandService::RobotCommand] Requested: robot_command { whole_body_command { stop_command { } } } priority: 10
[07/30/26 14:33:03.702498] [debug] [00:21:15.855899] [Service::RobotCommandService::RobotCommand]   Peer: ipv4:192.168.30.230:44362
[07/30/26 14:33:03.702695] [debug] [00:21:15.856093] [Service::RobotCommandService::RobotCommand]   IP: 192.168.30.230, Family: ipv4
[07/30/26 14:33:03.704184] [debug] [00:21:15.857579] [Service::RobotCommandService::RobotCommandStream] OnReadDone (write_done: true, read_done: true)
[07/30/26 14:33:03.704202] [debug] [00:21:15.857599] [Service::RobotCommandService::RobotCommandStream] OnCancel
[07/30/26 14:33:03.704375] [debug] [00:21:15.857772] [Service::RobotCommandService::RobotCommandStream] OnDone: robot_command { component_based_command { mobility_command { se2_velocity_command { command_header { control_hold_time { seconds: 1 } } minimum_time { nanos: 10100000 } velocity { linear { } } acceleration_limit { linear { x: 1 y: 1 } angular: 1 } } } body_command { joint_impedance_control_command { command_header { control_hold_time { seconds: 1 } } minimum_time { nanos: 10100000 } position: 0.036890584058423125 position: 1.0573998522705517 posi... [truncated]
[07/30/26 14:33:03.704379] [info] [00:21:15.857779] [ControlManager::CancelControl] Control cancel request received
[07/30/26 14:33:03.705744] [info] [00:21:15.859142] [ControlManager::CancelControl] Control cancel request received
[07/30/26 14:33:03.705749] [debug] [00:21:15.859143] [ControlManager::CancelControl] Cancelling control
[07/30/26 14:33:03.705761] [info] [00:21:15.859160] [ControlManager::CancelControl] Control canceling process is successfully starting...
[07/30/26 14:33:03.707736] [warning] [00:21:15.861137] [ControlManager::CancelControl] Target control is not currently running
[07/30/26 14:33:03.707745] [error] [00:21:15.861145] [ControlManager::CancelControl] Failed to start control canceling process
[07/30/26 14:33:03.707747] [info] [00:21:15.861148] [Service::RobotCommandService::RobotCommand] Control canceled
[07/30/26 14:33:03.805782] [debug] [00:21:15.959175] [ControlManager] Control finished: {"type":"RobotCommand","control":{"type":"ComponentBasedCommand","components":{"mobility":{"type":"MobilityCommand","control":{"type":"SE2VelocityCommand","control":{"type":"MobilitySE2VelocityControl"}}},"body":{"type":"BodyCommand","control":{"type":"JointImpedanceControlCommand","control":{"type":"JointImpedanceControl"}}},"head":{"type":"HeadCommand","control":{"type":"JointPositionCommand","control":{"type":"JointPositionControl"}}}}}}
[07/30/26 14:33:03.805842] [info] [00:21:15.959239] [ControlInterface] Control was preempted or canceled by another request.
[07/30/26 14:33:03.805853] [debug] [00:21:15.959247] [ControlInterface::ExecutionStats] Average Control Time: 0.120 ms (max: 0.205 ms, min: 0.112 ms, sigma: 0.005 ms, count: 3881)
[07/30/26 14:33:03.807617] [info] [00:21:15.961017] [ControlManager] Control started: {"type":"RobotCommand","control":{"type":"WholeBodyCommand","control":{"type":"StopControl","control":{"type":"JointVelocityControl"}}}} (priority: 10)
[07/30/26 14:33:03.807636] [debug] [00:21:15.961037] [ControlManager] Control finished: {"type":"RobotCommand","control":{"type":"WholeBodyCommand","control":{"type":"StopControl","control":{"type":"JointVelocityControl"}}}}
[07/30/26 14:33:03.807676] [info] [00:21:15.961072] [ControlInterface] Control completed successfully.
[07/30/26 14:33:03.807681] [debug] [00:21:15.961079] [ControlInterface::ExecutionStats] Average Control Time: 0.006 ms (max: 0.006 ms, min: 0.006 ms, sigma: 0.000 ms, count: 1)
[07/30/26 14:33:26.340620] [debug] [00:21:38.494003] [Hardware] Hardware Loop Stat (avg: 2.000 ms, min: 1.999 ms, max: 2.002 ms, count: 15000)
[07/30/26 14:33:26.479615] [debug] [00:21:38.633002] [ControlManager] Control Manager Loop Stat (avg: 2.000 ms, min: 1.999 ms, max: 2.001 ms, count: 15000)
[07/30/26 14:33:56.340619] [debug] [00:22:08.494003] [Hardware] Hardware Loop Stat (avg: 2.000 ms, min: 1.998 ms, max: 2.002 ms, count: 15000)
[07/30/26 14:33:56.479614] [debug] [00:22:08.633002] [ControlManager] Control Manager Loop Stat (avg: 2.000 ms, min: 1.999 ms, max: 2.001 ms, count: 15000)
[07/30/26 14:34:10.293615] [error] [00:22:22.447007] [ControlManager] Joint 5 torso_1 TEMPERATURE ERROR
[07/30/26 14:34:10.293623] [info] [00:22:22.447023] [ControlManager] Control Manager state changed to 'MajorFault'.
[07/30/26 14:34:10.293626] [error] [00:22:22.447027] [ControlManager] Major Fault Reaction Started...
[07/30/26 14:34:10.293651] [error] [00:22:22.447052] [ControlManager] Motor Error Occurred
[07/30/26 14:34:10.293684] [info] [00:22:22.447076] [Hardware::ExecutePowerCommand] Started: device name = 48v|.*, command = PowerOff
[07/30/26 14:34:10.544796] [info] [00:22:22.698186] [Hardware::ExecutePowerCommand] Power command succeeded
[07/30/26 14:34:11.688491] [error] [00:22:23.841876] [RobotApp] Robot states have been saved: [logs/fault-2026-07-30_14-34-11-555.csv]
[07/30/26 14:34:26.340617] [debug] [00:22:38.494003] [Hardware] Hardware Loop Stat (avg: 2.000 ms, min: 1.999 ms, max: 2.002 ms, count: 15000)
[07/30/26 14:34:26.479608] [debug] [00:22:38.633002] [ControlManager] Control Manager Loop Stat (avg: 2.000 ms, min: 1.998 ms, max: 2.002 ms, count: 15000)
[07/30/26 14:34:56.340616] [debug] [00:23:08.494002] [Hardware] Hardware Loop Stat (avg: 2.000 ms, min: 1.999 ms, max: 2.001 ms, count: 15000)
[07/30/26 14:34:56.479606] [debug] [00:23:08.633002] [ControlManager] Control Manager Loop Stat (avg: 2.000 ms, min: 1.999 ms, max: 2.001 ms, count: 15000)
[07/30/26 14:35:24.789017] [debug] [00:23:36.942397] [Service] Server method called: /rb.api.RobotInfoService/GetRobotModel
[07/30/26 14:35:24.789055] [debug] [00:23:36.942454] [Service::RobotInfoService::GetRobotModel] Requested: request_header { request_timestamp { seconds: 1785389670 nanos: 724745723 } }
[07/30/26 14:35:24.792002] [debug] [00:23:36.945398] [Service] Server method called: /rb.api.RobotStateService/GetRobotStateStream
[07/30/26 14:35:24.792039] [debug] [00:23:36.945439] [Service::RobotStateService::GetRobotStateStream] Requested: request_header { request_timestamp { seconds: 1785389670 nanos: 728003481 } } update_rate: 100
[07/30/26 14:35:26.340615] [debug] [00:23:38.494002] [Hardware] Hardware Loop Stat (avg: 2.000 ms, min: 1.999 ms, max: 2.001 ms, count: 15000)
[07/30/26 14:35:26.479604] [debug] [00:23:38.633002] [ControlManager] Control Manager Loop Stat (avg: 2.000 ms, min: 1.998 ms, max: 2.002 ms, count: 15000)
[07/30/26 14:35:56.340614] [debug] [00:24:08.494003] [Hardware] Hardware Loop Stat (avg: 2.000 ms, min: 1.999 ms, max: 2.001 ms, count: 15000)
[07/30/26 14:35:56.479604] [debug] [00:24:08.633002] [ControlManager] Control Manager Loop Stat (avg: 2.000 ms, min: 1.999 ms, max: 2.001 ms, count: 15000)
[07/30/26 14:36:26.340616] [debug] [00:24:38.494002] [Hardware] Hardware Loop Stat (avg: 2.000 ms, min: 1.999 ms, max: 2.001 ms, count: 15000)
[07/30/26 14:36:26.479604] [debug] [00:24:38.633002] [ControlManager] Control Manager Loop Stat (avg: 2.000 ms, min: 1.999 ms, max: 2.001 ms, count: 15000)
[07/30/26 14:36:56.340613] [debug] [00:25:08.494002] [Hardware] Hardware Loop Stat (avg: 2.000 ms, min: 1.999 ms, max: 2.001 ms, count: 15000)
[07/30/26 14:36:56.479603] [debug] [00:25:08.633002] [ControlManager] Control Manager Loop Stat (avg: 2.000 ms, min: 1.999 ms, max: 2.001 ms, count: 15000)
[07/30/26 14:37:07.128033] [debug] [00:25:19.281423] [Service] Server method called: /rb.api.RobotStateService/GetRobotStateStream
[07/30/26 14:37:07.128064] [debug] [00:25:19.281463] [Service::RobotStateService::GetRobotStateStream] Requested: update_rate: 20
[07/30/26 14:37:26.340616] [debug] [00:25:38.494003] [Hardware] Hardware Loop Stat (avg: 2.000 ms, min: 1.998 ms, max: 2.002 ms, count: 15000)
[07/30/26 14:37:26.479606] [debug] [00:25:38.633003] [ControlManager] Control Manager Loop Stat (avg: 2.000 ms, min: 1.999 ms, max: 2.001 ms, count: 15000)
[07/30/26 14:37:34.294815] [debug] [00:25:46.448201] [Service] Server method called: /rb.api.RobotInfoService/GetRobotInfo
[07/30/26 14:37:34.294856] [debug] [00:25:46.448255] [Service::RobotInfoService::GetRobotInfo] Requested: request_header { request_timestamp { seconds: 1785389800 nanos: 228938953 } }
[07/30/26 14:37:34.295690] [debug] [00:25:46.449086] [Service] Server method called: /rb.api.RobotStateService/GetRobotState
[07/30/26 14:37:34.295710] [debug] [00:25:46.449109] [Service::RobotStateService::GetRobotState] Requested: request_header { request_timestamp { seconds: 1785389800 nanos: 229922009 } }
[07/30/26 14:37:34.296288] [debug] [00:25:46.449686] [Service] Server method called: /rb.api.PowerService/PowerCommand
[07/30/26 14:37:34.296308] [debug] [00:25:46.449708] [Service::PowerService::PowerCommand] Requested: request_header { request_timestamp { seconds: 1785389800 nanos: 230601265 } } name: ".*" command: COMMAND_POWER_ON
[07/30/26 14:37:34.296312] [info] [00:25:46.449712] [Hardware::ExecutePowerCommand] Started: device name = .*, command = PowerOn
[07/30/26 14:37:35.556785] [error] [00:25:47.710174] [Hardware::ExecutePowerCommand] EMO Error: Please check EMO Switch
[07/30/26 14:37:35.556807] [error] [00:25:47.710198] [Hardware::ExecutePowerCommand] Timeout: Power command failed - unmatched power states: 48v
[07/30/26 14:37:35.556813] [debug] [00:25:47.710214] [Service::PowerService::PowerCommand] Result: Failed
[07/30/26 14:37:53.380375] [debug] [00:26:05.533762] [Service] Server method called: /rb.api.RobotInfoService/GetRobotInfo
[07/30/26 14:37:53.380411] [debug] [00:26:05.533810] [Service::RobotInfoService::GetRobotInfo] Requested: request_header { request_timestamp { seconds: 1785389819 nanos: 314233967 } }
[07/30/26 14:37:53.380993] [debug] [00:26:05.534383] [Service] Server method called: /rb.api.RobotStateService/GetRobotState
[07/30/26 14:37:53.381020] [debug] [00:26:05.534421] [Service::RobotStateService::GetRobotState] Requested: request_header { request_timestamp { seconds: 1785389819 nanos: 314946130 } }
[07/30/26 14:37:53.381561] [debug] [00:26:05.534956] [Service] Server method called: /rb.api.PowerService/PowerCommand
[07/30/26 14:37:53.381584] [debug] [00:26:05.534984] [Service::PowerService::PowerCommand] Requested: request_header { request_timestamp { seconds: 1785389819 nanos: 315537195 } } name: ".*" command: COMMAND_POWER_ON
[07/30/26 14:37:53.381589] [info] [00:26:05.534989] [Hardware::ExecutePowerCommand] Started: device name = .*, command = PowerOn
[07/30/26 14:37:53.728798] [info] [00:26:05.882188] [Hardware::ExecutePowerCommand] Power command succeeded
[07/30/26 14:37:53.728807] [debug] [00:26:05.882207] [Service::PowerService::PowerCommand] Result: Success
[07/30/26 14:37:53.729800] [debug] [00:26:05.883195] [Service] Server method called: /rb.api.RobotInfoService/GetRobotInfo
[07/30/26 14:37:53.729827] [debug] [00:26:05.883227] [Service::RobotInfoService::GetRobotInfo] Requested: request_header { request_timestamp { seconds: 1785389819 nanos: 663722948 } }
[07/30/26 14:37:53.730469] [debug] [00:26:05.883863] [Service] Server method called: /rb.api.RobotStateService/GetRobotState
[07/30/26 14:37:53.730491] [debug] [00:26:05.883892] [Service::RobotStateService::GetRobotState] Requested: request_header { request_timestamp { seconds: 1785389819 nanos: 664433806 } }
[07/30/26 14:37:53.731164] [debug] [00:26:05.884562] [Service] Server method called: /rb.api.PowerService/JointCommand
[07/30/26 14:37:53.731183] [debug] [00:26:05.884583] [Service::PowerService::JointCommand] Requested: request_header { request_timestamp { seconds: 1785389819 nanos: 665119803 } } name: ".*" command: COMMAND_SERVO_ON
[07/30/26 14:37:56.340614] [debug] [00:26:08.494002] [Hardware] Hardware Loop Stat (avg: 2.000 ms, min: 1.999 ms, max: 2.001 ms, count: 15000)
[07/30/26 14:37:56.479607] [debug] [00:26:08.633003] [ControlManager] Control Manager Loop Stat (avg: 2.000 ms, min: 1.998 ms, max: 2.002 ms, count: 15000)
[07/30/26 14:37:56.788790] [debug] [00:26:08.942182] [Service::PowerService::JointCommand] Result: Success
[07/30/26 14:37:56.789434] [debug] [00:26:08.942819] [Service] Server method called: /rb.api.RobotStateService/GetControlManagerState
[07/30/26 14:37:56.789466] [debug] [00:26:08.942865] [Service::RobotStateService::GetControlManagerState] Requested: request_header { request_timestamp { seconds: 1785389822 nanos: 723245631 } }
[07/30/26 14:37:56.789789] [debug] [00:26:08.943186] [Service] Server method called: /rb.api.ControlManagerService/ControlManagerCommand
[07/30/26 14:37:56.789808] [debug] [00:26:08.943207] [Service::ControlManagerService::ControlManagerCommand] Requested: request_header { request_timestamp { seconds: 1785389822 nanos: 723741310 } } command: COMMAND_RESET_FAULT
[07/30/26 14:37:56.789811] [info] [00:26:08.943212] [ControlManager::ResetFault] Reset fault request received. Starting the process...
[07/30/26 14:37:56.791613] [info] [00:26:08.945013] [ControlManager::ResetFault] Control Manager successfully reset
[07/30/26 14:37:56.792126] [debug] [00:26:08.945520] [Service] Server method called: /rb.api.RobotInfoService/GetRobotInfo
[07/30/26 14:37:56.792158] [debug] [00:26:08.945558] [Service::RobotInfoService::GetRobotInfo] Requested: request_header { request_timestamp { seconds: 1785389822 nanos: 725989444 } }
[07/30/26 14:37:56.792756] [debug] [00:26:08.946150] [Service] Server method called: /rb.api.RobotStateService/GetRobotState
[07/30/26 14:37:56.792778] [debug] [00:26:08.946179] [Service::RobotStateService::GetRobotState] Requested: request_header { request_timestamp { seconds: 1785389822 nanos: 726670554 } }
[07/30/26 14:37:56.793115] [debug] [00:26:08.946513] [Service] Server method called: /rb.api.RobotStateService/GetRobotState
[07/30/26 14:37:56.793129] [debug] [00:26:08.946529] [Service::RobotStateService::GetRobotState] Requested: request_header { request_timestamp { seconds: 1785389822 nanos: 727095081 } }
[07/30/26 14:37:56.793514] [debug] [00:26:08.946910] [Service] Server method called: /rb.api.RobotInfoService/GetRobotInfo
[07/30/26 14:37:56.793537] [debug] [00:26:08.946937] [Service::RobotInfoService::GetRobotInfo] Requested: request_header { request_timestamp { seconds: 1785389822 nanos: 727459517 } }
[07/30/26 14:37:56.794086] [debug] [00:26:08.947485] [Service] Server method called: /rb.api.ControlManagerService/ControlManagerCommand
[07/30/26 14:37:56.794104] [debug] [00:26:08.947504] [Service::ControlManagerService::ControlManagerCommand] Requested: request_header { request_timestamp { seconds: 1785389822 nanos: 728032943 } } command: COMMAND_ENABLE unlimited_mode_enabled { }
[07/30/26 14:37:56.794108] [info] [00:26:08.947508] [ControlManager::Enable] Enable request received. Starting the enabling process...
[07/30/26 14:37:56.795614] [info] [00:26:08.949015] [ControlManager::Enable] Control Manager successfully enabled
[07/30/26 14:37:56.796019] [debug] [00:26:08.949418] [Service] Server method called: /rb.api.ParameterService/SetParameter
[07/30/26 14:37:56.796033] [debug] [00:26:08.949434] [Service::ParameterService::SetParameter] Requested: request_header { request_timestamp { seconds: 1785389822 nanos: 729958010 } } name: "cartesian_command.cutoff_frequency" parameter: "{\"value\":5,\"write_db\":true}"
[07/30/26 14:37:56.806306] [debug] [00:26:08.959701] [Service] Server method called: /rb.api.ParameterService/SetParameter
[07/30/26 14:37:56.806326] [debug] [00:26:08.959725] [Service::ParameterService::SetParameter] Requested: request_header { request_timestamp { seconds: 1785389822 nanos: 740228757 } } name: "default.acceleration_limit_scaling" parameter: "{\"value\":1.0,\"write_db\":true}"
[07/30/26 14:37:56.812297] [debug] [00:26:08.965693] [Service] Server method called: /rb.api.ParameterService/SetParameter
[07/30/26 14:37:56.812349] [debug] [00:26:08.965748] [Service::ParameterService::SetParameter] Requested: request_header { request_timestamp { seconds: 1785389822 nanos: 746224979 } } name: "default.angular_acceleration_limit" parameter: "{\"value\":10,\"write_db\":true}"
[07/30/26 14:37:56.818398] [debug] [00:26:08.971794] [Service] Server method called: /rb.api.ParameterService/SetParameter
[07/30/26 14:37:56.818416] [debug] [00:26:08.971816] [Service::ParameterService::SetParameter] Requested: request_header { request_timestamp { seconds: 1785389822 nanos: 752253215 } } name: "default.linear_acceleration_limit" parameter: "{\"value\":20,\"write_db\":true}"
[07/30/26 14:37:56.824596] [debug] [00:26:08.977991] [Service] Server method called: /rb.api.ParameterService/SetParameter
[07/30/26 14:37:56.824614] [debug] [00:26:08.978013] [Service::ParameterService::SetParameter] Requested: request_header { request_timestamp { seconds: 1785389822 nanos: 758433959 } } name: "joint_position_command.cutoff_frequency" parameter: "{\"value\":5,\"write_db\":true}"
[07/30/26 14:37:56.830641] [debug] [00:26:08.984037] [Service] Server method called: /rb.api.RobotCommandService/RobotCommand
[07/30/26 14:37:56.830715] [debug] [00:26:08.984113] [Service::RobotCommandService::RobotCommand] Requested: robot_command { component_based_command { body_command { joint_position_command { command_header { control_hold_time { seconds: 1 } } minimum_time { nanos: 500000000 } position: 0.027960976539578866 position: 1.4046821547919042 position: -1.5672423515041518 position: 0.83071514533659463 position: 0.041611127362472133 position: 0.35168787751567265 position: -0.11323739860671653 position: -0.35380279657223773 position: -0.24901368324533693 position... [truncated]
[07/30/26 14:37:56.830718] [debug] [00:26:08.984119] [Service::RobotCommandService::RobotCommand]   Peer: ipv4:192.168.30.230:59088
[07/30/26 14:37:56.830885] [debug] [00:26:08.984284] [Service::RobotCommandService::RobotCommand]   IP: 192.168.30.230, Family: ipv4
[07/30/26 14:37:56.835650] [info] [00:26:08.989048] [ControlManager] Control started: {"type":"RobotCommand","control":{"type":"ComponentBasedCommand","components":{"mobility":null,"body":{"type":"BodyCommand","control":{"type":"JointPositionCommand","control":{"type":"JointPositionControl"}}},"head":{"type":"HeadCommand","control":{"type":"JointPositionCommand","control":{"type":"JointPositionControl"}}}}}} (priority: 1)
[07/30/26 14:37:58.593654] [debug] [00:26:10.747042] [ControlManager] Control finished: {"type":"RobotCommand","control":{"type":"ComponentBasedCommand","components":{"mobility":null,"body":{"type":"BodyCommand","control":{"type":"JointPositionCommand","control":{"type":"JointPositionControl"}}},"head":{"type":"HeadCommand","control":{"type":"JointPositionCommand","control":{"type":"JointPositionControl"}}}}}}
[07/30/26 14:37:58.593721] [info] [00:26:10.747115] [ControlInterface] Control completed successfully.
[07/30/26 14:37:58.593730] [debug] [00:26:10.747125] [ControlInterface::ExecutionStats] Average Control Time: 0.001 ms (max: 0.035 ms, min: 0.001 ms, sigma: 0.001 ms, count: 880)
[07/30/26 14:37:58.594368] [debug] [00:26:10.747753] [Service] Server method called: /rb.api.PowerService/ToolFlangePowerCommand
[07/30/26 14:37:58.594401] [debug] [00:26:10.747800] [Service::PowerService::ToolFlangePowerCommand] Requested: request_header { request_timestamp { seconds: 1785389824 nanos: 528162968 } } name: "right" command: COMMAND_POWER_12V
[07/30/26 14:37:58.594405] [debug] [00:26:10.747806] [Service::PowerService::ToolFlangePowerCommand] Result: Success
[07/30/26 14:37:58.594746] [debug] [00:26:10.748144] [Service] Server method called: /rb.api.PowerService/ToolFlangePowerCommand
[07/30/26 14:37:58.594761] [debug] [00:26:10.748161] [Service::PowerService::ToolFlangePowerCommand] Requested: request_header { request_timestamp { seconds: 1785389824 nanos: 528652864 } } name: "left" command: COMMAND_POWER_12V
[07/30/26 14:37:58.594765] [debug] [00:26:10.748166] [Service::PowerService::ToolFlangePowerCommand] Result: Success
[07/30/26 14:37:59.254969] [debug] [00:26:11.408356] [Service] Server method called: /rb.api.RobotCommandService/RobotCommand
[07/30/26 14:37:59.255046] [debug] [00:26:11.408443] [Service::RobotCommandService::RobotCommand] Requested: robot_command { component_based_command { body_command { joint_position_command { command_header { control_hold_time { seconds: 1 } } minimum_time { seconds: 4 } position: 0 position: 0.78539816339744828 position: -1.3962634015954636 position: 0.78539816339744828 position: 0 position: 0 position: 0 position: -0.26179938779914941 position: 0 position: -2.0943951023931953 position: 0 position: 0.52359877559829882 position: 0 position: 0 position: 0... [truncated]
[07/30/26 14:37:59.255050] [debug] [00:26:11.408451] [Service::RobotCommandService::RobotCommand]   Peer: ipv4:192.168.30.230:59088
[07/30/26 14:37:59.255220] [debug] [00:26:11.408619] [Service::RobotCommandService::RobotCommand]   IP: 192.168.30.230, Family: ipv4
[07/30/26 14:37:59.259636] [info] [00:26:11.413031] [ControlManager] Control started: {"type":"RobotCommand","control":{"type":"ComponentBasedCommand","components":{"mobility":null,"body":{"type":"BodyCommand","control":{"type":"JointPositionCommand","control":{"type":"JointPositionControl"}}},"head":{"type":"HeadCommand","control":{"type":"JointPositionCommand","control":{"type":"JointPositionControl"}}}}}} (priority: 1)
[07/30/26 14:38:04.517651] [debug] [00:26:16.671041] [ControlManager] Control finished: {"type":"RobotCommand","control":{"type":"ComponentBasedCommand","components":{"mobility":null,"body":{"type":"BodyCommand","control":{"type":"JointPositionCommand","control":{"type":"JointPositionControl"}}},"head":{"type":"HeadCommand","control":{"type":"JointPositionCommand","control":{"type":"JointPositionControl"}}}}}}
[07/30/26 14:38:04.517712] [info] [00:26:16.671106] [ControlInterface] Control completed successfully.
[07/30/26 14:38:04.517722] [debug] [00:26:16.671117] [ControlInterface::ExecutionStats] Average Control Time: 0.001 ms (max: 0.017 ms, min: 0.001 ms, sigma: 0.000 ms, count: 2630)
[07/30/26 14:38:04.519178] [debug] [00:26:16.672572] [Service] Server method called: /rb.api.RobotCommandService/RobotCommandStream
[07/30/26 14:38:04.519190] [debug] [00:26:16.672591] [Service::RobotCommandService::RobotCommandStream] Stream is created
[07/30/26 14:38:04.573571] [debug] [00:26:16.726965] [Service::RobotCommandService::RobotCommandStream] Requested: robot_command { component_based_command { mobility_command { se2_velocity_command { command_header { control_hold_time { seconds: 1 } } minimum_time { nanos: 10100000 } velocity { linear { } } acceleration_limit { linear { x: 1 y: 1 } angular: 1 } } } body_command { joint_impedance_control_command { command_header { control_hold_time { seconds: 1 } } minimum_time { nanos: 10100000 } position: -0.00015114524992099356 position: 0.7850651549857357 p... [truncated]
[07/30/26 14:38:04.573580] [debug] [00:26:16.726980] [Service::RobotCommandService::RobotCommandStream]   Peer: ipv4:192.168.30.230:59088
[07/30/26 14:38:04.573730] [debug] [00:26:16.727129] [Service::RobotCommandService::RobotCommandStream]   IP: 192.168.30.230, Family: ipv4
[07/30/26 14:38:04.579635] [info] [00:26:16.733034] [ControlManager] Control started: {"type":"RobotCommand","control":{"type":"ComponentBasedCommand","components":{"mobility":{"type":"MobilityCommand","control":{"type":"SE2VelocityCommand","control":{"type":"MobilitySE2VelocityControl"}}},"body":{"type":"BodyCommand","control":{"type":"JointImpedanceControlCommand","control":{"type":"JointImpedanceControl"}}},"head":{"type":"HeadCommand","control":{"type":"JointPositionCommand","control":{"type":"JointPositionControl"}}}}}} (priority: 1)
[07/30/26 14:38:04.763226] [debug] [00:26:16.916615] [Service] Server method called: /rb.api.RobotCommandService/RobotCommand
[07/30/26 14:38:04.763258] [debug] [00:26:16.916657] [Service::RobotCommandService::RobotCommand] Requested: robot_command { whole_body_command { stop_command { } } } priority: 99
[07/30/26 14:38:04.763261] [debug] [00:26:16.916662] [Service::RobotCommandService::RobotCommand]   Peer: ipv4:192.168.30.230:59088
[07/30/26 14:38:04.763417] [debug] [00:26:16.916816] [Service::RobotCommandService::RobotCommand]   IP: 192.168.30.230, Family: ipv4
[07/30/26 14:38:04.865779] [debug] [00:26:17.019170] [ControlManager] Control finished: {"type":"RobotCommand","control":{"type":"ComponentBasedCommand","components":{"mobility":{"type":"MobilityCommand","control":{"type":"SE2VelocityCommand","control":{"type":"MobilitySE2VelocityControl"}}},"body":{"type":"BodyCommand","control":{"type":"JointImpedanceControlCommand","control":{"type":"JointImpedanceControl"}}},"head":{"type":"HeadCommand","control":{"type":"JointPositionCommand","control":{"type":"JointPositionControl"}}}}}}
[07/30/26 14:38:04.865944] [debug] [00:26:17.019340] [Service::RobotCommandService::RobotCommandStream] OnReadDone (write_done: true, read_done: true)
[07/30/26 14:38:04.865971] [debug] [00:26:17.019366] [Service::RobotCommandService::RobotCommandStream] OnCancel
[07/30/26 14:38:04.866054] [info] [00:26:17.019449] [ControlInterface] Control was preempted or canceled by another request.
[07/30/26 14:38:04.866064] [debug] [00:26:17.019459] [ControlInterface::ExecutionStats] Average Control Time: 0.121 ms (max: 0.208 ms, min: 0.116 ms, sigma: 0.008 ms, count: 144)
[07/30/26 14:38:04.866100] [debug] [00:26:17.019498] [Service::RobotCommandService::RobotCommandStream] OnDone: robot_command { component_based_command { mobility_command { se2_velocity_command { command_header { control_hold_time { seconds: 1 } } minimum_time { nanos: 10100000 } velocity { linear { } } acceleration_limit { linear { x: 1 y: 1 } angular: 1 } } } body_command { joint_impedance_control_command { command_header { control_hold_time { seconds: 1 } } minimum_time { nanos: 10100000 } position: -0.0016583167784191132 position: 0.78876044235042331 p... [truncated]
[07/30/26 14:38:04.867618] [info] [00:26:17.021018] [ControlManager] Control started: {"type":"RobotCommand","control":{"type":"WholeBodyCommand","control":{"type":"StopControl","control":{"type":"JointVelocityControl"}}}} (priority: 99)
[07/30/26 14:38:04.867636] [debug] [00:26:17.021038] [ControlManager] Control finished: {"type":"RobotCommand","control":{"type":"WholeBodyCommand","control":{"type":"StopControl","control":{"type":"JointVelocityControl"}}}}
[07/30/26 14:38:04.867678] [info] [00:26:17.021075] [ControlInterface] Control completed successfully.
[07/30/26 14:38:04.867684] [debug] [00:26:17.021081] [ControlInterface::ExecutionStats] Average Control Time: 0.006 ms (max: 0.006 ms, min: 0.006 ms, sigma: 0.000 ms, count: 1)
[07/30/26 14:38:04.868374] [debug] [00:26:17.021771] [Service] Server method called: /rb.api.ControlManagerService/ControlManagerCommand
[07/30/26 14:38:04.868399] [debug] [00:26:17.021799] [Service::ControlManagerService::ControlManagerCommand] Requested: request_header { request_timestamp { seconds: 1785389830 nanos: 802101850 } } command: COMMAND_DISABLE
[07/30/26 14:38:04.868403] [info] [00:26:17.021804] [ControlManager::Disable] Disable request received. Starting the disabling process...
[07/30/26 14:38:04.869622] [info] [00:26:17.023021] [ControlManager::Disable] Control Manager successfully disabled
[07/30/26 14:38:26.340617] [debug] [00:26:38.494003] [Hardware] Hardware Loop Stat (avg: 2.000 ms, min: 1.998 ms, max: 2.002 ms, count: 15000)
[07/30/26 14:38:26.479610] [debug] [00:26:38.633003] [ControlManager] Control Manager Loop Stat (avg: 2.000 ms, min: 1.998 ms, max: 2.002 ms, count: 15000)
[07/30/26 14:38:56.340616] [debug] [00:27:08.494003] [Hardware] Hardware Loop Stat (avg: 2.000 ms, min: 1.999 ms, max: 2.001 ms, count: 15000)
[07/30/26 14:38:56.479608] [debug] [00:27:08.633003] [ControlManager] Control Manager Loop Stat (avg: 2.000 ms, min: 1.999 ms, max: 2.002 ms, count: 15000)
[07/30/26 14:38:59.639342] [debug] [00:27:11.792727] [Service] Server method called: /rb.api.RobotInfoService/GetRobotInfo
[07/30/26 14:38:59.639378] [debug] [00:27:11.792777] [Service::RobotInfoService::GetRobotInfo] Requested: request_header { request_timestamp { seconds: 1785389885 nanos: 572010098 } }
[07/30/26 14:38:59.639974] [debug] [00:27:11.793371] [Service] Server method called: /rb.api.RobotStateService/GetRobotState
[07/30/26 14:38:59.639992] [debug] [00:27:11.793392] [Service::RobotStateService::GetRobotState] Requested: request_header { request_timestamp { seconds: 1785389885 nanos: 572735563 } }
[07/30/26 14:38:59.640492] [debug] [00:27:11.793889] [Service] Server method called: /rb.api.RobotInfoService/GetRobotInfo
[07/30/26 14:38:59.640518] [debug] [00:27:11.793917] [Service::RobotInfoService::GetRobotInfo] Requested: request_header { request_timestamp { seconds: 1785389885 nanos: 573299182 } }
[07/30/26 14:38:59.641198] [debug] [00:27:11.794596] [Service] Server method called: /rb.api.RobotStateService/GetRobotState
[07/30/26 14:38:59.641213] [debug] [00:27:11.794613] [Service::RobotStateService::GetRobotState] Requested: request_header { request_timestamp { seconds: 1785389885 nanos: 573970785 } }
[07/30/26 14:38:59.641867] [debug] [00:27:11.795264] [Service] Server method called: /rb.api.RobotStateService/GetControlManagerState
[07/30/26 14:38:59.641884] [debug] [00:27:11.795284] [Service::RobotStateService::GetControlManagerState] Requested: request_header { request_timestamp { seconds: 1785389885 nanos: 574637028 } }
[07/30/26 14:38:59.642234] [debug] [00:27:11.795625] [Service] Server method called: /rb.api.RobotInfoService/GetRobotInfo
[07/30/26 14:38:59.642258] [debug] [00:27:11.795657] [Service::RobotInfoService::GetRobotInfo] Requested: request_header { request_timestamp { seconds: 1785389885 nanos: 575019551 } }
[07/30/26 14:38:59.643225] [debug] [00:27:11.796621] [Service] Server method called: /rb.api.RobotStateService/GetRobotState
[07/30/26 14:38:59.643244] [debug] [00:27:11.796644] [Service::RobotStateService::GetRobotState] Requested: request_header { request_timestamp { seconds: 1785389885 nanos: 575989271 } }
[07/30/26 14:38:59.643753] [debug] [00:27:11.797151] [Service] Server method called: /rb.api.RobotStateService/GetRobotState
[07/30/26 14:38:59.643776] [debug] [00:27:11.797176] [Service::RobotStateService::GetRobotState] Requested: request_header { request_timestamp { seconds: 1785389885 nanos: 576559625 } }
[07/30/26 14:38:59.644229] [debug] [00:27:11.797626] [Service] Server method called: /rb.api.RobotInfoService/GetRobotInfo
[07/30/26 14:38:59.644247] [debug] [00:27:11.797647] [Service::RobotInfoService::GetRobotInfo] Requested: request_header { request_timestamp { seconds: 1785389885 nanos: 577049378 } }
[07/30/26 14:38:59.644786] [debug] [00:27:11.798183] [Service] Server method called: /rb.api.ControlManagerService/ControlManagerCommand
[07/30/26 14:38:59.644806] [debug] [00:27:11.798206] [Service::ControlManagerService::ControlManagerCommand] Requested: request_header { request_timestamp { seconds: 1785389885 nanos: 577592476 } } command: COMMAND_ENABLE unlimited_mode_enabled { }
[07/30/26 14:38:59.644810] [info] [00:27:11.798211] [ControlManager::Enable] Enable request received. Starting the enabling process...
[07/30/26 14:38:59.645615] [info] [00:27:11.799016] [ControlManager::Enable] Control Manager successfully enabled
[07/30/26 14:38:59.646047] [debug] [00:27:11.799444] [Service] Server method called: /rb.api.ParameterService/SetParameter
[07/30/26 14:38:59.646071] [debug] [00:27:11.799471] [Service::ParameterService::SetParameter] Requested: request_header { request_timestamp { seconds: 1785389885 nanos: 578843468 } } name: "cartesian_command.cutoff_frequency" parameter: "{\"value\":5,\"write_db\":true}"
[07/30/26 14:38:59.656423] [debug] [00:27:11.809818] [Service] Server method called: /rb.api.ParameterService/SetParameter
[07/30/26 14:38:59.656443] [debug] [00:27:11.809842] [Service::ParameterService::SetParameter] Requested: request_header { request_timestamp { seconds: 1785389885 nanos: 589153697 } } name: "default.acceleration_limit_scaling" parameter: "{\"value\":1.0,\"write_db\":true}"
[07/30/26 14:38:59.662352] [debug] [00:27:11.815748] [Service] Server method called: /rb.api.ParameterService/SetParameter
[07/30/26 14:38:59.662380] [debug] [00:27:11.815779] [Service::ParameterService::SetParameter] Requested: request_header { request_timestamp { seconds: 1785389885 nanos: 595023838 } } name: "default.angular_acceleration_limit" parameter: "{\"value\":10,\"write_db\":true}"
[07/30/26 14:38:59.668590] [debug] [00:27:11.821984] [Service] Server method called: /rb.api.ParameterService/SetParameter
[07/30/26 14:38:59.668611] [debug] [00:27:11.822010] [Service::ParameterService::SetParameter] Requested: request_header { request_timestamp { seconds: 1785389885 nanos: 601247312 } } name: "default.linear_acceleration_limit" parameter: "{\"value\":20,\"write_db\":true}"
[07/30/26 14:38:59.674668] [debug] [00:27:11.828064] [Service] Server method called: /rb.api.ParameterService/SetParameter
[07/30/26 14:38:59.674687] [debug] [00:27:11.828087] [Service::ParameterService::SetParameter] Requested: request_header { request_timestamp { seconds: 1785389885 nanos: 607325233 } } name: "joint_position_command.cutoff_frequency" parameter: "{\"value\":5,\"write_db\":true}"
[07/30/26 14:38:59.680701] [debug] [00:27:11.834095] [Service] Server method called: /rb.api.RobotCommandService/RobotCommand
[07/30/26 14:38:59.680778] [debug] [00:27:11.834176] [Service::RobotCommandService::RobotCommand] Requested: robot_command { component_based_command { body_command { joint_position_command { command_header { control_hold_time { seconds: 1 } } minimum_time { nanos: 500000000 } position: -9.8721535854026413e-05 position: 0.78547790002256124 position: -1.4045492604167162 position: 0.78523869014722258 position: 4.1766803630549638e-05 position: -9.4924553705794636e-05 position: -0.00170104800240784 position: -0.2617411674062099 position: 6.4548696519940349e-... [truncated]
[07/30/26 14:38:59.680782] [debug] [00:27:11.834183] [Service::RobotCommandService::RobotCommand]   Peer: ipv4:192.168.30.230:59088
[07/30/26 14:38:59.680930] [debug] [00:27:11.834329] [Service::RobotCommandService::RobotCommand]   IP: 192.168.30.230, Family: ipv4
[07/30/26 14:38:59.685646] [info] [00:27:11.839043] [ControlManager] Control started: {"type":"RobotCommand","control":{"type":"ComponentBasedCommand","components":{"mobility":null,"body":{"type":"BodyCommand","control":{"type":"JointPositionCommand","control":{"type":"JointPositionControl"}}},"head":{"type":"HeadCommand","control":{"type":"JointPositionCommand","control":{"type":"JointPositionControl"}}}}}} (priority: 1)
[07/30/26 14:39:01.443652] [debug] [00:27:13.597042] [ControlManager] Control finished: {"type":"RobotCommand","control":{"type":"ComponentBasedCommand","components":{"mobility":null,"body":{"type":"BodyCommand","control":{"type":"JointPositionCommand","control":{"type":"JointPositionControl"}}},"head":{"type":"HeadCommand","control":{"type":"JointPositionCommand","control":{"type":"JointPositionControl"}}}}}}
[07/30/26 14:39:01.443717] [info] [00:27:13.597112] [ControlInterface] Control completed successfully.
[07/30/26 14:39:01.443727] [debug] [00:27:13.597122] [ControlInterface::ExecutionStats] Average Control Time: 0.001 ms (max: 0.026 ms, min: 0.001 ms, sigma: 0.001 ms, count: 880)
[07/30/26 14:39:01.444573] [debug] [00:27:13.597968] [Service] Server method called: /rb.api.PowerService/ToolFlangePowerCommand
[07/30/26 14:39:01.444608] [debug] [00:27:13.598008] [Service::PowerService::ToolFlangePowerCommand] Requested: request_header { request_timestamp { seconds: 1785389887 nanos: 377153223 } } name: "right" command: COMMAND_POWER_12V
[07/30/26 14:39:01.444613] [debug] [00:27:13.598014] [Service::PowerService::ToolFlangePowerCommand] Result: Success
[07/30/26 14:39:01.445319] [debug] [00:27:13.598716] [Service] Server method called: /rb.api.PowerService/ToolFlangePowerCommand
[07/30/26 14:39:01.445338] [debug] [00:27:13.598737] [Service::PowerService::ToolFlangePowerCommand] Requested: request_header { request_timestamp { seconds: 1785389887 nanos: 377970798 } } name: "left" command: COMMAND_POWER_12V
[07/30/26 14:39:01.445342] [debug] [00:27:13.598743] [Service::PowerService::ToolFlangePowerCommand] Result: Success
[07/30/26 14:39:14.179641] [debug] [00:27:26.333028] [Service] Server method called: /rb.api.RobotCommandService/RobotCommand
[07/30/26 14:39:14.179719] [debug] [00:27:26.333116] [Service::RobotCommandService::RobotCommand] Requested: robot_command { component_based_command { body_command { joint_position_command { command_header { control_hold_time { seconds: 1 } } minimum_time { seconds: 4 } position: 0 position: 0.78539816339744828 position: -1.3962634015954636 position: 0.78539816339744828 position: 0 position: 0 position: 0 position: -0.26179938779914941 position: 0 position: -2.0943951023931953 position: 0 position: 0.52359877559829882 position: 0 position: 0 position: 0... [truncated]
[07/30/26 14:39:14.179723] [debug] [00:27:26.333124] [Service::RobotCommandService::RobotCommand]   Peer: ipv4:192.168.30.230:59088
[07/30/26 14:39:14.179880] [debug] [00:27:26.333279] [Service::RobotCommandService::RobotCommand]   IP: 192.168.30.230, Family: ipv4
[07/30/26 14:39:14.185647] [info] [00:27:26.339039] [ControlManager] Control started: {"type":"RobotCommand","control":{"type":"ComponentBasedCommand","components":{"mobility":null,"body":{"type":"BodyCommand","control":{"type":"JointPositionCommand","control":{"type":"JointPositionControl"}}},"head":{"type":"HeadCommand","control":{"type":"JointPositionCommand","control":{"type":"JointPositionControl"}}}}}} (priority: 1)
[07/30/26 14:39:19.443648] [debug] [00:27:31.597039] [ControlManager] Control finished: {"type":"RobotCommand","control":{"type":"ComponentBasedCommand","components":{"mobility":null,"body":{"type":"BodyCommand","control":{"type":"JointPositionCommand","control":{"type":"JointPositionControl"}}},"head":{"type":"HeadCommand","control":{"type":"JointPositionCommand","control":{"type":"JointPositionControl"}}}}}}
[07/30/26 14:39:19.443710] [info] [00:27:31.597104] [ControlInterface] Control completed successfully.
[07/30/26 14:39:19.443720] [debug] [00:27:31.597114] [ControlInterface::ExecutionStats] Average Control Time: 0.001 ms (max: 0.023 ms, min: 0.001 ms, sigma: 0.000 ms, count: 2630)
[07/30/26 14:39:19.444479] [debug] [00:27:31.597875] [Service] Server method called: /rb.api.RobotCommandService/RobotCommandStream
[07/30/26 14:39:19.444493] [debug] [00:27:31.597893] [Service::RobotCommandService::RobotCommandStream] Stream is created
[07/30/26 14:39:19.496734] [debug] [00:27:31.650126] [Service::RobotCommandService::RobotCommandStream] Requested: robot_command { component_based_command { mobility_command { se2_velocity_command { command_header { control_hold_time { seconds: 1 } } minimum_time { nanos: 10100000 } velocity { linear { } } acceleration_limit { linear { x: 1 y: 1 } angular: 1 } } } body_command { joint_impedance_control_command { command_header { control_hold_time { seconds: 1 } } minimum_time { nanos: 10100000 } position: -0.00012489202464771362 position: 0.78515156654551488 ... [truncated]
[07/30/26 14:39:19.496743] [debug] [00:27:31.650143] [Service::RobotCommandService::RobotCommandStream]   Peer: ipv4:192.168.30.230:59088
[07/30/26 14:39:19.496907] [debug] [00:27:31.650306] [Service::RobotCommandService::RobotCommandStream]   IP: 192.168.30.230, Family: ipv4
[07/30/26 14:39:19.501636] [info] [00:27:31.655034] [ControlManager] Control started: {"type":"RobotCommand","control":{"type":"ComponentBasedCommand","components":{"mobility":{"type":"MobilityCommand","control":{"type":"SE2VelocityCommand","control":{"type":"MobilitySE2VelocityControl"}}},"body":{"type":"BodyCommand","control":{"type":"JointImpedanceControlCommand","control":{"type":"JointImpedanceControl"}}},"head":{"type":"HeadCommand","control":{"type":"JointPositionCommand","control":{"type":"JointPositionControl"}}}}}} (priority: 1)
[07/30/26 14:39:26.340620] [debug] [00:27:38.494003] [Hardware] Hardware Loop Stat (avg: 2.000 ms, min: 1.998 ms, max: 2.002 ms, count: 15000)
[07/30/26 14:39:26.479613] [debug] [00:27:38.633002] [ControlManager] Control Manager Loop Stat (avg: 2.000 ms, min: 1.999 ms, max: 2.001 ms, count: 15000)
[07/30/26 14:39:28.479886] [debug] [00:27:40.633273] [Service] Server method called: /rb.api.RobotCommandService/RobotCommand
[07/30/26 14:39:28.479922] [debug] [00:27:40.633322] [Service::RobotCommandService::RobotCommand] Requested: robot_command { whole_body_command { stop_command { } } } priority: 99
[07/30/26 14:39:28.479926] [debug] [00:27:40.633327] [Service::RobotCommandService::RobotCommand]   Peer: ipv4:192.168.30.230:59088
[07/30/26 14:39:28.480141] [debug] [00:27:40.633540] [Service::RobotCommandService::RobotCommand]   IP: 192.168.30.230, Family: ipv4
[07/30/26 14:39:28.583790] [debug] [00:27:40.737182] [ControlManager] Control finished: {"type":"RobotCommand","control":{"type":"ComponentBasedCommand","components":{"mobility":{"type":"MobilityCommand","control":{"type":"SE2VelocityCommand","control":{"type":"MobilitySE2VelocityControl"}}},"body":{"type":"BodyCommand","control":{"type":"JointImpedanceControlCommand","control":{"type":"JointImpedanceControl"}}},"head":{"type":"HeadCommand","control":{"type":"JointPositionCommand","control":{"type":"JointPositionControl"}}}}}}
[07/30/26 14:39:28.584000] [info] [00:27:40.737396] [ControlInterface] Control was preempted or canceled by another request.
[07/30/26 14:39:28.584014] [debug] [00:27:40.737407] [Service::RobotCommandService::RobotCommandStream] OnReadDone (write_done: true, read_done: true)
[07/30/26 14:39:28.584014] [debug] [00:27:40.737408] [ControlInterface::ExecutionStats] Average Control Time: 0.121 ms (max: 0.207 ms, min: 0.112 ms, sigma: 0.005 ms, count: 4542)
[07/30/26 14:39:28.584018] [debug] [00:27:40.737415] [Service::RobotCommandService::RobotCommandStream] OnCancel
[07/30/26 14:39:28.584174] [debug] [00:27:40.737571] [Service::RobotCommandService::RobotCommandStream] OnDone: robot_command { component_based_command { mobility_command { se2_velocity_command { command_header { control_hold_time { seconds: 1 } } minimum_time { nanos: 10100000 } velocity { linear { } } acceleration_limit { linear { x: 1 y: 1 } angular: 1 } } } body_command { joint_impedance_control_command { command_header { control_hold_time { seconds: 1 } } minimum_time { nanos: 10100000 } position: -0.00994011090433524 position: 0.85586756795061625 pos... [truncated]
[07/30/26 14:39:28.585620] [info] [00:27:40.739019] [ControlManager] Control started: {"type":"RobotCommand","control":{"type":"WholeBodyCommand","control":{"type":"StopControl","control":{"type":"JointVelocityControl"}}}} (priority: 99)
[07/30/26 14:39:28.585639] [debug] [00:27:40.739040] [ControlManager] Control finished: {"type":"RobotCommand","control":{"type":"WholeBodyCommand","control":{"type":"StopControl","control":{"type":"JointVelocityControl"}}}}
[07/30/26 14:39:28.585679] [info] [00:27:40.739076] [ControlInterface] Control completed successfully.
[07/30/26 14:39:28.585686] [debug] [00:27:40.739083] [ControlInterface::ExecutionStats] Average Control Time: 0.005 ms (max: 0.005 ms, min: 0.005 ms, sigma: 0.000 ms, count: 1)
[07/30/26 14:39:28.586803] [debug] [00:27:40.740200] [Service] Server method called: /rb.api.ControlManagerService/ControlManagerCommand
[07/30/26 14:39:28.586826] [debug] [00:27:40.740226] [Service::ControlManagerService::ControlManagerCommand] Requested: request_header { request_timestamp { seconds: 1785389914 nanos: 518929911 } } command: COMMAND_DISABLE
[07/30/26 14:39:28.586830] [info] [00:27:40.740231] [ControlManager::Disable] Disable request received. Starting the disabling process...
[07/30/26 14:39:28.587621] [info] [00:27:40.741021] [ControlManager::Disable] Control Manager successfully disabled
[07/30/26 14:39:56.340617] [debug] [00:28:08.494003] [Hardware] Hardware Loop Stat (avg: 2.000 ms, min: 1.998 ms, max: 2.002 ms, count: 15000)
[07/30/26 14:39:56.479610] [debug] [00:28:08.633003] [ControlManager] Control Manager Loop Stat (avg: 2.000 ms, min: 1.998 ms, max: 2.002 ms, count: 15000)
[07/30/26 14:40:26.340617] [debug] [00:28:38.494003] [Hardware] Hardware Loop Stat (avg: 2.000 ms, min: 1.998 ms, max: 2.002 ms, count: 15000)
[07/30/26 14:40:26.479605] [debug] [00:28:38.633002] [ControlManager] Control Manager Loop Stat (avg: 2.000 ms, min: 1.998 ms, max: 2.002 ms, count: 15000)
[07/30/26 14:40:37.114904] [debug] [00:28:49.268293] [Service] Server method called: /rb.api.RobotInfoService/GetRobotModel
[07/30/26 14:40:37.114942] [debug] [00:28:49.268341] [Service::RobotInfoService::GetRobotModel] Requested: request_header { request_timestamp { seconds: 1785389983 nanos: 904544742 } }
[07/30/26 14:40:37.118111] [debug] [00:28:49.271505] [Service] Server method called: /rb.api.RobotStateService/GetRobotStateStream
[07/30/26 14:40:37.118147] [debug] [00:28:49.271547] [Service::RobotStateService::GetRobotStateStream] Requested: request_header { request_timestamp { seconds: 1785389983 nanos: 907931056 } } update_rate: 100
[07/30/26 14:40:51.076143] [debug] [00:29:03.229531] [Service] Server method called: /rb.api.RobotInfoService/GetRobotInfo
[07/30/26 14:40:51.076179] [debug] [00:29:03.229578] [Service::RobotInfoService::GetRobotInfo] Requested: request_header { request_timestamp { seconds: 1785389997 nanos: 866432911 } }
[07/30/26 14:40:51.076911] [debug] [00:29:03.230307] [Service] Server method called: /rb.api.RobotStateService/GetRobotState
[07/30/26 14:40:51.076930] [debug] [00:29:03.230329] [Service::RobotStateService::GetRobotState] Requested: request_header { request_timestamp { seconds: 1785389997 nanos: 867251865 } }
[07/30/26 14:40:51.077687] [debug] [00:29:03.231084] [Service] Server method called: /rb.api.RobotInfoService/GetRobotInfo
[07/30/26 14:40:51.077703] [debug] [00:29:03.231102] [Service::RobotInfoService::GetRobotInfo] Requested: request_header { request_timestamp { seconds: 1785389997 nanos: 868067437 } }
[07/30/26 14:40:51.078205] [debug] [00:29:03.231603] [Service] Server method called: /rb.api.RobotStateService/GetRobotState
[07/30/26 14:40:51.078219] [debug] [00:29:03.231619] [Service::RobotStateService::GetRobotState] Requested: request_header { request_timestamp { seconds: 1785389997 nanos: 868632722 } }
[07/30/26 14:40:51.078698] [debug] [00:29:03.232090] [Service] Server method called: /rb.api.RobotStateService/GetControlManagerState
[07/30/26 14:40:51.078721] [debug] [00:29:03.232122] [Service::RobotStateService::GetControlManagerState] Requested: request_header { request_timestamp { seconds: 1785389997 nanos: 869081222 } }
[07/30/26 14:40:51.079127] [debug] [00:29:03.232523] [Service] Server method called: /rb.api.RobotInfoService/GetRobotInfo
[07/30/26 14:40:51.079144] [debug] [00:29:03.232544] [Service::RobotInfoService::GetRobotInfo] Requested: request_header { request_timestamp { seconds: 1785389997 nanos: 869541806 } }
[07/30/26 14:40:51.079606] [debug] [00:29:03.233004] [Service] Server method called: /rb.api.RobotStateService/GetRobotState
[07/30/26 14:40:51.079620] [debug] [00:29:03.233020] [Service::RobotStateService::GetRobotState] Requested: request_header { request_timestamp { seconds: 1785389997 nanos: 870034221 } }
[07/30/26 14:40:51.080066] [debug] [00:29:03.233464] [Service] Server method called: /rb.api.RobotStateService/GetRobotState
[07/30/26 14:40:51.080079] [debug] [00:29:03.233479] [Service::RobotStateService::GetRobotState] Requested: request_header { request_timestamp { seconds: 1785389997 nanos: 870474498 } }
[07/30/26 14:40:51.080423] [debug] [00:29:03.233823] [Service] Server method called: /rb.api.RobotInfoService/GetRobotInfo
[07/30/26 14:40:51.080433] [debug] [00:29:03.233834] [Service::RobotInfoService::GetRobotInfo] Requested: request_header { request_timestamp { seconds: 1785389997 nanos: 870876135 } }
[07/30/26 14:40:51.080862] [debug] [00:29:03.234259] [Service] Server method called: /rb.api.ControlManagerService/ControlManagerCommand
[07/30/26 14:40:51.080884] [debug] [00:29:03.234280] [Service::ControlManagerService::ControlManagerCommand] Requested: request_header { request_timestamp { seconds: 1785389997 nanos: 871292564 } } command: COMMAND_ENABLE unlimited_mode_enabled { }
[07/30/26 14:40:51.080887] [info] [00:29:03.234288] [ControlManager::Enable] Enable request received. Starting the enabling process...
[07/30/26 14:40:51.081616] [info] [00:29:03.235016] [ControlManager::Enable] Control Manager successfully enabled
[07/30/26 14:40:51.081979] [debug] [00:29:03.235372] [Service] Server method called: /rb.api.ParameterService/SetParameter
[07/30/26 14:40:51.082005] [debug] [00:29:03.235404] [Service::ParameterService::SetParameter] Requested: request_header { request_timestamp { seconds: 1785389997 nanos: 872386766 } } name: "cartesian_command.cutoff_frequency" parameter: "{\"value\":5,\"write_db\":true}"
[07/30/26 14:40:51.122286] [debug] [00:29:03.275682] [Service] Server method called: /rb.api.ParameterService/SetParameter
[07/30/26 14:40:51.122305] [debug] [00:29:03.275705] [Service::ParameterService::SetParameter] Requested: request_header { request_timestamp { seconds: 1785389997 nanos: 912664716 } } name: "default.acceleration_limit_scaling" parameter: "{\"value\":1.0,\"write_db\":true}"
[07/30/26 14:40:51.128240] [debug] [00:29:03.281640] [Service] Server method called: /rb.api.ParameterService/SetParameter
[07/30/26 14:40:51.128253] [debug] [00:29:03.281654] [Service::ParameterService::SetParameter] Requested: request_header { request_timestamp { seconds: 1785389997 nanos: 918645848 } } name: "default.angular_acceleration_limit" parameter: "{\"value\":10,\"write_db\":true}"
[07/30/26 14:40:51.134125] [debug] [00:29:03.287522] [Service] Server method called: /rb.api.ParameterService/SetParameter
[07/30/26 14:40:51.134143] [debug] [00:29:03.287543] [Service::ParameterService::SetParameter] Requested: request_header { request_timestamp { seconds: 1785389997 nanos: 924516443 } } name: "default.linear_acceleration_limit" parameter: "{\"value\":20,\"write_db\":true}"
[07/30/26 14:40:51.140161] [debug] [00:29:03.293556] [Service] Server method called: /rb.api.ParameterService/SetParameter
[07/30/26 14:40:51.140207] [debug] [00:29:03.293606] [Service::ParameterService::SetParameter] Requested: request_header { request_timestamp { seconds: 1785389997 nanos: 930544259 } } name: "joint_position_command.cutoff_frequency" parameter: "{\"value\":5,\"write_db\":true}"
[07/30/26 14:40:51.146415] [debug] [00:29:03.299811] [Service] Server method called: /rb.api.RobotCommandService/RobotCommand
[07/30/26 14:40:51.146485] [debug] [00:29:03.299883] [Service::RobotCommandService::RobotCommand] Requested: robot_command { component_based_command { body_command { joint_position_command { command_header { control_hold_time { seconds: 1 } } minimum_time { nanos: 500000000 } position: 0.0026047297536870048 position: 0.88762811075644088 position: -1.5042504176649865 position: 0.78105821280201937 position: 0.029984768024586408 position: 0.034119681584010825 position: 0.011011248229872178 position: -0.0687823316152188 position: -0.047154721298890541 posit... [truncated]
[07/30/26 14:40:51.146488] [debug] [00:29:03.299889] [Service::RobotCommandService::RobotCommand]   Peer: ipv4:192.168.30.230:37942
[07/30/26 14:40:51.146635] [debug] [00:29:03.300035] [Service::RobotCommandService::RobotCommand]   IP: 192.168.30.230, Family: ipv4
[07/30/26 14:40:51.151647] [info] [00:29:03.305045] [ControlManager] Control started: {"type":"RobotCommand","control":{"type":"ComponentBasedCommand","components":{"mobility":null,"body":{"type":"BodyCommand","control":{"type":"JointPositionCommand","control":{"type":"JointPositionControl"}}},"head":{"type":"HeadCommand","control":{"type":"JointPositionCommand","control":{"type":"JointPositionControl"}}}}}} (priority: 1)
[07/30/26 14:40:52.909649] [debug] [00:29:05.063041] [ControlManager] Control finished: {"type":"RobotCommand","control":{"type":"ComponentBasedCommand","components":{"mobility":null,"body":{"type":"BodyCommand","control":{"type":"JointPositionCommand","control":{"type":"JointPositionControl"}}},"head":{"type":"HeadCommand","control":{"type":"JointPositionCommand","control":{"type":"JointPositionControl"}}}}}}
[07/30/26 14:40:52.909711] [info] [00:29:05.063106] [ControlInterface] Control completed successfully.
[07/30/26 14:40:52.909721] [debug] [00:29:05.063115] [ControlInterface::ExecutionStats] Average Control Time: 0.001 ms (max: 0.027 ms, min: 0.001 ms, sigma: 0.001 ms, count: 880)
[07/30/26 14:40:52.910513] [debug] [00:29:05.063908] [Service] Server method called: /rb.api.PowerService/ToolFlangePowerCommand
[07/30/26 14:40:52.910547] [debug] [00:29:05.063946] [Service::PowerService::ToolFlangePowerCommand] Requested: request_header { request_timestamp { seconds: 1785389999 nanos: 700836152 } } name: "right" command: COMMAND_POWER_12V
[07/30/26 14:40:52.910551] [debug] [00:29:05.063952] [Service::PowerService::ToolFlangePowerCommand] Result: Success
[07/30/26 14:40:52.910916] [debug] [00:29:05.064308] [Service] Server method called: /rb.api.PowerService/ToolFlangePowerCommand
[07/30/26 14:40:52.910941] [debug] [00:29:05.064341] [Service::PowerService::ToolFlangePowerCommand] Requested: request_header { request_timestamp { seconds: 1785389999 nanos: 701323400 } } name: "left" command: COMMAND_POWER_12V
[07/30/26 14:40:52.910947] [debug] [00:29:05.064347] [Service::PowerService::ToolFlangePowerCommand] Result: Success
[07/30/26 14:40:54.077788] [debug] [00:29:06.231178] [Service] Server method called: /rb.api.RobotCommandService/RobotCommand
[07/30/26 14:40:54.077858] [debug] [00:29:06.231256] [Service::RobotCommandService::RobotCommand] Requested: robot_command { component_based_command { body_command { joint_position_command { command_header { control_hold_time { seconds: 1 } } minimum_time { seconds: 4 } position: 0 position: 0.78539816339744828 position: -1.3962634015954636 position: 0.78539816339744828 position: 0 position: 0 position: 0 position: -0.26179938779914941 position: 0 position: -2.0943951023931953 position: 0 position: 0.52359877559829882 position: 0 position: 0 position: 0... [truncated]
[07/30/26 14:40:54.077862] [debug] [00:29:06.231263] [Service::RobotCommandService::RobotCommand]   Peer: ipv4:192.168.30.230:37942
[07/30/26 14:40:54.078016] [debug] [00:29:06.231416] [Service::RobotCommandService::RobotCommand]   IP: 192.168.30.230, Family: ipv4
[07/30/26 14:40:54.083636] [info] [00:29:06.237031] [ControlManager] Control started: {"type":"RobotCommand","control":{"type":"ComponentBasedCommand","components":{"mobility":null,"body":{"type":"BodyCommand","control":{"type":"JointPositionCommand","control":{"type":"JointPositionControl"}}},"head":{"type":"HeadCommand","control":{"type":"JointPositionCommand","control":{"type":"JointPositionControl"}}}}}} (priority: 1)
[07/30/26 14:40:56.133118] [debug] [00:29:08.286501] [Service] Server method called: /rb.api.RobotStateService/GetRobotStateStream
[07/30/26 14:40:56.133160] [debug] [00:29:08.286559] [Service::RobotStateService::GetRobotStateStream] Requested: update_rate: 20
[07/30/26 14:40:56.340614] [debug] [00:29:08.494002] [Hardware] Hardware Loop Stat (avg: 2.000 ms, min: 1.999 ms, max: 2.001 ms, count: 15000)
[07/30/26 14:40:56.479609] [debug] [00:29:08.633003] [ControlManager] Control Manager Loop Stat (avg: 2.000 ms, min: 1.998 ms, max: 2.002 ms, count: 15000)
[07/30/26 14:40:56.740430] [debug] [00:29:08.893815] [Service] Server method called: /rb.api.RobotStateService/GetRobotStateStream
[07/30/26 14:40:56.740471] [debug] [00:29:08.893870] [Service::RobotStateService::GetRobotStateStream] Requested: update_rate: 20
[07/30/26 14:40:56.754714] [debug] [00:29:08.908102] [Service] Server method called: /rb.api.RobotStateService/GetRobotStateStream
[07/30/26 14:40:56.754748] [debug] [00:29:08.908148] [Service::RobotStateService::GetRobotStateStream] Requested: update_rate: 20
[07/30/26 14:40:59.341654] [debug] [00:29:11.495044] [ControlManager] Control finished: {"type":"RobotCommand","control":{"type":"ComponentBasedCommand","components":{"mobility":null,"body":{"type":"BodyCommand","control":{"type":"JointPositionCommand","control":{"type":"JointPositionControl"}}},"head":{"type":"HeadCommand","control":{"type":"JointPositionCommand","control":{"type":"JointPositionControl"}}}}}}
[07/30/26 14:40:59.341721] [info] [00:29:11.495115] [ControlInterface] Control completed successfully.
[07/30/26 14:40:59.341731] [debug] [00:29:11.495126] [ControlInterface::ExecutionStats] Average Control Time: 0.001 ms (max: 0.019 ms, min: 0.001 ms, sigma: 0.000 ms, count: 2630)
[07/30/26 14:40:59.342537] [debug] [00:29:11.495929] [Service] Server method called: /rb.api.RobotCommandService/RobotCommandStream
[07/30/26 14:40:59.342550] [debug] [00:29:11.495950] [Service::RobotCommandService::RobotCommandStream] Stream is created
[07/30/26 14:40:59.384990] [debug] [00:29:11.538381] [Service::RobotCommandService::RobotCommandStream] Requested: robot_command { component_based_command { mobility_command { se2_velocity_command { command_header { control_hold_time { seconds: 1 } } minimum_time { nanos: 10100000 } velocity { linear { } } acceleration_limit { linear { x: 1 y: 1 } angular: 1 } } } body_command { joint_impedance_control_command { command_header { control_hold_time { seconds: 1 } } minimum_time { nanos: 10100000 } position: -0.000132795019074653 position: 0.78510339177296007 po... [truncated]
[07/30/26 14:40:59.384997] [debug] [00:29:11.538398] [Service::RobotCommandService::RobotCommandStream]   Peer: ipv4:192.168.30.230:37942
[07/30/26 14:40:59.385160] [debug] [00:29:11.538559] [Service::RobotCommandService::RobotCommandStream]   IP: 192.168.30.230, Family: ipv4
[07/30/26 14:40:59.389637] [info] [00:29:11.543035] [ControlManager] Control started: {"type":"RobotCommand","control":{"type":"ComponentBasedCommand","components":{"mobility":{"type":"MobilityCommand","control":{"type":"SE2VelocityCommand","control":{"type":"MobilitySE2VelocityControl"}}},"body":{"type":"BodyCommand","control":{"type":"JointImpedanceControlCommand","control":{"type":"JointImpedanceControl"}}},"head":{"type":"HeadCommand","control":{"type":"JointPositionCommand","control":{"type":"JointPositionControl"}}}}}} (priority: 1)
[07/30/26 14:40:59.565963] [debug] [00:29:11.719353] [Service] Server method called: /rb.api.RobotCommandService/RobotCommand
[07/30/26 14:40:59.565994] [debug] [00:29:11.719393] [Service::RobotCommandService::RobotCommand] Requested: robot_command { whole_body_command { stop_command { } } } priority: 99
[07/30/26 14:40:59.565998] [debug] [00:29:11.719398] [Service::RobotCommandService::RobotCommand]   Peer: ipv4:192.168.30.230:37942
[07/30/26 14:40:59.566148] [debug] [00:29:11.719547] [Service::RobotCommandService::RobotCommand]   IP: 192.168.30.230, Family: ipv4
[07/30/26 14:40:59.669787] [debug] [00:29:11.823177] [ControlManager] Control finished: {"type":"RobotCommand","control":{"type":"ComponentBasedCommand","components":{"mobility":{"type":"MobilityCommand","control":{"type":"SE2VelocityCommand","control":{"type":"MobilitySE2VelocityControl"}}},"body":{"type":"BodyCommand","control":{"type":"JointImpedanceControlCommand","control":{"type":"JointImpedanceControl"}}},"head":{"type":"HeadCommand","control":{"type":"JointPositionCommand","control":{"type":"JointPositionControl"}}}}}}
[07/30/26 14:40:59.669910] [debug] [00:29:11.823306] [Service::RobotCommandService::RobotCommandStream] OnReadDone (write_done: true, read_done: true)
[07/30/26 14:40:59.669945] [debug] [00:29:11.823341] [Service::RobotCommandService::RobotCommandStream] OnCancel
[07/30/26 14:40:59.670020] [info] [00:29:11.823415] [ControlInterface] Control was preempted or canceled by another request.
[07/30/26 14:40:59.670030] [debug] [00:29:11.823425] [ControlInterface::ExecutionStats] Average Control Time: 0.122 ms (max: 0.206 ms, min: 0.116 ms, sigma: 0.008 ms, count: 141)
[07/30/26 14:40:59.670072] [debug] [00:29:11.823470] [Service::RobotCommandService::RobotCommandStream] OnDone: robot_command { component_based_command { mobility_command { se2_velocity_command { command_header { control_hold_time { seconds: 1 } } minimum_time { nanos: 10100000 } velocity { linear { } } acceleration_limit { linear { x: 1 y: 1 } angular: 1 } } } body_command { joint_impedance_control_command { command_header { control_hold_time { seconds: 1 } } minimum_time { nanos: 10100000 } position: -0.0011925411640206678 position: 0.788228514240997 pos... [truncated]
[07/30/26 14:40:59.671620] [info] [00:29:11.825019] [ControlManager] Control started: {"type":"RobotCommand","control":{"type":"WholeBodyCommand","control":{"type":"StopControl","control":{"type":"JointVelocityControl"}}}} (priority: 99)
[07/30/26 14:40:59.671639] [debug] [00:29:11.825040] [ControlManager] Control finished: {"type":"RobotCommand","control":{"type":"WholeBodyCommand","control":{"type":"StopControl","control":{"type":"JointVelocityControl"}}}}
[07/30/26 14:40:59.671675] [info] [00:29:11.825074] [ControlInterface] Control completed successfully.
[07/30/26 14:40:59.671682] [debug] [00:29:11.825079] [ControlInterface::ExecutionStats] Average Control Time: 0.006 ms (max: 0.006 ms, min: 0.006 ms, sigma: 0.000 ms, count: 1)
[07/30/26 14:40:59.672169] [debug] [00:29:11.825567] [Service] Server method called: /rb.api.ControlManagerService/ControlManagerCommand
[07/30/26 14:40:59.672190] [debug] [00:29:11.825590] [Service::ControlManagerService::ControlManagerCommand] Requested: request_header { request_timestamp { seconds: 1785390006 nanos: 461666077 } } command: COMMAND_DISABLE
[07/30/26 14:40:59.672194] [info] [00:29:11.825595] [ControlManager::Disable] Disable request received. Starting the disabling process...
[07/30/26 14:40:59.673619] [info] [00:29:11.827019] [ControlManager::Disable] Control Manager successfully disabled
[07/30/26 14:41:26.340619] [debug] [00:29:38.494003] [Hardware] Hardware Loop Stat (avg: 2.000 ms, min: 1.998 ms, max: 2.002 ms, count: 15000)
[07/30/26 14:41:26.479610] [debug] [00:29:38.633003] [ControlManager] Control Manager Loop Stat (avg: 2.000 ms, min: 1.998 ms, max: 2.002 ms, count: 15000)
[07/30/26 14:41:29.920850] [debug] [00:29:42.074235] [Service] Server method called: /rb.api.RobotInfoService/GetRobotInfo
[07/30/26 14:41:29.920886] [debug] [00:29:42.074285] [Service::RobotInfoService::GetRobotInfo] Requested: request_header { request_timestamp { seconds: 1785390036 nanos: 704353598 } }
[07/30/26 14:41:29.921525] [debug] [00:29:42.074920] [Service] Server method called: /rb.api.RobotStateService/GetRobotState
[07/30/26 14:41:29.921548] [debug] [00:29:42.074947] [Service::RobotStateService::GetRobotState] Requested: request_header { request_timestamp { seconds: 1785390036 nanos: 705159193 } }
[07/30/26 14:41:29.922285] [debug] [00:29:42.075676] [Service] Server method called: /rb.api.RobotInfoService/GetRobotInfo
[07/30/26 14:41:29.922308] [debug] [00:29:42.075707] [Service::RobotInfoService::GetRobotInfo] Requested: request_header { request_timestamp { seconds: 1785390036 nanos: 705896132 } }
[07/30/26 14:41:29.922863] [debug] [00:29:42.076257] [Service] Server method called: /rb.api.RobotStateService/GetRobotState
[07/30/26 14:41:29.922881] [debug] [00:29:42.076281] [Service::RobotStateService::GetRobotState] Requested: request_header { request_timestamp { seconds: 1785390036 nanos: 706496899 } }
[07/30/26 14:41:29.923566] [debug] [00:29:42.076960] [Service] Server method called: /rb.api.RobotStateService/GetControlManagerState
[07/30/26 14:41:29.923585] [debug] [00:29:42.076985] [Service::RobotStateService::GetControlManagerState] Requested: request_header { request_timestamp { seconds: 1785390036 nanos: 707231158 } }
[07/30/26 14:41:29.924054] [debug] [00:29:42.077448] [Service] Server method called: /rb.api.RobotInfoService/GetRobotInfo
[07/30/26 14:41:29.924072] [debug] [00:29:42.077473] [Service::RobotInfoService::GetRobotInfo] Requested: request_header { request_timestamp { seconds: 1785390036 nanos: 707696907 } }
[07/30/26 14:41:29.924505] [debug] [00:29:42.077903] [Service] Server method called: /rb.api.RobotStateService/GetRobotState
[07/30/26 14:41:29.924519] [debug] [00:29:42.077919] [Service::RobotStateService::GetRobotState] Requested: request_header { request_timestamp { seconds: 1785390036 nanos: 708190470 } }
[07/30/26 14:41:29.924911] [debug] [00:29:42.078309] [Service] Server method called: /rb.api.RobotStateService/GetRobotState
[07/30/26 14:41:29.924925] [debug] [00:29:42.078325] [Service::RobotStateService::GetRobotState] Requested: request_header { request_timestamp { seconds: 1785390036 nanos: 708601744 } }
[07/30/26 14:41:29.925417] [debug] [00:29:42.078814] [Service] Server method called: /rb.api.RobotInfoService/GetRobotInfo
[07/30/26 14:41:29.925433] [debug] [00:29:42.078833] [Service::RobotInfoService::GetRobotInfo] Requested: request_header { request_timestamp { seconds: 1785390036 nanos: 709106491 } }
[07/30/26 14:41:29.925781] [debug] [00:29:42.079180] [Service] Server method called: /rb.api.ControlManagerService/ControlManagerCommand
[07/30/26 14:41:29.925798] [debug] [00:29:42.079199] [Service::ControlManagerService::ControlManagerCommand] Requested: request_header { request_timestamp { seconds: 1785390036 nanos: 709476433 } } command: COMMAND_ENABLE unlimited_mode_enabled { }
[07/30/26 14:41:29.925801] [info] [00:29:42.079202] [ControlManager::Enable] Enable request received. Starting the enabling process...
[07/30/26 14:41:29.927613] [info] [00:29:42.081014] [ControlManager::Enable] Control Manager successfully enabled
[07/30/26 14:41:29.927890] [debug] [00:29:42.081287] [Service] Server method called: /rb.api.ParameterService/SetParameter
[07/30/26 14:41:29.927908] [debug] [00:29:42.081307] [Service::ParameterService::SetParameter] Requested: request_header { request_timestamp { seconds: 1785390036 nanos: 711561674 } } name: "cartesian_command.cutoff_frequency" parameter: "{\"value\":5,\"write_db\":true}"
[07/30/26 14:41:29.938243] [debug] [00:29:42.091638] [Service] Server method called: /rb.api.ParameterService/SetParameter
[07/30/26 14:41:29.938262] [debug] [00:29:42.091662] [Service::ParameterService::SetParameter] Requested: request_header { request_timestamp { seconds: 1785390036 nanos: 721887867 } } name: "default.acceleration_limit_scaling" parameter: "{\"value\":1.0,\"write_db\":true}"
[07/30/26 14:41:29.944368] [debug] [00:29:42.097766] [Service] Server method called: /rb.api.ParameterService/SetParameter
[07/30/26 14:41:29.944382] [debug] [00:29:42.097783] [Service::ParameterService::SetParameter] Requested: request_header { request_timestamp { seconds: 1785390036 nanos: 728031739 } } name: "default.angular_acceleration_limit" parameter: "{\"value\":10,\"write_db\":true}"
[07/30/26 14:41:29.950348] [debug] [00:29:42.103743] [Service] Server method called: /rb.api.ParameterService/SetParameter
[07/30/26 14:41:29.950368] [debug] [00:29:42.103767] [Service::ParameterService::SetParameter] Requested: request_header { request_timestamp { seconds: 1785390036 nanos: 733990655 } } name: "default.linear_acceleration_limit" parameter: "{\"value\":20,\"write_db\":true}"
[07/30/26 14:41:29.956410] [debug] [00:29:42.109805] [Service] Server method called: /rb.api.ParameterService/SetParameter
[07/30/26 14:41:29.956428] [debug] [00:29:42.109827] [Service::ParameterService::SetParameter] Requested: request_header { request_timestamp { seconds: 1785390036 nanos: 740040405 } } name: "joint_position_command.cutoff_frequency" parameter: "{\"value\":5,\"write_db\":true}"
[07/30/26 14:41:29.962424] [debug] [00:29:42.115820] [Service] Server method called: /rb.api.RobotCommandService/RobotCommand
[07/30/26 14:41:29.962497] [debug] [00:29:42.115897] [Service::RobotCommandService::RobotCommand] Requested: robot_command { component_based_command { body_command { joint_position_command { command_header { control_hold_time { seconds: 1 } } minimum_time { nanos: 500000000 } position: 3.7969821482317853e-06 position: 0.78562598232634229 position: -1.4046745608276079 position: 0.78530323884374253 position: 1.1390946444695356e-05 position: -6.0751714371708565e-05 position: -0.00017845816096689391 position: -0.26155891226309474 position: 7.593964296463570... [truncated]
[07/30/26 14:41:29.962500] [debug] [00:29:42.115902] [Service::RobotCommandService::RobotCommand]   Peer: ipv4:192.168.30.230:37942
[07/30/26 14:41:29.962645] [debug] [00:29:42.116045] [Service::RobotCommandService::RobotCommand]   IP: 192.168.30.230, Family: ipv4
[07/30/26 14:41:29.967638] [info] [00:29:42.121036] [ControlManager] Control started: {"type":"RobotCommand","control":{"type":"ComponentBasedCommand","components":{"mobility":null,"body":{"type":"BodyCommand","control":{"type":"JointPositionCommand","control":{"type":"JointPositionControl"}}},"head":{"type":"HeadCommand","control":{"type":"JointPositionCommand","control":{"type":"JointPositionControl"}}}}}} (priority: 1)
[07/30/26 14:41:31.725651] [debug] [00:29:43.879041] [ControlManager] Control finished: {"type":"RobotCommand","control":{"type":"ComponentBasedCommand","components":{"mobility":null,"body":{"type":"BodyCommand","control":{"type":"JointPositionCommand","control":{"type":"JointPositionControl"}}},"head":{"type":"HeadCommand","control":{"type":"JointPositionCommand","control":{"type":"JointPositionControl"}}}}}}
[07/30/26 14:41:31.725721] [info] [00:29:43.879114] [ControlInterface] Control completed successfully.
[07/30/26 14:41:31.725731] [debug] [00:29:43.879125] [ControlInterface::ExecutionStats] Average Control Time: 0.001 ms (max: 0.025 ms, min: 0.001 ms, sigma: 0.001 ms, count: 880)
[07/30/26 14:41:31.726340] [debug] [00:29:43.879736] [Service] Server method called: /rb.api.PowerService/ToolFlangePowerCommand
[07/30/26 14:41:31.726377] [debug] [00:29:43.879777] [Service::PowerService::ToolFlangePowerCommand] Requested: request_header { request_timestamp { seconds: 1785390038 nanos: 509584117 } } name: "right" command: COMMAND_POWER_12V
[07/30/26 14:41:31.726383] [debug] [00:29:43.879783] [Service::PowerService::ToolFlangePowerCommand] Result: Success
[07/30/26 14:41:31.726762] [debug] [00:29:43.880156] [Service] Server method called: /rb.api.PowerService/ToolFlangePowerCommand
[07/30/26 14:41:31.726789] [debug] [00:29:43.880190] [Service::PowerService::ToolFlangePowerCommand] Requested: request_header { request_timestamp { seconds: 1785390038 nanos: 510041424 } } name: "left" command: COMMAND_POWER_12V
[07/30/26 14:41:31.726793] [debug] [00:29:43.880195] [Service::PowerService::ToolFlangePowerCommand] Result: Success
[07/30/26 14:41:42.617352] [debug] [00:29:54.770737] [Service] Server method called: /rb.api.RobotCommandService/RobotCommand
[07/30/26 14:41:42.617432] [debug] [00:29:54.770829] [Service::RobotCommandService::RobotCommand] Requested: robot_command { component_based_command { body_command { joint_position_command { command_header { control_hold_time { seconds: 1 } } minimum_time { seconds: 4 } position: 0 position: 0.78539816339744828 position: -1.3962634015954636 position: 0.78539816339744828 position: 0 position: 0 position: 0 position: -0.26179938779914941 position: 0 position: -2.0943951023931953 position: 0 position: 0.52359877559829882 position: 0 position: 0 position: 0... [truncated]
[07/30/26 14:41:42.617436] [debug] [00:29:54.770837] [Service::RobotCommandService::RobotCommand]   Peer: ipv4:192.168.30.230:37942
[07/30/26 14:41:42.617616] [debug] [00:29:54.771015] [Service::RobotCommandService::RobotCommand]   IP: 192.168.30.230, Family: ipv4
[07/30/26 14:41:42.623643] [info] [00:29:54.777034] [ControlManager] Control started: {"type":"RobotCommand","control":{"type":"ComponentBasedCommand","components":{"mobility":null,"body":{"type":"BodyCommand","control":{"type":"JointPositionCommand","control":{"type":"JointPositionControl"}}},"head":{"type":"HeadCommand","control":{"type":"JointPositionCommand","control":{"type":"JointPositionControl"}}}}}} (priority: 1)
[07/30/26 14:41:47.881654] [debug] [00:30:00.035042] [ControlManager] Control finished: {"type":"RobotCommand","control":{"type":"ComponentBasedCommand","components":{"mobility":null,"body":{"type":"BodyCommand","control":{"type":"JointPositionCommand","control":{"type":"JointPositionControl"}}},"head":{"type":"HeadCommand","control":{"type":"JointPositionCommand","control":{"type":"JointPositionControl"}}}}}}
[07/30/26 14:41:47.881731] [info] [00:30:00.035125] [ControlInterface] Control completed successfully.
[07/30/26 14:41:47.881741] [debug] [00:30:00.035135] [ControlInterface::ExecutionStats] Average Control Time: 0.001 ms (max: 0.023 ms, min: 0.001 ms, sigma: 0.000 ms, count: 2630)
[07/30/26 14:41:47.882382] [debug] [00:30:00.035778] [Service] Server method called: /rb.api.RobotCommandService/RobotCommandStream
[07/30/26 14:41:47.882396] [debug] [00:30:00.035796] [Service::RobotCommandService::RobotCommandStream] Stream is created
[07/30/26 14:41:47.903996] [debug] [00:30:00.057388] [Service::RobotCommandService::RobotCommandStream] Requested: robot_command { component_based_command { mobility_command { se2_velocity_command { command_header { control_hold_time { seconds: 1 } } minimum_time { nanos: 10100000 } velocity { linear { } } acceleration_limit { linear { x: 1 y: 1 } angular: 1 } } } body_command { joint_impedance_control_command { command_header { control_hold_time { seconds: 1 } } minimum_time { nanos: 10100000 } position: -0.00011737023848356782 position: 0.78515974382446829 ... [truncated]
[07/30/26 14:41:47.904004] [debug] [00:30:00.057404] [Service::RobotCommandService::RobotCommandStream]   Peer: ipv4:192.168.30.230:37942
[07/30/26 14:41:47.904168] [debug] [00:30:00.057568] [Service::RobotCommandService::RobotCommandStream]   IP: 192.168.30.230, Family: ipv4
[07/30/26 14:41:47.909635] [info] [00:30:00.063032] [ControlManager] Control started: {"type":"RobotCommand","control":{"type":"ComponentBasedCommand","components":{"mobility":{"type":"MobilityCommand","control":{"type":"SE2VelocityCommand","control":{"type":"MobilitySE2VelocityControl"}}},"body":{"type":"BodyCommand","control":{"type":"JointImpedanceControlCommand","control":{"type":"JointImpedanceControl"}}},"head":{"type":"HeadCommand","control":{"type":"JointPositionCommand","control":{"type":"JointPositionControl"}}}}}} (priority: 1)
[07/30/26 14:41:53.471865] [debug] [00:30:05.625250] [Service] Server method called: /rb.api.RobotCommandService/RobotCommand
[07/30/26 14:41:53.471901] [debug] [00:30:05.625300] [Service::RobotCommandService::RobotCommand] Requested: robot_command { whole_body_command { stop_command { } } } priority: 99
[07/30/26 14:41:53.471904] [debug] [00:30:05.625305] [Service::RobotCommandService::RobotCommand]   Peer: ipv4:192.168.30.230:37942
[07/30/26 14:41:53.472144] [debug] [00:30:05.625542] [Service::RobotCommandService::RobotCommand]   IP: 192.168.30.230, Family: ipv4
[07/30/26 14:41:53.575802] [debug] [00:30:05.729193] [ControlManager] Control finished: {"type":"RobotCommand","control":{"type":"ComponentBasedCommand","components":{"mobility":{"type":"MobilityCommand","control":{"type":"SE2VelocityCommand","control":{"type":"MobilitySE2VelocityControl"}}},"body":{"type":"BodyCommand","control":{"type":"JointImpedanceControlCommand","control":{"type":"JointImpedanceControl"}}},"head":{"type":"HeadCommand","control":{"type":"JointPositionCommand","control":{"type":"JointPositionControl"}}}}}}
[07/30/26 14:41:53.575944] [debug] [00:30:05.729338] [Service::RobotCommandService::RobotCommandStream] OnReadDone (write_done: true, read_done: true)
[07/30/26 14:41:53.575950] [debug] [00:30:05.729346] [Service::RobotCommandService::RobotCommandStream] OnCancel
[07/30/26 14:41:53.576035] [info] [00:30:05.729432] [ControlInterface] Control was preempted or canceled by another request.
[07/30/26 14:41:53.576046] [debug] [00:30:05.729440] [ControlInterface::ExecutionStats] Average Control Time: 0.121 ms (max: 0.204 ms, min: 0.112 ms, sigma: 0.005 ms, count: 2834)
[07/30/26 14:41:53.576135] [debug] [00:30:05.729532] [Service::RobotCommandService::RobotCommandStream] OnDone: robot_command { component_based_command { mobility_command { se2_velocity_command { command_header { control_hold_time { seconds: 1 } } minimum_time { nanos: 10100000 } velocity { linear { } } acceleration_limit { linear { x: 1 y: 1 } angular: 1 } } } body_command { joint_impedance_control_command { command_header { control_hold_time { seconds: 1 } } minimum_time { nanos: 10100000 } position: -0.01358721307666797 position: 0.844250521618649 posit... [truncated]
[07/30/26 14:41:53.577622] [info] [00:30:05.731021] [ControlManager] Control started: {"type":"RobotCommand","control":{"type":"WholeBodyCommand","control":{"type":"StopControl","control":{"type":"JointVelocityControl"}}}} (priority: 99)
[07/30/26 14:41:53.577642] [debug] [00:30:05.731043] [ControlManager] Control finished: {"type":"RobotCommand","control":{"type":"WholeBodyCommand","control":{"type":"StopControl","control":{"type":"JointVelocityControl"}}}}
[07/30/26 14:41:53.577681] [info] [00:30:05.731079] [ControlInterface] Control completed successfully.
[07/30/26 14:41:53.577688] [debug] [00:30:05.731085] [ControlInterface::ExecutionStats] Average Control Time: 0.005 ms (max: 0.005 ms, min: 0.005 ms, sigma: 0.000 ms, count: 1)
[07/30/26 14:41:53.578336] [debug] [00:30:05.731734] [Service] Server method called: /rb.api.ControlManagerService/ControlManagerCommand
[07/30/26 14:41:53.578362] [debug] [00:30:05.731761] [Service::ControlManagerService::ControlManagerCommand] Requested: request_header { request_timestamp { seconds: 1785390060 nanos: 357768738 } } command: COMMAND_DISABLE
[07/30/26 14:41:53.578366] [info] [00:30:05.731767] [ControlManager::Disable] Disable request received. Starting the disabling process...
[07/30/26 14:41:53.579621] [info] [00:30:05.733020] [ControlManager::Disable] Control Manager successfully disabled
[07/30/26 14:41:56.340618] [debug] [00:30:08.494002] [Hardware] Hardware Loop Stat (avg: 2.000 ms, min: 1.999 ms, max: 2.001 ms, count: 15000)
[07/30/26 14:41:56.479611] [debug] [00:30:08.633002] [ControlManager] Control Manager Loop Stat (avg: 2.000 ms, min: 1.998 ms, max: 2.002 ms, count: 15000)
[07/30/26 14:42:26.340620] [debug] [00:30:38.494002] [Hardware] Hardware Loop Stat (avg: 2.000 ms, min: 1.998 ms, max: 2.002 ms, count: 15000)
[07/30/26 14:42:26.479611] [debug] [00:30:38.633003] [ControlManager] Control Manager Loop Stat (avg: 2.000 ms, min: 1.998 ms, max: 2.002 ms, count: 15000)
[07/30/26 14:42:56.340617] [debug] [00:31:08.494003] [Hardware] Hardware Loop Stat (avg: 2.000 ms, min: 1.998 ms, max: 2.002 ms, count: 15000)
[07/30/26 14:42:56.479609] [debug] [00:31:08.633002] [ControlManager] Control Manager Loop Stat (avg: 2.000 ms, min: 1.998 ms, max: 2.002 ms, count: 15000)
[07/30/26 14:43:05.803561] [debug] [00:31:17.956935] [Service] Server method called: /rb.api.RobotInfoService/GetRobotInfo
[07/30/26 14:43:05.803598] [debug] [00:31:17.956996] [Service::RobotInfoService::GetRobotInfo] Requested: request_header { request_timestamp { seconds: 1785390132 nanos: 572254581 } }
[07/30/26 14:43:05.804415] [debug] [00:31:17.957806] [Service] Server method called: /rb.api.RobotStateService/GetRobotState
[07/30/26 14:43:05.804441] [debug] [00:31:17.957842] [Service::RobotStateService::GetRobotState] Requested: request_header { request_timestamp { seconds: 1785390132 nanos: 573219914 } }
[07/30/26 14:43:05.805032] [debug] [00:31:17.958428] [Service] Server method called: /rb.api.RobotInfoService/GetRobotInfo
[07/30/26 14:43:05.805050] [debug] [00:31:17.958450] [Service::RobotInfoService::GetRobotInfo] Requested: request_header { request_timestamp { seconds: 1785390132 nanos: 573882012 } }
[07/30/26 14:43:05.805575] [debug] [00:31:17.958972] [Service] Server method called: /rb.api.RobotStateService/GetRobotState
[07/30/26 14:43:05.805592] [debug] [00:31:17.958992] [Service::RobotStateService::GetRobotState] Requested: request_header { request_timestamp { seconds: 1785390132 nanos: 574426690 } }
[07/30/26 14:43:05.806010] [debug] [00:31:17.959407] [Service] Server method called: /rb.api.RobotStateService/GetControlManagerState
[07/30/26 14:43:05.806034] [debug] [00:31:17.959433] [Service::RobotStateService::GetControlManagerState] Requested: request_header { request_timestamp { seconds: 1785390132 nanos: 574895186 } }
[07/30/26 14:43:05.806213] [debug] [00:31:17.959613] [Service] Server method called: /rb.api.RobotInfoService/GetRobotInfo
[07/30/26 14:43:05.806222] [debug] [00:31:17.959623] [Service::RobotInfoService::GetRobotInfo] Requested: request_header { request_timestamp { seconds: 1785390132 nanos: 575106798 } }
[07/30/26 14:43:05.806642] [debug] [00:31:17.960038] [Service] Server method called: /rb.api.RobotStateService/GetRobotState
[07/30/26 14:43:05.806661] [debug] [00:31:17.960060] [Service::RobotStateService::GetRobotState] Requested: request_header { request_timestamp { seconds: 1785390132 nanos: 575490468 } }
[07/30/26 14:43:05.807032] [debug] [00:31:17.960430] [Service] Server method called: /rb.api.RobotStateService/GetRobotState
[07/30/26 14:43:05.807047] [debug] [00:31:17.960447] [Service::RobotStateService::GetRobotState] Requested: request_header { request_timestamp { seconds: 1785390132 nanos: 575923895 } }
[07/30/26 14:43:05.807372] [debug] [00:31:17.960771] [Service] Server method called: /rb.api.RobotInfoService/GetRobotInfo
[07/30/26 14:43:05.807393] [debug] [00:31:17.960793] [Service::RobotInfoService::GetRobotInfo] Requested: request_header { request_timestamp { seconds: 1785390132 nanos: 576229941 } }
[07/30/26 14:43:05.807853] [debug] [00:31:17.961251] [Service] Server method called: /rb.api.ControlManagerService/ControlManagerCommand
[07/30/26 14:43:05.807873] [debug] [00:31:17.961273] [Service::ControlManagerService::ControlManagerCommand] Requested: request_header { request_timestamp { seconds: 1785390132 nanos: 576707106 } } command: COMMAND_ENABLE unlimited_mode_enabled { }
[07/30/26 14:43:05.807877] [info] [00:31:17.961277] [ControlManager::Enable] Enable request received. Starting the enabling process...
[07/30/26 14:43:05.809616] [info] [00:31:17.963015] [ControlManager::Enable] Control Manager successfully enabled
[07/30/26 14:43:05.810031] [debug] [00:31:17.963426] [Service] Server method called: /rb.api.ParameterService/SetParameter
[07/30/26 14:43:05.810052] [debug] [00:31:17.963452] [Service::ParameterService::SetParameter] Requested: request_header { request_timestamp { seconds: 1785390132 nanos: 578870620 } } name: "cartesian_command.cutoff_frequency" parameter: "{\"value\":5,\"write_db\":true}"
[07/30/26 14:43:05.920576] [debug] [00:31:18.073963] [Service] Server method called: /rb.api.ParameterService/SetParameter
[07/30/26 14:43:05.920607] [debug] [00:31:18.074006] [Service::ParameterService::SetParameter] Requested: request_header { request_timestamp { seconds: 1785390132 nanos: 689338844 } } name: "default.acceleration_limit_scaling" parameter: "{\"value\":1.0,\"write_db\":true}"
[07/30/26 14:43:05.926629] [debug] [00:31:18.080023] [Service] Server method called: /rb.api.ParameterService/SetParameter
[07/30/26 14:43:05.926651] [debug] [00:31:18.080051] [Service::ParameterService::SetParameter] Requested: request_header { request_timestamp { seconds: 1785390132 nanos: 695359611 } } name: "default.angular_acceleration_limit" parameter: "{\"value\":10,\"write_db\":true}"
[07/30/26 14:43:05.932499] [debug] [00:31:18.085894] [Service] Server method called: /rb.api.ParameterService/SetParameter
[07/30/26 14:43:05.932519] [debug] [00:31:18.085918] [Service::ParameterService::SetParameter] Requested: request_header { request_timestamp { seconds: 1785390132 nanos: 701290509 } } name: "default.linear_acceleration_limit" parameter: "{\"value\":20,\"write_db\":true}"
[07/30/26 14:43:05.938518] [debug] [00:31:18.091912] [Service] Server method called: /rb.api.ParameterService/SetParameter
[07/30/26 14:43:05.938540] [debug] [00:31:18.091939] [Service::ParameterService::SetParameter] Requested: request_header { request_timestamp { seconds: 1785390132 nanos: 707261839 } } name: "joint_position_command.cutoff_frequency" parameter: "{\"value\":5,\"write_db\":true}"
[07/30/26 14:43:05.944460] [debug] [00:31:18.097854] [Service] Server method called: /rb.api.RobotCommandService/RobotCommand
[07/30/26 14:43:05.944536] [debug] [00:31:18.097934] [Service::RobotCommandService::RobotCommand] Requested: robot_command { component_based_command { body_command { joint_position_command { command_header { control_hold_time { seconds: 1 } } minimum_time { nanos: 500000000 } position: -0.008615352494337921 position: 0.83366540046577076 position: -1.5639807438388207 position: 0.78716755707852437 position: 0.013027445750583256 position: -0.065680197200113422 position: 0.043099544364578996 position: -0.21117295915605896 position: -0.08268308325989536 posi... [truncated]
[07/30/26 14:43:05.944540] [debug] [00:31:18.097941] [Service::RobotCommandService::RobotCommand]   Peer: ipv4:192.168.30.230:37942
[07/30/26 14:43:05.944699] [debug] [00:31:18.098098] [Service::RobotCommandService::RobotCommand]   IP: 192.168.30.230, Family: ipv4
[07/30/26 14:43:05.949650] [info] [00:31:18.103045] [ControlManager] Control started: {"type":"RobotCommand","control":{"type":"ComponentBasedCommand","components":{"mobility":null,"body":{"type":"BodyCommand","control":{"type":"JointPositionCommand","control":{"type":"JointPositionControl"}}},"head":{"type":"HeadCommand","control":{"type":"JointPositionCommand","control":{"type":"JointPositionControl"}}}}}} (priority: 1)
[07/30/26 14:43:07.707650] [debug] [00:31:19.861040] [ControlManager] Control finished: {"type":"RobotCommand","control":{"type":"ComponentBasedCommand","components":{"mobility":null,"body":{"type":"BodyCommand","control":{"type":"JointPositionCommand","control":{"type":"JointPositionControl"}}},"head":{"type":"HeadCommand","control":{"type":"JointPositionCommand","control":{"type":"JointPositionControl"}}}}}}
[07/30/26 14:43:07.708002] [info] [00:31:19.861396] [ControlInterface] Control completed successfully.
[07/30/26 14:43:07.708014] [debug] [00:31:19.861408] [ControlInterface::ExecutionStats] Average Control Time: 0.001 ms (max: 0.029 ms, min: 0.001 ms, sigma: 0.001 ms, count: 880)
[07/30/26 14:43:07.708786] [debug] [00:31:19.862180] [Service] Server method called: /rb.api.PowerService/ToolFlangePowerCommand
[07/30/26 14:43:07.708819] [debug] [00:31:19.862219] [Service::PowerService::ToolFlangePowerCommand] Requested: request_header { request_timestamp { seconds: 1785390134 nanos: 477246478 } } name: "right" command: COMMAND_POWER_12V
[07/30/26 14:43:07.708823] [debug] [00:31:19.862224] [Service::PowerService::ToolFlangePowerCommand] Result: Success
[07/30/26 14:43:07.709340] [debug] [00:31:19.862736] [Service] Server method called: /rb.api.PowerService/ToolFlangePowerCommand
[07/30/26 14:43:07.709360] [debug] [00:31:19.862760] [Service::PowerService::ToolFlangePowerCommand] Requested: request_header { request_timestamp { seconds: 1785390134 nanos: 477913868 } } name: "left" command: COMMAND_POWER_12V
[07/30/26 14:43:07.709365] [debug] [00:31:19.862766] [Service::PowerService::ToolFlangePowerCommand] Result: Success
[07/30/26 14:43:08.883570] [debug] [00:31:21.036957] [Service] Server method called: /rb.api.RobotCommandService/RobotCommand
[07/30/26 14:43:08.883646] [debug] [00:31:21.037043] [Service::RobotCommandService::RobotCommand] Requested: robot_command { component_based_command { body_command { joint_position_command { command_header { control_hold_time { seconds: 1 } } minimum_time { seconds: 4 } position: 0 position: 0.78539816339744828 position: -1.3962634015954636 position: 0.78539816339744828 position: 0 position: 0 position: 0 position: -0.26179938779914941 position: 0 position: -2.0943951023931953 position: 0 position: 0.52359877559829882 position: 0 position: 0 position: 0... [truncated]
[07/30/26 14:43:08.883650] [debug] [00:31:21.037051] [Service::RobotCommandService::RobotCommand]   Peer: ipv4:192.168.30.230:37942
[07/30/26 14:43:08.883813] [debug] [00:31:21.037212] [Service::RobotCommandService::RobotCommand]   IP: 192.168.30.230, Family: ipv4
[07/30/26 14:43:08.889635] [info] [00:31:21.043028] [ControlManager] Control started: {"type":"RobotCommand","control":{"type":"ComponentBasedCommand","components":{"mobility":null,"body":{"type":"BodyCommand","control":{"type":"JointPositionCommand","control":{"type":"JointPositionControl"}}},"head":{"type":"HeadCommand","control":{"type":"JointPositionCommand","control":{"type":"JointPositionControl"}}}}}} (priority: 1)
[07/30/26 14:43:14.147650] [debug] [00:31:26.301040] [ControlManager] Control finished: {"type":"RobotCommand","control":{"type":"ComponentBasedCommand","components":{"mobility":null,"body":{"type":"BodyCommand","control":{"type":"JointPositionCommand","control":{"type":"JointPositionControl"}}},"head":{"type":"HeadCommand","control":{"type":"JointPositionCommand","control":{"type":"JointPositionControl"}}}}}}
[07/30/26 14:43:14.147711] [info] [00:31:26.301106] [ControlInterface] Control completed successfully.
[07/30/26 14:43:14.147721] [debug] [00:31:26.301115] [ControlInterface::ExecutionStats] Average Control Time: 0.001 ms (max: 0.019 ms, min: 0.001 ms, sigma: 0.000 ms, count: 2630)
[07/30/26 14:43:14.148272] [debug] [00:31:26.301666] [Service] Server method called: /rb.api.RobotCommandService/RobotCommandStream
[07/30/26 14:43:14.148285] [debug] [00:31:26.301685] [Service::RobotCommandService::RobotCommandStream] Stream is created
[07/30/26 14:43:14.179923] [debug] [00:31:26.333317] [Service::RobotCommandService::RobotCommandStream] Requested: robot_command { component_based_command { mobility_command { se2_velocity_command { command_header { control_hold_time { seconds: 1 } } minimum_time { nanos: 10100000 } velocity { linear { } } acceleration_limit { linear { x: 1 y: 1 } angular: 1 } } } body_command { joint_impedance_control_command { command_header { control_hold_time { seconds: 1 } } minimum_time { nanos: 10100000 } position: -0.00010614852105901812 position: 0.785124703528824 po... [truncated]
[07/30/26 14:43:14.179930] [debug] [00:31:26.333331] [Service::RobotCommandService::RobotCommandStream]   Peer: ipv4:192.168.30.230:37942
[07/30/26 14:43:14.180088] [debug] [00:31:26.333488] [Service::RobotCommandService::RobotCommandStream]   IP: 192.168.30.230, Family: ipv4
[07/30/26 14:43:14.185635] [info] [00:31:26.339032] [ControlManager] Control started: {"type":"RobotCommand","control":{"type":"ComponentBasedCommand","components":{"mobility":{"type":"MobilityCommand","control":{"type":"SE2VelocityCommand","control":{"type":"MobilitySE2VelocityControl"}}},"body":{"type":"BodyCommand","control":{"type":"JointImpedanceControlCommand","control":{"type":"JointImpedanceControl"}}},"head":{"type":"HeadCommand","control":{"type":"JointPositionCommand","control":{"type":"JointPositionControl"}}}}}} (priority: 1)
[07/30/26 14:43:24.183758] [debug] [00:31:36.337140] [ControlInterface::ExecutionStats] Average Control Time: 0.120 ms (max: 0.218 ms, min: 0.110 ms, sigma: 0.005 ms, count: 5000)
[07/30/26 14:43:26.340618] [debug] [00:31:38.494003] [Hardware] Hardware Loop Stat (avg: 2.000 ms, min: 1.999 ms, max: 2.001 ms, count: 15000)
[07/30/26 14:43:26.479614] [debug] [00:31:38.633002] [ControlManager] Control Manager Loop Stat (avg: 2.000 ms, min: 1.999 ms, max: 2.001 ms, count: 15000)
[07/30/26 14:43:34.183751] [debug] [00:31:46.337136] [ControlInterface::ExecutionStats] Average Control Time: 0.121 ms (max: 0.140 ms, min: 0.110 ms, sigma: 0.005 ms, count: 5000)
[07/30/26 14:43:44.183750] [debug] [00:31:56.337133] [ControlInterface::ExecutionStats] Average Control Time: 0.120 ms (max: 0.137 ms, min: 0.110 ms, sigma: 0.005 ms, count: 5000)
[07/30/26 14:43:48.086633] [debug] [00:32:00.240016] [Service] Server method called: /rb.api.RobotCommandService/RobotCommand
[07/30/26 14:43:48.086669] [debug] [00:32:00.240068] [Service::RobotCommandService::RobotCommand] Requested: robot_command { whole_body_command { stop_command { } } } priority: 99
[07/30/26 14:43:48.086672] [debug] [00:32:00.240073] [Service::RobotCommandService::RobotCommand]   Peer: ipv4:192.168.30.230:37942
[07/30/26 14:43:48.086823] [debug] [00:32:00.240222] [Service::RobotCommandService::RobotCommand]   IP: 192.168.30.230, Family: ipv4
[07/30/26 14:43:48.189797] [debug] [00:32:00.343185] [ControlManager] Control finished: {"type":"RobotCommand","control":{"type":"ComponentBasedCommand","components":{"mobility":{"type":"MobilityCommand","control":{"type":"SE2VelocityCommand","control":{"type":"MobilitySE2VelocityControl"}}},"body":{"type":"BodyCommand","control":{"type":"JointImpedanceControlCommand","control":{"type":"JointImpedanceControl"}}},"head":{"type":"HeadCommand","control":{"type":"JointPositionCommand","control":{"type":"JointPositionControl"}}}}}}
[07/30/26 14:43:48.189906] [debug] [00:32:00.343299] [Service::RobotCommandService::RobotCommandStream] OnReadDone (write_done: true, read_done: true)
[07/30/26 14:43:48.189965] [debug] [00:32:00.343365] [Service::RobotCommandService::RobotCommandStream] OnCancel
[07/30/26 14:43:48.189983] [info] [00:32:00.343380] [ControlInterface] Control was preempted or canceled by another request.
[07/30/26 14:43:48.189994] [debug] [00:32:00.343388] [ControlInterface::ExecutionStats] Average Control Time: 0.120 ms (max: 0.134 ms, min: 0.111 ms, sigma: 0.004 ms, count: 2003)
[07/30/26 14:43:48.190093] [debug] [00:32:00.343492] [Service::RobotCommandService::RobotCommandStream] OnDone: robot_command { component_based_command { mobility_command { se2_velocity_command { command_header { control_hold_time { seconds: 1 } } minimum_time { nanos: 10100000 } velocity { linear { } } acceleration_limit { linear { x: 1 y: 1 } angular: 1 } } } body_command { joint_impedance_control_command { command_header { control_hold_time { seconds: 1 } } minimum_time { nanos: 10100000 } position: -0.018482817233692311 position: 0.85625777175937223 po... [truncated]
[07/30/26 14:43:48.191619] [info] [00:32:00.345018] [ControlManager] Control started: {"type":"RobotCommand","control":{"type":"WholeBodyCommand","control":{"type":"StopControl","control":{"type":"JointVelocityControl"}}}} (priority: 99)
[07/30/26 14:43:48.191639] [debug] [00:32:00.345040] [ControlManager] Control finished: {"type":"RobotCommand","control":{"type":"WholeBodyCommand","control":{"type":"StopControl","control":{"type":"JointVelocityControl"}}}}
[07/30/26 14:43:48.191679] [info] [00:32:00.345078] [ControlInterface] Control completed successfully.
[07/30/26 14:43:48.191685] [debug] [00:32:00.345083] [ControlInterface::ExecutionStats] Average Control Time: 0.005 ms (max: 0.005 ms, min: 0.005 ms, sigma: 0.000 ms, count: 1)
[07/30/26 14:43:48.192263] [debug] [00:32:00.345658] [Service] Server method called: /rb.api.ControlManagerService/ControlManagerCommand
[07/30/26 14:43:48.192286] [debug] [00:32:00.345686] [Service::ControlManagerService::ControlManagerCommand] Requested: request_header { request_timestamp { seconds: 1785390174 nanos: 955983779 } } command: COMMAND_DISABLE
[07/30/26 14:43:48.192290] [info] [00:32:00.345691] [ControlManager::Disable] Disable request received. Starting the disabling process...
[07/30/26 14:43:48.193622] [info] [00:32:00.347020] [ControlManager::Disable] Control Manager successfully disabled
[07/30/26 14:43:54.604470] [debug] [00:32:06.757855] [Service] Server method called: /rb.api.RobotInfoService/GetRobotInfo
[07/30/26 14:43:54.604505] [debug] [00:32:06.757905] [Service::RobotInfoService::GetRobotInfo] Requested: request_header { request_timestamp { seconds: 1785390181 nanos: 367436938 } }
[07/30/26 14:43:54.605192] [debug] [00:32:06.758582] [Service] Server method called: /rb.api.RobotStateService/GetRobotState
[07/30/26 14:43:54.605217] [debug] [00:32:06.758618] [Service::RobotStateService::GetRobotState] Requested: request_header { request_timestamp { seconds: 1785390181 nanos: 368213566 } }
[07/30/26 14:43:54.606001] [debug] [00:32:06.759395] [Service] Server method called: /rb.api.RobotInfoService/GetRobotInfo
[07/30/26 14:43:54.606019] [debug] [00:32:06.759419] [Service::RobotInfoService::GetRobotInfo] Requested: request_header { request_timestamp { seconds: 1785390181 nanos: 369057812 } }
[07/30/26 14:43:54.606759] [debug] [00:32:06.760156] [Service] Server method called: /rb.api.RobotStateService/GetRobotState
[07/30/26 14:43:54.606774] [debug] [00:32:06.760174] [Service::RobotStateService::GetRobotState] Requested: request_header { request_timestamp { seconds: 1785390181 nanos: 369823486 } }
[07/30/26 14:43:54.607325] [debug] [00:32:06.760721] [Service] Server method called: /rb.api.RobotStateService/GetControlManagerState
[07/30/26 14:43:54.607342] [debug] [00:32:06.760741] [Service::RobotStateService::GetControlManagerState] Requested: request_header { request_timestamp { seconds: 1785390181 nanos: 370430111 } }
[07/30/26 14:43:54.607624] [debug] [00:32:06.761022] [Service] Server method called: /rb.api.RobotInfoService/GetRobotInfo
[07/30/26 14:43:54.607637] [debug] [00:32:06.761037] [Service::RobotInfoService::GetRobotInfo] Requested: request_header { request_timestamp { seconds: 1785390181 nanos: 370740092 } }
[07/30/26 14:43:54.608087] [debug] [00:32:06.761486] [Service] Server method called: /rb.api.RobotStateService/GetRobotState
[07/30/26 14:43:54.608098] [debug] [00:32:06.761499] [Service::RobotStateService::GetRobotState] Requested: request_header { request_timestamp { seconds: 1785390181 nanos: 371187146 } }
[07/30/26 14:43:54.608509] [debug] [00:32:06.761906] [Service] Server method called: /rb.api.RobotStateService/GetRobotState
[07/30/26 14:43:54.608522] [debug] [00:32:06.761922] [Service::RobotStateService::GetRobotState] Requested: request_header { request_timestamp { seconds: 1785390181 nanos: 371630855 } }
[07/30/26 14:43:54.608902] [debug] [00:32:06.762299] [Service] Server method called: /rb.api.RobotInfoService/GetRobotInfo
[07/30/26 14:43:54.608917] [debug] [00:32:06.762317] [Service::RobotInfoService::GetRobotInfo] Requested: request_header { request_timestamp { seconds: 1785390181 nanos: 372019337 } }
[07/30/26 14:43:54.609372] [debug] [00:32:06.762772] [Service] Server method called: /rb.api.ControlManagerService/ControlManagerCommand
[07/30/26 14:43:54.609387] [debug] [00:32:06.762788] [Service::ControlManagerService::ControlManagerCommand] Requested: request_header { request_timestamp { seconds: 1785390181 nanos: 372486515 } } command: COMMAND_ENABLE unlimited_mode_enabled { }
[07/30/26 14:43:54.609390] [info] [00:32:06.762792] [ControlManager::Enable] Enable request received. Starting the enabling process...
[07/30/26 14:43:54.609616] [info] [00:32:06.763017] [ControlManager::Enable] Control Manager successfully enabled
[07/30/26 14:43:54.609937] [debug] [00:32:06.763335] [Service] Server method called: /rb.api.ParameterService/SetParameter
[07/30/26 14:43:54.609959] [debug] [00:32:06.763358] [Service::ParameterService::SetParameter] Requested: request_header { request_timestamp { seconds: 1785390181 nanos: 373033364 } } name: "cartesian_command.cutoff_frequency" parameter: "{\"value\":5,\"write_db\":true}"
[07/30/26 14:43:54.620444] [debug] [00:32:06.773840] [Service] Server method called: /rb.api.ParameterService/SetParameter
[07/30/26 14:43:54.620461] [debug] [00:32:06.773861] [Service::ParameterService::SetParameter] Requested: request_header { request_timestamp { seconds: 1785390181 nanos: 383509906 } } name: "default.acceleration_limit_scaling" parameter: "{\"value\":1.0,\"write_db\":true}"
[07/30/26 14:43:54.626288] [debug] [00:32:06.779683] [Service] Server method called: /rb.api.ParameterService/SetParameter
[07/30/26 14:43:54.626309] [debug] [00:32:06.779708] [Service::ParameterService::SetParameter] Requested: request_header { request_timestamp { seconds: 1785390181 nanos: 389336392 } } name: "default.angular_acceleration_limit" parameter: "{\"value\":10,\"write_db\":true}"
[07/30/26 14:43:54.632462] [debug] [00:32:06.785859] [Service] Server method called: /rb.api.ParameterService/SetParameter
[07/30/26 14:43:54.632479] [debug] [00:32:06.785879] [Service::ParameterService::SetParameter] Requested: request_header { request_timestamp { seconds: 1785390181 nanos: 395520007 } } name: "default.linear_acceleration_limit" parameter: "{\"value\":20,\"write_db\":true}"
[07/30/26 14:43:54.638417] [debug] [00:32:06.791812] [Service] Server method called: /rb.api.ParameterService/SetParameter
[07/30/26 14:43:54.638436] [debug] [00:32:06.791836] [Service::ParameterService::SetParameter] Requested: request_header { request_timestamp { seconds: 1785390181 nanos: 401480058 } } name: "joint_position_command.cutoff_frequency" parameter: "{\"value\":5,\"write_db\":true}"
[07/30/26 14:43:54.647130] [debug] [00:32:06.800530] [Service] Server method called: /rb.api.RobotCommandService/RobotCommand
[07/30/26 14:43:54.647196] [debug] [00:32:06.800596] [Service::RobotCommandService::RobotCommand] Requested: robot_command { component_based_command { body_command { joint_position_command { command_header { control_hold_time { seconds: 1 } } minimum_time { nanos: 500000000 } position: -0.033067917528950615 position: 0.87034045103554158 position: -1.5113317893714386 position: 0.61855117383984726 position: 0.031203599294168813 position: -0.12762416396636678 position: 0.051828806323363869 position: -0.31490271446360313 position: -0.1643979360719916 positi... [truncated]
[07/30/26 14:43:54.647199] [debug] [00:32:06.800600] [Service::RobotCommandService::RobotCommand]   Peer: ipv4:192.168.30.230:37942
[07/30/26 14:43:54.647338] [debug] [00:32:06.800739] [Service::RobotCommandService::RobotCommand]   IP: 192.168.30.230, Family: ipv4
[07/30/26 14:43:54.651635] [info] [00:32:06.805034] [ControlManager] Control started: {"type":"RobotCommand","control":{"type":"ComponentBasedCommand","components":{"mobility":null,"body":{"type":"BodyCommand","control":{"type":"JointPositionCommand","control":{"type":"JointPositionControl"}}},"head":{"type":"HeadCommand","control":{"type":"JointPositionCommand","control":{"type":"JointPositionControl"}}}}}} (priority: 1)
[07/30/26 14:43:56.340617] [debug] [00:32:08.494003] [Hardware] Hardware Loop Stat (avg: 2.000 ms, min: 1.999 ms, max: 2.001 ms, count: 15000)
[07/30/26 14:43:56.409650] [debug] [00:32:08.563044] [ControlManager] Control finished: {"type":"RobotCommand","control":{"type":"ComponentBasedCommand","components":{"mobility":null,"body":{"type":"BodyCommand","control":{"type":"JointPositionCommand","control":{"type":"JointPositionControl"}}},"head":{"type":"HeadCommand","control":{"type":"JointPositionCommand","control":{"type":"JointPositionControl"}}}}}}
[07/30/26 14:43:56.409715] [info] [00:32:08.563111] [ControlInterface] Control completed successfully.
[07/30/26 14:43:56.409724] [debug] [00:32:08.563120] [ControlInterface::ExecutionStats] Average Control Time: 0.001 ms (max: 0.022 ms, min: 0.001 ms, sigma: 0.001 ms, count: 880)
[07/30/26 14:43:56.410384] [debug] [00:32:08.563779] [Service] Server method called: /rb.api.PowerService/ToolFlangePowerCommand
[07/30/26 14:43:56.410417] [debug] [00:32:08.563817] [Service::PowerService::ToolFlangePowerCommand] Requested: request_header { request_timestamp { seconds: 1785390183 nanos: 173199683 } } name: "right" command: COMMAND_POWER_12V
[07/30/26 14:43:56.410421] [debug] [00:32:08.563822] [Service::PowerService::ToolFlangePowerCommand] Result: Success
[07/30/26 14:43:56.410895] [debug] [00:32:08.564290] [Service] Server method called: /rb.api.PowerService/ToolFlangePowerCommand
[07/30/26 14:43:56.410923] [debug] [00:32:08.564323] [Service::PowerService::ToolFlangePowerCommand] Requested: request_header { request_timestamp { seconds: 1785390183 nanos: 173748062 } } name: "left" command: COMMAND_POWER_12V
[07/30/26 14:43:56.410927] [debug] [00:32:08.564328] [Service::PowerService::ToolFlangePowerCommand] Result: Success
[07/30/26 14:43:56.479609] [debug] [00:32:08.633002] [ControlManager] Control Manager Loop Stat (avg: 2.000 ms, min: 1.998 ms, max: 2.002 ms, count: 15000)
[07/30/26 14:43:57.533959] [debug] [00:32:09.687346] [Service] Server method called: /rb.api.RobotCommandService/RobotCommand
[07/30/26 14:43:57.534044] [debug] [00:32:09.687440] [Service::RobotCommandService::RobotCommand] Requested: robot_command { component_based_command { body_command { joint_position_command { command_header { control_hold_time { seconds: 1 } } minimum_time { seconds: 4 } position: 0 position: 0.78539816339744828 position: -1.3962634015954636 position: 0.78539816339744828 position: 0 position: 0 position: 0 position: -0.26179938779914941 position: 0 position: -2.0943951023931953 position: 0 position: 0.52359877559829882 position: 0 position: 0 position: 0... [truncated]
[07/30/26 14:43:57.534047] [debug] [00:32:09.687448] [Service::RobotCommandService::RobotCommand]   Peer: ipv4:192.168.30.230:37942
[07/30/26 14:43:57.534206] [debug] [00:32:09.687605] [Service::RobotCommandService::RobotCommand]   IP: 192.168.30.230, Family: ipv4
[07/30/26 14:43:57.539634] [info] [00:32:09.693029] [ControlManager] Control started: {"type":"RobotCommand","control":{"type":"ComponentBasedCommand","components":{"mobility":null,"body":{"type":"BodyCommand","control":{"type":"JointPositionCommand","control":{"type":"JointPositionControl"}}},"head":{"type":"HeadCommand","control":{"type":"JointPositionCommand","control":{"type":"JointPositionControl"}}}}}} (priority: 1)
[07/30/26 14:44:02.797650] [debug] [00:32:14.951040] [ControlManager] Control finished: {"type":"RobotCommand","control":{"type":"ComponentBasedCommand","components":{"mobility":null,"body":{"type":"BodyCommand","control":{"type":"JointPositionCommand","control":{"type":"JointPositionControl"}}},"head":{"type":"HeadCommand","control":{"type":"JointPositionCommand","control":{"type":"JointPositionControl"}}}}}}
[07/30/26 14:44:02.797711] [info] [00:32:14.951106] [ControlInterface] Control completed successfully.
[07/30/26 14:44:02.797721] [debug] [00:32:14.951115] [ControlInterface::ExecutionStats] Average Control Time: 0.001 ms (max: 0.017 ms, min: 0.001 ms, sigma: 0.000 ms, count: 2630)
[07/30/26 14:44:02.798348] [debug] [00:32:14.951745] [Service] Server method called: /rb.api.RobotCommandService/RobotCommandStream
[07/30/26 14:44:02.798361] [debug] [00:32:14.951761] [Service::RobotCommandService::RobotCommandStream] Stream is created
[07/30/26 14:44:02.819932] [debug] [00:32:14.973325] [Service::RobotCommandService::RobotCommandStream] Requested: robot_command { component_based_command { mobility_command { se2_velocity_command { command_header { control_hold_time { seconds: 1 } } minimum_time { nanos: 10100000 } velocity { linear { } } acceleration_limit { linear { x: 1 y: 1 } angular: 1 } } } body_command { joint_impedance_control_command { command_header { control_hold_time { seconds: 1 } } minimum_time { nanos: 10100000 } position: -9.8816507357257888e-05 position: 0.78510695395369234 ... [truncated]
[07/30/26 14:44:02.819941] [debug] [00:32:14.973341] [Service::RobotCommandService::RobotCommandStream]   Peer: ipv4:192.168.30.230:37942
[07/30/26 14:44:02.820181] [debug] [00:32:14.973580] [Service::RobotCommandService::RobotCommandStream]   IP: 192.168.30.230, Family: ipv4
[07/30/26 14:44:02.825633] [info] [00:32:14.979031] [ControlManager] Control started: {"type":"RobotCommand","control":{"type":"ComponentBasedCommand","components":{"mobility":{"type":"MobilityCommand","control":{"type":"SE2VelocityCommand","control":{"type":"MobilitySE2VelocityControl"}}},"body":{"type":"BodyCommand","control":{"type":"JointImpedanceControlCommand","control":{"type":"JointImpedanceControl"}}},"head":{"type":"HeadCommand","control":{"type":"JointPositionCommand","control":{"type":"JointPositionControl"}}}}}} (priority: 1)
[07/30/26 14:44:12.823758] [debug] [00:32:24.977140] [ControlInterface::ExecutionStats] Average Control Time: 0.121 ms (max: 0.198 ms, min: 0.112 ms, sigma: 0.005 ms, count: 5000)
[07/30/26 14:44:22.823747] [debug] [00:32:34.977131] [ControlInterface::ExecutionStats] Average Control Time: 0.121 ms (max: 0.142 ms, min: 0.110 ms, sigma: 0.005 ms, count: 5000)
[07/30/26 14:44:26.340620] [debug] [00:32:38.494003] [Hardware] Hardware Loop Stat (avg: 2.000 ms, min: 1.999 ms, max: 2.001 ms, count: 15000)
[07/30/26 14:44:26.479614] [debug] [00:32:38.633003] [ControlManager] Control Manager Loop Stat (avg: 2.000 ms, min: 1.999 ms, max: 2.001 ms, count: 15000)
[07/30/26 14:44:32.823757] [debug] [00:32:44.977140] [ControlInterface::ExecutionStats] Average Control Time: 0.121 ms (max: 0.139 ms, min: 0.112 ms, sigma: 0.005 ms, count: 5000)
[07/30/26 14:44:37.155819] [debug] [00:32:49.309203] [Service] Server method called: /rb.api.RobotCommandService/RobotCommand
[07/30/26 14:44:37.155856] [debug] [00:32:49.309255] [Service::RobotCommandService::RobotCommand] Requested: robot_command { whole_body_command { stop_command { } } } priority: 99
[07/30/26 14:44:37.155859] [debug] [00:32:49.309260] [Service::RobotCommandService::RobotCommand]   Peer: ipv4:192.168.30.230:37942
[07/30/26 14:44:37.156016] [debug] [00:32:49.309415] [Service::RobotCommandService::RobotCommand]   IP: 192.168.30.230, Family: ipv4
[07/30/26 14:44:37.159745] [info] [00:32:49.313143] [ControlManager::CancelControl] Control cancel request received
[07/30/26 14:44:37.161746] [warning] [00:32:49.315137] [ControlManager::CancelControl] Target control is not currently running
[07/30/26 14:44:37.161759] [error] [00:32:49.315159] [ControlManager::CancelControl] Failed to start control canceling process
[07/30/26 14:44:37.161762] [info] [00:32:49.315163] [Service::RobotCommandService::RobotCommand] Control canceled
[07/30/26 14:44:37.259797] [debug] [00:32:49.413190] [ControlManager] Control finished: {"type":"RobotCommand","control":{"type":"ComponentBasedCommand","components":{"mobility":{"type":"MobilityCommand","control":{"type":"SE2VelocityCommand","control":{"type":"MobilitySE2VelocityControl"}}},"body":{"type":"BodyCommand","control":{"type":"JointImpedanceControlCommand","control":{"type":"JointImpedanceControl"}}},"head":{"type":"HeadCommand","control":{"type":"JointPositionCommand","control":{"type":"JointPositionControl"}}}}}}
[07/30/26 14:44:37.261393] [debug] [00:32:49.414788] [Service::RobotCommandService::RobotCommandStream] OnReadDone (write_done: true, read_done: true)
[07/30/26 14:44:37.261618] [info] [00:32:49.415017] [ControlManager] Control started: {"type":"RobotCommand","control":{"type":"WholeBodyCommand","control":{"type":"StopControl","control":{"type":"JointVelocityControl"}}}} (priority: 99)
[07/30/26 14:44:37.261629] [debug] [00:32:49.415023] [Service::RobotCommandService::RobotCommandStream] OnCancel
[07/30/26 14:44:37.261637] [debug] [00:32:49.415038] [ControlManager] Control finished: {"type":"RobotCommand","control":{"type":"WholeBodyCommand","control":{"type":"StopControl","control":{"type":"JointVelocityControl"}}}}
[07/30/26 14:44:37.261675] [info] [00:32:49.415073] [ControlInterface] Control completed successfully.
[07/30/26 14:44:37.261683] [debug] [00:32:49.415079] [ControlInterface::ExecutionStats] Average Control Time: 0.006 ms (max: 0.006 ms, min: 0.006 ms, sigma: 0.000 ms, count: 1)
[07/30/26 14:44:37.261955] [debug] [00:32:49.415351] [Service::RobotCommandService::RobotCommandStream] OnDone: robot_command { component_based_command { mobility_command { se2_velocity_command { command_header { control_hold_time { seconds: 1 } } minimum_time { nanos: 10100000 } velocity { linear { x: 1.3851573612555512e-06 y: 6.6995646363920969e-08 } angular: 7.9226666206491334e-34 } acceleration_limit { linear { x: 1 y: 1 } angular: 1 } } } body_command { joint_impedance_control_command { command_header { control_hold_time { seconds: 1 } } minimum_time ... [truncated]
[07/30/26 14:44:37.261959] [info] [00:32:49.415360] [ControlManager::CancelControl] Control cancel request received
[07/30/26 14:44:37.263613] [warning] [00:32:49.417015] [ControlManager::CancelControl] Target control is not currently running
[07/30/26 14:44:37.263622] [error] [00:32:49.417023] [ControlManager::CancelControl] Failed to start control canceling process
[07/30/26 14:44:37.264385] [info] [00:32:49.417646] [ControlInterface] Control was preempted or canceled by another request.
[07/30/26 14:44:37.264554] [debug] [00:32:49.417857] [ControlInterface::ExecutionStats] Average Control Time: 0.121 ms (max: 0.137 ms, min: 0.112 ms, sigma: 0.004 ms, count: 2218)
[07/30/26 14:44:56.340618] [debug] [00:33:08.494002] [Hardware] Hardware Loop Stat (avg: 2.000 ms, min: 1.999 ms, max: 2.001 ms, count: 15000)
[07/30/26 14:44:56.479612] [debug] [00:33:08.633003] [ControlManager] Control Manager Loop Stat (avg: 2.000 ms, min: 1.999 ms, max: 2.001 ms, count: 15000)
[07/30/26 14:45:26.340619] [debug] [00:33:38.494002] [Hardware] Hardware Loop Stat (avg: 2.000 ms, min: 1.999 ms, max: 2.001 ms, count: 15000)
[07/30/26 14:45:26.479610] [debug] [00:33:38.633002] [ControlManager] Control Manager Loop Stat (avg: 2.000 ms, min: 1.998 ms, max: 2.002 ms, count: 15000)
[07/30/26 14:45:56.340619] [debug] [00:34:08.494003] [Hardware] Hardware Loop Stat (avg: 2.000 ms, min: 1.999 ms, max: 2.001 ms, count: 15000)
[07/30/26 14:45:56.479610] [debug] [00:34:08.633002] [ControlManager] Control Manager Loop Stat (avg: 2.000 ms, min: 1.999 ms, max: 2.001 ms, count: 15000)
[07/30/26 14:46:04.611472] [debug] [00:34:16.764859] [Service] Server method called: /rb.api.RobotInfoService/GetRobotInfo
[07/30/26 14:46:04.611508] [debug] [00:34:16.764908] [Service::RobotInfoService::GetRobotInfo] Requested: request_header { request_timestamp { seconds: 1785390311 nanos: 363234871 } }
[07/30/26 14:46:04.612311] [debug] [00:34:16.765707] [Service] Server method called: /rb.api.RobotStateService/GetRobotState
[07/30/26 14:46:04.612330] [debug] [00:34:16.765730] [Service::RobotStateService::GetRobotState] Requested: request_header { request_timestamp { seconds: 1785390311 nanos: 364178894 } }
[07/30/26 14:46:04.612989] [debug] [00:34:16.766384] [Service] Server method called: /rb.api.RobotInfoService/GetRobotInfo
[07/30/26 14:46:04.613037] [debug] [00:34:16.766436] [Service::RobotInfoService::GetRobotInfo] Requested: request_header { request_timestamp { seconds: 1785390311 nanos: 364825119 } }
[07/30/26 14:46:04.613541] [debug] [00:34:16.766937] [Service] Server method called: /rb.api.RobotStateService/GetRobotState
[07/30/26 14:46:04.613561] [debug] [00:34:16.766960] [Service::RobotStateService::GetRobotState] Requested: request_header { request_timestamp { seconds: 1785390311 nanos: 365451274 } }
[07/30/26 14:46:04.614139] [debug] [00:34:16.767535] [Service] Server method called: /rb.api.RobotStateService/GetControlManagerState
[07/30/26 14:46:04.614158] [debug] [00:34:16.767558] [Service::RobotStateService::GetControlManagerState] Requested: request_header { request_timestamp { seconds: 1785390311 nanos: 366042008 } }
[07/30/26 14:46:04.614535] [debug] [00:34:16.767931] [Service] Server method called: /rb.api.RobotCommandService/RobotCommand
[07/30/26 14:46:04.614555] [debug] [00:34:16.767955] [Service::RobotCommandService::RobotCommand] Requested: robot_command { whole_body_command { stop_command { } } } priority: 99
[07/30/26 14:46:04.614557] [debug] [00:34:16.767959] [Service::RobotCommandService::RobotCommand]   Peer: ipv4:192.168.30.230:37942
[07/30/26 14:46:04.614711] [debug] [00:34:16.768110] [Service::RobotCommandService::RobotCommand]   IP: 192.168.30.230, Family: ipv4
[07/30/26 14:46:04.619631] [info] [00:34:16.773028] [ControlManager] Control started: {"type":"RobotCommand","control":{"type":"WholeBodyCommand","control":{"type":"StopControl","control":{"type":"JointVelocityControl"}}}} (priority: 99)
[07/30/26 14:46:04.619656] [debug] [00:34:16.773056] [ControlManager] Control finished: {"type":"RobotCommand","control":{"type":"WholeBodyCommand","control":{"type":"StopControl","control":{"type":"JointVelocityControl"}}}}
[07/30/26 14:46:04.619690] [info] [00:34:16.773089] [ControlInterface] Control completed successfully.
[07/30/26 14:46:04.619698] [debug] [00:34:16.773094] [ControlInterface::ExecutionStats] Average Control Time: 0.006 ms (max: 0.006 ms, min: 0.006 ms, sigma: 0.000 ms, count: 1)
[07/30/26 14:46:04.620130] [debug] [00:34:16.773527] [Service] Server method called: /rb.api.ControlManagerService/ControlManagerCommand
[07/30/26 14:46:04.620171] [debug] [00:34:16.773571] [Service::ControlManagerService::ControlManagerCommand] Requested: request_header { request_timestamp { seconds: 1785390311 nanos: 372038912 } } command: COMMAND_DISABLE
[07/30/26 14:46:04.620175] [info] [00:34:16.773576] [ControlManager::Disable] Disable request received. Starting the disabling process...
[07/30/26 14:46:04.621623] [info] [00:34:16.775021] [ControlManager::Disable] Control Manager successfully disabled
[07/30/26 14:46:04.622100] [debug] [00:34:16.775498] [Service] Server method called: /rb.api.RobotInfoService/GetRobotInfo
[07/30/26 14:46:04.622115] [debug] [00:34:16.775515] [Service::RobotInfoService::GetRobotInfo] Requested: request_header { request_timestamp { seconds: 1785390311 nanos: 374019801 } }
[07/30/26 14:46:04.622558] [debug] [00:34:16.775957] [Service] Server method called: /rb.api.RobotStateService/GetRobotState
[07/30/26 14:46:04.622572] [debug] [00:34:16.775972] [Service::RobotStateService::GetRobotState] Requested: request_header { request_timestamp { seconds: 1785390311 nanos: 374490264 } }
[07/30/26 14:46:04.623171] [debug] [00:34:16.776567] [Service] Server method called: /rb.api.RobotStateService/GetRobotState
[07/30/26 14:46:04.623212] [debug] [00:34:16.776611] [Service::RobotStateService::GetRobotState] Requested: request_header { request_timestamp { seconds: 1785390311 nanos: 375062012 } }
[07/30/26 14:46:04.623819] [debug] [00:34:16.777218] [Service] Server method called: /rb.api.RobotInfoService/GetRobotInfo
[07/30/26 14:46:04.623833] [debug] [00:34:16.777233] [Service::RobotInfoService::GetRobotInfo] Requested: request_header { request_timestamp { seconds: 1785390311 nanos: 375743009 } }
[07/30/26 14:46:04.624443] [debug] [00:34:16.777840] [Service] Server method called: /rb.api.ControlManagerService/ControlManagerCommand
[07/30/26 14:46:04.624467] [debug] [00:34:16.777867] [Service::ControlManagerService::ControlManagerCommand] Requested: request_header { request_timestamp { seconds: 1785390311 nanos: 376366253 } } command: COMMAND_ENABLE unlimited_mode_enabled { }
[07/30/26 14:46:04.624470] [info] [00:34:16.777871] [ControlManager::Enable] Enable request received. Starting the enabling process...
[07/30/26 14:46:04.625614] [info] [00:34:16.779013] [ControlManager::Enable] Control Manager successfully enabled
[07/30/26 14:46:04.626129] [debug] [00:34:16.779527] [Service] Server method called: /rb.api.ParameterService/SetParameter
[07/30/26 14:46:04.626147] [debug] [00:34:16.779547] [Service::ParameterService::SetParameter] Requested: request_header { request_timestamp { seconds: 1785390311 nanos: 378057774 } } name: "cartesian_command.cutoff_frequency" parameter: "{\"value\":5,\"write_db\":true}"
[07/30/26 14:46:04.636444] [debug] [00:34:16.789837] [Service] Server method called: /rb.api.ParameterService/SetParameter
[07/30/26 14:46:04.636495] [debug] [00:34:16.789863] [Service::ParameterService::SetParameter] Requested: request_header { request_timestamp { seconds: 1785390311 nanos: 388347566 } } name: "default.acceleration_limit_scaling" parameter: "{\"value\":1.0,\"write_db\":true}"
[07/30/26 14:46:04.642531] [debug] [00:34:16.795927] [Service] Server method called: /rb.api.ParameterService/SetParameter
[07/30/26 14:46:04.642550] [debug] [00:34:16.795950] [Service::ParameterService::SetParameter] Requested: request_header { request_timestamp { seconds: 1785390311 nanos: 394445500 } } name: "default.angular_acceleration_limit" parameter: "{\"value\":10,\"write_db\":true}"
[07/30/26 14:46:04.648330] [debug] [00:34:16.801725] [Service] Server method called: /rb.api.ParameterService/SetParameter
[07/30/26 14:46:04.648351] [debug] [00:34:16.801750] [Service::ParameterService::SetParameter] Requested: request_header { request_timestamp { seconds: 1785390311 nanos: 400233803 } } name: "default.linear_acceleration_limit" parameter: "{\"value\":20,\"write_db\":true}"
[07/30/26 14:46:04.654264] [debug] [00:34:16.807660] [Service] Server method called: /rb.api.ParameterService/SetParameter
[07/30/26 14:46:04.654290] [debug] [00:34:16.807690] [Service::ParameterService::SetParameter] Requested: request_header { request_timestamp { seconds: 1785390311 nanos: 406189989 } } name: "joint_position_command.cutoff_frequency" parameter: "{\"value\":5,\"write_db\":true}"
[07/30/26 14:46:04.660503] [debug] [00:34:16.813897] [Service] Server method called: /rb.api.RobotCommandService/RobotCommand
[07/30/26 14:46:04.660574] [debug] [00:34:16.813971] [Service::RobotCommandService::RobotCommand] Requested: robot_command { component_based_command { body_command { joint_position_command { command_header { control_hold_time { seconds: 1 } } minimum_time { nanos: 500000000 } position: -0.020180960117851938 position: 0.950863051453093 position: -1.7177433329136149 position: 0.817418113853487 position: -0.039754403091986794 position: -0.022998320871839922 position: -0.089680921359086535 position: -0.25167536773124743 position: -0.056187741829533962 posit... [truncated]
[07/30/26 14:46:04.660577] [debug] [00:34:16.813978] [Service::RobotCommandService::RobotCommand]   Peer: ipv4:192.168.30.230:37942
[07/30/26 14:46:04.660737] [debug] [00:34:16.814137] [Service::RobotCommandService::RobotCommand]   IP: 192.168.30.230, Family: ipv4
[07/30/26 14:46:04.665636] [info] [00:34:16.819035] [ControlManager] Control started: {"type":"RobotCommand","control":{"type":"ComponentBasedCommand","components":{"mobility":null,"body":{"type":"BodyCommand","control":{"type":"JointPositionCommand","control":{"type":"JointPositionControl"}}},"head":{"type":"HeadCommand","control":{"type":"JointPositionCommand","control":{"type":"JointPositionControl"}}}}}} (priority: 1)
[07/30/26 14:46:06.423651] [debug] [00:34:18.577041] [ControlManager] Control finished: {"type":"RobotCommand","control":{"type":"ComponentBasedCommand","components":{"mobility":null,"body":{"type":"BodyCommand","control":{"type":"JointPositionCommand","control":{"type":"JointPositionControl"}}},"head":{"type":"HeadCommand","control":{"type":"JointPositionCommand","control":{"type":"JointPositionControl"}}}}}}
[07/30/26 14:46:06.423713] [info] [00:34:18.577107] [ControlInterface] Control completed successfully.
[07/30/26 14:46:06.423723] [debug] [00:34:18.577117] [ControlInterface::ExecutionStats] Average Control Time: 0.001 ms (max: 0.029 ms, min: 0.001 ms, sigma: 0.001 ms, count: 880)
[07/30/26 14:46:06.424365] [debug] [00:34:18.577762] [Service] Server method called: /rb.api.PowerService/ToolFlangePowerCommand
[07/30/26 14:46:06.424400] [debug] [00:34:18.577799] [Service::PowerService::ToolFlangePowerCommand] Requested: request_header { request_timestamp { seconds: 1785390313 nanos: 176076976 } } name: "right" command: COMMAND_POWER_12V
[07/30/26 14:46:06.424404] [debug] [00:34:18.577805] [Service::PowerService::ToolFlangePowerCommand] Result: Success
[07/30/26 14:46:06.424844] [debug] [00:34:18.578239] [Service] Server method called: /rb.api.PowerService/ToolFlangePowerCommand
[07/30/26 14:46:06.424871] [debug] [00:34:18.578271] [Service::PowerService::ToolFlangePowerCommand] Requested: request_header { request_timestamp { seconds: 1785390313 nanos: 176618442 } } name: "left" command: COMMAND_POWER_12V
[07/30/26 14:46:06.424876] [debug] [00:34:18.578277] [Service::PowerService::ToolFlangePowerCommand] Result: Success
[07/30/26 14:46:07.546067] [debug] [00:34:19.699454] [Service] Server method called: /rb.api.RobotCommandService/RobotCommand
[07/30/26 14:46:07.546143] [debug] [00:34:19.699540] [Service::RobotCommandService::RobotCommand] Requested: robot_command { component_based_command { body_command { joint_position_command { command_header { control_hold_time { seconds: 1 } } minimum_time { seconds: 4 } position: 0 position: 0.78539816339744828 position: -1.3962634015954636 position: 0.78539816339744828 position: 0 position: 0 position: 0 position: -0.26179938779914941 position: 0 position: -2.0943951023931953 position: 0 position: 0.52359877559829882 position: 0 position: 0 position: 0... [truncated]
[07/30/26 14:46:07.546146] [debug] [00:34:19.699548] [Service::RobotCommandService::RobotCommand]   Peer: ipv4:192.168.30.230:37942
[07/30/26 14:46:07.546302] [debug] [00:34:19.699702] [Service::RobotCommandService::RobotCommand]   IP: 192.168.30.230, Family: ipv4
[07/30/26 14:46:07.551636] [info] [00:34:19.705029] [ControlManager] Control started: {"type":"RobotCommand","control":{"type":"ComponentBasedCommand","components":{"mobility":null,"body":{"type":"BodyCommand","control":{"type":"JointPositionCommand","control":{"type":"JointPositionControl"}}},"head":{"type":"HeadCommand","control":{"type":"JointPositionCommand","control":{"type":"JointPositionControl"}}}}}} (priority: 1)
[07/30/26 14:46:12.809653] [debug] [00:34:24.963042] [ControlManager] Control finished: {"type":"RobotCommand","control":{"type":"ComponentBasedCommand","components":{"mobility":null,"body":{"type":"BodyCommand","control":{"type":"JointPositionCommand","control":{"type":"JointPositionControl"}}},"head":{"type":"HeadCommand","control":{"type":"JointPositionCommand","control":{"type":"JointPositionControl"}}}}}}
[07/30/26 14:46:12.809717] [info] [00:34:24.963111] [ControlInterface] Control completed successfully.
[07/30/26 14:46:12.809729] [debug] [00:34:24.963122] [ControlInterface::ExecutionStats] Average Control Time: 0.001 ms (max: 0.018 ms, min: 0.001 ms, sigma: 0.000 ms, count: 2630)
[07/30/26 14:46:12.810299] [debug] [00:34:24.963699] [Service] Server method called: /rb.api.RobotCommandService/RobotCommandStream
[07/30/26 14:46:12.810309] [debug] [00:34:24.963710] [Service::RobotCommandService::RobotCommandStream] Stream is created
[07/30/26 14:46:12.842209] [debug] [00:34:24.995590] [Service::RobotCommandService::RobotCommandStream] Requested: robot_command { component_based_command { mobility_command { se2_velocity_command { command_header { control_hold_time { seconds: 1 } } minimum_time { nanos: 10100000 } velocity { linear { } } acceleration_limit { linear { x: 1 y: 1 } angular: 1 } } } body_command { joint_impedance_control_command { command_header { control_hold_time { seconds: 1 } } minimum_time { nanos: 10100000 } position: -9.893031999350617e-05 position: 0.78509751598074962 p... [truncated]
[07/30/26 14:46:12.842218] [debug] [00:34:24.995617] [Service::RobotCommandService::RobotCommandStream]   Peer: ipv4:192.168.30.230:37942
[07/30/26 14:46:12.842378] [debug] [00:34:24.995778] [Service::RobotCommandService::RobotCommandStream]   IP: 192.168.30.230, Family: ipv4
[07/30/26 14:46:12.847634] [info] [00:34:25.001031] [ControlManager] Control started: {"type":"RobotCommand","control":{"type":"ComponentBasedCommand","components":{"mobility":{"type":"MobilityCommand","control":{"type":"SE2VelocityCommand","control":{"type":"MobilitySE2VelocityControl"}}},"body":{"type":"BodyCommand","control":{"type":"JointImpedanceControlCommand","control":{"type":"JointImpedanceControl"}}},"head":{"type":"HeadCommand","control":{"type":"JointPositionCommand","control":{"type":"JointPositionControl"}}}}}} (priority: 1)
[07/30/26 14:46:22.845755] [debug] [00:34:34.999135] [ControlInterface::ExecutionStats] Average Control Time: 0.122 ms (max: 0.209 ms, min: 0.112 ms, sigma: 0.005 ms, count: 5000)
[07/30/26 14:46:26.340621] [debug] [00:34:38.494003] [Hardware] Hardware Loop Stat (avg: 2.000 ms, min: 1.999 ms, max: 2.001 ms, count: 15000)
[07/30/26 14:46:26.479614] [debug] [00:34:38.633003] [ControlManager] Control Manager Loop Stat (avg: 2.000 ms, min: 1.999 ms, max: 2.001 ms, count: 15000)
[07/30/26 14:46:32.845754] [debug] [00:34:44.999137] [ControlInterface::ExecutionStats] Average Control Time: 0.122 ms (max: 0.144 ms, min: 0.114 ms, sigma: 0.005 ms, count: 5000)
[07/30/26 14:46:42.845758] [debug] [00:34:54.999140] [ControlInterface::ExecutionStats] Average Control Time: 0.122 ms (max: 0.141 ms, min: 0.112 ms, sigma: 0.005 ms, count: 5000)
[07/30/26 14:46:52.845752] [debug] [00:35:04.999135] [ControlInterface::ExecutionStats] Average Control Time: 0.121 ms (max: 0.142 ms, min: 0.109 ms, sigma: 0.005 ms, count: 5000)
[07/30/26 14:46:56.340620] [debug] [00:35:08.494003] [Hardware] Hardware Loop Stat (avg: 2.000 ms, min: 1.999 ms, max: 2.001 ms, count: 15000)
[07/30/26 14:46:56.479615] [debug] [00:35:08.633002] [ControlManager] Control Manager Loop Stat (avg: 2.000 ms, min: 1.999 ms, max: 2.001 ms, count: 15000)
[07/30/26 14:47:02.845755] [debug] [00:35:14.999136] [ControlInterface::ExecutionStats] Average Control Time: 0.122 ms (max: 0.142 ms, min: 0.110 ms, sigma: 0.005 ms, count: 5000)
[07/30/26 14:47:06.074349] [debug] [00:35:18.227734] [Service] Server method called: /rb.api.RobotCommandService/RobotCommand
[07/30/26 14:47:06.074386] [debug] [00:35:18.227785] [Service::RobotCommandService::RobotCommand] Requested: robot_command { whole_body_command { stop_command { } } } priority: 99
[07/30/26 14:47:06.074391] [debug] [00:35:18.227792] [Service::RobotCommandService::RobotCommand]   Peer: ipv4:192.168.30.230:37942
[07/30/26 14:47:06.074564] [debug] [00:35:18.227962] [Service::RobotCommandService::RobotCommand]   IP: 192.168.30.230, Family: ipv4
[07/30/26 14:47:06.177788] [debug] [00:35:18.331178] [ControlManager] Control finished: {"type":"RobotCommand","control":{"type":"ComponentBasedCommand","components":{"mobility":{"type":"MobilityCommand","control":{"type":"SE2VelocityCommand","control":{"type":"MobilitySE2VelocityControl"}}},"body":{"type":"BodyCommand","control":{"type":"JointImpedanceControlCommand","control":{"type":"JointImpedanceControl"}}},"head":{"type":"HeadCommand","control":{"type":"JointPositionCommand","control":{"type":"JointPositionControl"}}}}}}
[07/30/26 14:47:06.177907] [debug] [00:35:18.331301] [Service::RobotCommandService::RobotCommandStream] OnReadDone (write_done: true, read_done: true)
[07/30/26 14:47:06.177951] [debug] [00:35:18.331350] [Service::RobotCommandService::RobotCommandStream] OnCancel
[07/30/26 14:47:06.178000] [info] [00:35:18.331397] [ControlInterface] Control was preempted or canceled by another request.
[07/30/26 14:47:06.178010] [debug] [00:35:18.331405] [ControlInterface::ExecutionStats] Average Control Time: 0.121 ms (max: 0.137 ms, min: 0.115 ms, sigma: 0.004 ms, count: 1666)
[07/30/26 14:47:06.178089] [debug] [00:35:18.331487] [Service::RobotCommandService::RobotCommandStream] OnDone: robot_command { component_based_command { mobility_command { se2_velocity_command { command_header { control_hold_time { seconds: 1 } } minimum_time { nanos: 10100000 } velocity { linear { } } acceleration_limit { linear { x: 1 y: 1 } angular: 1 } } } body_command { joint_impedance_control_command { command_header { control_hold_time { seconds: 1 } } minimum_time { nanos: 10100000 } position: 0.033442191052895982 position: 0.85527735878599787 pos... [truncated]
[07/30/26 14:47:06.179620] [info] [00:35:18.333019] [ControlManager] Control started: {"type":"RobotCommand","control":{"type":"WholeBodyCommand","control":{"type":"StopControl","control":{"type":"JointVelocityControl"}}}} (priority: 99)
[07/30/26 14:47:06.179641] [debug] [00:35:18.333042] [ControlManager] Control finished: {"type":"RobotCommand","control":{"type":"WholeBodyCommand","control":{"type":"StopControl","control":{"type":"JointVelocityControl"}}}}
[07/30/26 14:47:06.179677] [info] [00:35:18.333077] [ControlInterface] Control completed successfully.
[07/30/26 14:47:06.179682] [debug] [00:35:18.333081] [ControlInterface::ExecutionStats] Average Control Time: 0.006 ms (max: 0.006 ms, min: 0.006 ms, sigma: 0.000 ms, count: 1)
[07/30/26 14:47:06.180695] [debug] [00:35:18.334090] [Service] Server method called: /rb.api.ControlManagerService/ControlManagerCommand
[07/30/26 14:47:06.180722] [debug] [00:35:18.334122] [Service::ControlManagerService::ControlManagerCommand] Requested: request_header { request_timestamp { seconds: 1785390372 nanos: 928735319 } } command: COMMAND_DISABLE
[07/30/26 14:47:06.180726] [info] [00:35:18.334127] [ControlManager::Disable] Disable request received. Starting the disabling process...
[07/30/26 14:47:06.181620] [info] [00:35:18.335021] [ControlManager::Disable] Control Manager successfully disabled
[07/30/26 14:47:18.465798] [debug] [00:35:30.619184] [Service] Server method called: /rb.api.RobotInfoService/GetRobotInfo
[07/30/26 14:47:18.465834] [debug] [00:35:30.619233] [Service::RobotInfoService::GetRobotInfo] Requested: request_header { request_timestamp { seconds: 1785390385 nanos: 213141269 } }
[07/30/26 14:47:18.466509] [debug] [00:35:30.619905] [Service] Server method called: /rb.api.RobotStateService/GetRobotState
[07/30/26 14:47:18.466530] [debug] [00:35:30.619929] [Service::RobotStateService::GetRobotState] Requested: request_header { request_timestamp { seconds: 1785390385 nanos: 213930286 } }
[07/30/26 14:47:18.467266] [debug] [00:35:30.620662] [Service] Server method called: /rb.api.RobotInfoService/GetRobotInfo
[07/30/26 14:47:18.467282] [debug] [00:35:30.620682] [Service::RobotInfoService::GetRobotInfo] Requested: request_header { request_timestamp { seconds: 1785390385 nanos: 214698077 } }
[07/30/26 14:47:18.467872] [debug] [00:35:30.621264] [Service] Server method called: /rb.api.RobotStateService/GetRobotState
[07/30/26 14:47:18.467894] [debug] [00:35:30.621294] [Service::RobotStateService::GetRobotState] Requested: request_header { request_timestamp { seconds: 1785390385 nanos: 215296535 } }
[07/30/26 14:47:18.468776] [debug] [00:35:30.622172] [Service] Server method called: /rb.api.RobotStateService/GetControlManagerState
[07/30/26 14:47:18.468795] [debug] [00:35:30.622195] [Service::RobotStateService::GetControlManagerState] Requested: request_header { request_timestamp { seconds: 1785390385 nanos: 216204502 } }
[07/30/26 14:47:18.469368] [debug] [00:35:30.622762] [Service] Server method called: /rb.api.RobotInfoService/GetRobotInfo
[07/30/26 14:47:18.469384] [debug] [00:35:30.622784] [Service::RobotInfoService::GetRobotInfo] Requested: request_header { request_timestamp { seconds: 1785390385 nanos: 216804865 } }
[07/30/26 14:47:18.469844] [debug] [00:35:30.623241] [Service] Server method called: /rb.api.RobotStateService/GetRobotState
[07/30/26 14:47:18.469858] [debug] [00:35:30.623258] [Service::RobotStateService::GetRobotState] Requested: request_header { request_timestamp { seconds: 1785390385 nanos: 217323856 } }
[07/30/26 14:47:18.470432] [debug] [00:35:30.623829] [Service] Server method called: /rb.api.RobotStateService/GetRobotState
[07/30/26 14:47:18.470448] [debug] [00:35:30.623848] [Service::RobotStateService::GetRobotState] Requested: request_header { request_timestamp { seconds: 1785390385 nanos: 217888925 } }
[07/30/26 14:47:18.471006] [debug] [00:35:30.624370] [Service] Server method called: /rb.api.RobotInfoService/GetRobotInfo
[07/30/26 14:47:18.471022] [debug] [00:35:30.624422] [Service::RobotInfoService::GetRobotInfo] Requested: request_header { request_timestamp { seconds: 1785390385 nanos: 218455688 } }
[07/30/26 14:47:18.471632] [debug] [00:35:30.625028] [Service] Server method called: /rb.api.ControlManagerService/ControlManagerCommand
[07/30/26 14:47:18.471653] [debug] [00:35:30.625053] [Service::ControlManagerService::ControlManagerCommand] Requested: request_header { request_timestamp { seconds: 1785390385 nanos: 219113669 } } command: COMMAND_ENABLE unlimited_mode_enabled { }
[07/30/26 14:47:18.471656] [info] [00:35:30.625057] [ControlManager::Enable] Enable request received. Starting the enabling process...
[07/30/26 14:47:18.473615] [info] [00:35:30.627015] [ControlManager::Enable] Control Manager successfully enabled
[07/30/26 14:47:18.474080] [debug] [00:35:30.627478] [Service] Server method called: /rb.api.ParameterService/SetParameter
[07/30/26 14:47:18.474099] [debug] [00:35:30.627498] [Service::ParameterService::SetParameter] Requested: request_header { request_timestamp { seconds: 1785390385 nanos: 221541801 } } name: "cartesian_command.cutoff_frequency" parameter: "{\"value\":5,\"write_db\":true}"
[07/30/26 14:47:18.592585] [debug] [00:35:30.745973] [Service] Server method called: /rb.api.ParameterService/SetParameter
[07/30/26 14:47:18.592616] [debug] [00:35:30.746016] [Service::ParameterService::SetParameter] Requested: request_header { request_timestamp { seconds: 1785390385 nanos: 339961708 } } name: "default.acceleration_limit_scaling" parameter: "{\"value\":1.0,\"write_db\":true}"
[07/30/26 14:47:18.602305] [debug] [00:35:30.755698] [Service] Server method called: /rb.api.ParameterService/SetParameter
[07/30/26 14:47:18.602330] [debug] [00:35:30.755729] [Service::ParameterService::SetParameter] Requested: request_header { request_timestamp { seconds: 1785390385 nanos: 349724867 } } name: "default.angular_acceleration_limit" parameter: "{\"value\":10,\"write_db\":true}"
[07/30/26 14:47:18.612308] [debug] [00:35:30.765702] [Service] Server method called: /rb.api.ParameterService/SetParameter
[07/30/26 14:47:18.612329] [debug] [00:35:30.765729] [Service::ParameterService::SetParameter] Requested: request_header { request_timestamp { seconds: 1785390385 nanos: 359707575 } } name: "default.linear_acceleration_limit" parameter: "{\"value\":20,\"write_db\":true}"
[07/30/26 14:47:18.621215] [debug] [00:35:30.774610] [Service] Server method called: /rb.api.ParameterService/SetParameter
[07/30/26 14:47:18.621237] [debug] [00:35:30.774637] [Service::ParameterService::SetParameter] Requested: request_header { request_timestamp { seconds: 1785390385 nanos: 368635052 } } name: "joint_position_command.cutoff_frequency" parameter: "{\"value\":5,\"write_db\":true}"
[07/30/26 14:47:18.630392] [debug] [00:35:30.783787] [Service] Server method called: /rb.api.RobotCommandService/RobotCommand
[07/30/26 14:47:18.630469] [debug] [00:35:30.783867] [Service::RobotCommandService::RobotCommand] Requested: robot_command { component_based_command { body_command { joint_position_command { command_header { control_hold_time { seconds: 1 } } minimum_time { nanos: 500000000 } position: 0.014284246841647976 position: 0.88214526853439423 position: -1.5218798057792267 position: 0.690298948512835 position: 0.038695045072630121 position: -0.01984302870665931 position: -0.0638500518046657 position: -0.25267777101838063 position: 0.10994541508419957 position: ... [truncated]
[07/30/26 14:47:18.630473] [debug] [00:35:30.783874] [Service::RobotCommandService::RobotCommand]   Peer: ipv4:192.168.30.230:37942
[07/30/26 14:47:18.630632] [debug] [00:35:30.784031] [Service::RobotCommandService::RobotCommand]   IP: 192.168.30.230, Family: ipv4
[07/30/26 14:47:18.635642] [info] [00:35:30.789038] [ControlManager] Control started: {"type":"RobotCommand","control":{"type":"ComponentBasedCommand","components":{"mobility":null,"body":{"type":"BodyCommand","control":{"type":"JointPositionCommand","control":{"type":"JointPositionControl"}}},"head":{"type":"HeadCommand","control":{"type":"JointPositionCommand","control":{"type":"JointPositionControl"}}}}}} (priority: 1)
[07/30/26 14:47:20.393655] [debug] [00:35:32.547043] [ControlManager] Control finished: {"type":"RobotCommand","control":{"type":"ComponentBasedCommand","components":{"mobility":null,"body":{"type":"BodyCommand","control":{"type":"JointPositionCommand","control":{"type":"JointPositionControl"}}},"head":{"type":"HeadCommand","control":{"type":"JointPositionCommand","control":{"type":"JointPositionControl"}}}}}}
[07/30/26 14:47:20.393719] [info] [00:35:32.547112] [ControlInterface] Control completed successfully.
[07/30/26 14:47:20.393728] [debug] [00:35:32.547123] [ControlInterface::ExecutionStats] Average Control Time: 0.001 ms (max: 0.025 ms, min: 0.001 ms, sigma: 0.001 ms, count: 880)
[07/30/26 14:47:20.394485] [debug] [00:35:32.547881] [Service] Server method called: /rb.api.PowerService/ToolFlangePowerCommand
[07/30/26 14:47:20.394518] [debug] [00:35:32.547918] [Service::PowerService::ToolFlangePowerCommand] Requested: request_header { request_timestamp { seconds: 1785390387 nanos: 141748045 } } name: "right" command: COMMAND_POWER_12V
[07/30/26 14:47:20.394523] [debug] [00:35:32.547924] [Service::PowerService::ToolFlangePowerCommand] Result: Success
[07/30/26 14:47:20.395039] [debug] [00:35:32.548436] [Service] Server method called: /rb.api.PowerService/ToolFlangePowerCommand
[07/30/26 14:47:20.395059] [debug] [00:35:32.548458] [Service::PowerService::ToolFlangePowerCommand] Requested: request_header { request_timestamp { seconds: 1785390387 nanos: 142397958 } } name: "left" command: COMMAND_POWER_12V
[07/30/26 14:47:20.395063] [debug] [00:35:32.548464] [Service::PowerService::ToolFlangePowerCommand] Result: Success
[07/30/26 14:47:21.529213] [debug] [00:35:33.682597] [Service] Server method called: /rb.api.RobotCommandService/RobotCommand
[07/30/26 14:47:21.529291] [debug] [00:35:33.682688] [Service::RobotCommandService::RobotCommand] Requested: robot_command { component_based_command { body_command { joint_position_command { command_header { control_hold_time { seconds: 1 } } minimum_time { seconds: 4 } position: 0 position: 0.78539816339744828 position: -1.3962634015954636 position: 0.78539816339744828 position: 0 position: 0 position: 0 position: -0.26179938779914941 position: 0 position: -2.0943951023931953 position: 0 position: 0.52359877559829882 position: 0 position: 0 position: 0... [truncated]
[07/30/26 14:47:21.529294] [debug] [00:35:33.682695] [Service::RobotCommandService::RobotCommand]   Peer: ipv4:192.168.30.230:37942
[07/30/26 14:47:21.529452] [debug] [00:35:33.682852] [Service::RobotCommandService::RobotCommand]   IP: 192.168.30.230, Family: ipv4
[07/30/26 14:47:21.533640] [info] [00:35:33.687033] [ControlManager] Control started: {"type":"RobotCommand","control":{"type":"ComponentBasedCommand","components":{"mobility":null,"body":{"type":"BodyCommand","control":{"type":"JointPositionCommand","control":{"type":"JointPositionControl"}}},"head":{"type":"HeadCommand","control":{"type":"JointPositionCommand","control":{"type":"JointPositionControl"}}}}}} (priority: 1)
[07/30/26 14:47:26.340619] [debug] [00:35:38.494003] [Hardware] Hardware Loop Stat (avg: 2.000 ms, min: 1.999 ms, max: 2.001 ms, count: 15000)
[07/30/26 14:47:26.479614] [debug] [00:35:38.633002] [ControlManager] Control Manager Loop Stat (avg: 2.000 ms, min: 1.999 ms, max: 2.001 ms, count: 15000)
[07/30/26 14:47:26.791651] [debug] [00:35:38.945044] [ControlManager] Control finished: {"type":"RobotCommand","control":{"type":"ComponentBasedCommand","components":{"mobility":null,"body":{"type":"BodyCommand","control":{"type":"JointPositionCommand","control":{"type":"JointPositionControl"}}},"head":{"type":"HeadCommand","control":{"type":"JointPositionCommand","control":{"type":"JointPositionControl"}}}}}}
[07/30/26 14:47:26.791715] [info] [00:35:38.945107] [ControlInterface] Control completed successfully.
[07/30/26 14:47:26.791725] [debug] [00:35:38.945120] [ControlInterface::ExecutionStats] Average Control Time: 0.001 ms (max: 0.019 ms, min: 0.001 ms, sigma: 0.000 ms, count: 2630)
[07/30/26 14:47:26.792577] [debug] [00:35:38.945972] [Service] Server method called: /rb.api.RobotCommandService/RobotCommandStream
[07/30/26 14:47:26.792591] [debug] [00:35:38.945991] [Service::RobotCommandService::RobotCommandStream] Stream is created
[07/30/26 14:47:26.824297] [debug] [00:35:38.977690] [Service::RobotCommandService::RobotCommandStream] Requested: robot_command { component_based_command { mobility_command { se2_velocity_command { command_header { control_hold_time { seconds: 1 } } minimum_time { nanos: 10100000 } velocity { linear { } } acceleration_limit { linear { x: 1 y: 1 } angular: 1 } } } body_command { joint_impedance_control_command { command_header { control_hold_time { seconds: 1 } } minimum_time { nanos: 10100000 } position: -0.00013262393882058947 position: 0.78510737342811188 ... [truncated]
[07/30/26 14:47:26.824304] [debug] [00:35:38.977704] [Service::RobotCommandService::RobotCommandStream]   Peer: ipv4:192.168.30.230:37942
[07/30/26 14:47:26.824471] [debug] [00:35:38.977870] [Service::RobotCommandService::RobotCommandStream]   IP: 192.168.30.230, Family: ipv4
[07/30/26 14:47:26.829633] [info] [00:35:38.983032] [ControlManager] Control started: {"type":"RobotCommand","control":{"type":"ComponentBasedCommand","components":{"mobility":{"type":"MobilityCommand","control":{"type":"SE2VelocityCommand","control":{"type":"MobilitySE2VelocityControl"}}},"body":{"type":"BodyCommand","control":{"type":"JointImpedanceControlCommand","control":{"type":"JointImpedanceControl"}}},"head":{"type":"HeadCommand","control":{"type":"JointPositionCommand","control":{"type":"JointPositionControl"}}}}}} (priority: 1)
[07/30/26 14:47:36.827759] [debug] [00:35:48.981142] [ControlInterface::ExecutionStats] Average Control Time: 0.121 ms (max: 0.203 ms, min: 0.110 ms, sigma: 0.005 ms, count: 5000)
[07/30/26 14:47:46.827749] [debug] [00:35:58.981133] [ControlInterface::ExecutionStats] Average Control Time: 0.121 ms (max: 0.139 ms, min: 0.113 ms, sigma: 0.004 ms, count: 5000)
[07/30/26 14:47:56.340619] [debug] [00:36:08.494002] [Hardware] Hardware Loop Stat (avg: 2.000 ms, min: 1.999 ms, max: 2.001 ms, count: 15000)
[07/30/26 14:47:56.479612] [debug] [00:36:08.633002] [ControlManager] Control Manager Loop Stat (avg: 2.000 ms, min: 1.999 ms, max: 2.001 ms, count: 15000)
[07/30/26 14:47:56.827747] [debug] [00:36:08.981133] [ControlInterface::ExecutionStats] Average Control Time: 0.121 ms (max: 0.139 ms, min: 0.110 ms, sigma: 0.005 ms, count: 5000)
[07/30/26 14:48:06.827750] [debug] [00:36:18.981131] [ControlInterface::ExecutionStats] Average Control Time: 0.121 ms (max: 0.142 ms, min: 0.111 ms, sigma: 0.005 ms, count: 5000)
[07/30/26 14:48:16.827745] [debug] [00:36:28.981129] [ControlInterface::ExecutionStats] Average Control Time: 0.122 ms (max: 0.144 ms, min: 0.111 ms, sigma: 0.005 ms, count: 5000)
[07/30/26 14:48:20.066298] [debug] [00:36:32.219685] [Service] Server method called: /rb.api.RobotCommandService/RobotCommand
[07/30/26 14:48:20.066334] [debug] [00:36:32.219733] [Service::RobotCommandService::RobotCommand] Requested: robot_command { whole_body_command { stop_command { } } } priority: 99
[07/30/26 14:48:20.066337] [debug] [00:36:32.219738] [Service::RobotCommandService::RobotCommand]   Peer: ipv4:192.168.30.230:37942
[07/30/26 14:48:20.066496] [debug] [00:36:32.219895] [Service::RobotCommandService::RobotCommand]   IP: 192.168.30.230, Family: ipv4
[07/30/26 14:48:20.169795] [debug] [00:36:32.323185] [ControlManager] Control finished: {"type":"RobotCommand","control":{"type":"ComponentBasedCommand","components":{"mobility":{"type":"MobilityCommand","control":{"type":"SE2VelocityCommand","control":{"type":"MobilitySE2VelocityControl"}}},"body":{"type":"BodyCommand","control":{"type":"JointImpedanceControlCommand","control":{"type":"JointImpedanceControl"}}},"head":{"type":"HeadCommand","control":{"type":"JointPositionCommand","control":{"type":"JointPositionControl"}}}}}}
[07/30/26 14:48:20.169923] [debug] [00:36:32.323315] [Service::RobotCommandService::RobotCommandStream] OnReadDone (write_done: true, read_done: true)
[07/30/26 14:48:20.169974] [debug] [00:36:32.323368] [Service::RobotCommandService::RobotCommandStream] OnCancel
[07/30/26 14:48:20.170042] [info] [00:36:32.323405] [ControlInterface] Control was preempted or canceled by another request.
[07/30/26 14:48:20.170052] [debug] [00:36:32.323447] [ControlInterface::ExecutionStats] Average Control Time: 0.121 ms (max: 0.140 ms, min: 0.114 ms, sigma: 0.005 ms, count: 1671)
[07/30/26 14:48:20.170110] [debug] [00:36:32.323508] [Service::RobotCommandService::RobotCommandStream] OnDone: robot_command { component_based_command { mobility_command { se2_velocity_command { command_header { control_hold_time { seconds: 1 } } minimum_time { nanos: 10100000 } velocity { linear { } angular: 1.724200104422228e-35 } acceleration_limit { linear { x: 1 y: 1 } angular: 1 } } } body_command { joint_impedance_control_command { command_header { control_hold_time { seconds: 1 } } minimum_time { nanos: 10100000 } position: 0.04999999030593099 pos... [truncated]
[07/30/26 14:48:20.171619] [info] [00:36:32.325018] [ControlManager] Control started: {"type":"RobotCommand","control":{"type":"WholeBodyCommand","control":{"type":"StopControl","control":{"type":"JointVelocityControl"}}}} (priority: 99)
[07/30/26 14:48:20.171638] [debug] [00:36:32.325039] [ControlManager] Control finished: {"type":"RobotCommand","control":{"type":"WholeBodyCommand","control":{"type":"StopControl","control":{"type":"JointVelocityControl"}}}}
[07/30/26 14:48:20.171674] [info] [00:36:32.325073] [ControlInterface] Control completed successfully.
[07/30/26 14:48:20.171678] [debug] [00:36:32.325077] [ControlInterface::ExecutionStats] Average Control Time: 0.006 ms (max: 0.006 ms, min: 0.006 ms, sigma: 0.000 ms, count: 1)
[07/30/26 14:48:20.172317] [debug] [00:36:32.325713] [Service] Server method called: /rb.api.ControlManagerService/ControlManagerCommand
[07/30/26 14:48:20.172343] [debug] [00:36:32.325742] [Service::ControlManagerService::ControlManagerCommand] Requested: request_header { request_timestamp { seconds: 1785390446 nanos: 916791759 } } command: COMMAND_DISABLE
[07/30/26 14:48:20.172346] [info] [00:36:32.325747] [ControlManager::Disable] Disable request received. Starting the disabling process...
[07/30/26 14:48:20.173620] [info] [00:36:32.327021] [ControlManager::Disable] Control Manager successfully disabled
[07/30/26 14:48:26.340620] [debug] [00:36:38.494003] [Hardware] Hardware Loop Stat (avg: 2.000 ms, min: 1.999 ms, max: 2.001 ms, count: 15000)
[07/30/26 14:48:26.479612] [debug] [00:36:38.633003] [ControlManager] Control Manager Loop Stat (avg: 2.000 ms, min: 1.999 ms, max: 2.001 ms, count: 15000)
[07/30/26 14:48:56.340619] [debug] [00:37:08.494002] [Hardware] Hardware Loop Stat (avg: 2.000 ms, min: 1.998 ms, max: 2.002 ms, count: 15000)
[07/30/26 14:48:56.479610] [debug] [00:37:08.633003] [ControlManager] Control Manager Loop Stat (avg: 2.000 ms, min: 1.998 ms, max: 2.002 ms, count: 15000)
[07/30/26 14:49:26.340619] [debug] [00:37:38.494003] [Hardware] Hardware Loop Stat (avg: 2.000 ms, min: 1.998 ms, max: 2.002 ms, count: 15000)
[07/30/26 14:49:26.479610] [debug] [00:37:38.633002] [ControlManager] Control Manager Loop Stat (avg: 2.000 ms, min: 1.998 ms, max: 2.002 ms, count: 15000)
[07/30/26 14:49:30.420925] [debug] [00:37:42.574305] [Service] Server method called: /rb.api.RobotInfoService/GetRobotInfo
[07/30/26 14:49:30.420960] [debug] [00:37:42.574360] [Service::RobotInfoService::GetRobotInfo] Requested: request_header { request_timestamp { seconds: 1785390517 nanos: 162523129 } }
[07/30/26 14:49:30.421567] [debug] [00:37:42.574961] [Service] Server method called: /rb.api.RobotStateService/GetRobotState
[07/30/26 14:49:30.421593] [debug] [00:37:42.574993] [Service::RobotStateService::GetRobotState] Requested: request_header { request_timestamp { seconds: 1785390517 nanos: 163327783 } }
[07/30/26 14:49:30.422404] [debug] [00:37:42.575798] [Service] Server method called: /rb.api.RobotInfoService/GetRobotInfo
[07/30/26 14:49:30.422423] [debug] [00:37:42.575823] [Service::RobotInfoService::GetRobotInfo] Requested: request_header { request_timestamp { seconds: 1785390517 nanos: 164150568 } }
[07/30/26 14:49:30.423051] [debug] [00:37:42.576447] [Service] Server method called: /rb.api.RobotStateService/GetRobotState
[07/30/26 14:49:30.423069] [debug] [00:37:42.576469] [Service::RobotStateService::GetRobotState] Requested: request_header { request_timestamp { seconds: 1785390517 nanos: 164822489 } }
[07/30/26 14:49:30.423676] [debug] [00:37:42.577073] [Service] Server method called: /rb.api.RobotStateService/GetControlManagerState
[07/30/26 14:49:30.423693] [debug] [00:37:42.577093] [Service::RobotStateService::GetControlManagerState] Requested: request_header { request_timestamp { seconds: 1785390517 nanos: 165455746 } }
[07/30/26 14:49:30.423948] [debug] [00:37:42.577345] [Service] Server method called: /rb.api.RobotInfoService/GetRobotInfo
[07/30/26 14:49:30.423964] [debug] [00:37:42.577363] [Service::RobotInfoService::GetRobotInfo] Requested: request_header { request_timestamp { seconds: 1785390517 nanos: 165739526 } }
[07/30/26 14:49:30.424457] [debug] [00:37:42.577852] [Service] Server method called: /rb.api.RobotStateService/GetRobotState
[07/30/26 14:49:30.424475] [debug] [00:37:42.577875] [Service::RobotStateService::GetRobotState] Requested: request_header { request_timestamp { seconds: 1785390517 nanos: 166211583 } }
[07/30/26 14:49:30.425089] [debug] [00:37:42.578485] [Service] Server method called: /rb.api.RobotStateService/GetRobotState
[07/30/26 14:49:30.425109] [debug] [00:37:42.578510] [Service::RobotStateService::GetRobotState] Requested: request_header { request_timestamp { seconds: 1785390517 nanos: 166852067 } }
[07/30/26 14:49:30.425546] [debug] [00:37:42.578944] [Service] Server method called: /rb.api.RobotInfoService/GetRobotInfo
[07/30/26 14:49:30.425559] [debug] [00:37:42.578959] [Service::RobotInfoService::GetRobotInfo] Requested: request_header { request_timestamp { seconds: 1785390517 nanos: 167340246 } }
[07/30/26 14:49:30.426161] [debug] [00:37:42.579559] [Service] Server method called: /rb.api.ControlManagerService/ControlManagerCommand
[07/30/26 14:49:30.426180] [debug] [00:37:42.579580] [Service::ControlManagerService::ControlManagerCommand] Requested: request_header { request_timestamp { seconds: 1785390517 nanos: 167924128 } } command: COMMAND_ENABLE unlimited_mode_enabled { }
[07/30/26 14:49:30.426184] [info] [00:37:42.579585] [ControlManager::Enable] Enable request received. Starting the enabling process...
[07/30/26 14:49:30.427614] [info] [00:37:42.581015] [ControlManager::Enable] Control Manager successfully enabled
[07/30/26 14:49:30.428035] [debug] [00:37:42.581433] [Service] Server method called: /rb.api.ParameterService/SetParameter
[07/30/26 14:49:30.428054] [debug] [00:37:42.581454] [Service::ParameterService::SetParameter] Requested: request_header { request_timestamp { seconds: 1785390517 nanos: 169809157 } } name: "cartesian_command.cutoff_frequency" parameter: "{\"value\":5,\"write_db\":true}"
[07/30/26 14:49:30.443326] [debug] [00:37:42.596720] [Service] Server method called: /rb.api.ParameterService/SetParameter
[07/30/26 14:49:30.443348] [debug] [00:37:42.596748] [Service::ParameterService::SetParameter] Requested: request_header { request_timestamp { seconds: 1785390517 nanos: 185041988 } } name: "default.acceleration_limit_scaling" parameter: "{\"value\":1.0,\"write_db\":true}"
[07/30/26 14:49:30.452674] [debug] [00:37:42.606072] [Service] Server method called: /rb.api.ParameterService/SetParameter
[07/30/26 14:49:30.452690] [debug] [00:37:42.606091] [Service::ParameterService::SetParameter] Requested: request_header { request_timestamp { seconds: 1785390517 nanos: 194429391 } } name: "default.angular_acceleration_limit" parameter: "{\"value\":10,\"write_db\":true}"
[07/30/26 14:49:30.461516] [debug] [00:37:42.614911] [Service] Server method called: /rb.api.ParameterService/SetParameter
[07/30/26 14:49:30.461537] [debug] [00:37:42.614936] [Service::ParameterService::SetParameter] Requested: request_header { request_timestamp { seconds: 1785390517 nanos: 203242138 } } name: "default.linear_acceleration_limit" parameter: "{\"value\":20,\"write_db\":true}"
[07/30/26 14:49:30.470755] [debug] [00:37:42.624152] [Service] Server method called: /rb.api.ParameterService/SetParameter
[07/30/26 14:49:30.470770] [debug] [00:37:42.624171] [Service::ParameterService::SetParameter] Requested: request_header { request_timestamp { seconds: 1785390517 nanos: 212498174 } } name: "joint_position_command.cutoff_frequency" parameter: "{\"value\":5,\"write_db\":true}"
[07/30/26 14:49:30.480874] [debug] [00:37:42.634269] [Service] Server method called: /rb.api.RobotCommandService/RobotCommand
[07/30/26 14:49:30.480962] [debug] [00:37:42.634359] [Service::RobotCommandService::RobotCommand] Requested: robot_command { component_based_command { body_command { joint_position_command { command_header { control_hold_time { seconds: 1 } } minimum_time { nanos: 500000000 } position: 0.046797804976956757 position: 0.9596834409834355 position: -1.6135959095697654 position: 0.56922078177001989 position: 0.031116268704759479 position: -0.07500558535617069 position: -0.63703867991958774 position: -0.56665781881996335 position: -0.64219118469473835 positio... [truncated]
[07/30/26 14:49:30.480966] [debug] [00:37:42.634367] [Service::RobotCommandService::RobotCommand]   Peer: ipv4:192.168.30.230:37942
[07/30/26 14:49:30.481117] [debug] [00:37:42.634517] [Service::RobotCommandService::RobotCommand]   IP: 192.168.30.230, Family: ipv4
[07/30/26 14:49:30.485644] [info] [00:37:42.639042] [ControlManager] Control started: {"type":"RobotCommand","control":{"type":"ComponentBasedCommand","components":{"mobility":null,"body":{"type":"BodyCommand","control":{"type":"JointPositionCommand","control":{"type":"JointPositionControl"}}},"head":{"type":"HeadCommand","control":{"type":"JointPositionCommand","control":{"type":"JointPositionControl"}}}}}} (priority: 1)
[07/30/26 14:49:32.243651] [debug] [00:37:44.397040] [ControlManager] Control finished: {"type":"RobotCommand","control":{"type":"ComponentBasedCommand","components":{"mobility":null,"body":{"type":"BodyCommand","control":{"type":"JointPositionCommand","control":{"type":"JointPositionControl"}}},"head":{"type":"HeadCommand","control":{"type":"JointPositionCommand","control":{"type":"JointPositionControl"}}}}}}
[07/30/26 14:49:32.243717] [info] [00:37:44.397111] [ControlInterface] Control completed successfully.
[07/30/26 14:49:32.243726] [debug] [00:37:44.397121] [ControlInterface::ExecutionStats] Average Control Time: 0.001 ms (max: 0.027 ms, min: 0.001 ms, sigma: 0.001 ms, count: 880)
[07/30/26 14:49:32.244588] [debug] [00:37:44.397984] [Service] Server method called: /rb.api.PowerService/ToolFlangePowerCommand
[07/30/26 14:49:32.244622] [debug] [00:37:44.398021] [Service::PowerService::ToolFlangePowerCommand] Requested: request_header { request_timestamp { seconds: 1785390518 nanos: 986156884 } } name: "right" command: COMMAND_POWER_12V
[07/30/26 14:49:32.244626] [debug] [00:37:44.398027] [Service::PowerService::ToolFlangePowerCommand] Result: Success
[07/30/26 14:49:32.245068] [debug] [00:37:44.398464] [Service] Server method called: /rb.api.PowerService/ToolFlangePowerCommand
[07/30/26 14:49:32.245086] [debug] [00:37:44.398485] [Service::PowerService::ToolFlangePowerCommand] Requested: request_header { request_timestamp { seconds: 1785390518 nanos: 986761925 } } name: "left" command: COMMAND_POWER_12V
[07/30/26 14:49:32.245090] [debug] [00:37:44.398491] [Service::PowerService::ToolFlangePowerCommand] Result: Success
[07/30/26 14:49:33.415668] [debug] [00:37:45.569052] [Service] Server method called: /rb.api.RobotCommandService/RobotCommand
[07/30/26 14:49:33.415749] [debug] [00:37:45.569146] [Service::RobotCommandService::RobotCommand] Requested: robot_command { component_based_command { body_command { joint_position_command { command_header { control_hold_time { seconds: 1 } } minimum_time { seconds: 4 } position: 0 position: 0.78539816339744828 position: -1.3962634015954636 position: 0.78539816339744828 position: 0 position: 0 position: 0 position: -0.26179938779914941 position: 0 position: -2.0943951023931953 position: 0 position: 0.52359877559829882 position: 0 position: 0 position: 0... [truncated]
[07/30/26 14:49:33.415753] [debug] [00:37:45.569153] [Service::RobotCommandService::RobotCommand]   Peer: ipv4:192.168.30.230:37942
[07/30/26 14:49:33.415943] [debug] [00:37:45.569342] [Service::RobotCommandService::RobotCommand]   IP: 192.168.30.230, Family: ipv4
[07/30/26 14:49:33.421636] [info] [00:37:45.575029] [ControlManager] Control started: {"type":"RobotCommand","control":{"type":"ComponentBasedCommand","components":{"mobility":null,"body":{"type":"BodyCommand","control":{"type":"JointPositionCommand","control":{"type":"JointPositionControl"}}},"head":{"type":"HeadCommand","control":{"type":"JointPositionCommand","control":{"type":"JointPositionControl"}}}}}} (priority: 1)
[07/30/26 14:49:38.679649] [debug] [00:37:50.833040] [ControlManager] Control finished: {"type":"RobotCommand","control":{"type":"ComponentBasedCommand","components":{"mobility":null,"body":{"type":"BodyCommand","control":{"type":"JointPositionCommand","control":{"type":"JointPositionControl"}}},"head":{"type":"HeadCommand","control":{"type":"JointPositionCommand","control":{"type":"JointPositionControl"}}}}}}
[07/30/26 14:49:38.679712] [info] [00:37:50.833107] [ControlInterface] Control completed successfully.
[07/30/26 14:49:38.679723] [debug] [00:37:50.833117] [ControlInterface::ExecutionStats] Average Control Time: 0.001 ms (max: 0.021 ms, min: 0.001 ms, sigma: 0.000 ms, count: 2630)
[07/30/26 14:49:38.680326] [debug] [00:37:50.833722] [Service] Server method called: /rb.api.RobotCommandService/RobotCommandStream
[07/30/26 14:49:38.680340] [debug] [00:37:50.833739] [Service::RobotCommandService::RobotCommandStream] Stream is created
[07/30/26 14:49:38.691700] [debug] [00:37:50.845093] [Service::RobotCommandService::RobotCommandStream] Requested: robot_command { component_based_command { mobility_command { se2_velocity_command { command_header { control_hold_time { seconds: 1 } } minimum_time { nanos: 10100000 } velocity { linear { } } acceleration_limit { linear { x: 1 y: 1 } angular: 1 } } } body_command { joint_impedance_control_command { command_header { control_hold_time { seconds: 1 } } minimum_time { nanos: 10100000 } position: -5.1546976730560558e-05 position: 0.78513890622468641 ... [truncated]
[07/30/26 14:49:38.691708] [debug] [00:37:50.845108] [Service::RobotCommandService::RobotCommandStream]   Peer: ipv4:192.168.30.230:37942
[07/30/26 14:49:38.691870] [debug] [00:37:50.845270] [Service::RobotCommandService::RobotCommandStream]   IP: 192.168.30.230, Family: ipv4
[07/30/26 14:49:38.697632] [info] [00:37:50.851031] [ControlManager] Control started: {"type":"RobotCommand","control":{"type":"ComponentBasedCommand","components":{"mobility":{"type":"MobilityCommand","control":{"type":"SE2VelocityCommand","control":{"type":"MobilitySE2VelocityControl"}}},"body":{"type":"BodyCommand","control":{"type":"JointImpedanceControlCommand","control":{"type":"JointImpedanceControl"}}},"head":{"type":"HeadCommand","control":{"type":"JointPositionCommand","control":{"type":"JointPositionControl"}}}}}} (priority: 1)
[07/30/26 14:49:48.695758] [debug] [00:38:00.849136] [ControlInterface::ExecutionStats] Average Control Time: 0.121 ms (max: 0.205 ms, min: 0.110 ms, sigma: 0.005 ms, count: 5000)
[07/30/26 14:49:56.340619] [debug] [00:38:08.494003] [Hardware] Hardware Loop Stat (avg: 2.000 ms, min: 1.999 ms, max: 2.001 ms, count: 15000)
[07/30/26 14:49:56.479613] [debug] [00:38:08.633002] [ControlManager] Control Manager Loop Stat (avg: 2.000 ms, min: 1.999 ms, max: 2.001 ms, count: 15000)
[07/30/26 14:49:58.695761] [debug] [00:38:10.849142] [ControlInterface::ExecutionStats] Average Control Time: 0.121 ms (max: 0.139 ms, min: 0.111 ms, sigma: 0.005 ms, count: 5000)
[07/30/26 14:50:08.695744] [debug] [00:38:20.849130] [ControlInterface::ExecutionStats] Average Control Time: 0.121 ms (max: 0.140 ms, min: 0.111 ms, sigma: 0.005 ms, count: 5000)
[07/30/26 14:50:18.695758] [debug] [00:38:30.849140] [ControlInterface::ExecutionStats] Average Control Time: 0.122 ms (max: 0.151 ms, min: 0.111 ms, sigma: 0.005 ms, count: 5000)
[07/30/26 14:50:26.340619] [debug] [00:38:38.494002] [Hardware] Hardware Loop Stat (avg: 2.000 ms, min: 1.999 ms, max: 2.001 ms, count: 15000)
[07/30/26 14:50:26.479614] [debug] [00:38:38.633002] [ControlManager] Control Manager Loop Stat (avg: 2.000 ms, min: 1.999 ms, max: 2.001 ms, count: 15000)
[07/30/26 14:50:28.695751] [debug] [00:38:40.849138] [ControlInterface::ExecutionStats] Average Control Time: 0.122 ms (max: 0.142 ms, min: 0.114 ms, sigma: 0.005 ms, count: 5000)
[07/30/26 14:50:31.758897] [debug] [00:38:43.912266] [Service] Server method called: /rb.api.RobotCommandService/RobotCommand
[07/30/26 14:50:31.758933] [debug] [00:38:43.912332] [Service::RobotCommandService::RobotCommand] Requested: robot_command { whole_body_command { stop_command { } } } priority: 99
[07/30/26 14:50:31.758936] [debug] [00:38:43.912337] [Service::RobotCommandService::RobotCommand]   Peer: ipv4:192.168.30.230:37942
[07/30/26 14:50:31.759107] [debug] [00:38:43.912505] [Service::RobotCommandService::RobotCommand]   IP: 192.168.30.230, Family: ipv4
[07/30/26 14:50:31.861790] [debug] [00:38:44.015179] [ControlManager] Control finished: {"type":"RobotCommand","control":{"type":"ComponentBasedCommand","components":{"mobility":{"type":"MobilityCommand","control":{"type":"SE2VelocityCommand","control":{"type":"MobilitySE2VelocityControl"}}},"body":{"type":"BodyCommand","control":{"type":"JointImpedanceControlCommand","control":{"type":"JointImpedanceControl"}}},"head":{"type":"HeadCommand","control":{"type":"JointPositionCommand","control":{"type":"JointPositionControl"}}}}}}
[07/30/26 14:50:31.861911] [debug] [00:38:44.015303] [Service::RobotCommandService::RobotCommandStream] OnReadDone (write_done: true, read_done: true)
[07/30/26 14:50:31.861937] [debug] [00:38:44.015331] [Service::RobotCommandService::RobotCommandStream] OnCancel
[07/30/26 14:50:31.862069] [info] [00:38:44.015467] [ControlInterface] Control was preempted or canceled by another request.
[07/30/26 14:50:31.862079] [debug] [00:38:44.015474] [ControlInterface::ExecutionStats] Average Control Time: 0.121 ms (max: 0.139 ms, min: 0.114 ms, sigma: 0.005 ms, count: 1583)
[07/30/26 14:50:31.862095] [debug] [00:38:44.015494] [Service::RobotCommandService::RobotCommandStream] OnDone: robot_command { component_based_command { mobility_command { se2_velocity_command { command_header { control_hold_time { seconds: 1 } } minimum_time { nanos: 10100000 } velocity { linear { } angular: 1.724200104422228e-35 } acceleration_limit { linear { x: 1 y: 1 } angular: 1 } } } body_command { joint_impedance_control_command { command_header { control_hold_time { seconds: 1 } } minimum_time { nanos: 10100000 } position: 0.049999851340118355 po... [truncated]
[07/30/26 14:50:31.863621] [info] [00:38:44.017020] [ControlManager] Control started: {"type":"RobotCommand","control":{"type":"WholeBodyCommand","control":{"type":"StopControl","control":{"type":"JointVelocityControl"}}}} (priority: 99)
[07/30/26 14:50:31.863640] [debug] [00:38:44.017042] [ControlManager] Control finished: {"type":"RobotCommand","control":{"type":"WholeBodyCommand","control":{"type":"StopControl","control":{"type":"JointVelocityControl"}}}}
[07/30/26 14:50:31.863679] [info] [00:38:44.017078] [ControlInterface] Control completed successfully.
[07/30/26 14:50:31.863683] [debug] [00:38:44.017082] [ControlInterface::ExecutionStats] Average Control Time: 0.006 ms (max: 0.006 ms, min: 0.006 ms, sigma: 0.000 ms, count: 1)
[07/30/26 14:50:31.864436] [debug] [00:38:44.017832] [Service] Server method called: /rb.api.ControlManagerService/ControlManagerCommand
[07/30/26 14:50:31.864460] [debug] [00:38:44.017860] [Service::ControlManagerService::ControlManagerCommand] Requested: request_header { request_timestamp { seconds: 1785390578 nanos: 604177933 } } command: COMMAND_DISABLE
[07/30/26 14:50:31.864464] [info] [00:38:44.017865] [ControlManager::Disable] Disable request received. Starting the disabling process...
[07/30/26 14:50:31.865620] [info] [00:38:44.019019] [ControlManager::Disable] Control Manager successfully disabled
[07/30/26 14:50:56.340619] [debug] [00:39:08.494003] [Hardware] Hardware Loop Stat (avg: 2.000 ms, min: 1.998 ms, max: 2.001 ms, count: 15000)
[07/30/26 14:50:56.479610] [debug] [00:39:08.633002] [ControlManager] Control Manager Loop Stat (avg: 2.000 ms, min: 1.998 ms, max: 2.002 ms, count: 15000)
[07/30/26 14:51:26.340618] [debug] [00:39:38.494003] [Hardware] Hardware Loop Stat (avg: 2.000 ms, min: 1.998 ms, max: 2.002 ms, count: 15000)
[07/30/26 14:51:26.479611] [debug] [00:39:38.633003] [ControlManager] Control Manager Loop Stat (avg: 2.000 ms, min: 1.998 ms, max: 2.002 ms, count: 15000)
[07/30/26 14:51:48.539382] [debug] [00:40:00.692767] [Service] Server method called: /rb.api.RobotInfoService/GetRobotInfo
[07/30/26 14:51:48.539417] [debug] [00:40:00.692817] [Service::RobotInfoService::GetRobotInfo] Requested: request_header { request_timestamp { seconds: 1785390655 nanos: 277062138 } }
[07/30/26 14:51:48.540123] [debug] [00:40:00.693519] [Service] Server method called: /rb.api.RobotStateService/GetRobotState
[07/30/26 14:51:48.540143] [debug] [00:40:00.693542] [Service::RobotStateService::GetRobotState] Requested: request_header { request_timestamp { seconds: 1785390655 nanos: 277888471 } }
[07/30/26 14:51:48.540890] [debug] [00:40:00.694283] [Service] Server method called: /rb.api.RobotInfoService/GetRobotInfo
[07/30/26 14:51:48.540912] [debug] [00:40:00.694312] [Service::RobotInfoService::GetRobotInfo] Requested: request_header { request_timestamp { seconds: 1785390655 nanos: 278594014 } }
[07/30/26 14:51:48.541744] [debug] [00:40:00.695139] [Service] Server method called: /rb.api.RobotStateService/GetRobotState
[07/30/26 14:51:48.541763] [debug] [00:40:00.695163] [Service::RobotStateService::GetRobotState] Requested: request_header { request_timestamp { seconds: 1785390655 nanos: 279500381 } }
[07/30/26 14:51:48.542650] [debug] [00:40:00.696044] [Service] Server method called: /rb.api.RobotStateService/GetControlManagerState
[07/30/26 14:51:48.542673] [debug] [00:40:00.696072] [Service::RobotStateService::GetControlManagerState] Requested: request_header { request_timestamp { seconds: 1785390655 nanos: 280405109 } }
[07/30/26 14:51:48.543237] [debug] [00:40:00.696632] [Service] Server method called: /rb.api.RobotInfoService/GetRobotInfo
[07/30/26 14:51:48.543256] [debug] [00:40:00.696656] [Service::RobotInfoService::GetRobotInfo] Requested: request_header { request_timestamp { seconds: 1785390655 nanos: 281001262 } }
[07/30/26 14:51:48.543803] [debug] [00:40:00.697201] [Service] Server method called: /rb.api.RobotStateService/GetRobotState
[07/30/26 14:51:48.543817] [debug] [00:40:00.697217] [Service::RobotStateService::GetRobotState] Requested: request_header { request_timestamp { seconds: 1785390655 nanos: 281578409 } }
[07/30/26 14:51:48.544513] [debug] [00:40:00.697911] [Service] Server method called: /rb.api.RobotStateService/GetRobotState
[07/30/26 14:51:48.544528] [debug] [00:40:00.697928] [Service::RobotStateService::GetRobotState] Requested: request_header { request_timestamp { seconds: 1785390655 nanos: 282321941 } }
[07/30/26 14:51:48.544988] [debug] [00:40:00.698383] [Service] Server method called: /rb.api.RobotInfoService/GetRobotInfo
[07/30/26 14:51:48.545005] [debug] [00:40:00.698405] [Service::RobotInfoService::GetRobotInfo] Requested: request_header { request_timestamp { seconds: 1785390655 nanos: 282780505 } }
[07/30/26 14:51:48.545522] [debug] [00:40:00.698920] [Service] Server method called: /rb.api.ControlManagerService/ControlManagerCommand
[07/30/26 14:51:48.545541] [debug] [00:40:00.698941] [Service::ControlManagerService::ControlManagerCommand] Requested: request_header { request_timestamp { seconds: 1785390655 nanos: 283314288 } } command: COMMAND_ENABLE unlimited_mode_enabled { }
[07/30/26 14:51:48.545545] [info] [00:40:00.698946] [ControlManager::Enable] Enable request received. Starting the enabling process...
[07/30/26 14:51:48.545616] [info] [00:40:00.699017] [ControlManager::Enable] Control Manager successfully enabled
[07/30/26 14:51:48.545950] [debug] [00:40:00.699345] [Service] Server method called: /rb.api.ParameterService/SetParameter
[07/30/26 14:51:48.545969] [debug] [00:40:00.699369] [Service::ParameterService::SetParameter] Requested: request_header { request_timestamp { seconds: 1785390655 nanos: 283734909 } } name: "cartesian_command.cutoff_frequency" parameter: "{\"value\":5,\"write_db\":true}"
[07/30/26 14:51:48.656247] [debug] [00:40:00.809636] [Service] Server method called: /rb.api.ParameterService/SetParameter
[07/30/26 14:51:48.656291] [debug] [00:40:00.809690] [Service::ParameterService::SetParameter] Requested: request_header { request_timestamp { seconds: 1785390655 nanos: 393954436 } } name: "default.acceleration_limit_scaling" parameter: "{\"value\":1.0,\"write_db\":true}"
[07/30/26 14:51:48.662249] [debug] [00:40:00.815643] [Service] Server method called: /rb.api.ParameterService/SetParameter
[07/30/26 14:51:48.662270] [debug] [00:40:00.815670] [Service::ParameterService::SetParameter] Requested: request_header { request_timestamp { seconds: 1785390655 nanos: 399989817 } } name: "default.angular_acceleration_limit" parameter: "{\"value\":10,\"write_db\":true}"
[07/30/26 14:51:48.668278] [debug] [00:40:00.821673] [Service] Server method called: /rb.api.ParameterService/SetParameter
[07/30/26 14:51:48.668298] [debug] [00:40:00.821698] [Service::ParameterService::SetParameter] Requested: request_header { request_timestamp { seconds: 1785390655 nanos: 406032661 } } name: "default.linear_acceleration_limit" parameter: "{\"value\":20,\"write_db\":true}"
[07/30/26 14:51:48.676307] [debug] [00:40:00.829702] [Service] Server method called: /rb.api.ParameterService/SetParameter
[07/30/26 14:51:48.676328] [debug] [00:40:00.829728] [Service::ParameterService::SetParameter] Requested: request_header { request_timestamp { seconds: 1785390655 nanos: 414051493 } } name: "joint_position_command.cutoff_frequency" parameter: "{\"value\":5,\"write_db\":true}"
[07/30/26 14:51:48.682326] [debug] [00:40:00.835720] [Service] Server method called: /rb.api.RobotCommandService/RobotCommand
[07/30/26 14:51:48.682401] [debug] [00:40:00.835798] [Service::RobotCommandService::RobotCommand] Requested: robot_command { component_based_command { body_command { joint_position_command { command_header { control_hold_time { seconds: 1 } } minimum_time { nanos: 500000000 } position: 0.047158518281038772 position: 0.96141486484302918 position: -1.606954987792508 position: 0.56949036750254434 position: 0.033470397636663186 position: -0.078836740343736555 position: -0.635945149060897 position: -0.57143821934458727 position: -0.63805247415316568 position... [truncated]
[07/30/26 14:51:48.682405] [debug] [00:40:00.835806] [Service::RobotCommandService::RobotCommand]   Peer: ipv4:192.168.30.230:37942
[07/30/26 14:51:48.682559] [debug] [00:40:00.835959] [Service::RobotCommandService::RobotCommand]   IP: 192.168.30.230, Family: ipv4
[07/30/26 14:51:48.687650] [info] [00:40:00.841046] [ControlManager] Control started: {"type":"RobotCommand","control":{"type":"ComponentBasedCommand","components":{"mobility":null,"body":{"type":"BodyCommand","control":{"type":"JointPositionCommand","control":{"type":"JointPositionControl"}}},"head":{"type":"HeadCommand","control":{"type":"JointPositionCommand","control":{"type":"JointPositionControl"}}}}}} (priority: 1)
[07/30/26 14:51:50.445654] [debug] [00:40:02.599043] [ControlManager] Control finished: {"type":"RobotCommand","control":{"type":"ComponentBasedCommand","components":{"mobility":null,"body":{"type":"BodyCommand","control":{"type":"JointPositionCommand","control":{"type":"JointPositionControl"}}},"head":{"type":"HeadCommand","control":{"type":"JointPositionCommand","control":{"type":"JointPositionControl"}}}}}}
[07/30/26 14:51:50.445717] [info] [00:40:02.599111] [ControlInterface] Control completed successfully.
[07/30/26 14:51:50.445727] [debug] [00:40:02.599122] [ControlInterface::ExecutionStats] Average Control Time: 0.001 ms (max: 0.029 ms, min: 0.001 ms, sigma: 0.001 ms, count: 880)
[07/30/26 14:51:50.446412] [debug] [00:40:02.599808] [Service] Server method called: /rb.api.PowerService/ToolFlangePowerCommand
[07/30/26 14:51:50.446456] [debug] [00:40:02.599855] [Service::PowerService::ToolFlangePowerCommand] Requested: request_header { request_timestamp { seconds: 1785390657 nanos: 184092311 } } name: "right" command: COMMAND_POWER_12V
[07/30/26 14:51:50.446461] [debug] [00:40:02.599862] [Service::PowerService::ToolFlangePowerCommand] Result: Success
[07/30/26 14:51:50.446794] [debug] [00:40:02.600190] [Service] Server method called: /rb.api.PowerService/ToolFlangePowerCommand
[07/30/26 14:51:50.446817] [debug] [00:40:02.600216] [Service::PowerService::ToolFlangePowerCommand] Requested: request_header { request_timestamp { seconds: 1785390657 nanos: 184514892 } } name: "left" command: COMMAND_POWER_12V
[07/30/26 14:51:50.446821] [debug] [00:40:02.600222] [Service::PowerService::ToolFlangePowerCommand] Result: Success
[07/30/26 14:51:51.618642] [debug] [00:40:03.772028] [Service] Server method called: /rb.api.RobotCommandService/RobotCommand
[07/30/26 14:51:51.618719] [debug] [00:40:03.772116] [Service::RobotCommandService::RobotCommand] Requested: robot_command { component_based_command { body_command { joint_position_command { command_header { control_hold_time { seconds: 1 } } minimum_time { seconds: 4 } position: 0 position: 0.78539816339744828 position: -1.3962634015954636 position: 0.78539816339744828 position: 0 position: 0 position: 0 position: -0.26179938779914941 position: 0 position: -2.0943951023931953 position: 0 position: 0.52359877559829882 position: 0 position: 0 position: 0... [truncated]
[07/30/26 14:51:51.618722] [debug] [00:40:03.772123] [Service::RobotCommandService::RobotCommand]   Peer: ipv4:192.168.30.230:37942
[07/30/26 14:51:51.618883] [debug] [00:40:03.772281] [Service::RobotCommandService::RobotCommand]   IP: 192.168.30.230, Family: ipv4
[07/30/26 14:51:51.623639] [info] [00:40:03.777033] [ControlManager] Control started: {"type":"RobotCommand","control":{"type":"ComponentBasedCommand","components":{"mobility":null,"body":{"type":"BodyCommand","control":{"type":"JointPositionCommand","control":{"type":"JointPositionControl"}}},"head":{"type":"HeadCommand","control":{"type":"JointPositionCommand","control":{"type":"JointPositionControl"}}}}}} (priority: 1)
[07/30/26 14:51:56.340619] [debug] [00:40:08.494003] [Hardware] Hardware Loop Stat (avg: 2.000 ms, min: 1.998 ms, max: 2.002 ms, count: 15000)
[07/30/26 14:51:56.479612] [debug] [00:40:08.633003] [ControlManager] Control Manager Loop Stat (avg: 2.000 ms, min: 1.998 ms, max: 2.002 ms, count: 15000)
[07/30/26 14:51:56.881652] [debug] [00:40:09.035043] [ControlManager] Control finished: {"type":"RobotCommand","control":{"type":"ComponentBasedCommand","components":{"mobility":null,"body":{"type":"BodyCommand","control":{"type":"JointPositionCommand","control":{"type":"JointPositionControl"}}},"head":{"type":"HeadCommand","control":{"type":"JointPositionCommand","control":{"type":"JointPositionControl"}}}}}}
[07/30/26 14:51:56.881714] [info] [00:40:09.035108] [ControlInterface] Control completed successfully.
[07/30/26 14:51:56.881723] [debug] [00:40:09.035118] [ControlInterface::ExecutionStats] Average Control Time: 0.001 ms (max: 0.019 ms, min: 0.001 ms, sigma: 0.000 ms, count: 2630)
[07/30/26 14:51:56.882277] [debug] [00:40:09.035674] [Service] Server method called: /rb.api.RobotCommandService/RobotCommandStream
[07/30/26 14:51:56.882290] [debug] [00:40:09.035689] [Service::RobotCommandService::RobotCommandStream] Stream is created
[07/30/26 14:51:56.914161] [debug] [00:40:09.067550] [Service::RobotCommandService::RobotCommandStream] Requested: robot_command { component_based_command { mobility_command { se2_velocity_command { command_header { control_hold_time { seconds: 1 } } minimum_time { nanos: 10100000 } velocity { linear { } } acceleration_limit { linear { x: 1 y: 1 } angular: 1 } } } body_command { joint_impedance_control_command { command_header { control_hold_time { seconds: 1 } } minimum_time { nanos: 10100000 } position: -0.00013996818615061814 position: 0.78510424240882881 ... [truncated]
[07/30/26 14:51:56.914169] [debug] [00:40:09.067569] [Service::RobotCommandService::RobotCommandStream]   Peer: ipv4:192.168.30.230:37942
[07/30/26 14:51:56.914325] [debug] [00:40:09.067725] [Service::RobotCommandService::RobotCommandStream]   IP: 192.168.30.230, Family: ipv4
[07/30/26 14:51:56.919639] [info] [00:40:09.073035] [ControlManager] Control started: {"type":"RobotCommand","control":{"type":"ComponentBasedCommand","components":{"mobility":{"type":"MobilityCommand","control":{"type":"SE2VelocityCommand","control":{"type":"MobilitySE2VelocityControl"}}},"body":{"type":"BodyCommand","control":{"type":"JointImpedanceControlCommand","control":{"type":"JointImpedanceControl"}}},"head":{"type":"HeadCommand","control":{"type":"JointPositionCommand","control":{"type":"JointPositionControl"}}}}}} (priority: 1)
[07/30/26 14:52:06.917762] [debug] [00:40:19.071141] [ControlInterface::ExecutionStats] Average Control Time: 0.121 ms (max: 0.207 ms, min: 0.114 ms, sigma: 0.005 ms, count: 5000)
[07/30/26 14:52:12.594367] [debug] [00:40:24.747751] [Service] Server method called: /rb.api.RobotCommandService/RobotCommand
[07/30/26 14:52:12.594403] [debug] [00:40:24.747802] [Service::RobotCommandService::RobotCommand] Requested: robot_command { whole_body_command { stop_command { } } } priority: 99
[07/30/26 14:52:12.594405] [debug] [00:40:24.747807] [Service::RobotCommandService::RobotCommand]   Peer: ipv4:192.168.30.230:37942
[07/30/26 14:52:12.594566] [debug] [00:40:24.747965] [Service::RobotCommandService::RobotCommand]   IP: 192.168.30.230, Family: ipv4
[07/30/26 14:52:12.697798] [debug] [00:40:24.851186] [ControlManager] Control finished: {"type":"RobotCommand","control":{"type":"ComponentBasedCommand","components":{"mobility":{"type":"MobilityCommand","control":{"type":"SE2VelocityCommand","control":{"type":"MobilitySE2VelocityControl"}}},"body":{"type":"BodyCommand","control":{"type":"JointImpedanceControlCommand","control":{"type":"JointImpedanceControl"}}},"head":{"type":"HeadCommand","control":{"type":"JointPositionCommand","control":{"type":"JointPositionControl"}}}}}}
[07/30/26 14:52:12.697944] [debug] [00:40:24.851335] [Service::RobotCommandService::RobotCommandStream] OnReadDone (write_done: true, read_done: true)
[07/30/26 14:52:12.697963] [debug] [00:40:24.851360] [Service::RobotCommandService::RobotCommandStream] OnCancel
[07/30/26 14:52:12.698106] [info] [00:40:24.851501] [ControlInterface] Control was preempted or canceled by another request.
[07/30/26 14:52:12.698117] [debug] [00:40:24.851512] [ControlInterface::ExecutionStats] Average Control Time: 0.122 ms (max: 0.139 ms, min: 0.114 ms, sigma: 0.005 ms, count: 2890)
[07/30/26 14:52:12.698138] [debug] [00:40:24.851531] [Service::RobotCommandService::RobotCommandStream] OnDone: robot_command { component_based_command { mobility_command { se2_velocity_command { command_header { control_hold_time { seconds: 1 } } minimum_time { nanos: 10100000 } velocity { linear { x: -2.3639954438436916e-09 y: -1.0761923618929359e-07 } angular: -6.0647667443625153e-11 } acceleration_limit { linear { x: 1 y: 1 } angular: 1 } } } body_command { joint_impedance_control_command { command_header { control_hold_time { seconds: 1 } } minimum_ti... [truncated]
[07/30/26 14:52:12.699619] [info] [00:40:24.853018] [ControlManager] Control started: {"type":"RobotCommand","control":{"type":"WholeBodyCommand","control":{"type":"StopControl","control":{"type":"JointVelocityControl"}}}} (priority: 99)
[07/30/26 14:52:12.699638] [debug] [00:40:24.853040] [ControlManager] Control finished: {"type":"RobotCommand","control":{"type":"WholeBodyCommand","control":{"type":"StopControl","control":{"type":"JointVelocityControl"}}}}
[07/30/26 14:52:12.699677] [info] [00:40:24.853076] [ControlInterface] Control completed successfully.
[07/30/26 14:52:12.699683] [debug] [00:40:24.853080] [ControlInterface::ExecutionStats] Average Control Time: 0.006 ms (max: 0.006 ms, min: 0.006 ms, sigma: 0.000 ms, count: 1)
[07/30/26 14:52:12.700304] [debug] [00:40:24.853701] [Service] Server method called: /rb.api.ControlManagerService/ControlManagerCommand
[07/30/26 14:52:12.700326] [debug] [00:40:24.853726] [Service::ControlManagerService::ControlManagerCommand] Requested: request_header { request_timestamp { seconds: 1785390679 nanos: 437485524 } } command: COMMAND_DISABLE
[07/30/26 14:52:12.700330] [info] [00:40:24.853731] [ControlManager::Disable] Disable request received. Starting the disabling process...
[07/30/26 14:52:12.701620] [info] [00:40:24.855019] [ControlManager::Disable] Control Manager successfully disabled
[07/30/26 14:52:26.340620] [debug] [00:40:38.494003] [Hardware] Hardware Loop Stat (avg: 2.000 ms, min: 1.999 ms, max: 2.001 ms, count: 15000)
[07/30/26 14:52:26.479610] [debug] [00:40:38.633002] [ControlManager] Control Manager Loop Stat (avg: 2.000 ms, min: 1.998 ms, max: 2.002 ms, count: 15000)
[07/30/26 14:52:27.742431] [debug] [00:40:39.895815] [Service] Server method called: /rb.api.RobotInfoService/GetRobotInfo
[07/30/26 14:52:27.742465] [debug] [00:40:39.895864] [Service::RobotInfoService::GetRobotInfo] Requested: request_header { request_timestamp { seconds: 1785390694 nanos: 479176436 } }
[07/30/26 14:52:27.743362] [debug] [00:40:39.896752] [Service] Server method called: /rb.api.RobotStateService/GetRobotState
[07/30/26 14:52:27.743386] [debug] [00:40:39.896786] [Service::RobotStateService::GetRobotState] Requested: request_header { request_timestamp { seconds: 1785390694 nanos: 480178046 } }
[07/30/26 14:52:27.744309] [debug] [00:40:39.897704] [Service] Server method called: /rb.api.RobotInfoService/GetRobotInfo
[07/30/26 14:52:27.744327] [debug] [00:40:39.897727] [Service::RobotInfoService::GetRobotInfo] Requested: request_header { request_timestamp { seconds: 1785390694 nanos: 481188641 } }
[07/30/26 14:52:27.745067] [debug] [00:40:39.898464] [Service] Server method called: /rb.api.RobotStateService/GetRobotState
[07/30/26 14:52:27.745085] [debug] [00:40:39.898484] [Service::RobotStateService::GetRobotState] Requested: request_header { request_timestamp { seconds: 1785390694 nanos: 481941016 } }
[07/30/26 14:52:27.745864] [debug] [00:40:39.899259] [Service] Server method called: /rb.api.RobotStateService/GetControlManagerState
[07/30/26 14:52:27.745882] [debug] [00:40:39.899282] [Service::RobotStateService::GetControlManagerState] Requested: request_header { request_timestamp { seconds: 1785390694 nanos: 482743518 } }
[07/30/26 14:52:27.746184] [debug] [00:40:39.899583] [Service] Server method called: /rb.api.RobotInfoService/GetRobotInfo
[07/30/26 14:52:27.746193] [debug] [00:40:39.899595] [Service::RobotInfoService::GetRobotInfo] Requested: request_header { request_timestamp { seconds: 1785390694 nanos: 483130621 } }
[07/30/26 14:52:27.746753] [debug] [00:40:39.900150] [Service] Server method called: /rb.api.RobotStateService/GetRobotState
[07/30/26 14:52:27.746768] [debug] [00:40:39.900168] [Service::RobotStateService::GetRobotState] Requested: request_header { request_timestamp { seconds: 1785390694 nanos: 483642758 } }
[07/30/26 14:52:27.747232] [debug] [00:40:39.900629] [Service] Server method called: /rb.api.RobotStateService/GetRobotState
[07/30/26 14:52:27.747248] [debug] [00:40:39.900647] [Service::RobotStateService::GetRobotState] Requested: request_header { request_timestamp { seconds: 1785390694 nanos: 484151650 } }
[07/30/26 14:52:27.747674] [debug] [00:40:39.901074] [Service] Server method called: /rb.api.RobotInfoService/GetRobotInfo
[07/30/26 14:52:27.747683] [debug] [00:40:39.901084] [Service::RobotInfoService::GetRobotInfo] Requested: request_header { request_timestamp { seconds: 1785390694 nanos: 484617905 } }
[07/30/26 14:52:27.748109] [debug] [00:40:39.901507] [Service] Server method called: /rb.api.ControlManagerService/ControlManagerCommand
[07/30/26 14:52:27.748128] [debug] [00:40:39.901528] [Service::ControlManagerService::ControlManagerCommand] Requested: request_header { request_timestamp { seconds: 1785390694 nanos: 485037598 } } command: COMMAND_ENABLE unlimited_mode_enabled { }
[07/30/26 14:52:27.748131] [info] [00:40:39.901532] [ControlManager::Enable] Enable request received. Starting the enabling process...
[07/30/26 14:52:27.749615] [info] [00:40:39.903015] [ControlManager::Enable] Control Manager successfully enabled
[07/30/26 14:52:27.750121] [debug] [00:40:39.903519] [Service] Server method called: /rb.api.ParameterService/SetParameter
[07/30/26 14:52:27.750141] [debug] [00:40:39.903540] [Service::ParameterService::SetParameter] Requested: request_header { request_timestamp { seconds: 1785390694 nanos: 487007480 } } name: "cartesian_command.cutoff_frequency" parameter: "{\"value\":5,\"write_db\":true}"
[07/30/26 14:52:27.760559] [debug] [00:40:39.913955] [Service] Server method called: /rb.api.ParameterService/SetParameter
[07/30/26 14:52:27.760575] [debug] [00:40:39.913976] [Service::ParameterService::SetParameter] Requested: request_header { request_timestamp { seconds: 1785390694 nanos: 497449351 } } name: "default.acceleration_limit_scaling" parameter: "{\"value\":1.0,\"write_db\":true}"
[07/30/26 14:52:27.766435] [debug] [00:40:39.919831] [Service] Server method called: /rb.api.ParameterService/SetParameter
[07/30/26 14:52:27.766454] [debug] [00:40:39.919854] [Service::ParameterService::SetParameter] Requested: request_header { request_timestamp { seconds: 1785390694 nanos: 503298856 } } name: "default.angular_acceleration_limit" parameter: "{\"value\":10,\"write_db\":true}"
[07/30/26 14:52:27.772422] [debug] [00:40:39.925818] [Service] Server method called: /rb.api.ParameterService/SetParameter
[07/30/26 14:52:27.772440] [debug] [00:40:39.925840] [Service::ParameterService::SetParameter] Requested: request_header { request_timestamp { seconds: 1785390694 nanos: 509294197 } } name: "default.linear_acceleration_limit" parameter: "{\"value\":20,\"write_db\":true}"
[07/30/26 14:52:27.778391] [debug] [00:40:39.931789] [Service] Server method called: /rb.api.ParameterService/SetParameter
[07/30/26 14:52:27.778405] [debug] [00:40:39.931806] [Service::ParameterService::SetParameter] Requested: request_header { request_timestamp { seconds: 1785390694 nanos: 515271216 } } name: "joint_position_command.cutoff_frequency" parameter: "{\"value\":5,\"write_db\":true}"
[07/30/26 14:52:27.784490] [debug] [00:40:39.937885] [Service] Server method called: /rb.api.RobotCommandService/RobotCommand
[07/30/26 14:52:27.784567] [debug] [00:40:39.937965] [Service::RobotCommandService::RobotCommand] Requested: robot_command { component_based_command { body_command { joint_position_command { command_header { control_hold_time { seconds: 1 } } minimum_time { nanos: 500000000 } position: -0.010369558246821006 position: 0.81611195199449527 position: -1.4973095342980187 position: 0.78546650907611648 position: 0.0050879560786305919 position: -0.00062650205445824458 position: -0.040198650003329908 position: -0.26224996301407294 position: -0.02494617271388283 ... [truncated]
[07/30/26 14:52:27.784570] [debug] [00:40:39.937971] [Service::RobotCommandService::RobotCommand]   Peer: ipv4:192.168.30.230:37942
[07/30/26 14:52:27.784729] [debug] [00:40:39.938129] [Service::RobotCommandService::RobotCommand]   IP: 192.168.30.230, Family: ipv4
[07/30/26 14:52:27.789643] [info] [00:40:39.943040] [ControlManager] Control started: {"type":"RobotCommand","control":{"type":"ComponentBasedCommand","components":{"mobility":null,"body":{"type":"BodyCommand","control":{"type":"JointPositionCommand","control":{"type":"JointPositionControl"}}},"head":{"type":"HeadCommand","control":{"type":"JointPositionCommand","control":{"type":"JointPositionControl"}}}}}} (priority: 1)
[07/30/26 14:52:29.547653] [debug] [00:40:41.701042] [ControlManager] Control finished: {"type":"RobotCommand","control":{"type":"ComponentBasedCommand","components":{"mobility":null,"body":{"type":"BodyCommand","control":{"type":"JointPositionCommand","control":{"type":"JointPositionControl"}}},"head":{"type":"HeadCommand","control":{"type":"JointPositionCommand","control":{"type":"JointPositionControl"}}}}}}
[07/30/26 14:52:29.547718] [info] [00:40:41.701113] [ControlInterface] Control completed successfully.
[07/30/26 14:52:29.547728] [debug] [00:40:41.701122] [ControlInterface::ExecutionStats] Average Control Time: 0.001 ms (max: 0.027 ms, min: 0.001 ms, sigma: 0.001 ms, count: 880)
[07/30/26 14:52:29.548441] [debug] [00:40:41.701835] [Service] Server method called: /rb.api.PowerService/ToolFlangePowerCommand
[07/30/26 14:52:29.548475] [debug] [00:40:41.701876] [Service::PowerService::ToolFlangePowerCommand] Requested: request_header { request_timestamp { seconds: 1785390696 nanos: 285215699 } } name: "right" command: COMMAND_POWER_12V
[07/30/26 14:52:29.548479] [debug] [00:40:41.701881] [Service::PowerService::ToolFlangePowerCommand] Result: Success
[07/30/26 14:52:29.548930] [debug] [00:40:41.702326] [Service] Server method called: /rb.api.PowerService/ToolFlangePowerCommand
[07/30/26 14:52:29.548960] [debug] [00:40:41.702359] [Service::PowerService::ToolFlangePowerCommand] Requested: request_header { request_timestamp { seconds: 1785390696 nanos: 285767002 } } name: "left" command: COMMAND_POWER_12V
[07/30/26 14:52:29.548964] [debug] [00:40:41.702365] [Service::PowerService::ToolFlangePowerCommand] Result: Success
[07/30/26 14:52:30.701445] [debug] [00:40:42.854832] [Service] Server method called: /rb.api.RobotCommandService/RobotCommand
[07/30/26 14:52:30.701537] [debug] [00:40:42.854933] [Service::RobotCommandService::RobotCommand] Requested: robot_command { component_based_command { body_command { joint_position_command { command_header { control_hold_time { seconds: 1 } } minimum_time { seconds: 4 } position: 0 position: 0.78539816339744828 position: -1.3962634015954636 position: 0.78539816339744828 position: 0 position: 0 position: 0 position: -0.26179938779914941 position: 0 position: -2.0943951023931953 position: 0 position: 0.52359877559829882 position: 0 position: 0 position: 0... [truncated]
[07/30/26 14:52:30.701541] [debug] [00:40:42.854942] [Service::RobotCommandService::RobotCommand]   Peer: ipv4:192.168.30.230:37942
[07/30/26 14:52:30.701707] [debug] [00:40:42.855106] [Service::RobotCommandService::RobotCommand]   IP: 192.168.30.230, Family: ipv4
[07/30/26 14:52:30.707641] [info] [00:40:42.861032] [ControlManager] Control started: {"type":"RobotCommand","control":{"type":"ComponentBasedCommand","components":{"mobility":null,"body":{"type":"BodyCommand","control":{"type":"JointPositionCommand","control":{"type":"JointPositionControl"}}},"head":{"type":"HeadCommand","control":{"type":"JointPositionCommand","control":{"type":"JointPositionControl"}}}}}} (priority: 1)
[07/30/26 14:52:35.965656] [debug] [00:40:48.119044] [ControlManager] Control finished: {"type":"RobotCommand","control":{"type":"ComponentBasedCommand","components":{"mobility":null,"body":{"type":"BodyCommand","control":{"type":"JointPositionCommand","control":{"type":"JointPositionControl"}}},"head":{"type":"HeadCommand","control":{"type":"JointPositionCommand","control":{"type":"JointPositionControl"}}}}}}
[07/30/26 14:52:35.965719] [info] [00:40:48.119112] [ControlInterface] Control completed successfully.
[07/30/26 14:52:35.965731] [debug] [00:40:48.119123] [ControlInterface::ExecutionStats] Average Control Time: 0.001 ms (max: 0.019 ms, min: 0.001 ms, sigma: 0.000 ms, count: 2630)
[07/30/26 14:52:35.966404] [debug] [00:40:48.119799] [Service] Server method called: /rb.api.RobotCommandService/RobotCommandStream
[07/30/26 14:52:35.966415] [debug] [00:40:48.119816] [Service::RobotCommandService::RobotCommandStream] Stream is created
[07/30/26 14:52:35.997947] [debug] [00:40:48.151341] [Service::RobotCommandService::RobotCommandStream] Requested: robot_command { component_based_command { mobility_command { se2_velocity_command { command_header { control_hold_time { seconds: 1 } } minimum_time { nanos: 10100000 } velocity { linear { } } acceleration_limit { linear { x: 1 y: 1 } angular: 1 } } } body_command { joint_impedance_control_command { command_header { control_hold_time { seconds: 1 } } minimum_time { nanos: 10100000 } position: -0.00011015879649791901 position: 0.78512887341483284 ... [truncated]
[07/30/26 14:52:35.997955] [debug] [00:40:48.151355] [Service::RobotCommandService::RobotCommandStream]   Peer: ipv4:192.168.30.230:37942
[07/30/26 14:52:35.998117] [debug] [00:40:48.151517] [Service::RobotCommandService::RobotCommandStream]   IP: 192.168.30.230, Family: ipv4
[07/30/26 14:52:36.003635] [info] [00:40:48.157034] [ControlManager] Control started: {"type":"RobotCommand","control":{"type":"ComponentBasedCommand","components":{"mobility":{"type":"MobilityCommand","control":{"type":"SE2VelocityCommand","control":{"type":"MobilitySE2VelocityControl"}}},"body":{"type":"BodyCommand","control":{"type":"JointImpedanceControlCommand","control":{"type":"JointImpedanceControl"}}},"head":{"type":"HeadCommand","control":{"type":"JointPositionCommand","control":{"type":"JointPositionControl"}}}}}} (priority: 1)
[07/30/26 14:52:46.001755] [debug] [00:40:58.155137] [ControlInterface::ExecutionStats] Average Control Time: 0.123 ms (max: 0.208 ms, min: 0.112 ms, sigma: 0.006 ms, count: 5000)
[07/30/26 14:52:56.001757] [debug] [00:41:08.155139] [ControlInterface::ExecutionStats] Average Control Time: 0.123 ms (max: 0.144 ms, min: 0.114 ms, sigma: 0.005 ms, count: 5000)
[07/30/26 14:52:56.340617] [debug] [00:41:08.494003] [Hardware] Hardware Loop Stat (avg: 2.000 ms, min: 1.998 ms, max: 2.002 ms, count: 15000)
[07/30/26 14:52:56.479617] [debug] [00:41:08.633003] [ControlManager] Control Manager Loop Stat (avg: 2.000 ms, min: 1.998 ms, max: 2.002 ms, count: 15000)
[07/30/26 14:53:02.791591] [debug] [00:41:14.944975] [Service] Server method called: /rb.api.RobotCommandService/RobotCommand
[07/30/26 14:53:02.791629] [debug] [00:41:14.945028] [Service::RobotCommandService::RobotCommand] Requested: robot_command { whole_body_command { stop_command { } } } priority: 99
[07/30/26 14:53:02.791632] [debug] [00:41:14.945033] [Service::RobotCommandService::RobotCommand]   Peer: ipv4:192.168.30.230:37942
[07/30/26 14:53:02.791795] [debug] [00:41:14.945195] [Service::RobotCommandService::RobotCommand]   IP: 192.168.30.230, Family: ipv4
[07/30/26 14:53:02.895790] [debug] [00:41:15.049176] [ControlManager] Control finished: {"type":"RobotCommand","control":{"type":"ComponentBasedCommand","components":{"mobility":{"type":"MobilityCommand","control":{"type":"SE2VelocityCommand","control":{"type":"MobilitySE2VelocityControl"}}},"body":{"type":"BodyCommand","control":{"type":"JointImpedanceControlCommand","control":{"type":"JointImpedanceControl"}}},"head":{"type":"HeadCommand","control":{"type":"JointPositionCommand","control":{"type":"JointPositionControl"}}}}}}
[07/30/26 14:53:02.895913] [debug] [00:41:15.049304] [Service::RobotCommandService::RobotCommandStream] OnReadDone (write_done: true, read_done: true)
[07/30/26 14:53:02.895930] [debug] [00:41:15.049324] [Service::RobotCommandService::RobotCommandStream] OnCancel
[07/30/26 14:53:02.895994] [info] [00:41:15.049390] [ControlInterface] Control was preempted or canceled by another request.
[07/30/26 14:53:02.896005] [debug] [00:41:15.049400] [ControlInterface::ExecutionStats] Average Control Time: 0.121 ms (max: 0.139 ms, min: 0.112 ms, sigma: 0.005 ms, count: 3447)
[07/30/26 14:53:02.896082] [debug] [00:41:15.049475] [Service::RobotCommandService::RobotCommandStream] OnDone: robot_command { component_based_command { mobility_command { se2_velocity_command { command_header { control_hold_time { seconds: 1 } } minimum_time { nanos: 10100000 } velocity { linear { } } acceleration_limit { linear { x: 1 y: 1 } angular: 1 } } } body_command { joint_impedance_control_command { command_header { control_hold_time { seconds: 1 } } minimum_time { nanos: 10100000 } position: -0.0032859881520928662 position: 0.83172511252152614 p... [truncated]
[07/30/26 14:53:02.897619] [info] [00:41:15.051018] [ControlManager] Control started: {"type":"RobotCommand","control":{"type":"WholeBodyCommand","control":{"type":"StopControl","control":{"type":"JointVelocityControl"}}}} (priority: 99)
[07/30/26 14:53:02.897640] [debug] [00:41:15.051041] [ControlManager] Control finished: {"type":"RobotCommand","control":{"type":"WholeBodyCommand","control":{"type":"StopControl","control":{"type":"JointVelocityControl"}}}}
[07/30/26 14:53:02.897684] [info] [00:41:15.051081] [ControlInterface] Control completed successfully.
[07/30/26 14:53:02.897692] [debug] [00:41:15.051088] [ControlInterface::ExecutionStats] Average Control Time: 0.006 ms (max: 0.006 ms, min: 0.006 ms, sigma: 0.000 ms, count: 1)
[07/30/26 14:53:02.898233] [debug] [00:41:15.051630] [Service] Server method called: /rb.api.ControlManagerService/ControlManagerCommand
[07/30/26 14:53:02.898258] [debug] [00:41:15.051657] [Service::ControlManagerService::ControlManagerCommand] Requested: request_header { request_timestamp { seconds: 1785390729 nanos: 634348925 } } command: COMMAND_DISABLE
[07/30/26 14:53:02.898262] [info] [00:41:15.051663] [ControlManager::Disable] Disable request received. Starting the disabling process...
[07/30/26 14:53:02.899619] [info] [00:41:15.053019] [ControlManager::Disable] Control Manager successfully disabled
[07/30/26 14:53:26.340619] [debug] [00:41:38.494002] [Hardware] Hardware Loop Stat (avg: 2.000 ms, min: 1.999 ms, max: 2.001 ms, count: 15000)
[07/30/26 14:53:26.479610] [debug] [00:41:38.633003] [ControlManager] Control Manager Loop Stat (avg: 2.000 ms, min: 1.998 ms, max: 2.002 ms, count: 15000)
[07/30/26 14:53:39.575655] [debug] [00:41:51.729038] [Service] Server method called: /rb.api.RobotInfoService/GetRobotInfo
[07/30/26 14:53:39.575692] [debug] [00:41:51.729091] [Service::RobotInfoService::GetRobotInfo] Requested: request_header { request_timestamp { seconds: 1785390766 nanos: 311005184 } }
[07/30/26 14:53:39.576357] [debug] [00:41:51.729753] [Service] Server method called: /rb.api.RobotStateService/GetRobotState
[07/30/26 14:53:39.576378] [debug] [00:41:51.729778] [Service::RobotStateService::GetRobotState] Requested: request_header { request_timestamp { seconds: 1785390766 nanos: 311821832 } }
[07/30/26 14:53:39.576882] [debug] [00:41:51.730275] [Service] Server method called: /rb.api.RobotInfoService/GetRobotInfo
[07/30/26 14:53:39.576904] [debug] [00:41:51.730304] [Service::RobotInfoService::GetRobotInfo] Requested: request_header { request_timestamp { seconds: 1785390766 nanos: 312365060 } }
[07/30/26 14:53:39.577571] [debug] [00:41:51.730965] [Service] Server method called: /rb.api.RobotStateService/GetRobotState
[07/30/26 14:53:39.577593] [debug] [00:41:51.730992] [Service::RobotStateService::GetRobotState] Requested: request_header { request_timestamp { seconds: 1785390766 nanos: 313035859 } }
[07/30/26 14:53:39.578149] [debug] [00:41:51.731544] [Service] Server method called: /rb.api.RobotStateService/GetControlManagerState
[07/30/26 14:53:39.578169] [debug] [00:41:51.731569] [Service::RobotStateService::GetControlManagerState] Requested: request_header { request_timestamp { seconds: 1785390766 nanos: 313614392 } }
[07/30/26 14:53:39.578513] [debug] [00:41:51.731911] [Service] Server method called: /rb.api.RobotInfoService/GetRobotInfo
[07/30/26 14:53:39.578528] [debug] [00:41:51.731928] [Service::RobotInfoService::GetRobotInfo] Requested: request_header { request_timestamp { seconds: 1785390766 nanos: 313999034 } }
[07/30/26 14:53:39.579145] [debug] [00:41:51.732543] [Service] Server method called: /rb.api.RobotStateService/GetRobotState
[07/30/26 14:53:39.579159] [debug] [00:41:51.732559] [Service::RobotStateService::GetRobotState] Requested: request_header { request_timestamp { seconds: 1785390766 nanos: 314640631 } }
[07/30/26 14:53:39.579596] [debug] [00:41:51.732994] [Service] Server method called: /rb.api.RobotStateService/GetRobotState
[07/30/26 14:53:39.579610] [debug] [00:41:51.733010] [Service::RobotStateService::GetRobotState] Requested: request_header { request_timestamp { seconds: 1785390766 nanos: 315111392 } }
[07/30/26 14:53:39.580206] [debug] [00:41:51.733604] [Service] Server method called: /rb.api.RobotInfoService/GetRobotInfo
[07/30/26 14:53:39.580220] [debug] [00:41:51.733620] [Service::RobotInfoService::GetRobotInfo] Requested: request_header { request_timestamp { seconds: 1785390766 nanos: 315692182 } }
[07/30/26 14:53:39.580989] [debug] [00:41:51.734386] [Service] Server method called: /rb.api.ControlManagerService/ControlManagerCommand
[07/30/26 14:53:39.581008] [debug] [00:41:51.734407] [Service::ControlManagerService::ControlManagerCommand] Requested: request_header { request_timestamp { seconds: 1785390766 nanos: 316469440 } } command: COMMAND_ENABLE unlimited_mode_enabled { }
[07/30/26 14:53:39.581011] [info] [00:41:51.734412] [ControlManager::Enable] Enable request received. Starting the enabling process...
[07/30/26 14:53:39.581616] [info] [00:41:51.735017] [ControlManager::Enable] Control Manager successfully enabled
[07/30/26 14:53:39.582040] [debug] [00:41:51.735438] [Service] Server method called: /rb.api.ParameterService/SetParameter
[07/30/26 14:53:39.582058] [debug] [00:41:51.735458] [Service::ParameterService::SetParameter] Requested: request_header { request_timestamp { seconds: 1785390766 nanos: 317531767 } } name: "cartesian_command.cutoff_frequency" parameter: "{\"value\":5,\"write_db\":true}"
[07/30/26 14:53:39.593420] [debug] [00:41:51.746814] [Service] Server method called: /rb.api.ParameterService/SetParameter
[07/30/26 14:53:39.593442] [debug] [00:41:51.746842] [Service::ParameterService::SetParameter] Requested: request_header { request_timestamp { seconds: 1785390766 nanos: 328889468 } } name: "default.acceleration_limit_scaling" parameter: "{\"value\":1.0,\"write_db\":true}"
[07/30/26 14:53:39.598164] [debug] [00:41:51.751560] [Service] Server method called: /rb.api.ParameterService/SetParameter
[07/30/26 14:53:39.598182] [debug] [00:41:51.751582] [Service::ParameterService::SetParameter] Requested: request_header { request_timestamp { seconds: 1785390766 nanos: 333631145 } } name: "default.angular_acceleration_limit" parameter: "{\"value\":10,\"write_db\":true}"
[07/30/26 14:53:39.604290] [debug] [00:41:51.757685] [Service] Server method called: /rb.api.ParameterService/SetParameter
[07/30/26 14:53:39.604311] [debug] [00:41:51.757710] [Service::ParameterService::SetParameter] Requested: request_header { request_timestamp { seconds: 1785390766 nanos: 339728643 } } name: "default.linear_acceleration_limit" parameter: "{\"value\":20,\"write_db\":true}"
[07/30/26 14:53:39.610351] [debug] [00:41:51.763744] [Service] Server method called: /rb.api.ParameterService/SetParameter
[07/30/26 14:53:39.610371] [debug] [00:41:51.763771] [Service::ParameterService::SetParameter] Requested: request_header { request_timestamp { seconds: 1785390766 nanos: 345825309 } } name: "joint_position_command.cutoff_frequency" parameter: "{\"value\":5,\"write_db\":true}"
[07/30/26 14:53:39.616305] [debug] [00:41:51.769701] [Service] Server method called: /rb.api.RobotCommandService/RobotCommand
[07/30/26 14:53:39.616378] [debug] [00:41:51.769776] [Service::RobotCommandService::RobotCommand] Requested: robot_command { component_based_command { body_command { joint_position_command { command_header { control_hold_time { seconds: 1 } } minimum_time { nanos: 500000000 } position: -0.015734694022272518 position: 0.85454500529889732 position: -1.5889534954277411 position: 0.72536787563390381 position: 0.036971215177332893 position: 0.090235280752728381 position: -0.039951846163694842 position: -0.27419526885241013 position: -0.047671110871050061 pos... [truncated]
[07/30/26 14:53:39.616381] [debug] [00:41:51.769782] [Service::RobotCommandService::RobotCommand]   Peer: ipv4:192.168.30.230:37942
[07/30/26 14:53:39.616535] [debug] [00:41:51.769935] [Service::RobotCommandService::RobotCommand]   IP: 192.168.30.230, Family: ipv4
[07/30/26 14:53:39.621645] [info] [00:41:51.775041] [ControlManager] Control started: {"type":"RobotCommand","control":{"type":"ComponentBasedCommand","components":{"mobility":null,"body":{"type":"BodyCommand","control":{"type":"JointPositionCommand","control":{"type":"JointPositionControl"}}},"head":{"type":"HeadCommand","control":{"type":"JointPositionCommand","control":{"type":"JointPositionControl"}}}}}} (priority: 1)
[07/30/26 14:53:41.379649] [debug] [00:41:53.533040] [ControlManager] Control finished: {"type":"RobotCommand","control":{"type":"ComponentBasedCommand","components":{"mobility":null,"body":{"type":"BodyCommand","control":{"type":"JointPositionCommand","control":{"type":"JointPositionControl"}}},"head":{"type":"HeadCommand","control":{"type":"JointPositionCommand","control":{"type":"JointPositionControl"}}}}}}
[07/30/26 14:53:41.379832] [info] [00:41:53.533226] [ControlInterface] Control completed successfully.
[07/30/26 14:53:41.379842] [debug] [00:41:53.533236] [ControlInterface::ExecutionStats] Average Control Time: 0.001 ms (max: 0.026 ms, min: 0.001 ms, sigma: 0.001 ms, count: 880)
[07/30/26 14:53:41.380486] [debug] [00:41:53.533882] [Service] Server method called: /rb.api.PowerService/ToolFlangePowerCommand
[07/30/26 14:53:41.380521] [debug] [00:41:53.533920] [Service::PowerService::ToolFlangePowerCommand] Requested: request_header { request_timestamp { seconds: 1785390768 nanos: 115875070 } } name: "right" command: COMMAND_POWER_12V
[07/30/26 14:53:41.380526] [debug] [00:41:53.533927] [Service::PowerService::ToolFlangePowerCommand] Result: Success
[07/30/26 14:53:41.381027] [debug] [00:41:53.534422] [Service] Server method called: /rb.api.PowerService/ToolFlangePowerCommand
[07/30/26 14:53:41.381053] [debug] [00:41:53.534452] [Service::PowerService::ToolFlangePowerCommand] Requested: request_header { request_timestamp { seconds: 1785390768 nanos: 116427890 } } name: "left" command: COMMAND_POWER_12V
[07/30/26 14:53:41.381058] [debug] [00:41:53.534459] [Service::PowerService::ToolFlangePowerCommand] Result: Success
[07/30/26 14:53:42.543437] [debug] [00:41:54.696822] [Service] Server method called: /rb.api.RobotCommandService/RobotCommand
[07/30/26 14:53:42.543517] [debug] [00:41:54.696914] [Service::RobotCommandService::RobotCommand] Requested: robot_command { component_based_command { body_command { joint_position_command { command_header { control_hold_time { seconds: 1 } } minimum_time { seconds: 4 } position: 0 position: 0.78539816339744828 position: -1.3962634015954636 position: 0.78539816339744828 position: 0 position: 0 position: 0 position: -0.26179938779914941 position: 0 position: -2.0943951023931953 position: 0 position: 0.52359877559829882 position: 0 position: 0 position: 0... [truncated]
[07/30/26 14:53:42.543521] [debug] [00:41:54.696922] [Service::RobotCommandService::RobotCommand]   Peer: ipv4:192.168.30.230:37942
[07/30/26 14:53:42.543691] [debug] [00:41:54.697090] [Service::RobotCommandService::RobotCommand]   IP: 192.168.30.230, Family: ipv4
[07/30/26 14:53:42.549636] [info] [00:41:54.703030] [ControlManager] Control started: {"type":"RobotCommand","control":{"type":"ComponentBasedCommand","components":{"mobility":null,"body":{"type":"BodyCommand","control":{"type":"JointPositionCommand","control":{"type":"JointPositionControl"}}},"head":{"type":"HeadCommand","control":{"type":"JointPositionCommand","control":{"type":"JointPositionControl"}}}}}} (priority: 1)
[07/30/26 14:53:47.807649] [debug] [00:41:59.961037] [ControlManager] Control finished: {"type":"RobotCommand","control":{"type":"ComponentBasedCommand","components":{"mobility":null,"body":{"type":"BodyCommand","control":{"type":"JointPositionCommand","control":{"type":"JointPositionControl"}}},"head":{"type":"HeadCommand","control":{"type":"JointPositionCommand","control":{"type":"JointPositionControl"}}}}}}
[07/30/26 14:53:47.807714] [info] [00:41:59.961108] [ControlInterface] Control completed successfully.
[07/30/26 14:53:47.807724] [debug] [00:41:59.961118] [ControlInterface::ExecutionStats] Average Control Time: 0.001 ms (max: 0.019 ms, min: 0.001 ms, sigma: 0.000 ms, count: 2630)
[07/30/26 14:53:47.808515] [debug] [00:41:59.961910] [Service] Server method called: /rb.api.RobotCommandService/RobotCommandStream
[07/30/26 14:53:47.808528] [debug] [00:41:59.961928] [Service::RobotCommandService::RobotCommandStream] Stream is created
[07/30/26 14:53:47.819952] [debug] [00:41:59.973347] [Service::RobotCommandService::RobotCommandStream] Requested: robot_command { component_based_command { mobility_command { se2_velocity_command { command_header { control_hold_time { seconds: 1 } } minimum_time { nanos: 10100000 } velocity { linear { } } acceleration_limit { linear { x: 1 y: 1 } angular: 1 } } } body_command { joint_impedance_control_command { command_header { control_hold_time { seconds: 1 } } minimum_time { nanos: 10100000 } position: -9.9747133254851034e-05 position: 0.78507218369193543 ... [truncated]
[07/30/26 14:53:47.819960] [debug] [00:41:59.973361] [Service::RobotCommandService::RobotCommandStream]   Peer: ipv4:192.168.30.230:37942
[07/30/26 14:53:47.820295] [debug] [00:41:59.973693] [Service::RobotCommandService::RobotCommandStream]   IP: 192.168.30.230, Family: ipv4
[07/30/26 14:53:47.825633] [info] [00:41:59.979032] [ControlManager] Control started: {"type":"RobotCommand","control":{"type":"ComponentBasedCommand","components":{"mobility":{"type":"MobilityCommand","control":{"type":"SE2VelocityCommand","control":{"type":"MobilitySE2VelocityControl"}}},"body":{"type":"BodyCommand","control":{"type":"JointImpedanceControlCommand","control":{"type":"JointImpedanceControl"}}},"head":{"type":"HeadCommand","control":{"type":"JointPositionCommand","control":{"type":"JointPositionControl"}}}}}} (priority: 1)
[07/30/26 14:53:56.340621] [debug] [00:42:08.494003] [Hardware] Hardware Loop Stat (avg: 2.000 ms, min: 1.999 ms, max: 2.001 ms, count: 15000)
[07/30/26 14:53:56.479614] [debug] [00:42:08.633002] [ControlManager] Control Manager Loop Stat (avg: 2.000 ms, min: 1.999 ms, max: 2.001 ms, count: 15000)
[07/30/26 14:53:57.823751] [debug] [00:42:09.977136] [ControlInterface::ExecutionStats] Average Control Time: 0.123 ms (max: 0.204 ms, min: 0.112 ms, sigma: 0.006 ms, count: 5000)
[07/30/26 14:54:07.823756] [debug] [00:42:19.977141] [ControlInterface::ExecutionStats] Average Control Time: 0.122 ms (max: 0.146 ms, min: 0.114 ms, sigma: 0.005 ms, count: 5000)
[07/30/26 14:54:14.430575] [debug] [00:42:26.583958] [Service] Server method called: /rb.api.RobotCommandService/RobotCommand
[07/30/26 14:54:14.430612] [debug] [00:42:26.584011] [Service::RobotCommandService::RobotCommand] Requested: robot_command { whole_body_command { stop_command { } } } priority: 99
[07/30/26 14:54:14.430615] [debug] [00:42:26.584016] [Service::RobotCommandService::RobotCommand]   Peer: ipv4:192.168.30.230:37942
[07/30/26 14:54:14.430782] [debug] [00:42:26.584181] [Service::RobotCommandService::RobotCommand]   IP: 192.168.30.230, Family: ipv4
[07/30/26 14:54:14.533797] [debug] [00:42:26.687186] [ControlManager] Control finished: {"type":"RobotCommand","control":{"type":"ComponentBasedCommand","components":{"mobility":{"type":"MobilityCommand","control":{"type":"SE2VelocityCommand","control":{"type":"MobilitySE2VelocityControl"}}},"body":{"type":"BodyCommand","control":{"type":"JointImpedanceControlCommand","control":{"type":"JointImpedanceControl"}}},"head":{"type":"HeadCommand","control":{"type":"JointPositionCommand","control":{"type":"JointPositionControl"}}}}}}
[07/30/26 14:54:14.533919] [debug] [00:42:26.687311] [Service::RobotCommandService::RobotCommandStream] OnReadDone (write_done: true, read_done: true)
[07/30/26 14:54:14.533934] [debug] [00:42:26.687329] [Service::RobotCommandService::RobotCommandStream] OnCancel
[07/30/26 14:54:14.534007] [info] [00:42:26.687405] [ControlInterface] Control was preempted or canceled by another request.
[07/30/26 14:54:14.534018] [debug] [00:42:26.687412] [ControlInterface::ExecutionStats] Average Control Time: 0.124 ms (max: 0.146 ms, min: 0.115 ms, sigma: 0.005 ms, count: 3355)
[07/30/26 14:54:14.534083] [debug] [00:42:26.687479] [Service::RobotCommandService::RobotCommandStream] OnDone: robot_command { component_based_command { mobility_command { se2_velocity_command { command_header { control_hold_time { seconds: 1 } } minimum_time { nanos: 10100000 } velocity { linear { } } acceleration_limit { linear { x: 1 y: 1 } angular: 1 } } } body_command { joint_impedance_control_command { command_header { control_hold_time { seconds: 1 } } minimum_time { nanos: 10100000 } position: -0.0067536468954345341 position: 0.82989181312543514 p... [truncated]
[07/30/26 14:54:14.535619] [info] [00:42:26.689018] [ControlManager] Control started: {"type":"RobotCommand","control":{"type":"WholeBodyCommand","control":{"type":"StopControl","control":{"type":"JointVelocityControl"}}}} (priority: 99)
[07/30/26 14:54:14.535638] [debug] [00:42:26.689039] [ControlManager] Control finished: {"type":"RobotCommand","control":{"type":"WholeBodyCommand","control":{"type":"StopControl","control":{"type":"JointVelocityControl"}}}}
[07/30/26 14:54:14.535674] [info] [00:42:26.689073] [ControlInterface] Control completed successfully.
[07/30/26 14:54:14.535678] [debug] [00:42:26.689077] [ControlInterface::ExecutionStats] Average Control Time: 0.006 ms (max: 0.006 ms, min: 0.006 ms, sigma: 0.000 ms, count: 1)
[07/30/26 14:54:14.536359] [debug] [00:42:26.689754] [Service] Server method called: /rb.api.ControlManagerService/ControlManagerCommand
[07/30/26 14:54:14.536384] [debug] [00:42:26.689784] [Service::ControlManagerService::ControlManagerCommand] Requested: request_header { request_timestamp { seconds: 1785390801 nanos: 271156917 } } command: COMMAND_DISABLE
[07/30/26 14:54:14.536388] [info] [00:42:26.689789] [ControlManager::Disable] Disable request received. Starting the disabling process...
[07/30/26 14:54:14.537625] [info] [00:42:26.691024] [ControlManager::Disable] Control Manager successfully disabled
[07/30/26 14:54:26.340619] [debug] [00:42:38.494003] [Hardware] Hardware Loop Stat (avg: 2.000 ms,