[07/28/26 10:59:45.408368] [info] [00:00:11.538168] [App] App main
[07/28/26 10:59:45.408389] [info] [00:00:11.538544] [App] RBY1 Model: rby1m, Model Version: v1.3
[07/28/26 10:59:45.408393] [info] [00:00:11.538557] [App] RBY1 Version: 0.10.4
[07/28/26 10:59:45.408445] [info] [00:00:11.538609] [App] RBY1-SDK Version: 0.9.1 - a3274bb
[07/28/26 10:59:45.427418] [info] [00:00:11.557223] [RobotApp] Using default model: /root/exe/app/models/rby1m/urdf/model_v1.3.urdf
[07/28/26 10:59:45.430057] [info] [00:00:11.559922] [RobotApp] Building robot ...
[07/28/26 10:59:45.431390] [info] [00:00:11.561085] [RobotApp] Link Names: ["ee_finger_l1", "ee_finger_r2", "ee_left", "link_torso_5", "ee_finger_l2", "wheel_fl_link", "ee_finger_r1", "ee_right", "wheel_rl_link", "link_left_arm_6", "link_torso_4", "link_right_arm_3", "link_torso_0", "link_right_arm_4", "link_right_arm_0", "link_left_arm_2", "link_right_arm_5", "link_left_arm_0", "link_torso_1", "base", "link_left_arm_3", "link_torso_3", "wheel_rr_link", "wheel_fr_link", "link_head_0", "link_torso_2", "link_head_1", "link_right_arm_1", "link_left_arm_1", "link_left_arm_4", "link_right_arm_2", "link_head_2", "link_left_arm_5", "link_right_arm_6"]
[07/28/26 10:59:45.431411] [info] [00:00:11.561564] [RobotApp] Joint Names: ["left_arm_6", "left_arm_2", "right_arm_6", "head_0", "wheel_fr", "left_arm_3", "wheel_fl", "left_arm_5", "wheel_rr", "torso_4", "wheel_rl", "right_arm_5", "head_1", "torso_0", "right_arm_2", "torso_3", "left_arm_1", "torso_1", "right_arm_3", "torso_2", "torso_5", "left_arm_0", "right_arm_4", "right_arm_0", "left_arm_4", "right_arm_1"]
[07/28/26 10:59:46.742257] [info] [00:00:12.872412] [RobotApp] Server listening on 0.0.0.0:50051
[07/28/26 10:59:55.318449] [debug] [00:00:21.448598] [Service] Server method called: /rb.api.RobotInfoService/GetRobotInfo
[07/28/26 10:59:55.319347] [debug] [00:00:21.449507] [Service::RobotInfoService::GetRobotInfo] Requested: request_header { request_timestamp { seconds: 1785203995 nanos: 317113094 } }
[07/28/26 11:00:15.431866] [debug] [00:00:41.562003] [Hardware] Hardware Loop Stat (avg: 2.000 ms, min: 1.986 ms, max: 2.013 ms, count: 15000)
[07/28/26 11:00:15.584850] [debug] [00:00:41.715003] [ControlManager] Control Manager Loop Stat (avg: 2.000 ms, min: 1.988 ms, max: 2.012 ms, count: 15000)
[07/28/26 11:00:45.431856] [debug] [00:01:11.562003] [Hardware] Hardware Loop Stat (avg: 2.000 ms, min: 1.998 ms, max: 2.002 ms, count: 15000)
[07/28/26 11:00:45.584841] [debug] [00:01:11.715003] [ControlManager] Control Manager Loop Stat (avg: 2.000 ms, min: 1.994 ms, max: 2.005 ms, count: 15000)
[07/28/26 11:01:15.431851] [debug] [00:01:41.562003] [Hardware] Hardware Loop Stat (avg: 2.000 ms, min: 1.999 ms, max: 2.001 ms, count: 15000)
[07/28/26 11:01:15.584840] [debug] [00:01:41.715002] [ControlManager] Control Manager Loop Stat (avg: 2.000 ms, min: 1.999 ms, max: 2.001 ms, count: 15000)
[07/28/26 11:01:45.431849] [debug] [00:02:11.562003] [Hardware] Hardware Loop Stat (avg: 2.000 ms, min: 1.999 ms, max: 2.001 ms, count: 15000)
[07/28/26 11:01:45.584840] [debug] [00:02:11.715002] [ControlManager] Control Manager Loop Stat (avg: 2.000 ms, min: 1.999 ms, max: 2.001 ms, count: 15000)
[07/28/26 11:02:15.431850] [debug] [00:02:41.562003] [Hardware] Hardware Loop Stat (avg: 2.000 ms, min: 1.999 ms, max: 2.001 ms, count: 15000)
[07/28/26 11:02:15.584839] [debug] [00:02:41.715002] [ControlManager] Control Manager Loop Stat (avg: 2.000 ms, min: 1.999 ms, max: 2.001 ms, count: 15000)
[07/28/26 11:02:45.431851] [debug] [00:03:11.562004] [Hardware] Hardware Loop Stat (avg: 2.000 ms, min: 1.999 ms, max: 2.001 ms, count: 15000)
[07/28/26 11:02:45.584839] [debug] [00:03:11.715003] [ControlManager] Control Manager Loop Stat (avg: 2.000 ms, min: 1.999 ms, max: 2.001 ms, count: 15000)
[07/28/26 11:03:15.431849] [debug] [00:03:41.562003] [Hardware] Hardware Loop Stat (avg: 2.000 ms, min: 1.999 ms, max: 2.001 ms, count: 15000)
[07/28/26 11:03:15.584839] [debug] [00:03:41.715002] [ControlManager] Control Manager Loop Stat (avg: 2.000 ms, min: 1.999 ms, max: 2.001 ms, count: 15000)
[07/28/26 11:03:45.431850] [debug] [00:04:11.562003] [Hardware] Hardware Loop Stat (avg: 2.000 ms, min: 1.999 ms, max: 2.001 ms, count: 15000)
[07/28/26 11:03:45.584840] [debug] [00:04:11.715002] [ControlManager] Control Manager Loop Stat (avg: 2.000 ms, min: 1.999 ms, max: 2.001 ms, count: 15000)
[07/28/26 11:04:15.431850] [debug] [00:04:41.562003] [Hardware] Hardware Loop Stat (avg: 2.000 ms, min: 1.998 ms, max: 2.002 ms, count: 15000)
[07/28/26 11:04:15.584840] [debug] [00:04:41.715002] [ControlManager] Control Manager Loop Stat (avg: 2.000 ms, min: 1.999 ms, max: 2.001 ms, count: 15000)
[07/28/26 11:04:45.431850] [debug] [00:05:11.562003] [Hardware] Hardware Loop Stat (avg: 2.000 ms, min: 1.999 ms, max: 2.001 ms, count: 15000)
[07/28/26 11:04:45.584839] [debug] [00:05:11.715002] [ControlManager] Control Manager Loop Stat (avg: 2.000 ms, min: 1.999 ms, max: 2.001 ms, count: 15000)
[07/28/26 11:05:15.431849] [debug] [00:05:41.562003] [Hardware] Hardware Loop Stat (avg: 2.000 ms, min: 1.999 ms, max: 2.001 ms, count: 15000)
[07/28/26 11:05:15.584840] [debug] [00:05:41.715002] [ControlManager] Control Manager Loop Stat (avg: 2.000 ms, min: 1.999 ms, max: 2.001 ms, count: 15000)
[07/28/26 11:05:45.431848] [debug] [00:06:11.562003] [Hardware] Hardware Loop Stat (avg: 2.000 ms, min: 1.999 ms, max: 2.001 ms, count: 15000)
[07/28/26 11:05:45.584839] [debug] [00:06:11.715002] [ControlManager] Control Manager Loop Stat (avg: 2.000 ms, min: 1.998 ms, max: 2.002 ms, count: 15000)
[07/28/26 11:06:15.431848] [debug] [00:06:41.562003] [Hardware] Hardware Loop Stat (avg: 2.000 ms, min: 1.999 ms, max: 2.001 ms, count: 15000)
[07/28/26 11:06:15.584839] [debug] [00:06:41.715002] [ControlManager] Control Manager Loop Stat (avg: 2.000 ms, min: 1.999 ms, max: 2.001 ms, count: 15000)
[07/28/26 11:06:45.431847] [debug] [00:07:11.562002] [Hardware] Hardware Loop Stat (avg: 2.000 ms, min: 1.988 ms, max: 2.013 ms, count: 15000)
[07/28/26 11:06:45.584840] [debug] [00:07:11.715002] [ControlManager] Control Manager Loop Stat (avg: 2.000 ms, min: 1.999 ms, max: 2.001 ms, count: 15000)
[07/28/26 11:07:15.431849] [debug] [00:07:41.562003] [Hardware] Hardware Loop Stat (avg: 2.000 ms, min: 1.999 ms, max: 2.001 ms, count: 15000)
[07/28/26 11:07:15.584839] [debug] [00:07:41.715002] [ControlManager] Control Manager Loop Stat (avg: 2.000 ms, min: 1.995 ms, max: 2.005 ms, count: 15000)
[07/28/26 11:07:45.431849] [debug] [00:08:11.562003] [Hardware] Hardware Loop Stat (avg: 2.000 ms, min: 1.999 ms, max: 2.001 ms, count: 15000)
[07/28/26 11:07:45.584839] [debug] [00:08:11.715002] [ControlManager] Control Manager Loop Stat (avg: 2.000 ms, min: 1.999 ms, max: 2.001 ms, count: 15000)
[07/28/26 11:08:15.431848] [debug] [00:08:41.562003] [Hardware] Hardware Loop Stat (avg: 2.000 ms, min: 1.999 ms, max: 2.001 ms, count: 15000)
[07/28/26 11:08:15.584839] [debug] [00:08:41.715002] [ControlManager] Control Manager Loop Stat (avg: 2.000 ms, min: 1.999 ms, max: 2.001 ms, count: 15000)
[07/28/26 11:08:45.431848] [debug] [00:09:11.562002] [Hardware] Hardware Loop Stat (avg: 2.000 ms, min: 1.999 ms, max: 2.001 ms, count: 15000)
[07/28/26 11:08:45.584839] [debug] [00:09:11.715002] [ControlManager] Control Manager Loop Stat (avg: 2.000 ms, min: 1.999 ms, max: 2.001 ms, count: 15000)
[07/28/26 11:09:15.431850] [debug] [00:09:41.562003] [Hardware] Hardware Loop Stat (avg: 2.000 ms, min: 1.999 ms, max: 2.001 ms, count: 15000)
[07/28/26 11:09:15.584840] [debug] [00:09:41.715002] [ControlManager] Control Manager Loop Stat (avg: 2.000 ms, min: 1.999 ms, max: 2.001 ms, count: 15000)
[07/28/26 11:09:45.431849] [debug] [00:10:11.562003] [Hardware] Hardware Loop Stat (avg: 2.000 ms, min: 1.999 ms, max: 2.001 ms, count: 15000)
[07/28/26 11:09:45.584839] [debug] [00:10:11.715002] [ControlManager] Control Manager Loop Stat (avg: 2.000 ms, min: 1.999 ms, max: 2.001 ms, count: 15000)
[07/28/26 11:10:15.431849] [debug] [00:10:41.562003] [Hardware] Hardware Loop Stat (avg: 2.000 ms, min: 1.998 ms, max: 2.002 ms, count: 15000)
[07/28/26 11:10:15.584840] [debug] [00:10:41.715002] [ControlManager] Control Manager Loop Stat (avg: 2.000 ms, min: 1.999 ms, max: 2.001 ms, count: 15000)
[07/28/26 11:10:45.431848] [debug] [00:11:11.562003] [Hardware] Hardware Loop Stat (avg: 2.000 ms, min: 1.999 ms, max: 2.001 ms, count: 15000)
[07/28/26 11:10:45.584839] [debug] [00:11:11.715002] [ControlManager] Control Manager Loop Stat (avg: 2.000 ms, min: 1.998 ms, max: 2.002 ms, count: 15000)
[07/28/26 11:11:15.431849] [debug] [00:11:41.562003] [Hardware] Hardware Loop Stat (avg: 2.000 ms, min: 1.999 ms, max: 2.001 ms, count: 15000)
[07/28/26 11:11:15.584839] [debug] [00:11:41.715002] [ControlManager] Control Manager Loop Stat (avg: 2.000 ms, min: 1.999 ms, max: 2.002 ms, count: 15000)
[07/28/26 11:11:45.431848] [debug] [00:12:11.562002] [Hardware] Hardware Loop Stat (avg: 2.000 ms, min: 1.999 ms, max: 2.001 ms, count: 15000)
[07/28/26 11:11:45.584839] [debug] [00:12:11.715002] [ControlManager] Control Manager Loop Stat (avg: 2.000 ms, min: 1.999 ms, max: 2.001 ms, count: 15000)
[07/28/26 11:12:15.431849] [debug] [00:12:41.562003] [Hardware] Hardware Loop Stat (avg: 2.000 ms, min: 1.999 ms, max: 2.001 ms, count: 15000)
[07/28/26 11:12:15.584840] [debug] [00:12:41.715002] [ControlManager] Control Manager Loop Stat (avg: 2.000 ms, min: 1.999 ms, max: 2.001 ms, count: 15000)
[07/28/26 11:12:45.431849] [debug] [00:13:11.562003] [Hardware] Hardware Loop Stat (avg: 2.000 ms, min: 1.999 ms, max: 2.001 ms, count: 15000)
[07/28/26 11:12:45.584839] [debug] [00:13:11.715002] [ControlManager] Control Manager Loop Stat (avg: 2.000 ms, min: 1.999 ms, max: 2.001 ms, count: 15000)
[07/28/26 11:13:15.431849] [debug] [00:13:41.562003] [Hardware] Hardware Loop Stat (avg: 2.000 ms, min: 1.999 ms, max: 2.001 ms, count: 15000)
[07/28/26 11:13:15.584839] [debug] [00:13:41.715002] [ControlManager] Control Manager Loop Stat (avg: 2.000 ms, min: 1.999 ms, max: 2.001 ms, count: 15000)
[07/28/26 11:13:45.431850] [debug] [00:14:11.562003] [Hardware] Hardware Loop Stat (avg: 2.000 ms, min: 1.999 ms, max: 2.001 ms, count: 15000)
[07/28/26 11:13:45.584839] [debug] [00:14:11.715002] [ControlManager] Control Manager Loop Stat (avg: 2.000 ms, min: 1.999 ms, max: 2.001 ms, count: 15000)
[07/28/26 11:14:15.431849] [debug] [00:14:41.562003] [Hardware] Hardware Loop Stat (avg: 2.000 ms, min: 1.998 ms, max: 2.002 ms, count: 15000)
[07/28/26 11:14:15.584839] [debug] [00:14:41.715002] [ControlManager] Control Manager Loop Stat (avg: 2.000 ms, min: 1.999 ms, max: 2.001 ms, count: 15000)
[07/28/26 11:14:45.431849] [debug] [00:15:11.562003] [Hardware] Hardware Loop Stat (avg: 2.000 ms, min: 1.999 ms, max: 2.001 ms, count: 15000)
[07/28/26 11:14:45.584839] [debug] [00:15:11.715002] [ControlManager] Control Manager Loop Stat (avg: 2.000 ms, min: 1.999 ms, max: 2.001 ms, count: 15000)
[07/28/26 11:15:15.431849] [debug] [00:15:41.562003] [Hardware] Hardware Loop Stat (avg: 2.000 ms, min: 1.999 ms, max: 2.001 ms, count: 15000)
[07/28/26 11:15:15.584839] [debug] [00:15:41.715002] [ControlManager] Control Manager Loop Stat (avg: 2.000 ms, min: 1.999 ms, max: 2.001 ms, count: 15000)
[07/28/26 11:15:45.431849] [debug] [00:16:11.562003] [Hardware] Hardware Loop Stat (avg: 2.000 ms, min: 1.999 ms, max: 2.001 ms, count: 15000)
[07/28/26 11:15:45.584839] [debug] [00:16:11.715002] [ControlManager] Control Manager Loop Stat (avg: 2.000 ms, min: 1.999 ms, max: 2.001 ms, count: 15000)
[07/28/26 11:16:15.431847] [debug] [00:16:41.562003] [Hardware] Hardware Loop Stat (avg: 2.000 ms, min: 1.999 ms, max: 2.001 ms, count: 15000)
[07/28/26 11:16:15.584840] [debug] [00:16:41.715002] [ControlManager] Control Manager Loop Stat (avg: 2.000 ms, min: 1.999 ms, max: 2.001 ms, count: 15000)
[07/28/26 11:16:45.431848] [debug] [00:17:11.562002] [Hardware] Hardware Loop Stat (avg: 2.000 ms, min: 1.999 ms, max: 2.001 ms, count: 15000)
[07/28/26 11:16:45.584839] [debug] [00:17:11.715002] [ControlManager] Control Manager Loop Stat (avg: 2.000 ms, min: 1.999 ms, max: 2.001 ms, count: 15000)
[07/28/26 11:17:15.431849] [debug] [00:17:41.562002] [Hardware] Hardware Loop Stat (avg: 2.000 ms, min: 1.995 ms, max: 2.004 ms, count: 15000)
[07/28/26 11:17:15.584839] [debug] [00:17:41.715002] [ControlManager] Control Manager Loop Stat (avg: 2.000 ms, min: 1.999 ms, max: 2.001 ms, count: 15000)
[07/28/26 11:17:45.431848] [debug] [00:18:11.562002] [Hardware] Hardware Loop Stat (avg: 2.000 ms, min: 1.998 ms, max: 2.002 ms, count: 15000)
[07/28/26 11:17:45.584839] [debug] [00:18:11.715002] [ControlManager] Control Manager Loop Stat (avg: 2.000 ms, min: 1.999 ms, max: 2.001 ms, count: 15000)
[07/28/26 11:18:15.431849] [debug] [00:18:41.562002] [Hardware] Hardware Loop Stat (avg: 2.000 ms, min: 1.999 ms, max: 2.001 ms, count: 15000)
[07/28/26 11:18:15.584839] [debug] [00:18:41.715002] [ControlManager] Control Manager Loop Stat (avg: 2.000 ms, min: 1.999 ms, max: 2.001 ms, count: 15000)
[07/28/26 11:18:45.431849] [debug] [00:19:11.562003] [Hardware] Hardware Loop Stat (avg: 2.000 ms, min: 1.999 ms, max: 2.001 ms, count: 15000)
[07/28/26 11:18:45.584839] [debug] [00:19:11.715002] [ControlManager] Control Manager Loop Stat (avg: 2.000 ms, min: 1.999 ms, max: 2.001 ms, count: 15000)
[07/28/26 11:19:15.431848] [debug] [00:19:41.562002] [Hardware] Hardware Loop Stat (avg: 2.000 ms, min: 1.999 ms, max: 2.001 ms, count: 15000)
[07/28/26 11:19:15.584840] [debug] [00:19:41.715002] [ControlManager] Control Manager Loop Stat (avg: 2.000 ms, min: 1.999 ms, max: 2.001 ms, count: 15000)
[07/28/26 11:19:45.431848] [debug] [00:20:11.562002] [Hardware] Hardware Loop Stat (avg: 2.000 ms, min: 1.999 ms, max: 2.001 ms, count: 15000)
[07/28/26 11:19:45.584839] [debug] [00:20:11.715002] [ControlManager] Control Manager Loop Stat (avg: 2.000 ms, min: 1.999 ms, max: 2.001 ms, count: 15000)
[07/28/26 11:20:15.431849] [debug] [00:20:41.562003] [Hardware] Hardware Loop Stat (avg: 2.000 ms, min: 1.992 ms, max: 2.008 ms, count: 15000)
[07/28/26 11:20:15.584839] [debug] [00:20:41.715002] [ControlManager] Control Manager Loop Stat (avg: 2.000 ms, min: 1.999 ms, max: 2.001 ms, count: 15000)
[07/28/26 11:20:45.431849] [debug] [00:21:11.562003] [Hardware] Hardware Loop Stat (avg: 2.000 ms, min: 1.999 ms, max: 2.001 ms, count: 15000)
[07/28/26 11:20:45.584839] [debug] [00:21:11.715002] [ControlManager] Control Manager Loop Stat (avg: 2.000 ms, min: 1.999 ms, max: 2.001 ms, count: 15000)
[07/28/26 11:21:15.431848] [debug] [00:21:41.562003] [Hardware] Hardware Loop Stat (avg: 2.000 ms, min: 1.999 ms, max: 2.001 ms, count: 15000)
[07/28/26 11:21:15.584839] [debug] [00:21:41.715002] [ControlManager] Control Manager Loop Stat (avg: 2.000 ms, min: 1.999 ms, max: 2.001 ms, count: 15000)
[07/28/26 11:21:45.431849] [debug] [00:22:11.562003] [Hardware] Hardware Loop Stat (avg: 2.000 ms, min: 1.999 ms, max: 2.001 ms, count: 15000)
[07/28/26 11:21:45.584840] [debug] [00:22:11.715002] [ControlManager] Control Manager Loop Stat (avg: 2.000 ms, min: 1.999 ms, max: 2.001 ms, count: 15000)
[07/28/26 11:22:15.431850] [debug] [00:22:41.562003] [Hardware] Hardware Loop Stat (avg: 2.000 ms, min: 1.999 ms, max: 2.001 ms, count: 15000)
[07/28/26 11:22:15.584839] [debug] [00:22:41.715002] [ControlManager] Control Manager Loop Stat (avg: 2.000 ms, min: 1.999 ms, max: 2.002 ms, count: 15000)
[07/28/26 11:22:45.431848] [debug] [00:23:11.562003] [Hardware] Hardware Loop Stat (avg: 2.000 ms, min: 1.998 ms, max: 2.002 ms, count: 15000)
[07/28/26 11:22:45.584839] [debug] [00:23:11.715002] [ControlManager] Control Manager Loop Stat (avg: 2.000 ms, min: 1.999 ms, max: 2.001 ms, count: 15000)
[07/28/26 11:23:15.431849] [debug] [00:23:41.562003] [Hardware] Hardware Loop Stat (avg: 2.000 ms, min: 1.999 ms, max: 2.001 ms, count: 15000)
[07/28/26 11:23:15.584839] [debug] [00:23:41.715002] [ControlManager] Control Manager Loop Stat (avg: 2.000 ms, min: 1.999 ms, max: 2.001 ms, count: 15000)
[07/28/26 11:23:22.076540] [debug] [00:23:48.206692] [Service] Server method called: /rb.api.RobotInfoService/GetRobotModel
[07/28/26 11:23:22.076582] [debug] [00:23:48.206746] [Service::RobotInfoService::GetRobotModel] Requested: request_header { request_timestamp { seconds: 1785205348 nanos: 929657707 } }
[07/28/26 11:23:22.081222] [debug] [00:23:48.211383] [Service] Server method called: /rb.api.RobotStateService/GetRobotStateStream
[07/28/26 11:23:22.081438] [debug] [00:23:48.211601] [Service::RobotStateService::GetRobotStateStream] Requested: request_header { request_timestamp { seconds: 1785205348 nanos: 934612200 } } update_rate: 100
[07/28/26 11:23:45.431849] [debug] [00:24:11.562002] [Hardware] Hardware Loop Stat (avg: 2.000 ms, min: 1.999 ms, max: 2.001 ms, count: 15000)
[07/28/26 11:23:45.584840] [debug] [00:24:11.715002] [ControlManager] Control Manager Loop Stat (avg: 2.000 ms, min: 1.998 ms, max: 2.002 ms, count: 15000)
[07/28/26 11:24:15.431849] [debug] [00:24:41.562003] [Hardware] Hardware Loop Stat (avg: 2.000 ms, min: 1.999 ms, max: 2.001 ms, count: 15000)
[07/28/26 11:24:15.584840] [debug] [00:24:41.715002] [ControlManager] Control Manager Loop Stat (avg: 2.000 ms, min: 1.999 ms, max: 2.001 ms, count: 15000)
[07/28/26 11:24:45.431848] [debug] [00:25:11.562003] [Hardware] Hardware Loop Stat (avg: 2.000 ms, min: 1.999 ms, max: 2.002 ms, count: 15000)
[07/28/26 11:24:45.584839] [debug] [00:25:11.715002] [ControlManager] Control Manager Loop Stat (avg: 2.000 ms, min: 1.998 ms, max: 2.003 ms, count: 15000)
[07/28/26 11:25:15.431849] [debug] [00:25:41.562002] [Hardware] Hardware Loop Stat (avg: 2.000 ms, min: 1.999 ms, max: 2.001 ms, count: 15000)
[07/28/26 11:25:15.584839] [debug] [00:25:41.715002] [ControlManager] Control Manager Loop Stat (avg: 2.000 ms, min: 1.998 ms, max: 2.002 ms, count: 15000)
[07/28/26 11:25:45.431849] [debug] [00:26:11.562002] [Hardware] Hardware Loop Stat (avg: 2.000 ms, min: 1.999 ms, max: 2.001 ms, count: 15000)
[07/28/26 11:25:45.584840] [debug] [00:26:11.715002] [ControlManager] Control Manager Loop Stat (avg: 2.000 ms, min: 1.999 ms, max: 2.001 ms, count: 15000)
[07/28/26 11:26:15.431848] [debug] [00:26:41.562002] [Hardware] Hardware Loop Stat (avg: 2.000 ms, min: 1.999 ms, max: 2.001 ms, count: 15000)
[07/28/26 11:26:15.584840] [debug] [00:26:41.715002] [ControlManager] Control Manager Loop Stat (avg: 2.000 ms, min: 1.999 ms, max: 2.001 ms, count: 15000)
[07/28/26 11:26:45.431849] [debug] [00:27:11.562002] [Hardware] Hardware Loop Stat (avg: 2.000 ms, min: 1.999 ms, max: 2.001 ms, count: 15000)
[07/28/26 11:26:45.584840] [debug] [00:27:11.715002] [ControlManager] Control Manager Loop Stat (avg: 2.000 ms, min: 1.998 ms, max: 2.002 ms, count: 15000)
[07/28/26 11:27:15.431848] [debug] [00:27:41.562003] [Hardware] Hardware Loop Stat (avg: 2.000 ms, min: 1.999 ms, max: 2.001 ms, count: 15000)
[07/28/26 11:27:15.584840] [debug] [00:27:41.715002] [ControlManager] Control Manager Loop Stat (avg: 2.000 ms, min: 1.999 ms, max: 2.001 ms, count: 15000)
[07/28/26 11:27:45.431848] [debug] [00:28:11.562003] [Hardware] Hardware Loop Stat (avg: 2.000 ms, min: 1.999 ms, max: 2.001 ms, count: 15000)
[07/28/26 11:27:45.584839] [debug] [00:28:11.715002] [ControlManager] Control Manager Loop Stat (avg: 2.000 ms, min: 1.998 ms, max: 2.002 ms, count: 15000)
[07/28/26 11:28:15.431850] [debug] [00:28:41.562003] [Hardware] Hardware Loop Stat (avg: 2.000 ms, min: 1.999 ms, max: 2.001 ms, count: 15000)
[07/28/26 11:28:15.584839] [debug] [00:28:41.715002] [ControlManager] Control Manager Loop Stat (avg: 2.000 ms, min: 1.999 ms, max: 2.001 ms, count: 15000)
[07/28/26 11:28:45.431850] [debug] [00:29:11.562003] [Hardware] Hardware Loop Stat (avg: 2.000 ms, min: 1.998 ms, max: 2.002 ms, count: 15000)
[07/28/26 11:28:45.584839] [debug] [00:29:11.715002] [ControlManager] Control Manager Loop Stat (avg: 2.000 ms, min: 1.999 ms, max: 2.001 ms, count: 15000)
[07/28/26 11:29:15.431849] [debug] [00:29:41.562002] [Hardware] Hardware Loop Stat (avg: 2.000 ms, min: 1.999 ms, max: 2.001 ms, count: 15000)
[07/28/26 11:29:15.584840] [debug] [00:29:41.715002] [ControlManager] Control Manager Loop Stat (avg: 2.000 ms, min: 1.999 ms, max: 2.001 ms, count: 15000)
[07/28/26 11:29:45.431849] [debug] [00:30:11.562003] [Hardware] Hardware Loop Stat (avg: 2.000 ms, min: 1.999 ms, max: 2.001 ms, count: 15000)
[07/28/26 11:29:45.584840] [debug] [00:30:11.715002] [ControlManager] Control Manager Loop Stat (avg: 2.000 ms, min: 1.992 ms, max: 2.008 ms, count: 15000)
[07/28/26 11:30:15.431849] [debug] [00:30:41.562002] [Hardware] Hardware Loop Stat (avg: 2.000 ms, min: 1.999 ms, max: 2.001 ms, count: 15000)
[07/28/26 11:30:15.584840] [debug] [00:30:41.715002] [ControlManager] Control Manager Loop Stat (avg: 2.000 ms, min: 1.987 ms, max: 2.014 ms, count: 15000)
[07/28/26 11:30:45.431849] [debug] [00:31:11.562003] [Hardware] Hardware Loop Stat (avg: 2.000 ms, min: 1.999 ms, max: 2.001 ms, count: 15000)
[07/28/26 11:30:45.584840] [debug] [00:31:11.715002] [ControlManager] Control Manager Loop Stat (avg: 2.000 ms, min: 1.999 ms, max: 2.002 ms, count: 15000)
[07/28/26 11:31:15.431849] [debug] [00:31:41.562003] [Hardware] Hardware Loop Stat (avg: 2.000 ms, min: 1.999 ms, max: 2.001 ms, count: 15000)
[07/28/26 11:31:15.584840] [debug] [00:31:41.715002] [ControlManager] Control Manager Loop Stat (avg: 2.000 ms, min: 1.999 ms, max: 2.001 ms, count: 15000)
[07/28/26 11:31:45.431850] [debug] [00:32:11.562002] [Hardware] Hardware Loop Stat (avg: 2.000 ms, min: 1.999 ms, max: 2.001 ms, count: 15000)
[07/28/26 11:31:45.584839] [debug] [00:32:11.715002] [ControlManager] Control Manager Loop Stat (avg: 2.000 ms, min: 1.999 ms, max: 2.001 ms, count: 15000)
[07/28/26 11:32:15.431847] [debug] [00:32:41.562002] [Hardware] Hardware Loop Stat (avg: 2.000 ms, min: 1.999 ms, max: 2.002 ms, count: 15000)
[07/28/26 11:32:15.584840] [debug] [00:32:41.715002] [ControlManager] Control Manager Loop Stat (avg: 2.000 ms, min: 1.998 ms, max: 2.003 ms, count: 15000)
[07/28/26 11:32:45.431850] [debug] [00:33:11.562003] [Hardware] Hardware Loop Stat (avg: 2.000 ms, min: 1.999 ms, max: 2.001 ms, count: 15000)
[07/28/26 11:32:45.584840] [debug] [00:33:11.715002] [ControlManager] Control Manager Loop Stat (avg: 2.000 ms, min: 1.999 ms, max: 2.001 ms, count: 15000)
[07/28/26 11:32:59.982860] [debug] [00:33:26.113002] [Service] Server method called: /rb.api.RobotInfoService/GetRobotInfo
[07/28/26 11:32:59.982896] [debug] [00:33:26.113060] [Service::RobotInfoService::GetRobotInfo] Requested: request_header { request_timestamp { seconds: 1785205926 nanos: 845362828 } }
[07/28/26 11:32:59.983638] [debug] [00:33:26.113793] [Service] Server method called: /rb.api.RobotStateService/GetRobotState
[07/28/26 11:32:59.983667] [debug] [00:33:26.113832] [Service::RobotStateService::GetRobotState] Requested: request_header { request_timestamp { seconds: 1785205926 nanos: 846225743 } }
[07/28/26 11:32:59.984388] [debug] [00:33:26.114550] [Service] Server method called: /rb.api.PowerService/PowerCommand
[07/28/26 11:32:59.984540] [debug] [00:33:26.114703] [Service::PowerService::PowerCommand] Requested: request_header { request_timestamp { seconds: 1785205926 nanos: 847061383 } } name: ".*" command: COMMAND_POWER_ON
[07/28/26 11:32:59.984547] [info] [00:33:26.114712] [Hardware::ExecutePowerCommand] Started: device name = .*, command = PowerOn
[07/28/26 11:33:01.244011] [error] [00:33:27.374169] [Hardware::ExecutePowerCommand] EMO Error: Please check EMO Switch
[07/28/26 11:33:01.244036] [error] [00:33:27.374187] [Hardware::ExecutePowerCommand] Timeout: Power command failed - unmatched power states: 48v
[07/28/26 11:33:01.244041] [debug] [00:33:27.374206] [Service::PowerService::PowerCommand] Result: Failed
[07/28/26 11:33:15.431849] [debug] [00:33:41.562003] [Hardware] Hardware Loop Stat (avg: 2.000 ms, min: 1.999 ms, max: 2.001 ms, count: 15000)
[07/28/26 11:33:15.584840] [debug] [00:33:41.715002] [ControlManager] Control Manager Loop Stat (avg: 2.000 ms, min: 1.999 ms, max: 2.001 ms, count: 15000)
[07/28/26 11:33:45.431849] [debug] [00:34:11.562003] [Hardware] Hardware Loop Stat (avg: 2.000 ms, min: 1.999 ms, max: 2.001 ms, count: 15000)
[07/28/26 11:33:45.584839] [debug] [00:34:11.715002] [ControlManager] Control Manager Loop Stat (avg: 2.000 ms, min: 1.999 ms, max: 2.001 ms, count: 15000)
[07/28/26 11:34:15.431849] [debug] [00:34:41.562002] [Hardware] Hardware Loop Stat (avg: 2.000 ms, min: 1.999 ms, max: 2.001 ms, count: 15000)
[07/28/26 11:34:15.584840] [debug] [00:34:41.715002] [ControlManager] Control Manager Loop Stat (avg: 2.000 ms, min: 1.999 ms, max: 2.002 ms, count: 15000)
[07/28/26 11:34:45.431848] [debug] [00:35:11.562002] [Hardware] Hardware Loop Stat (avg: 2.000 ms, min: 1.999 ms, max: 2.002 ms, count: 15000)
[07/28/26 11:34:45.584840] [debug] [00:35:11.715002] [ControlManager] Control Manager Loop Stat (avg: 2.000 ms, min: 1.999 ms, max: 2.001 ms, count: 15000)
[07/28/26 11:35:15.431848] [debug] [00:35:41.562003] [Hardware] Hardware Loop Stat (avg: 2.000 ms, min: 1.999 ms, max: 2.001 ms, count: 15000)
[07/28/26 11:35:15.584840] [debug] [00:35:41.715002] [ControlManager] Control Manager Loop Stat (avg: 2.000 ms, min: 1.999 ms, max: 2.001 ms, count: 15000)
[07/28/26 11:35:45.431850] [debug] [00:36:11.562003] [Hardware] Hardware Loop Stat (avg: 2.000 ms, min: 1.999 ms, max: 2.001 ms, count: 15000)
[07/28/26 11:35:45.584840] [debug] [00:36:11.715002] [ControlManager] Control Manager Loop Stat (avg: 2.000 ms, min: 1.999 ms, max: 2.001 ms, count: 15000)
[07/28/26 11:36:15.431849] [debug] [00:36:41.562002] [Hardware] Hardware Loop Stat (avg: 2.000 ms, min: 1.999 ms, max: 2.001 ms, count: 15000)
[07/28/26 11:36:15.584840] [debug] [00:36:41.715002] [ControlManager] Control Manager Loop Stat (avg: 2.000 ms, min: 1.999 ms, max: 2.001 ms, count: 15000)
[07/28/26 11:36:45.431849] [debug] [00:37:11.562002] [Hardware] Hardware Loop Stat (avg: 2.000 ms, min: 1.999 ms, max: 2.001 ms, count: 15000)
[07/28/26 11:36:45.584839] [debug] [00:37:11.715002] [ControlManager] Control Manager Loop Stat (avg: 2.000 ms, min: 1.999 ms, max: 2.001 ms, count: 15000)
[07/28/26 11:37:15.431847] [debug] [00:37:41.562003] [Hardware] Hardware Loop Stat (avg: 2.000 ms, min: 1.999 ms, max: 2.001 ms, count: 15000)
[07/28/26 11:37:15.584839] [debug] [00:37:41.715002] [ControlManager] Control Manager Loop Stat (avg: 2.000 ms, min: 1.999 ms, max: 2.001 ms, count: 15000)
[07/28/26 11:37:45.431849] [debug] [00:38:11.562002] [Hardware] Hardware Loop Stat (avg: 2.000 ms, min: 1.999 ms, max: 2.001 ms, count: 15000)
[07/28/26 11:37:45.584839] [debug] [00:38:11.715002] [ControlManager] Control Manager Loop Stat (avg: 2.000 ms, min: 1.999 ms, max: 2.001 ms, count: 15000)
[07/28/26 11:38:15.431848] [debug] [00:38:41.562002] [Hardware] Hardware Loop Stat (avg: 2.000 ms, min: 1.999 ms, max: 2.001 ms, count: 15000)
[07/28/26 11:38:15.584840] [debug] [00:38:41.715002] [ControlManager] Control Manager Loop Stat (avg: 2.000 ms, min: 1.999 ms, max: 2.001 ms, count: 15000)
[07/28/26 11:38:45.431849] [debug] [00:39:11.562002] [Hardware] Hardware Loop Stat (avg: 2.000 ms, min: 1.999 ms, max: 2.001 ms, count: 15000)
[07/28/26 11:38:45.584840] [debug] [00:39:11.715002] [ControlManager] Control Manager Loop Stat (avg: 2.000 ms, min: 1.999 ms, max: 2.001 ms, count: 15000)
[07/28/26 11:39:15.431848] [debug] [00:39:41.562002] [Hardware] Hardware Loop Stat (avg: 2.000 ms, min: 1.999 ms, max: 2.001 ms, count: 15000)
[07/28/26 11:39:15.584839] [debug] [00:39:41.715002] [ControlManager] Control Manager Loop Stat (avg: 2.000 ms, min: 1.999 ms, max: 2.001 ms, count: 15000)
[07/28/26 11:39:45.431849] [debug] [00:40:11.562003] [Hardware] Hardware Loop Stat (avg: 2.000 ms, min: 1.999 ms, max: 2.001 ms, count: 15000)
[07/28/26 11:39:45.584839] [debug] [00:40:11.715002] [ControlManager] Control Manager Loop Stat (avg: 2.000 ms, min: 1.999 ms, max: 2.001 ms, count: 15000)
[07/28/26 11:40:15.431849] [debug] [00:40:41.562003] [Hardware] Hardware Loop Stat (avg: 2.000 ms, min: 1.999 ms, max: 2.001 ms, count: 15000)
[07/28/26 11:40:15.584839] [debug] [00:40:41.715002] [ControlManager] Control Manager Loop Stat (avg: 2.000 ms, min: 1.999 ms, max: 2.001 ms, count: 15000)
[07/28/26 11:40:45.431849] [debug] [00:41:11.562002] [Hardware] Hardware Loop Stat (avg: 2.000 ms, min: 1.999 ms, max: 2.001 ms, count: 15000)
[07/28/26 11:40:45.584839] [debug] [00:41:11.715002] [ControlManager] Control Manager Loop Stat (avg: 2.000 ms, min: 1.999 ms, max: 2.001 ms, count: 15000)
[07/28/26 11:41:15.431849] [debug] [00:41:41.562003] [Hardware] Hardware Loop Stat (avg: 2.000 ms, min: 1.999 ms, max: 2.001 ms, count: 15000)
[07/28/26 11:41:15.584840] [debug] [00:41:41.715002] [ControlManager] Control Manager Loop Stat (avg: 2.000 ms, min: 1.999 ms, max: 2.001 ms, count: 15000)
[07/28/26 11:41:45.431850] [debug] [00:42:11.562002] [Hardware] Hardware Loop Stat (avg: 2.000 ms, min: 1.999 ms, max: 2.001 ms, count: 15000)
[07/28/26 11:41:45.584840] [debug] [00:42:11.715002] [ControlManager] Control Manager Loop Stat (avg: 2.000 ms, min: 1.999 ms, max: 2.001 ms, count: 15000)
[07/28/26 11:42:15.431848] [debug] [00:42:41.562002] [Hardware] Hardware Loop Stat (avg: 2.000 ms, min: 1.998 ms, max: 2.002 ms, count: 15000)
[07/28/26 11:42:15.584840] [debug] [00:42:41.715002] [ControlManager] Control Manager Loop Stat (avg: 2.000 ms, min: 1.999 ms, max: 2.001 ms, count: 15000)
[07/28/26 11:42:45.431849] [debug] [00:43:11.562003] [Hardware] Hardware Loop Stat (avg: 2.000 ms, min: 1.999 ms, max: 2.001 ms, count: 15000)
[07/28/26 11:42:45.584840] [debug] [00:43:11.715002] [ControlManager] Control Manager Loop Stat (avg: 2.000 ms, min: 1.999 ms, max: 2.001 ms, count: 15000)
[07/28/26 11:43:15.431849] [debug] [00:43:41.562002] [Hardware] Hardware Loop Stat (avg: 2.000 ms, min: 1.999 ms, max: 2.001 ms, count: 15000)
[07/28/26 11:43:15.584841] [debug] [00:43:41.715002] [ControlManager] Control Manager Loop Stat (avg: 2.000 ms, min: 1.999 ms, max: 2.001 ms, count: 15000)
[07/28/26 11:43:45.431848] [debug] [00:44:11.562002] [Hardware] Hardware Loop Stat (avg: 2.000 ms, min: 1.999 ms, max: 2.001 ms, count: 15000)
[07/28/26 11:43:45.584840] [debug] [00:44:11.715002] [ControlManager] Control Manager Loop Stat (avg: 2.000 ms, min: 1.998 ms, max: 2.002 ms, count: 15000)
[07/28/26 11:44:15.431847] [debug] [00:44:41.562002] [Hardware] Hardware Loop Stat (avg: 2.000 ms, min: 1.999 ms, max: 2.001 ms, count: 15000)
[07/28/26 11:44:15.584840] [debug] [00:44:41.715002] [ControlManager] Control Manager Loop Stat (avg: 2.000 ms, min: 1.999 ms, max: 2.002 ms, count: 15000)
[07/28/26 11:44:45.431849] [debug] [00:45:11.562003] [Hardware] Hardware Loop Stat (avg: 2.000 ms, min: 1.999 ms, max: 2.001 ms, count: 15000)
[07/28/26 11:44:45.584840] [debug] [00:45:11.715002] [ControlManager] Control Manager Loop Stat (avg: 2.000 ms, min: 1.999 ms, max: 2.001 ms, count: 15000)
[07/28/26 11:45:00.199087] [debug] [00:45:26.329240] [Service] Server method called: /rb.api.RobotInfoService/GetRobotInfo
[07/28/26 11:45:00.199124] [debug] [00:45:26.329287] [Service::RobotInfoService::GetRobotInfo] Requested: request_header { request_timestamp { seconds: 1785206647 nanos: 47065029 } }
[07/28/26 11:45:00.200068] [debug] [00:45:26.330226] [Service] Server method called: /rb.api.RobotStateService/GetRobotState
[07/28/26 11:45:00.200101] [debug] [00:45:26.330265] [Service::RobotStateService::GetRobotState] Requested: request_header { request_timestamp { seconds: 1785206647 nanos: 48183150 } }
[07/28/26 11:45:00.200919] [debug] [00:45:26.331079] [Service] Server method called: /rb.api.PowerService/PowerCommand
[07/28/26 11:45:00.200957] [debug] [00:45:26.331120] [Service::PowerService::PowerCommand] Requested: request_header { request_timestamp { seconds: 1785206647 nanos: 49072287 } } name: ".*" command: COMMAND_POWER_ON
[07/28/26 11:45:00.200962] [info] [00:45:26.331126] [Hardware::ExecutePowerCommand] Started: device name = .*, command = PowerOn
[07/28/26 11:45:00.572020] [info] [00:45:26.702179] [Hardware::ExecutePowerCommand] Power command succeeded
[07/28/26 11:45:00.572028] [debug] [00:45:26.702192] [Service::PowerService::PowerCommand] Result: Success
[07/28/26 11:45:00.572598] [debug] [00:45:26.702760] [Service] Server method called: /rb.api.RobotInfoService/GetRobotInfo
[07/28/26 11:45:00.572626] [debug] [00:45:26.702790] [Service::RobotInfoService::GetRobotInfo] Requested: request_header { request_timestamp { seconds: 1785206647 nanos: 420779398 } }
[07/28/26 11:45:00.573398] [debug] [00:45:26.703558] [Service] Server method called: /rb.api.RobotStateService/GetRobotState
[07/28/26 11:45:00.573417] [debug] [00:45:26.703582] [Service::RobotStateService::GetRobotState] Requested: request_header { request_timestamp { seconds: 1785206647 nanos: 421630089 } }
[07/28/26 11:45:00.574044] [debug] [00:45:26.704205] [Service] Server method called: /rb.api.PowerService/JointCommand
[07/28/26 11:45:00.574064] [debug] [00:45:26.704228] [Service::PowerService::JointCommand] Requested: request_header { request_timestamp { seconds: 1785206647 nanos: 422273664 } } name: ".*" command: COMMAND_SERVO_ON
[07/28/26 11:45:03.622054] [debug] [00:45:29.752178] [Service::PowerService::JointCommand] Result: Success
[07/28/26 11:45:03.623026] [debug] [00:45:29.753184] [Service] Server method called: /rb.api.RobotStateService/GetControlManagerState
[07/28/26 11:45:03.623087] [debug] [00:45:29.753250] [Service::RobotStateService::GetControlManagerState] Requested: request_header { request_timestamp { seconds: 1785206650 nanos: 470884698 } }
[07/28/26 11:45:03.623995] [debug] [00:45:29.754156] [Service] Server method called: /rb.api.RobotInfoService/GetRobotInfo
[07/28/26 11:45:03.624014] [debug] [00:45:29.754178] [Service::RobotInfoService::GetRobotInfo] Requested: request_header { request_timestamp { seconds: 1785206650 nanos: 471947623 } }
[07/28/26 11:45:03.625170] [debug] [00:45:29.755331] [Service] Server method called: /rb.api.RobotStateService/GetRobotState
[07/28/26 11:45:03.625201] [debug] [00:45:29.755365] [Service::RobotStateService::GetRobotState] Requested: request_header { request_timestamp { seconds: 1785206650 nanos: 473129422 } }
[07/28/26 11:45:03.626258] [debug] [00:45:29.756417] [Service] Server method called: /rb.api.RobotStateService/GetRobotState
[07/28/26 11:45:03.626283] [debug] [00:45:29.756446] [Service::RobotStateService::GetRobotState] Requested: request_header { request_timestamp { seconds: 1785206650 nanos: 474198686 } }
[07/28/26 11:45:03.627422] [debug] [00:45:29.757583] [Service] Server method called: /rb.api.RobotInfoService/GetRobotInfo
[07/28/26 11:45:03.627442] [debug] [00:45:29.757606] [Service::RobotInfoService::GetRobotInfo] Requested: request_header { request_timestamp { seconds: 1785206650 nanos: 475367553 } }
[07/28/26 11:45:03.628585] [debug] [00:45:29.758747] [Service] Server method called: /rb.api.ControlManagerService/ControlManagerCommand
[07/28/26 11:45:03.628812] [debug] [00:45:29.758975] [Service::ControlManagerService::ControlManagerCommand] Requested: request_header { request_timestamp { seconds: 1785206650 nanos: 476495176 } } command: COMMAND_ENABLE unlimited_mode_enabled { }
[07/28/26 11:45:03.628819] [info] [00:45:29.758983] [ControlManager::Enable] Enable request received. Starting the enabling process...
[07/28/26 11:45:03.628852] [info] [00:45:29.759017] [ControlManager::Enable] Control Manager successfully enabled
[07/28/26 11:45:03.629695] [debug] [00:45:29.759857] [Service] Server method called: /rb.api.ParameterService/SetParameter
[07/28/26 11:45:03.629811] [debug] [00:45:29.759974] [Service::ParameterService::SetParameter] Requested: request_header { request_timestamp { seconds: 1785206650 nanos: 477661028 } } name: "cartesian_command.cutoff_frequency" parameter: "{\"value\":5,\"write_db\":true}"
[07/28/26 11:45:03.637903] [debug] [00:45:29.768064] [Service] Server method called: /rb.api.ParameterService/SetParameter
[07/28/26 11:45:03.637922] [debug] [00:45:29.768086] [Service::ParameterService::SetParameter] Requested: request_header { request_timestamp { seconds: 1785206650 nanos: 485804733 } } name: "default.acceleration_limit_scaling" parameter: "{\"value\":1.0,\"write_db\":true}"
[07/28/26 11:45:03.641602] [debug] [00:45:29.771763] [Service] Server method called: /rb.api.ParameterService/SetParameter
[07/28/26 11:45:03.641621] [debug] [00:45:29.771785] [Service::ParameterService::SetParameter] Requested: request_header { request_timestamp { seconds: 1785206650 nanos: 489691706 } } name: "default.angular_acceleration_limit" parameter: "{\"value\":10,\"write_db\":true}"
[07/28/26 11:45:03.645494] [debug] [00:45:29.775654] [Service] Server method called: /rb.api.ParameterService/SetParameter
[07/28/26 11:45:03.645511] [debug] [00:45:29.775676] [Service::ParameterService::SetParameter] Requested: request_header { request_timestamp { seconds: 1785206650 nanos: 493479786 } } name: "default.linear_acceleration_limit" parameter: "{\"value\":20,\"write_db\":true}"
[07/28/26 11:45:03.649266] [debug] [00:45:29.779428] [Service] Server method called: /rb.api.ParameterService/SetParameter
[07/28/26 11:45:03.649293] [debug] [00:45:29.779458] [Service::ParameterService::SetParameter] Requested: request_header { request_timestamp { seconds: 1785206650 nanos: 497271829 } } name: "joint_position_command.cutoff_frequency" parameter: "{\"value\":5,\"write_db\":true}"
[07/28/26 11:45:03.653129] [debug] [00:45:29.783278] [Service] Server method called: /rb.api.ParameterService/SetParameter
[07/28/26 11:45:03.653147] [debug] [00:45:29.783311] [Service::ParameterService::SetParameter] Requested: request_header { request_timestamp { seconds: 1785206650 nanos: 501210735 } } name: "manipulability_threshold" parameter: "{\"value\":1e4,\"write_db\":true}"
[07/28/26 11:45:03.664115] [debug] [00:45:29.794274] [Service] Server method called: /rb.api.RobotCommandService/RobotCommand
[07/28/26 11:45:03.664795] [debug] [00:45:29.794956] [Service::RobotCommandService::RobotCommand] Requested: robot_command { component_based_command { body_command { joint_position_command { command_header { control_hold_time { seconds: 1 } } minimum_time { nanos: 500000000 } position: 0.012450304464052025 position: 0.77491469568618032 position: -1.5071171391869014 position: 0.76750678351498014 position: 0.010479670729119728 position: -0.015841009522423007 position: -0.066557300076354964 position: -0.18530411978015582 position: 0.062016109427069747 posi... [truncated]
[07/28/26 11:45:03.664802] [debug] [00:45:29.794967] [Service::RobotCommandService::RobotCommand]   Peer: ipv4:192.168.30.230:38148
[07/28/26 11:45:03.665017] [debug] [00:45:29.795180] [Service::RobotCommandService::RobotCommand]   IP: 192.168.30.230, Family: ipv4
[07/28/26 11:45:03.670876] [info] [00:45:29.801037] [ControlManager] Control started: {"type":"RobotCommand","control":{"type":"ComponentBasedCommand","components":{"mobility":null,"body":{"type":"BodyCommand","control":{"type":"JointPositionCommand","control":{"type":"JointPositionControl"}}},"head":{"type":"HeadCommand","control":{"type":"JointPositionCommand","control":{"type":"JointPositionControl"}}}}}} (priority: 1)
[07/28/26 11:45:05.428883] [debug] [00:45:31.559040] [ControlManager] Control finished: {"type":"RobotCommand","control":{"type":"ComponentBasedCommand","components":{"mobility":null,"body":{"type":"BodyCommand","control":{"type":"JointPositionCommand","control":{"type":"JointPositionControl"}}},"head":{"type":"HeadCommand","control":{"type":"JointPositionCommand","control":{"type":"JointPositionControl"}}}}}}
[07/28/26 11:45:05.428983] [info] [00:45:31.559142] [ControlInterface] Control completed successfully.
[07/28/26 11:45:05.428991] [debug] [00:45:31.559151] [ControlInterface::ExecutionStats] Average Control Time: 0.001 ms (max: 0.034 ms, min: 0.001 ms, sigma: 0.001 ms, count: 880)
[07/28/26 11:45:05.430167] [debug] [00:45:31.560317] [Service] Server method called: /rb.api.PowerService/ToolFlangePowerCommand
[07/28/26 11:45:05.430206] [debug] [00:45:31.560370] [Service::PowerService::ToolFlangePowerCommand] Requested: request_header { request_timestamp { seconds: 1785206652 nanos: 277951532 } } name: "right" command: COMMAND_POWER_12V
[07/28/26 11:45:05.430215] [debug] [00:45:31.560380] [Service::PowerService::ToolFlangePowerCommand] Result: Success
[07/28/26 11:45:05.430899] [debug] [00:45:31.561058] [Service] Server method called: /rb.api.PowerService/ToolFlangePowerCommand
[07/28/26 11:45:05.430923] [debug] [00:45:31.561088] [Service::PowerService::ToolFlangePowerCommand] Requested: request_header { request_timestamp { seconds: 1785206652 nanos: 278791133 } } name: "left" command: COMMAND_POWER_12V
[07/28/26 11:45:05.430930] [debug] [00:45:31.561096] [Service::PowerService::ToolFlangePowerCommand] Result: Success
[07/28/26 11:45:15.431850] [debug] [00:45:41.562003] [Hardware] Hardware Loop Stat (avg: 2.000 ms, min: 1.999 ms, max: 2.001 ms, count: 15000)
[07/28/26 11:45:15.584842] [debug] [00:45:41.715003] [ControlManager] Control Manager Loop Stat (avg: 2.000 ms, min: 1.999 ms, max: 2.001 ms, count: 15000)
[07/28/26 11:45:24.959408] [debug] [00:45:51.089553] [Service] Server method called: /rb.api.RobotCommandService/RobotCommand
[07/28/26 11:45:24.959494] [debug] [00:45:51.089654] [Service::RobotCommandService::RobotCommand] Requested: robot_command { component_based_command { body_command { joint_position_command { command_header { control_hold_time { seconds: 1 } } minimum_time { seconds: 4 } position: 0 position: 0.78539816339744828 position: -1.3962634015954636 position: 0.78539816339744828 position: 0 position: 0 position: 0 position: -0.26179938779914941 position: 0 position: -2.0943951023931953 position: 0 position: 0.52359877559829882 position: 0 position: 0 position: 0... [truncated]
[07/28/26 11:45:24.959498] [debug] [00:45:51.089663] [Service::RobotCommandService::RobotCommand]   Peer: ipv4:192.168.30.230:38148
[07/28/26 11:45:24.959706] [debug] [00:45:51.089869] [Service::RobotCommandService::RobotCommand]   IP: 192.168.30.230, Family: ipv4
[07/28/26 11:45:24.964875] [info] [00:45:51.095034] [ControlManager] Control started: {"type":"RobotCommand","control":{"type":"ComponentBasedCommand","components":{"mobility":null,"body":{"type":"BodyCommand","control":{"type":"JointPositionCommand","control":{"type":"JointPositionControl"}}},"head":{"type":"HeadCommand","control":{"type":"JointPositionCommand","control":{"type":"JointPositionControl"}}}}}} (priority: 1)
[07/28/26 11:45:30.222884] [debug] [00:45:56.353040] [ControlManager] Control finished: {"type":"RobotCommand","control":{"type":"ComponentBasedCommand","components":{"mobility":null,"body":{"type":"BodyCommand","control":{"type":"JointPositionCommand","control":{"type":"JointPositionControl"}}},"head":{"type":"HeadCommand","control":{"type":"JointPositionCommand","control":{"type":"JointPositionControl"}}}}}}
[07/28/26 11:45:30.222942] [info] [00:45:56.353102] [ControlInterface] Control completed successfully.
[07/28/26 11:45:30.222952] [debug] [00:45:56.353111] [ControlInterface::ExecutionStats] Average Control Time: 0.001 ms (max: 0.026 ms, min: 0.001 ms, sigma: 0.000 ms, count: 2630)
[07/28/26 11:45:30.224452] [debug] [00:45:56.354612] [Service] Server method called: /rb.api.RobotCommandService/RobotCommandStream
[07/28/26 11:45:30.224481] [debug] [00:45:56.354645] [Service::RobotCommandService::RobotCommandStream] Stream is created
[07/28/26 11:45:30.271618] [debug] [00:45:56.401777] [Service::RobotCommandService::RobotCommandStream] Requested: robot_command { component_based_command { mobility_command { se2_velocity_command { command_header { control_hold_time { seconds: 1 } } minimum_time { nanos: 10100000 } velocity { linear { } } acceleration_limit { linear { x: 1 y: 1 } angular: 1 } } } body_command { body_component_based_command { right_arm_command { joint_impedance_control_command { command_header { control_hold_time { seconds: 1 } } minimum_time { nanos: 10100000 } position: 4.9... [truncated]
[07/28/26 11:45:30.271625] [debug] [00:45:56.401790] [Service::RobotCommandService::RobotCommandStream]   Peer: ipv4:192.168.30.230:38148
[07/28/26 11:45:30.271813] [debug] [00:45:56.401976] [Service::RobotCommandService::RobotCommandStream]   IP: 192.168.30.230, Family: ipv4
[07/28/26 11:45:30.278886] [info] [00:45:56.409047] [ControlManager] Control started: {"type":"RobotCommand","control":{"type":"ComponentBasedCommand","components":{"mobility":{"type":"MobilityCommand","control":{"type":"SE2VelocityCommand","control":{"type":"MobilitySE2VelocityControl"}}},"body":{"type":"BodyCommand","control":{"type":"BodyComponentBasedCommand","components":{"torso":{"type":"TorsoCommand","control":{"type":"JointImpedanceControlCommand","control":{"type":"JointImpedanceControl"}}},"right_arm":{"type":"ArmCommand","control":{"type":"JointImpedanceControlCommand","control":{"type":"JointImpedanceControl"}}},"left_arm":{"type":"ArmCommand","control":{"type":"JointImpedanceControlCommand","control":{"type":"JointImpedanceControl"}}}}}},"head":{"type":"HeadCommand","control":{"type":"JointPositionCommand","control":{"type":"JointPositionControl"}}}}}} (priority: 1)
[07/28/26 11:45:40.277226] [debug] [00:46:06.407371] [ControlInterface::ExecutionStats] Average Control Time: 0.349 ms (max: 0.493 ms, min: 0.329 ms, sigma: 0.009 ms, count: 5000)
[07/28/26 11:45:45.431851] [debug] [00:46:11.562002] [Hardware] Hardware Loop Stat (avg: 2.000 ms, min: 1.999 ms, max: 2.001 ms, count: 15000)
[07/28/26 11:45:45.584846] [debug] [00:46:11.715003] [ControlManager] Control Manager Loop Stat (avg: 2.000 ms, min: 1.999 ms, max: 2.001 ms, count: 15000)
[07/28/26 11:45:50.277218] [debug] [00:46:16.407368] [ControlInterface::ExecutionStats] Average Control Time: 0.352 ms (max: 0.385 ms, min: 0.329 ms, sigma: 0.009 ms, count: 5000)
[07/28/26 11:45:51.226306] [debug] [00:46:17.356459] [Service] Server method called: /rb.api.RobotCommandService/RobotCommand
[07/28/26 11:45:51.226424] [debug] [00:46:17.356587] [Service::RobotCommandService::RobotCommand] Requested: robot_command { whole_body_command { stop_command { } } } priority: 99
[07/28/26 11:45:51.226428] [debug] [00:46:17.356593] [Service::RobotCommandService::RobotCommand]   Peer: ipv4:192.168.30.230:38148
[07/28/26 11:45:51.226603] [debug] [00:46:17.356766] [Service::RobotCommandService::RobotCommand]   IP: 192.168.30.230, Family: ipv4
[07/28/26 11:45:51.329281] [debug] [00:46:17.459437] [ControlManager] Control finished: {"type":"RobotCommand","control":{"type":"ComponentBasedCommand","components":{"mobility":{"type":"MobilityCommand","control":{"type":"SE2VelocityCommand","control":{"type":"MobilitySE2VelocityControl"}}},"body":{"type":"BodyCommand","control":{"type":"BodyComponentBasedCommand","components":{"torso":{"type":"TorsoCommand","control":{"type":"JointImpedanceControlCommand","control":{"type":"JointImpedanceControl"}}},"right_arm":{"type":"ArmCommand","control":{"type":"JointImpedanceControlCommand","control":{"type":"JointImpedanceControl"}}},"left_arm":{"type":"ArmCommand","control":{"type":"JointImpedanceControlCommand","control":{"type":"JointImpedanceControl"}}}}}},"head":{"type":"HeadCommand","control":{"type":"JointPositionCommand","control":{"type":"JointPositionControl"}}}}}}
[07/28/26 11:45:51.330850] [info] [00:46:17.461014] [ControlManager] Control started: {"type":"RobotCommand","control":{"type":"WholeBodyCommand","control":{"type":"StopControl","control":{"type":"JointVelocityControl"}}}} (priority: 99)
[07/28/26 11:45:51.330870] [debug] [00:46:17.461036] [ControlManager] Control finished: {"type":"RobotCommand","control":{"type":"WholeBodyCommand","control":{"type":"StopControl","control":{"type":"JointVelocityControl"}}}}
[07/28/26 11:45:51.330904] [info] [00:46:17.461065] [ControlInterface] Control completed successfully.
[07/28/26 11:45:51.330913] [debug] [00:46:17.461073] [ControlInterface::ExecutionStats] Average Control Time: 0.006 ms (max: 0.006 ms, min: 0.006 ms, sigma: 0.000 ms, count: 1)
[07/28/26 11:45:51.334590] [debug] [00:46:17.464750] [Service::RobotCommandService::RobotCommandStream] OnReadDone (write_done: true, read_done: true)
[07/28/26 11:45:51.334645] [info] [00:46:17.464806] [ControlInterface] Control was preempted or canceled by another request.
[07/28/26 11:45:51.334653] [debug] [00:46:17.464814] [ControlInterface::ExecutionStats] Average Control Time: 0.349 ms (max: 0.374 ms, min: 0.332 ms, sigma: 0.008 ms, count: 526)
[07/28/26 11:45:51.334688] [debug] [00:46:17.464849] [Service::RobotCommandService::RobotCommandStream] OnCancel
[07/28/26 11:45:51.334910] [debug] [00:46:17.465072] [Service::RobotCommandService::RobotCommandStream] OnDone: robot_command { component_based_command { mobility_command { se2_velocity_command { command_header { control_hold_time { seconds: 1 } } minimum_time { nanos: 10100000 } velocity { linear { } } acceleration_limit { linear { x: 1 y: 1 } angular: 1 } } } body_command { body_component_based_command { right_arm_command { joint_impedance_control_command { command_header { control_hold_time { seconds: 1 } } minimum_time { nanos: 10100000 } position: -7.... [truncated]
[07/28/26 11:45:51.343900] [debug] [00:46:17.474061] [Service] Server method called: /rb.api.ControlManagerService/ControlManagerCommand
[07/28/26 11:45:51.343921] [debug] [00:46:17.474085] [Service::ControlManagerService::ControlManagerCommand] Requested: request_header { request_timestamp { seconds: 1785206698 nanos: 189607428 } } command: COMMAND_DISABLE
[07/28/26 11:45:51.343925] [info] [00:46:17.474090] [ControlManager::Disable] Disable request received. Starting the disabling process...
[07/28/26 11:45:51.344855] [info] [00:46:17.475019] [ControlManager::Disable] Control Manager successfully disabled
[07/28/26 11:46:15.431851] [debug] [00:46:41.562002] [Hardware] Hardware Loop Stat (avg: 2.000 ms, min: 1.998 ms, max: 2.002 ms, count: 15000)
[07/28/26 11:46:15.584843] [debug] [00:46:41.715003] [ControlManager] Control Manager Loop Stat (avg: 2.000 ms, min: 1.998 ms, max: 2.002 ms, count: 15000)
[07/28/26 11:46:28.928071] [debug] [00:46:55.058223] [Service] Server method called: /rb.api.RobotInfoService/GetRobotInfo
[07/28/26 11:46:28.928107] [debug] [00:46:55.058271] [Service::RobotInfoService::GetRobotInfo] Requested: request_header { request_timestamp { seconds: 1785206735 nanos: 771859023 } }
[07/28/26 11:46:28.929161] [debug] [00:46:55.059322] [Service] Server method called: /rb.api.RobotStateService/GetRobotState
[07/28/26 11:46:28.929183] [debug] [00:46:55.059347] [Service::RobotStateService::GetRobotState] Requested: request_header { request_timestamp { seconds: 1785206735 nanos: 773109281 } }
[07/28/26 11:46:28.930237] [debug] [00:46:55.060396] [Service] Server method called: /rb.api.RobotInfoService/GetRobotInfo
[07/28/26 11:46:28.930258] [debug] [00:46:55.060422] [Service::RobotInfoService::GetRobotInfo] Requested: request_header { request_timestamp { seconds: 1785206735 nanos: 774169527 } }
[07/28/26 11:46:28.931148] [debug] [00:46:55.061308] [Service] Server method called: /rb.api.RobotStateService/GetRobotState
[07/28/26 11:46:28.931166] [debug] [00:46:55.061330] [Service::RobotStateService::GetRobotState] Requested: request_header { request_timestamp { seconds: 1785206735 nanos: 775136230 } }
[07/28/26 11:46:28.932063] [debug] [00:46:55.062223] [Service] Server method called: /rb.api.RobotStateService/GetControlManagerState
[07/28/26 11:46:28.932081] [debug] [00:46:55.062246] [Service::RobotStateService::GetControlManagerState] Requested: request_header { request_timestamp { seconds: 1785206735 nanos: 776051069 } }
[07/28/26 11:46:28.932736] [debug] [00:46:55.062897] [Service] Server method called: /rb.api.RobotInfoService/GetRobotInfo
[07/28/26 11:46:28.932754] [debug] [00:46:55.062918] [Service::RobotInfoService::GetRobotInfo] Requested: request_header { request_timestamp { seconds: 1785206735 nanos: 776734043 } }
[07/28/26 11:46:28.933459] [debug] [00:46:55.063620] [Service] Server method called: /rb.api.RobotStateService/GetRobotState
[07/28/26 11:46:28.933474] [debug] [00:46:55.063638] [Service::RobotStateService::GetRobotState] Requested: request_header { request_timestamp { seconds: 1785206735 nanos: 777547307 } }
[07/28/26 11:46:28.934331] [debug] [00:46:55.064493] [Service] Server method called: /rb.api.RobotStateService/GetRobotState
[07/28/26 11:46:28.934348] [debug] [00:46:55.064512] [Service::RobotStateService::GetRobotState] Requested: request_header { request_timestamp { seconds: 1785206735 nanos: 778310035 } }
[07/28/26 11:46:28.935193] [debug] [00:46:55.065354] [Service] Server method called: /rb.api.RobotInfoService/GetRobotInfo
[07/28/26 11:46:28.935210] [debug] [00:46:55.065374] [Service::RobotInfoService::GetRobotInfo] Requested: request_header { request_timestamp { seconds: 1785206735 nanos: 779164034 } }
[07/28/26 11:46:28.935860] [debug] [00:46:55.066022] [Service] Server method called: /rb.api.ControlManagerService/ControlManagerCommand
[07/28/26 11:46:28.935902] [debug] [00:46:55.066065] [Service::ControlManagerService::ControlManagerCommand] Requested: request_header { request_timestamp { seconds: 1785206735 nanos: 779938970 } } command: COMMAND_ENABLE unlimited_mode_enabled { }
[07/28/26 11:46:28.935905] [info] [00:46:55.066071] [ControlManager::Enable] Enable request received. Starting the enabling process...
[07/28/26 11:46:28.936852] [info] [00:46:55.067015] [ControlManager::Enable] Control Manager successfully enabled
[07/28/26 11:46:28.937387] [debug] [00:46:55.067550] [Service] Server method called: /rb.api.ParameterService/SetParameter
[07/28/26 11:46:28.937405] [debug] [00:46:55.067569] [Service::ParameterService::SetParameter] Requested: request_header { request_timestamp { seconds: 1785206735 nanos: 781483575 } } name: "cartesian_command.cutoff_frequency" parameter: "{\"value\":5,\"write_db\":true}"
[07/28/26 11:46:28.948010] [debug] [00:46:55.078172] [Service] Server method called: /rb.api.ParameterService/SetParameter
[07/28/26 11:46:28.948029] [debug] [00:46:55.078193] [Service::ParameterService::SetParameter] Requested: request_header { request_timestamp { seconds: 1785206735 nanos: 792015479 } } name: "default.acceleration_limit_scaling" parameter: "{\"value\":1.0,\"write_db\":true}"
[07/28/26 11:46:28.953737] [debug] [00:46:55.083896] [Service] Server method called: /rb.api.ParameterService/SetParameter
[07/28/26 11:46:28.953755] [debug] [00:46:55.083919] [Service::ParameterService::SetParameter] Requested: request_header { request_timestamp { seconds: 1785206735 nanos: 797811260 } } name: "default.angular_acceleration_limit" parameter: "{\"value\":10,\"write_db\":true}"
[07/28/26 11:46:28.959925] [debug] [00:46:55.090086] [Service] Server method called: /rb.api.ParameterService/SetParameter
[07/28/26 11:46:28.959966] [debug] [00:46:55.090130] [Service::ParameterService::SetParameter] Requested: request_header { request_timestamp { seconds: 1785206735 nanos: 803948895 } } name: "default.linear_acceleration_limit" parameter: "{\"value\":20,\"write_db\":true}"
[07/28/26 11:46:28.965860] [debug] [00:46:55.096021] [Service] Server method called: /rb.api.ParameterService/SetParameter
[07/28/26 11:46:28.965876] [debug] [00:46:55.096040] [Service::ParameterService::SetParameter] Requested: request_header { request_timestamp { seconds: 1785206735 nanos: 809933034 } } name: "joint_position_command.cutoff_frequency" parameter: "{\"value\":5,\"write_db\":true}"
[07/28/26 11:46:28.971853] [debug] [00:46:55.102013] [Service] Server method called: /rb.api.ParameterService/SetParameter
[07/28/26 11:46:28.971870] [debug] [00:46:55.102034] [Service::ParameterService::SetParameter] Requested: request_header { request_timestamp { seconds: 1785206735 nanos: 815935914 } } name: "manipulability_threshold" parameter: "{\"value\":1e4,\"write_db\":true}"
[07/28/26 11:46:28.978287] [debug] [00:46:55.108448] [Service] Server method called: /rb.api.RobotCommandService/RobotCommand
[07/28/26 11:46:28.978356] [debug] [00:46:55.108519] [Service::RobotCommandService::RobotCommand] Requested: robot_command { component_based_command { body_command { joint_position_command { command_header { control_hold_time { seconds: 1 } } minimum_time { nanos: 500000000 } position: 0.00031135253615500639 position: 0.89022524654583146 position: -1.4117673234805048 position: 0.78008998235422033 position: 0.00011770644659518534 position: 2.2781892889390711e-05 position: -8.3533607261099277e-05 position: -0.26119819895901275 position: 0.0001822551431151... [truncated]
[07/28/26 11:46:28.978359] [debug] [00:46:55.108525] [Service::RobotCommandService::RobotCommand]   Peer: ipv4:192.168.30.230:38148
[07/28/26 11:46:28.978509] [debug] [00:46:55.108673] [Service::RobotCommandService::RobotCommand]   IP: 192.168.30.230, Family: ipv4
[07/28/26 11:46:28.982878] [info] [00:46:55.113041] [ControlManager] Control started: {"type":"RobotCommand","control":{"type":"ComponentBasedCommand","components":{"mobility":null,"body":{"type":"BodyCommand","control":{"type":"JointPositionCommand","control":{"type":"JointPositionControl"}}},"head":{"type":"HeadCommand","control":{"type":"JointPositionCommand","control":{"type":"JointPositionControl"}}}}}} (priority: 1)
[07/28/26 11:46:30.740876] [debug] [00:46:56.871035] [ControlManager] Control finished: {"type":"RobotCommand","control":{"type":"ComponentBasedCommand","components":{"mobility":null,"body":{"type":"BodyCommand","control":{"type":"JointPositionCommand","control":{"type":"JointPositionControl"}}},"head":{"type":"HeadCommand","control":{"type":"JointPositionCommand","control":{"type":"JointPositionControl"}}}}}}
[07/28/26 11:46:30.740931] [info] [00:46:56.871090] [ControlInterface] Control completed successfully.
[07/28/26 11:46:30.740940] [debug] [00:46:56.871099] [ControlInterface::ExecutionStats] Average Control Time: 0.001 ms (max: 0.027 ms, min: 0.001 ms, sigma: 0.001 ms, count: 880)
[07/28/26 11:46:30.741531] [debug] [00:46:56.871692] [Service] Server method called: /rb.api.PowerService/ToolFlangePowerCommand
[07/28/26 11:46:30.741587] [debug] [00:46:56.871751] [Service::PowerService::ToolFlangePowerCommand] Requested: request_header { request_timestamp { seconds: 1785206737 nanos: 585461417 } } name: "right" command: COMMAND_POWER_12V
[07/28/26 11:46:30.741593] [debug] [00:46:56.871758] [Service::PowerService::ToolFlangePowerCommand] Result: Success
[07/28/26 11:46:30.742162] [debug] [00:46:56.872323] [Service] Server method called: /rb.api.PowerService/ToolFlangePowerCommand
[07/28/26 11:46:30.742180] [debug] [00:46:56.872344] [Service::PowerService::ToolFlangePowerCommand] Requested: request_header { request_timestamp { seconds: 1785206737 nanos: 586157234 } } name: "left" command: COMMAND_POWER_12V
[07/28/26 11:46:30.742184] [debug] [00:46:56.872349] [Service::PowerService::ToolFlangePowerCommand] Result: Success
[07/28/26 11:46:31.868602] [debug] [00:46:57.998756] [Service] Server method called: /rb.api.RobotCommandService/RobotCommand
[07/28/26 11:46:31.868668] [debug] [00:46:57.998830] [Service::RobotCommandService::RobotCommand] Requested: robot_command { component_based_command { body_command { joint_position_command { command_header { control_hold_time { seconds: 1 } } minimum_time { seconds: 4 } position: 0 position: 0.78539816339744828 position: -1.3962634015954636 position: 0.78539816339744828 position: 0 position: 0 position: 0 position: -0.26179938779914941 position: 0 position: -2.0943951023931953 position: 0 position: 0.52359877559829882 position: 0 position: 0 position: 0... [truncated]
[07/28/26 11:46:31.868672] [debug] [00:46:57.998837] [Service::RobotCommandService::RobotCommand]   Peer: ipv4:192.168.30.230:38148
[07/28/26 11:46:31.868828] [debug] [00:46:57.998991] [Service::RobotCommandService::RobotCommand]   IP: 192.168.30.230, Family: ipv4
[07/28/26 11:46:31.874864] [info] [00:46:58.005025] [ControlManager] Control started: {"type":"RobotCommand","control":{"type":"ComponentBasedCommand","components":{"mobility":null,"body":{"type":"BodyCommand","control":{"type":"JointPositionCommand","control":{"type":"JointPositionControl"}}},"head":{"type":"HeadCommand","control":{"type":"JointPositionCommand","control":{"type":"JointPositionControl"}}}}}} (priority: 1)
[07/28/26 11:46:37.132880] [debug] [00:47:03.263037] [ControlManager] Control finished: {"type":"RobotCommand","control":{"type":"ComponentBasedCommand","components":{"mobility":null,"body":{"type":"BodyCommand","control":{"type":"JointPositionCommand","control":{"type":"JointPositionControl"}}},"head":{"type":"HeadCommand","control":{"type":"JointPositionCommand","control":{"type":"JointPositionControl"}}}}}}
[07/28/26 11:46:37.132934] [info] [00:47:03.263093] [ControlInterface] Control completed successfully.
[07/28/26 11:46:37.132943] [debug] [00:47:03.263103] [ControlInterface::ExecutionStats] Average Control Time: 0.001 ms (max: 0.019 ms, min: 0.001 ms, sigma: 0.000 ms, count: 2630)
[07/28/26 11:46:37.133543] [debug] [00:47:03.263704] [Service] Server method called: /rb.api.RobotCommandService/RobotCommandStream
[07/28/26 11:46:37.133556] [debug] [00:47:03.263720] [Service::RobotCommandService::RobotCommandStream] Stream is created
[07/28/26 11:46:37.164484] [debug] [00:47:03.294643] [Service::RobotCommandService::RobotCommandStream] Requested: robot_command { component_based_command { mobility_command { se2_velocity_command { command_header { control_hold_time { seconds: 1 } } minimum_time { nanos: 10100000 } velocity { linear { } } acceleration_limit { linear { x: 1 y: 1 } angular: 1 } } } body_command { body_component_based_command { right_arm_command { joint_impedance_control_command { command_header { control_hold_time { seconds: 1 } } minimum_time { nanos: 10100000 } position: 3.7... [truncated]
[07/28/26 11:46:37.164491] [debug] [00:47:03.294656] [Service::RobotCommandService::RobotCommandStream]   Peer: ipv4:192.168.30.230:38148
[07/28/26 11:46:37.164648] [debug] [00:47:03.294812] [Service::RobotCommandService::RobotCommandStream]   IP: 192.168.30.230, Family: ipv4
[07/28/26 11:46:37.168892] [info] [00:47:03.299053] [ControlManager] Control started: {"type":"RobotCommand","control":{"type":"ComponentBasedCommand","components":{"mobility":{"type":"MobilityCommand","control":{"type":"SE2VelocityCommand","control":{"type":"MobilitySE2VelocityControl"}}},"body":{"type":"BodyCommand","control":{"type":"BodyComponentBasedCommand","components":{"torso":{"type":"TorsoCommand","control":{"type":"JointImpedanceControlCommand","control":{"type":"JointImpedanceControl"}}},"right_arm":{"type":"ArmCommand","control":{"type":"JointImpedanceControlCommand","control":{"type":"JointImpedanceControl"}}},"left_arm":{"type":"ArmCommand","control":{"type":"JointImpedanceControlCommand","control":{"type":"JointImpedanceControl"}}}}}},"head":{"type":"HeadCommand","control":{"type":"JointPositionCommand","control":{"type":"JointPositionControl"}}}}}} (priority: 1)
[07/28/26 11:46:45.431854] [debug] [00:47:11.562003] [Hardware] Hardware Loop Stat (avg: 2.000 ms, min: 1.999 ms, max: 2.001 ms, count: 15000)
[07/28/26 11:46:45.584844] [debug] [00:47:11.715003] [ControlManager] Control Manager Loop Stat (avg: 2.000 ms, min: 1.998 ms, max: 2.002 ms, count: 15000)
[07/28/26 11:46:47.167227] [debug] [00:47:13.297376] [ControlInterface::ExecutionStats] Average Control Time: 0.349 ms (max: 0.444 ms, min: 0.329 ms, sigma: 0.008 ms, count: 5000)
[07/28/26 11:46:57.167209] [debug] [00:47:23.297360] [ControlInterface::ExecutionStats] Average Control Time: 0.348 ms (max: 0.384 ms, min: 0.331 ms, sigma: 0.007 ms, count: 5000)
[07/28/26 11:47:07.167229] [debug] [00:47:33.297381] [ControlInterface::ExecutionStats] Average Control Time: 0.348 ms (max: 0.379 ms, min: 0.327 ms, sigma: 0.007 ms, count: 5000)
[07/28/26 11:47:15.431849] [debug] [00:47:41.562003] [Hardware] Hardware Loop Stat (avg: 2.000 ms, min: 1.997 ms, max: 2.003 ms, count: 15000)
[07/28/26 11:47:15.584845] [debug] [00:47:41.715003] [ControlManager] Control Manager Loop Stat (avg: 2.000 ms, min: 1.999 ms, max: 2.001 ms, count: 15000)
[07/28/26 11:47:17.167212] [debug] [00:47:43.297363] [ControlInterface::ExecutionStats] Average Control Time: 0.348 ms (max: 0.382 ms, min: 0.325 ms, sigma: 0.007 ms, count: 5000)
[07/28/26 11:47:19.098416] [debug] [00:47:45.228568] [Service] Server method called: /rb.api.RobotCommandService/RobotCommand
[07/28/26 11:47:19.098448] [debug] [00:47:45.228611] [Service::RobotCommandService::RobotCommand] Requested: robot_command { whole_body_command { stop_command { } } } priority: 99
[07/28/26 11:47:19.098450] [debug] [00:47:45.228616] [Service::RobotCommandService::RobotCommand]   Peer: ipv4:192.168.30.230:38148
[07/28/26 11:47:19.098642] [debug] [00:47:45.228805] [Service::RobotCommandService::RobotCommand]   IP: 192.168.30.230, Family: ipv4
[07/28/26 11:47:19.107234] [info] [00:47:45.237395] [ControlManager::CancelControl] Control cancel request received
[07/28/26 11:47:19.109251] [warning] [00:47:45.239410] [ControlManager::CancelControl] Target control is not currently running
[07/28/26 11:47:19.109264] [error] [00:47:45.239427] [ControlManager::CancelControl] Failed to start control canceling process
[07/28/26 11:47:19.109266] [info] [00:47:45.239432] [Service::RobotCommandService::RobotCommand] Control canceled
[07/28/26 11:47:19.201267] [debug] [00:47:45.331425] [ControlManager] Control finished: {"type":"RobotCommand","control":{"type":"ComponentBasedCommand","components":{"mobility":{"type":"MobilityCommand","control":{"type":"SE2VelocityCommand","control":{"type":"MobilitySE2VelocityControl"}}},"body":{"type":"BodyCommand","control":{"type":"BodyComponentBasedCommand","components":{"torso":{"type":"TorsoCommand","control":{"type":"JointImpedanceControlCommand","control":{"type":"JointImpedanceControl"}}},"right_arm":{"type":"ArmCommand","control":{"type":"JointImpedanceControlCommand","control":{"type":"JointImpedanceControl"}}},"left_arm":{"type":"ArmCommand","control":{"type":"JointImpedanceControlCommand","control":{"type":"JointImpedanceControl"}}}}}},"head":{"type":"HeadCommand","control":{"type":"JointPositionCommand","control":{"type":"JointPositionControl"}}}}}}
[07/28/26 11:47:19.201385] [debug] [00:47:45.331543] [Service::RobotCommandService::RobotCommandStream] OnReadDone (write_done: true, read_done: true)
[07/28/26 11:47:19.201427] [debug] [00:47:45.331588] [Service::RobotCommandService::RobotCommandStream] OnCancel
[07/28/26 11:47:19.201553] [debug] [00:47:45.331716] [Service::RobotCommandService::RobotCommandStream] OnDone: robot_command { component_based_command { mobility_command { se2_velocity_command { command_header { control_hold_time { seconds: 1 } } minimum_time { nanos: 10100000 } velocity { linear { } } acceleration_limit { linear { x: 1 y: 1 } angular: 1 } } } body_command { body_component_based_command { right_arm_command { joint_impedance_control_command { command_header { control_hold_time { seconds: 1 } } minimum_time { nanos: 10100000 } position: -7.... [truncated]
[07/28/26 11:47:19.201556] [info] [00:47:45.331722] [ControlManager::CancelControl] Control cancel request received
[07/28/26 11:47:19.202852] [info] [00:47:45.333016] [ControlManager] Control started: {"type":"RobotCommand","control":{"type":"WholeBodyCommand","control":{"type":"StopControl","control":{"type":"JointVelocityControl"}}}} (priority: 99)
[07/28/26 11:47:19.202872] [debug] [00:47:45.333037] [ControlManager] Control finished: {"type":"RobotCommand","control":{"type":"WholeBodyCommand","control":{"type":"StopControl","control":{"type":"JointVelocityControl"}}}}
[07/28/26 11:47:19.202883] [warning] [00:47:45.333048] [ControlManager::CancelControl] Target control is not currently running
[07/28/26 11:47:19.202906] [info] [00:47:45.333070] [ControlInterface] Control completed successfully.
[07/28/26 11:47:19.202915] [debug] [00:47:45.333074] [ControlInterface::ExecutionStats] Average Control Time: 0.006 ms (max: 0.006 ms, min: 0.006 ms, sigma: 0.000 ms, count: 1)
[07/28/26 11:47:19.202962] [error] [00:47:45.333123] [ControlManager::CancelControl] Failed to start control canceling process
[07/28/26 11:47:19.203020] [info] [00:47:45.333184] [ControlInterface] Control was preempted or canceled by another request.
[07/28/26 11:47:19.203027] [debug] [00:47:45.333189] [ControlInterface::ExecutionStats] Average Control Time: 0.348 ms (max: 0.373 ms, min: 0.334 ms, sigma: 0.007 ms, count: 1017)
[07/28/26 11:47:45.431850] [debug] [00:48:11.562002] [Hardware] Hardware Loop Stat (avg: 2.000 ms, min: 1.999 ms, max: 2.001 ms, count: 15000)
[07/28/26 11:47:45.584842] [debug] [00:48:11.715002] [ControlManager] Control Manager Loop Stat (avg: 2.000 ms, min: 1.999 ms, max: 2.002 ms, count: 15000)
[07/28/26 11:48:15.431848] [debug] [00:48:41.562002] [Hardware] Hardware Loop Stat (avg: 2.000 ms, min: 1.999 ms, max: 2.001 ms, count: 15000)
[07/28/26 11:48:15.584841] [debug] [00:48:41.715002] [ControlManager] Control Manager Loop Stat (avg: 2.000 ms, min: 1.999 ms, max: 2.002 ms, count: 15000)
[07/28/26 11:48:45.431849] [debug] [00:49:11.562002] [Hardware] Hardware Loop Stat (avg: 2.000 ms, min: 1.999 ms, max: 2.001 ms, count: 15000)
[07/28/26 11:48:45.584841] [debug] [00:49:11.715002] [ControlManager] Control Manager Loop Stat (avg: 2.000 ms, min: 1.999 ms, max: 2.001 ms, count: 15000)
[07/28/26 11:49:15.431849] [debug] [00:49:41.562003] [Hardware] Hardware Loop Stat (avg: 2.000 ms, min: 1.999 ms, max: 2.001 ms, count: 15000)
[07/28/26 11:49:15.584840] [debug] [00:49:41.715002] [ControlManager] Control Manager Loop Stat (avg: 2.000 ms, min: 1.999 ms, max: 2.001 ms, count: 15000)
[07/28/26 11:49:45.431849] [debug] [00:50:11.562002] [Hardware] Hardware Loop Stat (avg: 2.000 ms, min: 1.999 ms, max: 2.001 ms, count: 15000)
[07/28/26 11:49:45.584841] [debug] [00:50:11.715003] [ControlManager] Control Manager Loop Stat (avg: 2.000 ms, min: 1.999 ms, max: 2.001 ms, count: 15000)
[07/28/26 11:50:15.431849] [debug] [00:50:41.562002] [Hardware] Hardware Loop Stat (avg: 2.000 ms, min: 1.999 ms, max: 2.001 ms, count: 15000)
[07/28/26 11:50:15.584840] [debug] [00:50:41.715002] [ControlManager] Control Manager Loop Stat (avg: 2.000 ms, min: 1.999 ms, max: 2.001 ms, count: 15000)
[07/28/26 11:50:31.163802] [debug] [00:50:57.293956] [Service] Server method called: /rb.api.RobotInfoService/GetRobotInfo
[07/28/26 11:50:31.163837] [debug] [00:50:57.294001] [Service::RobotInfoService::GetRobotInfo] Requested: request_header { request_timestamp { seconds: 1785206977 nanos: 997648534 } }
[07/28/26 11:50:31.164742] [debug] [00:50:57.294903] [Service] Server method called: /rb.api.RobotStateService/GetRobotState
[07/28/26 11:50:31.164762] [debug] [00:50:57.294926] [Service::RobotStateService::GetRobotState] Requested: request_header { request_timestamp { seconds: 1785206977 nanos: 998708530 } }
[07/28/26 11:50:31.165596] [debug] [00:50:57.295757] [Service] Server method called: /rb.api.RobotInfoService/GetRobotInfo
[07/28/26 11:50:31.165611] [debug] [00:50:57.295775] [Service::RobotInfoService::GetRobotInfo] Requested: request_header { request_timestamp { seconds: 1785206977 nanos: 999631454 } }
[07/28/26 11:50:31.166320] [debug] [00:50:57.296482] [Service] Server method called: /rb.api.RobotStateService/GetRobotState
[07/28/26 11:50:31.166336] [debug] [00:50:57.296500] [Service::RobotStateService::GetRobotState] Requested: request_header { request_timestamp { seconds: 1785206978 nanos: 365577 } }
[07/28/26 11:50:31.167059] [debug] [00:50:57.297218] [Service] Server method called: /rb.api.RobotStateService/GetControlManagerState
[07/28/26 11:50:31.167080] [debug] [00:50:57.297245] [Service::RobotStateService::GetControlManagerState] Requested: request_header { request_timestamp { seconds: 1785206978 nanos: 1080677 } }
[07/28/26 11:50:31.167515] [debug] [00:50:57.297677] [Service] Server method called: /rb.api.RobotCommandService/RobotCommand
[07/28/26 11:50:31.167533] [debug] [00:50:57.297698] [Service::RobotCommandService::RobotCommand] Requested: robot_command { whole_body_command { stop_command { } } } priority: 99
[07/28/26 11:50:31.167536] [debug] [00:50:57.297702] [Service::RobotCommandService::RobotCommand]   Peer: ipv4:192.168.30.230:38148
[07/28/26 11:50:31.167704] [debug] [00:50:57.297867] [Service::RobotCommandService::RobotCommand]   IP: 192.168.30.230, Family: ipv4
[07/28/26 11:50:31.172860] [info] [00:50:57.303024] [ControlManager] Control started: {"type":"RobotCommand","control":{"type":"WholeBodyCommand","control":{"type":"StopControl","control":{"type":"JointVelocityControl"}}}} (priority: 99)
[07/28/26 11:50:31.172884] [debug] [00:50:57.303049] [ControlManager] Control finished: {"type":"RobotCommand","control":{"type":"WholeBodyCommand","control":{"type":"StopControl","control":{"type":"JointVelocityControl"}}}}
[07/28/26 11:50:31.172919] [info] [00:50:57.303082] [ControlInterface] Control completed successfully.
[07/28/26 11:50:31.172927] [debug] [00:50:57.303088] [ControlInterface::ExecutionStats] Average Control Time: 0.006 ms (max: 0.006 ms, min: 0.006 ms, sigma: 0.000 ms, count: 1)
[07/28/26 11:50:31.173475] [debug] [00:50:57.303637] [Service] Server method called: /rb.api.ControlManagerService/ControlManagerCommand
[07/28/26 11:50:31.173492] [debug] [00:50:57.303656] [Service::ControlManagerService::ControlManagerCommand] Requested: request_header { request_timestamp { seconds: 1785206978 nanos: 7523746 } } command: COMMAND_DISABLE
[07/28/26 11:50:31.173495] [info] [00:50:57.303661] [ControlManager::Disable] Disable request received. Starting the disabling process...
[07/28/26 11:50:31.174853] [info] [00:50:57.305018] [ControlManager::Disable] Control Manager successfully disabled
[07/28/26 11:50:31.175410] [debug] [00:50:57.305572] [Service] Server method called: /rb.api.RobotInfoService/GetRobotInfo
[07/28/26 11:50:31.175423] [debug] [00:50:57.305587] [Service::RobotInfoService::GetRobotInfo] Requested: request_header { request_timestamp { seconds: 1785206978 nanos: 9471243 } }
[07/28/26 11:50:31.176119] [debug] [00:50:57.306281] [Service] Server method called: /rb.api.RobotStateService/GetRobotState
[07/28/26 11:50:31.176155] [debug] [00:50:57.306318] [Service::RobotStateService::GetRobotState] Requested: request_header { request_timestamp { seconds: 1785206978 nanos: 10178622 } }
[07/28/26 11:50:31.176723] [debug] [00:50:57.306885] [Service] Server method called: /rb.api.RobotStateService/GetRobotState
[07/28/26 11:50:31.176737] [debug] [00:50:57.306902] [Service::RobotStateService::GetRobotState] Requested: request_header { request_timestamp { seconds: 1785206978 nanos: 10786453 } }
[07/28/26 11:50:31.177296] [debug] [00:50:57.307462] [Service] Server method called: /rb.api.RobotInfoService/GetRobotInfo
[07/28/26 11:50:31.177305] [debug] [00:50:57.307471] [Service::RobotInfoService::GetRobotInfo] Requested: request_header { request_timestamp { seconds: 1785206978 nanos: 11374854 } }
[07/28/26 11:50:31.177901] [debug] [00:50:57.308063] [Service] Server method called: /rb.api.ControlManagerService/ControlManagerCommand
[07/28/26 11:50:31.177918] [debug] [00:50:57.308082] [Service::ControlManagerService::ControlManagerCommand] Requested: request_header { request_timestamp { seconds: 1785206978 nanos: 11962882 } } command: COMMAND_ENABLE unlimited_mode_enabled { }
[07/28/26 11:50:31.177921] [info] [00:50:57.308086] [ControlManager::Enable] Enable request received. Starting the enabling process...
[07/28/26 11:50:31.178849] [info] [00:50:57.309013] [ControlManager::Enable] Control Manager successfully enabled
[07/28/26 11:50:31.179317] [debug] [00:50:57.309480] [Service] Server method called: /rb.api.ParameterService/SetParameter
[07/28/26 11:50:31.179355] [debug] [00:50:57.309518] [Service::ParameterService::SetParameter] Requested: request_header { request_timestamp { seconds: 1785206978 nanos: 13355755 } } name: "cartesian_command.cutoff_frequency" parameter: "{\"value\":5,\"write_db\":true}"
[07/28/26 11:50:31.188656] [debug] [00:50:57.318816] [Service] Server method called: /rb.api.ParameterService/SetParameter
[07/28/26 11:50:31.188673] [debug] [00:50:57.318837] [Service::ParameterService::SetParameter] Requested: request_header { request_timestamp { seconds: 1785206978 nanos: 22684472 } } name: "default.acceleration_limit_scaling" parameter: "{\"value\":1.0,\"write_db\":true}"
[07/28/26 11:50:31.193406] [debug] [00:50:57.323567] [Service] Server method called: /rb.api.ParameterService/SetParameter
[07/28/26 11:50:31.193423] [debug] [00:50:57.323587] [Service::ParameterService::SetParameter] Requested: request_header { request_timestamp { seconds: 1785206978 nanos: 27456819 } } name: "default.angular_acceleration_limit" parameter: "{\"value\":10,\"write_db\":true}"
[07/28/26 11:50:31.197587] [debug] [00:50:57.327752] [Service] Server method called: /rb.api.ParameterService/SetParameter
[07/28/26 11:50:31.197600] [debug] [00:50:57.327765] [Service::ParameterService::SetParameter] Requested: request_header { request_timestamp { seconds: 1785206978 nanos: 31555603 } } name: "default.linear_acceleration_limit" parameter: "{\"value\":20,\"write_db\":true}"
[07/28/26 11:50:31.201777] [debug] [00:50:57.331937] [Service] Server method called: /rb.api.ParameterService/SetParameter
[07/28/26 11:50:31.201794] [debug] [00:50:57.331958] [Service::ParameterService::SetParameter] Requested: request_header { request_timestamp { seconds: 1785206978 nanos: 35748834 } } name: "joint_position_command.cutoff_frequency" parameter: "{\"value\":5,\"write_db\":true}"
[07/28/26 11:50:31.205502] [debug] [00:50:57.335663] [Service] Server method called: /rb.api.ParameterService/SetParameter
[07/28/26 11:50:31.205514] [debug] [00:50:57.335680] [Service::ParameterService::SetParameter] Requested: request_header { request_timestamp { seconds: 1785206978 nanos: 39501969 } } name: "manipulability_threshold" parameter: "{\"value\":1e4,\"write_db\":true}"
[07/28/26 11:50:31.209259] [debug] [00:50:57.339420] [Service] Server method called: /rb.api.RobotCommandService/RobotCommand
[07/28/26 11:50:31.209322] [debug] [00:50:57.339485] [Service::RobotCommandService::RobotCommand] Requested: robot_command { component_based_command { body_command { joint_position_command { command_header { control_hold_time { seconds: 1 } } minimum_time { nanos: 500000000 } position: 0.00031135253615500639 position: 0.892362947495286 position: -1.4121394277310315 position: 0.77958878071065374 position: 0.00012530041089164892 position: 0 position: -7.9736625112867486e-05 position: -0.2612285748161986 position: 0.00017466117881866213 position: -2.094347... [truncated]
[07/28/26 11:50:31.209326] [debug] [00:50:57.339491] [Service::RobotCommandService::RobotCommand]   Peer: ipv4:192.168.30.230:38148
[07/28/26 11:50:31.209472] [debug] [00:50:57.339636] [Service::RobotCommandService::RobotCommand]   IP: 192.168.30.230, Family: ipv4
[07/28/26 11:50:31.214866] [info] [00:50:57.345031] [ControlManager] Control started: {"type":"RobotCommand","control":{"type":"ComponentBasedCommand","components":{"mobility":null,"body":{"type":"BodyCommand","control":{"type":"JointPositionCommand","control":{"type":"JointPositionControl"}}},"head":{"type":"HeadCommand","control":{"type":"JointPositionCommand","control":{"type":"JointPositionControl"}}}}}} (priority: 1)
[07/28/26 11:50:32.972878] [debug] [00:50:59.103037] [ControlManager] Control finished: {"type":"RobotCommand","control":{"type":"ComponentBasedCommand","components":{"mobility":null,"body":{"type":"BodyCommand","control":{"type":"JointPositionCommand","control":{"type":"JointPositionControl"}}},"head":{"type":"HeadCommand","control":{"type":"JointPositionCommand","control":{"type":"JointPositionControl"}}}}}}
[07/28/26 11:50:32.972931] [info] [00:50:59.103091] [ControlInterface] Control completed successfully.
[07/28/26 11:50:32.972939] [debug] [00:50:59.103099] [ControlInterface::ExecutionStats] Average Control Time: 0.001 ms (max: 0.026 ms, min: 0.001 ms, sigma: 0.001 ms, count: 880)
[07/28/26 11:50:32.974232] [debug] [00:50:59.104394] [Service] Server method called: /rb.api.PowerService/ToolFlangePowerCommand
[07/28/26 11:50:32.974260] [debug] [00:50:59.104424] [Service::PowerService::ToolFlangePowerCommand] Requested: request_header { request_timestamp { seconds: 1785206979 nanos: 807903522 } } name: "right" command: COMMAND_POWER_12V
[07/28/26 11:50:32.974265] [debug] [00:50:59.104430] [Service::PowerService::ToolFlangePowerCommand] Result: Success
[07/28/26 11:50:32.975133] [debug] [00:50:59.105293] [Service] Server method called: /rb.api.PowerService/ToolFlangePowerCommand
[07/28/26 11:50:32.975156] [debug] [00:50:59.105321] [Service::PowerService::ToolFlangePowerCommand] Requested: request_header { request_timestamp { seconds: 1785206979 nanos: 808955269 } } name: "left" command: COMMAND_POWER_12V
[07/28/26 11:50:32.975160] [debug] [00:50:59.105326] [Service::PowerService::ToolFlangePowerCommand] Result: Success
[07/28/26 11:50:34.100342] [debug] [00:51:00.230495] [Service] Server method called: /rb.api.RobotCommandService/RobotCommand
[07/28/26 11:50:34.100411] [debug] [00:51:00.230575] [Service::RobotCommandService::RobotCommand] Requested: robot_command { component_based_command { body_command { joint_position_command { command_header { control_hold_time { seconds: 1 } } minimum_time { seconds: 4 } position: 0 position: 0.78539816339744828 position: -1.3962634015954636 position: 0.78539816339744828 position: 0 position: 0 position: 0 position: -0.26179938779914941 position: 0 position: -2.0943951023931953 position: 0 position: 0.52359877559829882 position: 0 position: 0 position: 0... [truncated]
[07/28/26 11:50:34.100414] [debug] [00:51:00.230580] [Service::RobotCommandService::RobotCommand]   Peer: ipv4:192.168.30.230:38148
[07/28/26 11:50:34.100547] [debug] [00:51:00.230711] [Service::RobotCommandService::RobotCommand]   IP: 192.168.30.230, Family: ipv4
[07/28/26 11:50:34.104859] [info] [00:51:00.235023] [ControlManager] Control started: {"type":"RobotCommand","control":{"type":"ComponentBasedCommand","components":{"mobility":null,"body":{"type":"BodyCommand","control":{"type":"JointPositionCommand","control":{"type":"JointPositionControl"}}},"head":{"type":"HeadCommand","control":{"type":"JointPositionCommand","control":{"type":"JointPositionControl"}}}}}} (priority: 1)
[07/28/26 11:50:39.362880] [debug] [00:51:05.493037] [ControlManager] Control finished: {"type":"RobotCommand","control":{"type":"ComponentBasedCommand","components":{"mobility":null,"body":{"type":"BodyCommand","control":{"type":"JointPositionCommand","control":{"type":"JointPositionControl"}}},"head":{"type":"HeadCommand","control":{"type":"JointPositionCommand","control":{"type":"JointPositionControl"}}}}}}
[07/28/26 11:50:39.362935] [info] [00:51:05.493095] [ControlInterface] Control completed successfully.
[07/28/26 11:50:39.362946] [debug] [00:51:05.493104] [ControlInterface::ExecutionStats] Average Control Time: 0.001 ms (max: 0.019 ms, min: 0.001 ms, sigma: 0.000 ms, count: 2630)
[07/28/26 11:50:39.364071] [debug] [00:51:05.494235] [Service] Server method called: /rb.api.RobotCommandService/RobotCommandStream
[07/28/26 11:50:39.364079] [debug] [00:51:05.494245] [Service::RobotCommandService::RobotCommandStream] Stream is created
[07/28/26 11:50:39.405190] [debug] [00:51:05.535349] [Service::RobotCommandService::RobotCommandStream] Requested: robot_command { component_based_command { mobility_command { se2_velocity_command { command_header { control_hold_time { seconds: 1 } } minimum_time { nanos: 10100000 } velocity { linear { } } acceleration_limit { linear { x: 1 y: 1 } angular: 1 } } } body_command { body_component_based_command { right_arm_command { joint_impedance_control_command { command_header { control_hold_time { seconds: 1 } } minimum_time { nanos: 10100000 } position: 1.5... [truncated]
[07/28/26 11:50:39.405197] [debug] [00:51:05.535362] [Service::RobotCommandService::RobotCommandStream]   Peer: ipv4:192.168.30.230:38148
[07/28/26 11:50:39.405350] [debug] [00:51:05.535514] [Service::RobotCommandService::RobotCommandStream]   IP: 192.168.30.230, Family: ipv4
[07/28/26 11:50:39.410891] [info] [00:51:05.541052] [ControlManager] Control started: {"type":"RobotCommand","control":{"type":"ComponentBasedCommand","components":{"mobility":{"type":"MobilityCommand","control":{"type":"SE2VelocityCommand","control":{"type":"MobilitySE2VelocityControl"}}},"body":{"type":"BodyCommand","control":{"type":"BodyComponentBasedCommand","components":{"torso":{"type":"TorsoCommand","control":{"type":"JointImpedanceControlCommand","control":{"type":"JointImpedanceControl"}}},"right_arm":{"type":"ArmCommand","control":{"type":"JointImpedanceControlCommand","control":{"type":"JointImpedanceControl"}}},"left_arm":{"type":"ArmCommand","control":{"type":"JointImpedanceControlCommand","control":{"type":"JointImpedanceControl"}}}}}},"head":{"type":"HeadCommand","control":{"type":"JointPositionCommand","control":{"type":"JointPositionControl"}}}}}} (priority: 1)
[07/28/26 11:50:45.431852] [debug] [00:51:11.562003] [Hardware] Hardware Loop Stat (avg: 2.000 ms, min: 1.999 ms, max: 2.001 ms, count: 15000)
[07/28/26 11:50:45.584846] [debug] [00:51:11.715003] [ControlManager] Control Manager Loop Stat (avg: 2.000 ms, min: 1.999 ms, max: 2.001 ms, count: 15000)
[07/28/26 11:50:49.409222] [debug] [00:51:15.539370] [ControlInterface::ExecutionStats] Average Control Time: 0.348 ms (max: 0.454 ms, min: 0.328 ms, sigma: 0.008 ms, count: 5000)
[07/28/26 11:50:59.409217] [debug] [00:51:25.539368] [ControlInterface::ExecutionStats] Average Control Time: 0.343 ms (max: 0.369 ms, min: 0.324 ms, sigma: 0.007 ms, count: 5000)
[07/28/26 11:51:09.409229] [debug] [00:51:35.539379] [ControlInterface::ExecutionStats] Average Control Time: 0.348 ms (max: 0.394 ms, min: 0.325 ms, sigma: 0.009 ms, count: 5000)
[07/28/26 11:51:11.932200] [debug] [00:51:38.062352] [Service::RobotCommandService::RobotCommandStream] OnReadDone (write_done: true, read_done: true)
[07/28/26 11:51:11.932202] [debug] [00:51:38.062359] [Service::RobotCommandService::RobotCommandStream] OnCancel
[07/28/26 11:51:11.932404] [debug] [00:51:38.062564] [Service::RobotCommandService::RobotCommandStream] OnDone: robot_command { component_based_command { mobility_command { se2_velocity_command { command_header { control_hold_time { seconds: 1 } } minimum_time { nanos: 10100000 } velocity { linear { } } acceleration_limit { linear { x: 1 y: 1 } angular: 1 } } } body_command { body_component_based_command { right_arm_command { joint_impedance_control_command { command_header { control_hold_time { seconds: 1 } } minimum_time { nanos: 10100000 } position: -1.... [truncated]
[07/28/26 11:51:11.932408] [info] [00:51:38.062573] [ControlManager::CancelControl] Control cancel request received
[07/28/26 11:51:11.932447] [debug] [00:51:38.062608] [Service] Server method called: /rb.api.RobotCommandService/RobotCommand
[07/28/26 11:51:11.932465] [debug] [00:51:38.062629] [Service::RobotCommandService::RobotCommand] Requested: robot_command { whole_body_command { stop_command { } } } priority: 10
[07/28/26 11:51:11.932468] [debug] [00:51:38.062633] [Service::RobotCommandService::RobotCommand]   Peer: ipv4:192.168.30.230:38148
[07/28/26 11:51:11.932663] [debug] [00:51:38.062826] [Service::RobotCommandService::RobotCommand]   IP: 192.168.30.230, Family: ipv4
[07/28/26 11:51:11.933216] [debug] [00:51:38.063377] [ControlManager::CancelControl] Cancelling control
[07/28/26 11:51:11.933226] [info] [00:51:38.063391] [ControlManager::CancelControl] Control canceling process is successfully starting...
[07/28/26 11:51:11.935212] [info] [00:51:38.065375] [ControlManager::CancelControl] Control cancel request received
[07/28/26 11:51:11.937213] [warning] [00:51:38.067378] [ControlManager::CancelControl] Target control is not currently running
[07/28/26 11:51:11.937223] [error] [00:51:38.067387] [ControlManager::CancelControl] Failed to start control canceling process
[07/28/26 11:51:11.937225] [info] [00:51:38.067391] [Service::RobotCommandService::RobotCommand] Control canceled
[07/28/26 11:51:12.033266] [debug] [00:51:38.163425] [ControlManager] Control finished: {"type":"RobotCommand","control":{"type":"ComponentBasedCommand","components":{"mobility":{"type":"MobilityCommand","control":{"type":"SE2VelocityCommand","control":{"type":"MobilitySE2VelocityControl"}}},"body":{"type":"BodyCommand","control":{"type":"BodyComponentBasedCommand","components":{"torso":{"type":"TorsoCommand","control":{"type":"JointImpedanceControlCommand","control":{"type":"JointImpedanceControl"}}},"right_arm":{"type":"ArmCommand","control":{"type":"JointImpedanceControlCommand","control":{"type":"JointImpedanceControl"}}},"left_arm":{"type":"ArmCommand","control":{"type":"JointImpedanceControlCommand","control":{"type":"JointImpedanceControl"}}}}}},"head":{"type":"HeadCommand","control":{"type":"JointPositionCommand","control":{"type":"JointPositionControl"}}}}}}
[07/28/26 11:51:12.033335] [info] [00:51:38.163498] [ControlInterface] Control was preempted or canceled by another request.
[07/28/26 11:51:12.033345] [debug] [00:51:38.163504] [ControlInterface::ExecutionStats] Average Control Time: 0.353 ms (max: 0.391 ms, min: 0.329 ms, sigma: 0.009 ms, count: 1312)
[07/28/26 11:51:12.034853] [info] [00:51:38.165017] [ControlManager] Control started: {"type":"RobotCommand","control":{"type":"WholeBodyCommand","control":{"type":"StopControl","control":{"type":"JointVelocityControl"}}}} (priority: 10)
[07/28/26 11:51:12.034874] [debug] [00:51:38.165039] [ControlManager] Control finished: {"type":"RobotCommand","control":{"type":"WholeBodyCommand","control":{"type":"StopControl","control":{"type":"JointVelocityControl"}}}}
[07/28/26 11:51:12.034905] [info] [00:51:38.165069] [ControlInterface] Control completed successfully.
[07/28/26 11:51:12.034910] [debug] [00:51:38.165073] [ControlInterface::ExecutionStats] Average Control Time: 0.006 ms (max: 0.006 ms, min: 0.006 ms, sigma: 0.000 ms, count: 1)
[07/28/26 11:51:15.431849] [debug] [00:51:41.562002] [Hardware] Hardware Loop Stat (avg: 2.000 ms, min: 1.999 ms, max: 2.001 ms, count: 15000)
[07/28/26 11:51:15.584841] [debug] [00:51:41.715003] [ControlManager] Control Manager Loop Stat (avg: 2.000 ms, min: 1.998 ms, max: 2.002 ms, count: 15000)
[07/28/26 11:51:45.431850] [debug] [00:52:11.562002] [Hardware] Hardware Loop Stat (avg: 2.000 ms, min: 1.999 ms, max: 2.001 ms, count: 15000)
[07/28/26 11:51:45.584841] [debug] [00:52:11.715003] [ControlManager] Control Manager Loop Stat (avg: 2.000 ms, min: 1.999 ms, max: 2.001 ms, count: 15000)
[07/28/26 11:52:15.431849] [debug] [00:52:41.562002] [Hardware] Hardware Loop Stat (avg: 2.000 ms, min: 1.999 ms, max: 2.001 ms, count: 15000)
[07/28/26 11:52:15.584841] [debug] [00:52:41.715002] [ControlManager] Control Manager Loop Stat (avg: 2.000 ms, min: 1.999 ms, max: 2.001 ms, count: 15000)
[07/28/26 11:52:45.431849] [debug] [00:53:11.562002] [Hardware] Hardware Loop Stat (avg: 2.000 ms, min: 1.999 ms, max: 2.001 ms, count: 15000)
[07/28/26 11:52:45.584840] [debug] [00:53:11.715002] [ControlManager] Control Manager Loop Stat (avg: 2.000 ms, min: 1.999 ms, max: 2.001 ms, count: 15000)
[07/28/26 11:53:15.431849] [debug] [00:53:41.562003] [Hardware] Hardware Loop Stat (avg: 2.000 ms, min: 1.999 ms, max: 2.001 ms, count: 15000)
[07/28/26 11:53:15.584840] [debug] [00:53:41.715002] [ControlManager] Control Manager Loop Stat (avg: 2.000 ms, min: 1.999 ms, max: 2.001 ms, count: 15000)
[07/28/26 11:53:45.431850] [debug] [00:54:11.562002] [Hardware] Hardware Loop Stat (avg: 2.000 ms, min: 1.999 ms, max: 2.001 ms, count: 15000)
[07/28/26 11:53:45.584840] [debug] [00:54:11.715002] [ControlManager] Control Manager Loop Stat (avg: 2.000 ms, min: 1.998 ms, max: 2.001 ms, count: 15000)
[07/28/26 11:54:15.431848] [debug] [00:54:41.562002] [Hardware] Hardware Loop Stat (avg: 2.000 ms, min: 1.999 ms, max: 2.001 ms, count: 15000)
[07/28/26 11:54:15.584840] [debug] [00:54:41.715002] [ControlManager] Control Manager Loop Stat (avg: 2.000 ms, min: 1.999 ms, max: 2.001 ms, count: 15000)
[07/28/26 11:54:45.431849] [debug] [00:55:11.562003] [Hardware] Hardware Loop Stat (avg: 2.000 ms, min: 1.999 ms, max: 2.001 ms, count: 15000)
[07/28/26 11:54:45.584840] [debug] [00:55:11.715002] [ControlManager] Control Manager Loop Stat (avg: 2.000 ms, min: 1.999 ms, max: 2.001 ms, count: 15000)
[07/28/26 11:55:15.431849] [debug] [00:55:41.562002] [Hardware] Hardware Loop Stat (avg: 2.000 ms, min: 1.999 ms, max: 2.001 ms, count: 15000)
[07/28/26 11:55:15.584840] [debug] [00:55:41.715002] [ControlManager] Control Manager Loop Stat (avg: 2.000 ms, min: 1.999 ms, max: 2.001 ms, count: 15000)
[07/28/26 11:55:45.431850] [debug] [00:56:11.562003] [Hardware] Hardware Loop Stat (avg: 2.000 ms, min: 1.999 ms, max: 2.001 ms, count: 15000)
[07/28/26 11:55:45.584841] [debug] [00:56:11.715002] [ControlManager] Control Manager Loop Stat (avg: 2.000 ms, min: 1.999 ms, max: 2.001 ms, count: 15000)
[07/28/26 11:56:15.431848] [debug] [00:56:41.562003] [Hardware] Hardware Loop Stat (avg: 2.000 ms, min: 1.999 ms, max: 2.001 ms, count: 15000)
[07/28/26 11:56:15.584840] [debug] [00:56:41.715002] [ControlManager] Control Manager Loop Stat (avg: 2.000 ms, min: 1.999 ms, max: 2.001 ms, count: 15000)
[07/28/26 11:56:23.142159] [debug] [00:56:49.272313] [Service] Server method called: /rb.api.RobotInfoService/GetRobotInfo
[07/28/26 11:56:23.142228] [debug] [00:56:49.272392] [Service::RobotInfoService::GetRobotInfo] Requested: request_header { request_timestamp { seconds: 1785207329 nanos: 963658007 } }
[07/28/26 11:56:23.142784] [debug] [00:56:49.272942] [Service] Server method called: /rb.api.RobotStateService/GetRobotState
[07/28/26 11:56:23.142808] [debug] [00:56:49.272972] [Service::RobotStateService::GetRobotState] Requested: request_header { request_timestamp { seconds: 1785207329 nanos: 964441694 } }
[07/28/26 11:56:23.143434] [debug] [00:56:49.273595] [Service] Server method called: /rb.api.RobotInfoService/GetRobotInfo
[07/28/26 11:56:23.143452] [debug] [00:56:49.273616] [Service::RobotInfoService::GetRobotInfo] Requested: request_header { request_timestamp { seconds: 1785207329 nanos: 965068862 } }
[07/28/26 11:56:23.143960] [debug] [00:56:49.274120] [Service] Server method called: /rb.api.RobotStateService/GetRobotState
[07/28/26 11:56:23.143978] [debug] [00:56:49.274142] [Service::RobotStateService::GetRobotState] Requested: request_header { request_timestamp { seconds: 1785207329 nanos: 965624143 } }
[07/28/26 11:56:23.144413] [debug] [00:56:49.274574] [Service] Server method called: /rb.api.RobotStateService/GetControlManagerState
[07/28/26 11:56:23.144428] [debug] [00:56:49.274592] [Service::RobotStateService::GetControlManagerState] Requested: request_header { request_timestamp { seconds: 1785207329 nanos: 966107979 } }
[07/28/26 11:56:23.144638] [debug] [00:56:49.274799] [Service] Server method called: /rb.api.RobotCommandService/RobotCommand
[07/28/26 11:56:23.144654] [debug] [00:56:49.274818] [Service::RobotCommandService::RobotCommand] Requested: robot_command { whole_body_command { stop_command { } } } priority: 99
[07/28/26 11:56:23.144657] [debug] [00:56:49.274822] [Service::RobotCommandService::RobotCommand]   Peer: ipv4:192.168.30.230:38148
[07/28/26 11:56:23.144815] [debug] [00:56:49.274979] [Service::RobotCommandService::RobotCommand]   IP: 192.168.30.230, Family: ipv4
[07/28/26 11:56:23.150865] [info] [00:56:49.281027] [ControlManager] Control started: {"type":"RobotCommand","control":{"type":"WholeBodyCommand","control":{"type":"StopControl","control":{"type":"JointVelocityControl"}}}} (priority: 99)
[07/28/26 11:56:23.150889] [debug] [00:56:49.281055] [ControlManager] Control finished: {"type":"RobotCommand","control":{"type":"WholeBodyCommand","control":{"type":"StopControl","control":{"type":"JointVelocityControl"}}}}
[07/28/26 11:56:23.150921] [info] [00:56:49.281084] [ControlInterface] Control completed successfully.
[07/28/26 11:56:23.150929] [debug] [00:56:49.281089] [ControlInterface::ExecutionStats] Average Control Time: 0.006 ms (max: 0.006 ms, min: 0.006 ms, sigma: 0.000 ms, count: 1)
[07/28/26 11:56:23.151567] [debug] [00:56:49.281729] [Service] Server method called: /rb.api.ControlManagerService/ControlManagerCommand
[07/28/26 11:56:23.151583] [debug] [00:56:49.281748] [Service::ControlManagerService::ControlManagerCommand] Requested: request_header { request_timestamp { seconds: 1785207329 nanos: 973163160 } } command: COMMAND_DISABLE
[07/28/26 11:56:23.151587] [info] [00:56:49.281752] [ControlManager::Disable] Disable request received. Starting the disabling process...
[07/28/26 11:56:23.152853] [info] [00:56:49.283017] [ControlManager::Disable] Control Manager successfully disabled
[07/28/26 11:56:23.153355] [debug] [00:56:49.283517] [Service] Server method called: /rb.api.RobotInfoService/GetRobotInfo
[07/28/26 11:56:23.153369] [debug] [00:56:49.283534] [Service::RobotInfoService::GetRobotInfo] Requested: request_header { request_timestamp { seconds: 1785207329 nanos: 974953822 } }
[07/28/26 11:56:23.154784] [debug] [00:56:49.284944] [Service] Server method called: /rb.api.RobotStateService/GetRobotState
[07/28/26 11:56:23.154800] [debug] [00:56:49.284965] [Service::RobotStateService::GetRobotState] Requested: request_header { request_timestamp { seconds: 1785207329 nanos: 976353269 } }
[07/28/26 11:56:23.155317] [debug] [00:56:49.285479] [Service] Server method called: /rb.api.RobotStateService/GetRobotState
[07/28/26 11:56:23.155331] [debug] [00:56:49.285495] [Service::RobotStateService::GetRobotState] Requested: request_header { request_timestamp { seconds: 1785207329 nanos: 976963357 } }
[07/28/26 11:56:23.155757] [debug] [00:56:49.285920] [Service] Server method called: /rb.api.RobotInfoService/GetRobotInfo
[07/28/26 11:56:23.155771] [debug] [00:56:49.285936] [Service::RobotInfoService::GetRobotInfo] Requested: request_header { request_timestamp { seconds: 1785207329 nanos: 977435054 } }
[07/28/26 11:56:23.156201] [debug] [00:56:49.286366] [Service] Server method called: /rb.api.ControlManagerService/ControlManagerCommand
[07/28/26 11:56:23.156216] [debug] [00:56:49.286381] [Service::ControlManagerService::ControlManagerCommand] Requested: request_header { request_timestamp { seconds: 1785207329 nanos: 977879355 } } command: COMMAND_ENABLE unlimited_mode_enabled { }
[07/28/26 11:56:23.156218] [info] [00:56:49.286384] [ControlManager::Enable] Enable request received. Starting the enabling process...
[07/28/26 11:56:23.156849] [info] [00:56:49.287014] [ControlManager::Enable] Control Manager successfully enabled
[07/28/26 11:56:23.157121] [debug] [00:56:49.287284] [Service] Server method called: /rb.api.ParameterService/SetParameter
[07/28/26 11:56:23.157138] [debug] [00:56:49.287303] [Service::ParameterService::SetParameter] Requested: request_header { request_timestamp { seconds: 1785207329 nanos: 978790491 } } name: "cartesian_command.cutoff_frequency" parameter: "{\"value\":5,\"write_db\":true}"
[07/28/26 11:56:23.267660] [debug] [00:56:49.397823] [Service] Server method called: /rb.api.ParameterService/SetParameter
[07/28/26 11:56:23.267675] [debug] [00:56:49.397840] [Service::ParameterService::SetParameter] Requested: request_header { request_timestamp { seconds: 1785207330 nanos: 89085868 } } name: "default.acceleration_limit_scaling" parameter: "{\"value\":1.0,\"write_db\":true}"
[07/28/26 11:56:23.272159] [debug] [00:56:49.402318] [Service] Server method called: /rb.api.ParameterService/SetParameter
[07/28/26 11:56:23.272177] [debug] [00:56:49.402341] [Service::ParameterService::SetParameter] Requested: request_header { request_timestamp { seconds: 1785207330 nanos: 93599139 } } name: "default.angular_acceleration_limit" parameter: "{\"value\":10,\"write_db\":true}"
[07/28/26 11:56:23.276984] [debug] [00:56:49.407144] [Service] Server method called: /rb.api.ParameterService/SetParameter
[07/28/26 11:56:23.277003] [debug] [00:56:49.407167] [Service::ParameterService::SetParameter] Requested: request_header { request_timestamp { seconds: 1785207330 nanos: 98319427 } } name: "default.linear_acceleration_limit" parameter: "{\"value\":20,\"write_db\":true}"
[07/28/26 11:56:23.281319] [debug] [00:56:49.411479] [Service] Server method called: /rb.api.ParameterService/SetParameter
[07/28/26 11:56:23.281337] [debug] [00:56:49.411501] [Service::ParameterService::SetParameter] Requested: request_header { request_timestamp { seconds: 1785207330 nanos: 102732053 } } name: "joint_position_command.cutoff_frequency" parameter: "{\"value\":5,\"write_db\":true}"
[07/28/26 11:56:23.286635] [debug] [00:56:49.416795] [Service] Server method called: /rb.api.ParameterService/SetParameter
[07/28/26 11:56:23.286653] [debug] [00:56:49.416817] [Service::ParameterService::SetParameter] Requested: request_header { request_timestamp { seconds: 1785207330 nanos: 107693085 } } name: "manipulability_threshold" parameter: "{\"value\":1e4,\"write_db\":true}"
[07/28/26 11:56:23.290624] [debug] [00:56:49.420784] [Service] Server method called: /rb.api.RobotCommandService/RobotCommand
[07/28/26 11:56:23.290690] [debug] [00:56:49.420852] [Service::RobotCommandService::RobotCommand] Requested: robot_command { component_based_command { body_command { joint_position_command { command_header { control_hold_time { seconds: 1 } } minimum_time { nanos: 500000000 } position: 0.003413486951260375 position: 0.95352853292115181 position: -1.4139733701086274 position: 0.779364758763908 position: 0.0015871385379608862 position: -0.00030755555400677458 position: -1.0403996874905468 position: -0.416809918339996 position: 0.031773146616403576 positio... [truncated]
[07/28/26 11:56:23.290693] [debug] [00:56:49.420858] [Service::RobotCommandService::RobotCommand]   Peer: ipv4:192.168.30.230:38148
[07/28/26 11:56:23.290840] [debug] [00:56:49.421004] [Service::RobotCommandService::RobotCommand]   IP: 192.168.30.230, Family: ipv4
[07/28/26 11:56:23.296867] [info] [00:56:49.427031] [ControlManager] Control started: {"type":"RobotCommand","control":{"type":"ComponentBasedCommand","components":{"mobility":null,"body":{"type":"BodyCommand","control":{"type":"JointPositionCommand","control":{"type":"JointPositionControl"}}},"head":{"type":"HeadCommand","control":{"type":"JointPositionCommand","control":{"type":"JointPositionControl"}}}}}} (priority: 1)
[07/28/26 11:56:25.054878] [debug] [00:56:51.185036] [ControlManager] Control finished: {"type":"RobotCommand","control":{"type":"ComponentBasedCommand","components":{"mobility":null,"body":{"type":"BodyCommand","control":{"type":"JointPositionCommand","control":{"type":"JointPositionControl"}}},"head":{"type":"HeadCommand","control":{"type":"JointPositionCommand","control":{"type":"JointPositionControl"}}}}}}
[07/28/26 11:56:25.054935] [info] [00:56:51.185094] [ControlInterface] Control completed successfully.
[07/28/26 11:56:25.054944] [debug] [00:56:51.185104] [ControlInterface::ExecutionStats] Average Control Time: 0.001 ms (max: 0.027 ms, min: 0.001 ms, sigma: 0.001 ms, count: 880)
[07/28/26 11:56:25.056696] [debug] [00:56:51.186857] [Service] Server method called: /rb.api.PowerService/ToolFlangePowerCommand
[07/28/26 11:56:25.056728] [debug] [00:56:51.186892] [Service::PowerService::ToolFlangePowerCommand] Requested: request_header { request_timestamp { seconds: 1785207331 nanos: 877783466 } } name: "right" command: COMMAND_POWER_12V
[07/28/26 11:56:25.056734] [debug] [00:56:51.186899] [Service::PowerService::ToolFlangePowerCommand] Result: Success
[07/28/26 11:56:25.057703] [debug] [00:56:51.187862] [Service] Server method called: /rb.api.PowerService/ToolFlangePowerCommand
[07/28/26 11:56:25.057741] [debug] [00:56:51.187906] [Service::PowerService::ToolFlangePowerCommand] Requested: request_header { request_timestamp { seconds: 1785207331 nanos: 879080713 } } name: "left" command: COMMAND_POWER_12V
[07/28/26 11:56:25.057746] [debug] [00:56:51.187912] [Service::PowerService::ToolFlangePowerCommand] Result: Success
[07/28/26 11:56:26.224352] [debug] [00:56:52.354508] [Service] Server method called: /rb.api.RobotCommandService/RobotCommand
[07/28/26 11:56:26.224416] [debug] [00:56:52.354579] [Service::RobotCommandService::RobotCommand] Requested: robot_command { component_based_command { body_command { joint_position_command { command_header { control_hold_time { seconds: 1 } } minimum_time { seconds: 4 } position: 0 position: 0.78539816339744828 position: -1.3962634015954636 position: 0.78539816339744828 position: 0 position: 0 position: 0 position: -0.26179938779914941 position: 0 position: -2.0943951023931953 position: 0 position: 0.52359877559829882 position: 0 position: 0 position: 0... [truncated]
[07/28/26 11:56:26.224419] [debug] [00:56:52.354585] [Service::RobotCommandService::RobotCommand]   Peer: ipv4:192.168.30.230:38148
[07/28/26 11:56:26.224590] [debug] [00:56:52.354754] [Service::RobotCommandService::RobotCommand]   IP: 192.168.30.230, Family: ipv4
[07/28/26 11:56:26.228865] [info] [00:56:52.359027] [ControlManager] Control started: {"type":"RobotCommand","control":{"type":"ComponentBasedCommand","components":{"mobility":null,"body":{"type":"BodyCommand","control":{"type":"JointPositionCommand","control":{"type":"JointPositionControl"}}},"head":{"type":"HeadCommand","control":{"type":"JointPositionCommand","control":{"type":"JointPositionControl"}}}}}} (priority: 1)
[07/28/26 11:56:31.486879] [debug] [00:56:57.617038] [ControlManager] Control finished: {"type":"RobotCommand","control":{"type":"ComponentBasedCommand","components":{"mobility":null,"body":{"type":"BodyCommand","control":{"type":"JointPositionCommand","control":{"type":"JointPositionControl"}}},"head":{"type":"HeadCommand","control":{"type":"JointPositionCommand","control":{"type":"JointPositionControl"}}}}}}
[07/28/26 11:56:31.486938] [info] [00:56:57.617097] [ControlInterface] Control completed successfully.
[07/28/26 11:56:31.486948] [debug] [00:56:57.617107] [ControlInterface::ExecutionStats] Average Control Time: 0.001 ms (max: 0.021 ms, min: 0.001 ms, sigma: 0.000 ms, count: 2630)
[07/28/26 11:56:31.488700] [debug] [00:56:57.618860] [Service] Server method called: /rb.api.RobotCommandService/RobotCommandStream
[07/28/26 11:56:31.488713] [debug] [00:56:57.618877] [Service::RobotCommandService::RobotCommandStream] Stream is created
[07/28/26 11:56:31.540087] [debug] [00:56:57.670247] [Service::RobotCommandService::RobotCommandStream] Requested: robot_command { component_based_command { mobility_command { se2_velocity_command { command_header { control_hold_time { seconds: 1 } } minimum_time { nanos: 10100000 } velocity { linear { } } acceleration_limit { linear { x: 1 y: 1 } angular: 1 } } } body_command { body_component_based_command { right_arm_command { joint_impedance_control_command { command_header { control_hold_time { seconds: 1 } } minimum_time { nanos: 10100000 } position: 0.0... [truncated]
[07/28/26 11:56:31.540094] [debug] [00:56:57.670259] [Service::RobotCommandService::RobotCommandStream]   Peer: ipv4:192.168.30.230:38148
[07/28/26 11:56:31.540246] [debug] [00:56:57.670410] [Service::RobotCommandService::RobotCommandStream]   IP: 192.168.30.230, Family: ipv4
[07/28/26 11:56:31.544895] [info] [00:56:57.675056] [ControlManager] Control started: {"type":"RobotCommand","control":{"type":"ComponentBasedCommand","components":{"mobility":{"type":"MobilityCommand","control":{"type":"SE2VelocityCommand","control":{"type":"MobilitySE2VelocityControl"}}},"body":{"type":"BodyCommand","control":{"type":"BodyComponentBasedCommand","components":{"torso":{"type":"TorsoCommand","control":{"type":"JointImpedanceControlCommand","control":{"type":"JointImpedanceControl"}}},"right_arm":{"type":"ArmCommand","control":{"type":"JointImpedanceControlCommand","control":{"type":"JointImpedanceControl"}}},"left_arm":{"type":"ArmCommand","control":{"type":"JointImpedanceControlCommand","control":{"type":"JointImpedanceControl"}}}}}},"head":{"type":"HeadCommand","control":{"type":"JointPositionCommand","control":{"type":"JointPositionControl"}}}}}} (priority: 1)
[07/28/26 11:56:41.543218] [debug] [00:57:07.673368] [ControlInterface::ExecutionStats] Average Control Time: 0.350 ms (max: 0.439 ms, min: 0.331 ms, sigma: 0.008 ms, count: 5000)
[07/28/26 11:56:45.431852] [debug] [00:57:11.562003] [Hardware] Hardware Loop Stat (avg: 2.000 ms, min: 1.999 ms, max: 2.001 ms, count: 15000)
[07/28/26 11:56:45.584844] [debug] [00:57:11.715003] [ControlManager] Control Manager Loop Stat (avg: 2.000 ms, min: 1.999 ms, max: 2.001 ms, count: 15000)
[07/28/26 11:56:51.543222] [debug] [00:57:17.673374] [ControlInterface::ExecutionStats] Average Control Time: 0.351 ms (max: 0.394 ms, min: 0.324 ms, sigma: 0.011 ms, count: 5000)
[07/28/26 11:56:57.104508] [debug] [00:57:23.234660] [Service] Server method called: /rb.api.RobotCommandService/RobotCommand
[07/28/26 11:56:57.104542] [debug] [00:57:23.234705] [Service::RobotCommandService::RobotCommand] Requested: robot_command { whole_body_command { stop_command { } } } priority: 99
[07/28/26 11:56:57.104546] [debug] [00:57:23.234711] [Service::RobotCommandService::RobotCommand]   Peer: ipv4:192.168.30.230:38148
[07/28/26 11:56:57.104707] [debug] [00:57:23.234871] [Service::RobotCommandService::RobotCommand]   IP: 192.168.30.230, Family: ipv4
[07/28/26 11:56:57.207281] [debug] [00:57:23.337434] [ControlManager] Control finished: {"type":"RobotCommand","control":{"type":"ComponentBasedCommand","components":{"mobility":{"type":"MobilityCommand","control":{"type":"SE2VelocityCommand","control":{"type":"MobilitySE2VelocityControl"}}},"body":{"type":"BodyCommand","control":{"type":"BodyComponentBasedCommand","components":{"torso":{"type":"TorsoCommand","control":{"type":"JointImpedanceControlCommand","control":{"type":"JointImpedanceControl"}}},"right_arm":{"type":"ArmCommand","control":{"type":"JointImpedanceControlCommand","control":{"type":"JointImpedanceControl"}}},"left_arm":{"type":"ArmCommand","control":{"type":"JointImpedanceControlCommand","control":{"type":"JointImpedanceControl"}}}}}},"head":{"type":"HeadCommand","control":{"type":"JointPositionCommand","control":{"type":"JointPositionControl"}}}}}}
[07/28/26 11:56:57.207382] [debug] [00:57:23.337539] [Service::RobotCommandService::RobotCommandStream] OnReadDone (write_done: true, read_done: true)
[07/28/26 11:56:57.207430] [debug] [00:57:23.337589] [Service::RobotCommandService::RobotCommandStream] OnCancel
[07/28/26 11:56:57.207469] [info] [00:57:23.337630] [ControlInterface] Control was preempted or canceled by another request.
[07/28/26 11:56:57.207479] [debug] [00:57:23.337638] [ControlInterface::ExecutionStats] Average Control Time: 0.354 ms (max: 0.402 ms, min: 0.332 ms, sigma: 0.011 ms, count: 2832)
[07/28/26 11:56:57.207561] [debug] [00:57:23.337723] [Service::RobotCommandService::RobotCommandStream] OnDone: robot_command { component_based_command { mobility_command { se2_velocity_command { command_header { control_hold_time { seconds: 1 } } minimum_time { nanos: 10100000 } velocity { linear { } } acceleration_limit { linear { x: 1 y: 1 } angular: 1 } } } body_command { body_component_based_command { right_arm_command { joint_impedance_control_command { command_header { control_hold_time { seconds: 1 } } minimum_time { nanos: 10100000 } position: -0.... [truncated]
[07/28/26 11:56:57.208853] [info] [00:57:23.339016] [ControlManager] Control started: {"type":"RobotCommand","control":{"type":"WholeBodyCommand","control":{"type":"StopControl","control":{"type":"JointVelocityControl"}}}} (priority: 99)
[07/28/26 11:56:57.208873] [debug] [00:57:23.339038] [ControlManager] Control finished: {"type":"RobotCommand","control":{"type":"WholeBodyCommand","control":{"type":"StopControl","control":{"type":"JointVelocityControl"}}}}
[07/28/26 11:56:57.208907] [info] [00:57:23.339070] [ControlInterface] Control completed successfully.
[07/28/26 11:56:57.208911] [debug] [00:57:23.339075] [ControlInterface::ExecutionStats] Average Control Time: 0.006 ms (max: 0.006 ms, min: 0.006 ms, sigma: 0.000 ms, count: 1)
[07/28/26 11:56:57.209606] [debug] [00:57:23.339767] [Service] Server method called: /rb.api.ControlManagerService/ControlManagerCommand
[07/28/26 11:56:57.209630] [debug] [00:57:23.339794] [Service::ControlManagerService::ControlManagerCommand] Requested: request_header { request_timestamp { seconds: 1785207364 nanos: 30086607 } } command: COMMAND_DISABLE
[07/28/26 11:56:57.209634] [info] [00:57:23.339799] [ControlManager::Disable] Disable request received. Starting the disabling process...
[07/28/26 11:56:57.210857] [info] [00:57:23.341021] [ControlManager::Disable] Control Manager successfully disabled
[07/28/26 11:57:15.431849] [debug] [00:57:41.562003] [Hardware] Hardware Loop Stat (avg: 2.000 ms, min: 1.998 ms, max: 2.002 ms, count: 15000)
[07/28/26 11:57:15.584843] [debug] [00:57:41.715003] [ControlManager] Control Manager Loop Stat (avg: 2.000 ms, min: 1.999 ms, max: 2.001 ms, count: 15000)
[07/28/26 11:57:45.431850] [debug] [00:58:11.562003] [Hardware] Hardware Loop Stat (avg: 2.000 ms, min: 1.997 ms, max: 2.002 ms, count: 15000)
[07/28/26 11:57:45.584841] [debug] [00:58:11.715003] [ControlManager] Control Manager Loop Stat (avg: 2.000 ms, min: 1.998 ms, max: 2.002 ms, count: 15000)
[07/28/26 11:58:00.317790] [debug] [00:58:26.447945] [Service] Server method called: /rb.api.RobotInfoService/GetRobotInfo
[07/28/26 11:58:00.317823] [debug] [00:58:26.447987] [Service::RobotInfoService::GetRobotInfo] Requested: request_header { request_timestamp { seconds: 1785207427 nanos: 136083330 } }
[07/28/26 11:58:00.318796] [debug] [00:58:26.448957] [Service] Server method called: /rb.api.RobotStateService/GetRobotState
[07/28/26 11:58:00.318815] [debug] [00:58:26.448979] [Service::RobotStateService::GetRobotState] Requested: request_header { request_timestamp { seconds: 1785207427 nanos: 137172069 } }
[07/28/26 11:58:00.319864] [debug] [00:58:26.450025] [Service] Server method called: /rb.api.RobotInfoService/GetRobotInfo
[07/28/26 11:58:00.319880] [debug] [00:58:26.450045] [Service::RobotInfoService::GetRobotInfo] Requested: request_header { request_timestamp { seconds: 1785207427 nanos: 138275389 } }
[07/28/26 11:58:00.320805] [debug] [00:58:26.450965] [Service] Server method called: /rb.api.RobotStateService/GetRobotState
[07/28/26 11:58:00.320828] [debug] [00:58:26.450992] [Service::RobotStateService::GetRobotState] Requested: request_header { request_timestamp { seconds: 1785207427 nanos: 139223791 } }
[07/28/26 11:58:00.321858] [debug] [00:58:26.452018] [Service] Server method called: /rb.api.RobotStateService/GetControlManagerState
[07/28/26 11:58:00.321879] [debug] [00:58:26.452043] [Service::RobotStateService::GetControlManagerState] Requested: request_header { request_timestamp { seconds: 1785207427 nanos: 140287936 } }
[07/28/26 11:58:00.322797] [debug] [00:58:26.452958] [Service] Server method called: /rb.api.RobotInfoService/GetRobotInfo
[07/28/26 11:58:00.322815] [debug] [00:58:26.452979] [Service::RobotInfoService::GetRobotInfo] Requested: request_header { request_timestamp { seconds: 1785207427 nanos: 141227729 } }
[07/28/26 11:58:00.323930] [debug] [00:58:26.454091] [Service] Server method called: /rb.api.RobotStateService/GetRobotState
[07/28/26 11:58:00.323947] [debug] [00:58:26.454111] [Service::RobotStateService::GetRobotState] Requested: request_header { request_timestamp { seconds: 1785207427 nanos: 142359773 } }
[07/28/26 11:58:00.324889] [debug] [00:58:26.455052] [Service] Server method called: /rb.api.RobotStateService/GetRobotState
[07/28/26 11:58:00.324904] [debug] [00:58:26.455068] [Service::RobotStateService::GetRobotState] Requested: request_header { request_timestamp { seconds: 1785207427 nanos: 143329760 } }
[07/28/26 11:58:00.325923] [debug] [00:58:26.456085] [Service] Server method called: /rb.api.RobotInfoService/GetRobotInfo
[07/28/26 11:58:00.325938] [debug] [00:58:26.456102] [Service::RobotInfoService::GetRobotInfo] Requested: request_header { request_timestamp { seconds: 1785207427 nanos: 144349535 } }
[07/28/26 11:58:00.327036] [debug] [00:58:26.457198] [Service] Server method called: /rb.api.ControlManagerService/ControlManagerCommand
[07/28/26 11:58:00.327056] [debug] [00:58:26.457220] [Service::ControlManagerService::ControlManagerCommand] Requested: request_header { request_timestamp { seconds: 1785207427 nanos: 145482167 } } command: COMMAND_ENABLE unlimited_mode_enabled { }
[07/28/26 11:58:00.327059] [info] [00:58:26.457224] [ControlManager::Enable] Enable request received. Starting the enabling process...
[07/28/26 11:58:00.328876] [info] [00:58:26.459040] [ControlManager::Enable] Control Manager successfully enabled
[07/28/26 11:58:00.329657] [debug] [00:58:26.459820] [Service] Server method called: /rb.api.ParameterService/SetParameter
[07/28/26 11:58:00.329676] [debug] [00:58:26.459841] [Service::ParameterService::SetParameter] Requested: request_header { request_timestamp { seconds: 1785207427 nanos: 148097128 } } name: "cartesian_command.cutoff_frequency" parameter: "{\"value\":5,\"write_db\":true}"
[07/28/26 11:58:00.440200] [debug] [00:58:26.570360] [Service] Server method called: /rb.api.ParameterService/SetParameter
[07/28/26 11:58:00.440220] [debug] [00:58:26.570384] [Service::ParameterService::SetParameter] Requested: request_header { request_timestamp { seconds: 1785207427 nanos: 258663582 } } name: "default.acceleration_limit_scaling" parameter: "{\"value\":1.0,\"write_db\":true}"
[07/28/26 11:58:00.446190] [debug] [00:58:26.576349] [Service] Server method called: /rb.api.ParameterService/SetParameter
[07/28/26 11:58:00.446208] [debug] [00:58:26.576372] [Service::ParameterService::SetParameter] Requested: request_header { request_timestamp { seconds: 1785207427 nanos: 264705055 } } name: "default.angular_acceleration_limit" parameter: "{\"value\":10,\"write_db\":true}"
[07/28/26 11:58:00.451665] [debug] [00:58:26.581826] [Service] Server method called: /rb.api.ParameterService/SetParameter
[07/28/26 11:58:00.451684] [debug] [00:58:26.581848] [Service::ParameterService::SetParameter] Requested: request_header { request_timestamp { seconds: 1785207427 nanos: 270183310 } } name: "default.linear_acceleration_limit" parameter: "{\"value\":20,\"write_db\":true}"
[07/28/26 11:58:00.457738] [debug] [00:58:26.587899] [Service] Server method called: /rb.api.ParameterService/SetParameter
[07/28/26 11:58:00.457756] [debug] [00:58:26.587920] [Service::ParameterService::SetParameter] Requested: request_header { request_timestamp { seconds: 1785207427 nanos: 276253777 } } name: "joint_position_command.cutoff_frequency" parameter: "{\"value\":5,\"write_db\":true}"
[07/28/26 11:58:00.462434] [debug] [00:58:26.592595] [Service] Server method called: /rb.api.ParameterService/SetParameter
[07/28/26 11:58:00.462451] [debug] [00:58:26.592616] [Service::ParameterService::SetParameter] Requested: request_header { request_timestamp { seconds: 1785207427 nanos: 280970348 } } name: "manipulability_threshold" parameter: "{\"value\":1e4,\"write_db\":true}"
[07/28/26 11:58:00.467694] [debug] [00:58:26.597855] [Service] Server method called: /rb.api.RobotCommandService/RobotCommand
[07/28/26 11:58:00.467761] [debug] [00:58:26.597924] [Service::RobotCommandService::RobotCommand] Requested: robot_command { component_based_command { body_command { joint_position_command { command_header { control_hold_time { seconds: 1 } } minimum_time { nanos: 500000000 } position: 0.003375517129778057 position: 0.95507010767333389 position: -1.4127469448747485 position: 0.77929261610309164 position: 0.0014048833948457605 position: -0.00025439780393152959 position: -0.823808434808961 position: -0.27970468994949449 position: -0.081338951579421309 pos... [truncated]
[07/28/26 11:58:00.467764] [debug] [00:58:26.597930] [Service::RobotCommandService::RobotCommand]   Peer: ipv4:192.168.30.230:38148
[07/28/26 11:58:00.467937] [debug] [00:58:26.598100] [Service::RobotCommandService::RobotCommand]   IP: 192.168.30.230, Family: ipv4
[07/28/26 11:58:00.472877] [info] [00:58:26.603040] [ControlManager] Control started: {"type":"RobotCommand","control":{"type":"ComponentBasedCommand","components":{"mobility":null,"body":{"type":"BodyCommand","control":{"type":"JointPositionCommand","control":{"type":"JointPositionControl"}}},"head":{"type":"HeadCommand","control":{"type":"JointPositionCommand","control":{"type":"JointPositionControl"}}}}}} (priority: 1)
[07/28/26 11:58:02.230875] [debug] [00:58:28.361035] [ControlManager] Control finished: {"type":"RobotCommand","control":{"type":"ComponentBasedCommand","components":{"mobility":null,"body":{"type":"BodyCommand","control":{"type":"JointPositionCommand","control":{"type":"JointPositionControl"}}},"head":{"type":"HeadCommand","control":{"type":"JointPositionCommand","control":{"type":"JointPositionControl"}}}}}}
[07/28/26 11:58:02.230933] [info] [00:58:28.361091] [ControlInterface] Control completed successfully.
[07/28/26 11:58:02.230942] [debug] [00:58:28.361101] [ControlInterface::ExecutionStats] Average Control Time: 0.001 ms (max: 0.028 ms, min: 0.001 ms, sigma: 0.001 ms, count: 880)
[07/28/26 11:58:02.232258] [debug] [00:58:28.362419] [Service] Server method called: /rb.api.PowerService/ToolFlangePowerCommand
[07/28/26 11:58:02.232286] [debug] [00:58:28.362450] [Service::PowerService::ToolFlangePowerCommand] Requested: request_header { request_timestamp { seconds: 1785207429 nanos: 50498870 } } name: "right" command: COMMAND_POWER_12V
[07/28/26 11:58:02.232290] [debug] [00:58:28.362456] [Service::PowerService::ToolFlangePowerCommand] Result: Success
[07/28/26 11:58:02.233208] [debug] [00:58:28.363367] [Service] Server method called: /rb.api.PowerService/ToolFlangePowerCommand
[07/28/26 11:58:02.233230] [debug] [00:58:28.363394] [Service::PowerService::ToolFlangePowerCommand] Requested: request_header { request_timestamp { seconds: 1785207429 nanos: 51562881 } } name: "left" command: COMMAND_POWER_12V
[07/28/26 11:58:02.233234] [debug] [00:58:28.363399] [Service::PowerService::ToolFlangePowerCommand] Result: Success
[07/28/26 11:58:03.367185] [debug] [00:58:29.497341] [Service] Server method called: /rb.api.RobotCommandService/RobotCommand
[07/28/26 11:58:03.367254] [debug] [00:58:29.497416] [Service::RobotCommandService::RobotCommand] Requested: robot_command { component_based_command { body_command { joint_position_command { command_header { control_hold_time { seconds: 1 } } minimum_time { seconds: 4 } position: 0 position: 0.78539816339744828 position: -1.3962634015954636 position: 0.78539816339744828 position: 0 position: 0 position: 0 position: -0.26179938779914941 position: 0 position: -2.0943951023931953 position: 0 position: 0.52359877559829882 position: 0 position: 0 position: 0... [truncated]
[07/28/26 11:58:03.367258] [debug] [00:58:29.497423] [Service::RobotCommandService::RobotCommand]   Peer: ipv4:192.168.30.230:38148
[07/28/26 11:58:03.367400] [debug] [00:58:29.497564] [Service::RobotCommandService::RobotCommand]   IP: 192.168.30.230, Family: ipv4
[07/28/26 11:58:03.372866] [info] [00:58:29.503028] [ControlManager] Control started: {"type":"RobotCommand","control":{"type":"ComponentBasedCommand","components":{"mobility":null,"body":{"type":"BodyCommand","control":{"type":"JointPositionCommand","control":{"type":"JointPositionControl"}}},"head":{"type":"HeadCommand","control":{"type":"JointPositionCommand","control":{"type":"JointPositionControl"}}}}}} (priority: 1)
[07/28/26 11:58:08.630880] [debug] [00:58:34.761037] [ControlManager] Control finished: {"type":"RobotCommand","control":{"type":"ComponentBasedCommand","components":{"mobility":null,"body":{"type":"BodyCommand","control":{"type":"JointPositionCommand","control":{"type":"JointPositionControl"}}},"head":{"type":"HeadCommand","control":{"type":"JointPositionCommand","control":{"type":"JointPositionControl"}}}}}}
[07/28/26 11:58:08.630935] [info] [00:58:34.761096] [ControlInterface] Control completed successfully.
[07/28/26 11:58:08.630944] [debug] [00:58:34.761104] [ControlInterface::ExecutionStats] Average Control Time: 0.001 ms (max: 0.019 ms, min: 0.001 ms, sigma: 0.000 ms, count: 2630)
[07/28/26 11:58:08.631547] [debug] [00:58:34.761708] [Service] Server method called: /rb.api.RobotCommandService/RobotCommandStream
[07/28/26 11:58:08.631566] [debug] [00:58:34.761730] [Service::RobotCommandService::RobotCommandStream] Stream is created
[07/28/26 11:58:08.662589] [debug] [00:58:34.792748] [Service::RobotCommandService::RobotCommandStream] Requested: robot_command { component_based_command { mobility_command { se2_velocity_command { command_header { control_hold_time { seconds: 1 } } minimum_time { nanos: 10100000 } velocity { linear { } } acceleration_limit { linear { x: 1 y: 1 } angular: 1 } } } body_command { body_component_based_command { right_arm_command { joint_impedance_control_command { command_header { control_hold_time { seconds: 1 } } minimum_time { nanos: 10100000 } position: 0.0... [truncated]
[07/28/26 11:58:08.662596] [debug] [00:58:34.792761] [Service::RobotCommandService::RobotCommandStream]   Peer: ipv4:192.168.30.230:38148
[07/28/26 11:58:08.662750] [debug] [00:58:34.792914] [Service::RobotCommandService::RobotCommandStream]   IP: 192.168.30.230, Family: ipv4
[07/28/26 11:58:08.668895] [info] [00:58:34.799055] [ControlManager] Control started: {"type":"RobotCommand","control":{"type":"ComponentBasedCommand","components":{"mobility":{"type":"MobilityCommand","control":{"type":"SE2VelocityCommand","control":{"type":"MobilitySE2VelocityControl"}}},"body":{"type":"BodyCommand","control":{"type":"BodyComponentBasedCommand","components":{"torso":{"type":"TorsoCommand","control":{"type":"JointImpedanceControlCommand","control":{"type":"JointImpedanceControl"}}},"right_arm":{"type":"ArmCommand","control":{"type":"JointImpedanceControlCommand","control":{"type":"JointImpedanceControl"}}},"left_arm":{"type":"ArmCommand","control":{"type":"JointImpedanceControlCommand","control":{"type":"JointImpedanceControl"}}}}}},"head":{"type":"HeadCommand","control":{"type":"JointPositionCommand","control":{"type":"JointPositionControl"}}}}}} (priority: 1)
[07/28/26 11:58:15.431850] [debug] [00:58:41.562002] [Hardware] Hardware Loop Stat (avg: 2.000 ms, min: 1.998 ms, max: 2.002 ms, count: 15000)
[07/28/26 11:58:15.584845] [debug] [00:58:41.715003] [ControlManager] Control Manager Loop Stat (avg: 2.000 ms, min: 1.998 ms, max: 2.002 ms, count: 15000)
[07/28/26 11:58:18.667221] [debug] [00:58:44.797371] [ControlInterface::ExecutionStats] Average Control Time: 0.348 ms (max: 0.456 ms, min: 0.323 ms, sigma: 0.009 ms, count: 5000)
[07/28/26 11:58:22.018473] [debug] [00:58:48.148626] [Service] Server method called: /rb.api.RobotCommandService/RobotCommand
[07/28/26 11:58:22.018505] [debug] [00:58:48.148669] [Service::RobotCommandService::RobotCommand] Requested: robot_command { whole_body_command { stop_command { } } } priority: 99
[07/28/26 11:58:22.018509] [debug] [00:58:48.148674] [Service::RobotCommandService::RobotCommand]   Peer: ipv4:192.168.30.230:38148
[07/28/26 11:58:22.018696] [debug] [00:58:48.148860] [Service::RobotCommandService::RobotCommand]   IP: 192.168.30.230, Family: ipv4
[07/28/26 11:58:22.121265] [debug] [00:58:48.251420] [ControlManager] Control finished: {"type":"RobotCommand","control":{"type":"ComponentBasedCommand","components":{"mobility":{"type":"MobilityCommand","control":{"type":"SE2VelocityCommand","control":{"type":"MobilitySE2VelocityControl"}}},"body":{"type":"BodyCommand","control":{"type":"BodyComponentBasedCommand","components":{"torso":{"type":"TorsoCommand","control":{"type":"JointImpedanceControlCommand","control":{"type":"JointImpedanceControl"}}},"right_arm":{"type":"ArmCommand","control":{"type":"JointImpedanceControlCommand","control":{"type":"JointImpedanceControl"}}},"left_arm":{"type":"ArmCommand","control":{"type":"JointImpedanceControlCommand","control":{"type":"JointImpedanceControl"}}}}}},"head":{"type":"HeadCommand","control":{"type":"JointPositionCommand","control":{"type":"JointPositionControl"}}}}}}
[07/28/26 11:58:22.121367] [debug] [00:58:48.251527] [Service::RobotCommandService::RobotCommandStream] OnReadDone (write_done: true, read_done: true)
[07/28/26 11:58:22.121406] [debug] [00:58:48.251567] [Service::RobotCommandService::RobotCommandStream] OnCancel
[07/28/26 11:58:22.121455] [info] [00:58:48.251617] [ControlInterface] Control was preempted or canceled by another request.
[07/28/26 11:58:22.121465] [debug] [00:58:48.251625] [ControlInterface::ExecutionStats] Average Control Time: 0.345 ms (max: 0.380 ms, min: 0.325 ms, sigma: 0.008 ms, count: 1727)
[07/28/26 11:58:22.121536] [debug] [00:58:48.251698] [Service::RobotCommandService::RobotCommandStream] OnDone: robot_command { component_based_command { mobility_command { se2_velocity_command { command_header { control_hold_time { seconds: 1 } } minimum_time { nanos: 10100000 } velocity { linear { } } acceleration_limit { linear { x: 1 y: 1 } angular: 1 } } } body_command { body_component_based_command { right_arm_command { joint_impedance_control_command { command_header { control_hold_time { seconds: 1 } } minimum_time { nanos: 10100000 } position: -0.... [truncated]
[07/28/26 11:58:22.122853] [info] [00:58:48.253017] [ControlManager] Control started: {"type":"RobotCommand","control":{"type":"WholeBodyCommand","control":{"type":"StopControl","control":{"type":"JointVelocityControl"}}}} (priority: 99)
[07/28/26 11:58:22.122873] [debug] [00:58:48.253038] [ControlManager] Control finished: {"type":"RobotCommand","control":{"type":"WholeBodyCommand","control":{"type":"StopControl","control":{"type":"JointVelocityControl"}}}}
[07/28/26 11:58:22.122907] [info] [00:58:48.253070] [ControlInterface] Control completed successfully.
[07/28/26 11:58:22.122913] [debug] [00:58:48.253075] [ControlInterface::ExecutionStats] Average Control Time: 0.006 ms (max: 0.006 ms, min: 0.006 ms, sigma: 0.000 ms, count: 1)
[07/28/26 11:58:22.123707] [debug] [00:58:48.253866] [Service] Server method called: /rb.api.ControlManagerService/ControlManagerCommand
[07/28/26 11:58:22.123730] [debug] [00:58:48.253894] [Service::ControlManagerService::ControlManagerCommand] Requested: request_header { request_timestamp { seconds: 1785207448 nanos: 941373606 } } command: COMMAND_DISABLE
[07/28/26 11:58:22.123734] [info] [00:58:48.253899] [ControlManager::Disable] Disable request received. Starting the disabling process...
[07/28/26 11:58:22.124854] [info] [00:58:48.255019] [ControlManager::Disable] Control Manager successfully disabled
[07/28/26 11:58:45.431849] [debug] [00:59:11.562002] [Hardware] Hardware Loop Stat (avg: 2.000 ms, min: 1.998 ms, max: 2.002 ms, count: 15000)
[07/28/26 11:58:45.584842] [debug] [00:59:11.715003] [ControlManager] Control Manager Loop Stat (avg: 2.000 ms, min: 1.999 ms, max: 2.001 ms, count: 15000)
[07/28/26 11:59:15.431849] [debug] [00:59:41.562002] [Hardware] Hardware Loop Stat (avg: 2.000 ms, min: 1.998 ms, max: 2.002 ms, count: 15000)
[07/28/26 11:59:15.584842] [debug] [00:59:41.715002] [ControlManager] Control Manager Loop Stat (avg: 2.000 ms, min: 1.999 ms, max: 2.001 ms, count: 15000)
[07/28/26 11:59:45.431849] [debug] [01:00:11.562003] [Hardware] Hardware Loop Stat (avg: 2.000 ms, min: 1.999 ms, max: 2.001 ms, count: 15000)
[07/28/26 11:59:45.584840] [debug] [01:00:11.715003] [ControlManager] Control Manager Loop Stat (avg: 2.000 ms, min: 1.998 ms, max: 2.002 ms, count: 15000)
[07/28/26 12:00:15.431848] [debug] [01:00:41.562002] [Hardware] Hardware Loop Stat (avg: 2.000 ms, min: 1.999 ms, max: 2.001 ms, count: 15000)
[07/28/26 12:00:15.584840] [debug] [01:00:41.715003] [ControlManager] Control Manager Loop Stat (avg: 2.000 ms, min: 1.998 ms, max: 2.002 ms, count: 15000)
[07/28/26 12:00:45.431848] [debug] [01:01:11.562002] [Hardware] Hardware Loop Stat (avg: 2.000 ms, min: 1.998 ms, max: 2.003 ms, count: 15000)
[07/28/26 12:00:45.584840] [debug] [01:01:11.715003] [ControlManager] Control Manager Loop Stat (avg: 2.000 ms, min: 1.998 ms, max: 2.002 ms, count: 15000)
[07/28/26 12:01:15.431848] [debug] [01:01:41.562003] [Hardware] Hardware Loop Stat (avg: 2.000 ms, min: 1.999 ms, max: 2.001 ms, count: 15000)
[07/28/26 12:01:15.584839] [debug] [01:01:41.715003] [ControlManager] Control Manager Loop Stat (avg: 2.000 ms, min: 1.998 ms, max: 2.002 ms, count: 15000)
[07/28/26 12:01:45.431850] [debug] [01:02:11.562002] [Hardware] Hardware Loop Stat (avg: 2.000 ms, min: 1.998 ms, max: 2.001 ms, count: 15000)
[07/28/26 12:01:45.584840] [debug] [01:02:11.715003] [ControlManager] Control Manager Loop Stat (avg: 2.000 ms, min: 1.998 ms, max: 2.002 ms, count: 15000)
[07/28/26 12:02:15.431848] [debug] [01:02:41.562002] [Hardware] Hardware Loop Stat (avg: 2.000 ms, min: 1.999 ms, max: 2.001 ms, count: 15000)
[07/28/26 12:02:15.584841] [debug] [01:02:41.715003] [ControlManager] Control Manager Loop Stat (avg: 2.000 ms, min: 1.999 ms, max: 2.001 ms, count: 15000)
[07/28/26 12:02:45.431849] [debug] [01:03:11.562002] [Hardware] Hardware Loop Stat (avg: 2.000 ms, min: 1.998 ms, max: 2.002 ms, count: 15000)
[07/28/26 12:02:45.584840] [debug] [01:03:11.715003] [ControlManager] Control Manager Loop Stat (avg: 2.000 ms, min: 1.998 ms, max: 2.002 ms, count: 15000)
[07/28/26 12:03:15.431848] [debug] [01:03:41.562002] [Hardware] Hardware Loop Stat (avg: 2.000 ms, min: 1.998 ms, max: 2.002 ms, count: 15000)
[07/28/26 12:03:15.584840] [debug] [01:03:41.715003] [ControlManager] Control Manager Loop Stat (avg: 2.000 ms, min: 1.999 ms, max: 2.001 ms, count: 15000)
[07/28/26 12:03:45.431848] [debug] [01:04:11.562002] [Hardware] Hardware Loop Stat (avg: 2.000 ms, min: 1.998 ms, max: 2.001 ms, count: 15000)
[07/28/26 12:03:45.584840] [debug] [01:04:11.715003] [ControlManager] Control Manager Loop Stat (avg: 2.000 ms, min: 1.999 ms, max: 2.002 ms, count: 15000)
[07/28/26 12:04:15.431848] [debug] [01:04:41.562002] [Hardware] Hardware Loop Stat (avg: 2.000 ms, min: 1.999 ms, max: 2.001 ms, count: 15000)
[07/28/26 12:04:15.584840] [debug] [01:04:41.715003] [ControlManager] Control Manager Loop Stat (avg: 2.000 ms, min: 1.998 ms, max: 2.002 ms, count: 15000)
[07/28/26 12:04:45.431847] [debug] [01:05:11.562002] [Hardware] Hardware Loop Stat (avg: 2.000 ms, min: 1.998 ms, max: 2.002 ms, count: 15000)
[07/28/26 12:04:45.584840] [debug] [01:05:11.715003] [ControlManager] Control Manager Loop Stat (avg: 2.000 ms, min: 1.998 ms, max: 2.002 ms, count: 15000)
[07/28/26 12:05:15.431849] [debug] [01:05:41.562002] [Hardware] Hardware Loop Stat (avg: 2.000 ms, min: 1.998 ms, max: 2.002 ms, count: 15000)
[07/28/26 12:05:15.584840] [debug] [01:05:41.715003] [ControlManager] Control Manager Loop Stat (avg: 2.000 ms, min: 1.998 ms, max: 2.002 ms, count: 15000)
[07/28/26 12:05:45.431849] [debug] [01:06:11.562002] [Hardware] Hardware Loop Stat (avg: 2.000 ms, min: 1.998 ms, max: 2.002 ms, count: 15000)
[07/28/26 12:05:45.584840] [debug] [01:06:11.715003] [ControlManager] Control Manager Loop Stat (avg: 2.000 ms, min: 1.998 ms, max: 2.002 ms, count: 15000)
[07/28/26 12:06:15.431850] [debug] [01:06:41.562002] [Hardware] Hardware Loop Stat (avg: 2.000 ms, min: 1.998 ms, max: 2.002 ms, count: 15000)
[07/28/26 12:06:15.584840] [debug] [01:06:41.715003] [ControlManager] Control Manager Loop Stat (avg: 2.000 ms, min: 1.998 ms, max: 2.002 ms, count: 15000)
[07/28/26 12:06:45.431850] [debug] [01:07:11.562003] [Hardware] Hardware Loop Stat (avg: 2.000 ms, min: 1.998 ms, max: 2.002 ms, count: 15000)
[07/28/26 12:06:45.584840] [debug] [01:07:11.715003] [ControlManager] Control Manager Loop Stat (avg: 2.000 ms, min: 1.998 ms, max: 2.002 ms, count: 15000)
[07/28/26 12:07:15.431848] [debug] [01:07:41.562002] [Hardware] Hardware Loop Stat (avg: 2.000 ms, min: 1.998 ms, max: 2.002 ms, count: 15000)
[07/28/26 12:07:15.584839] [debug] [01:07:41.715003] [ControlManager] Control Manager Loop Stat (avg: 2.000 ms, min: 1.998 ms, max: 2.002 ms, count: 15000)
[07/28/26 12:07:45.431849] [debug] [01:08:11.562002] [Hardware] Hardware Loop Stat (avg: 2.000 ms, min: 1.998 ms, max: 2.002 ms, count: 15000)
[07/28/26 12:07:45.584840] [debug] [01:08:11.715002] [ControlManager] Control Manager Loop Stat (avg: 2.000 ms, min: 1.998 ms, max: 2.002 ms, count: 15000)
[07/28/26 12:08:15.431853] [debug] [01:08:41.562002] [Hardware] Hardware Loop Stat (avg: 2.000 ms, min: 1.997 ms, max: 2.003 ms, count: 15000)
[07/28/26 12:08:15.584840] [debug] [01:08:41.715002] [ControlManager] Control Manager Loop Stat (avg: 2.000 ms, min: 1.999 ms, max: 2.001 ms, count: 15000)
[07/28/26 12:08:45.431849] [debug] [01:09:11.562002] [Hardware] Hardware Loop Stat (avg: 2.000 ms, min: 1.998 ms, max: 2.002 ms, count: 15000)
[07/28/26 12:08:45.584840] [debug] [01:09:11.715002] [ControlManager] Control Manager Loop Stat (avg: 2.000 ms, min: 1.998 ms, max: 2.002 ms, count: 15000)
[07/28/26 12:09:15.431851] [debug] [01:09:41.562002] [Hardware] Hardware Loop Stat (avg: 2.000 ms, min: 1.998 ms, max: 2.002 ms, count: 15000)
[07/28/26 12:09:15.584840] [debug] [01:09:41.715003] [ControlManager] Control Manager Loop Stat (avg: 2.000 ms, min: 1.997 ms, max: 2.003 ms, count: 15000)
[07/28/26 12:09:45.431849] [debug] [01:10:11.562003] [Hardware] Hardware Loop Stat (avg: 2.000 ms, min: 1.998 ms, max: 2.002 ms, count: 15000)
[07/28/26 12:09:45.584840] [debug] [01:10:11.715002] [ControlManager] Control Manager Loop Stat (avg: 2.000 ms, min: 1.999 ms, max: 2.001 ms, count: 15000)
[07/28/26 12:10:15.431850] [debug] [01:10:41.562002] [Hardware] Hardware Loop Stat (avg: 2.000 ms, min: 1.999 ms, max: 2.001 ms, count: 15000)
[07/28/26 12:10:15.584840] [debug] [01:10:41.715003] [ControlManager] Control Manager Loop Stat (avg: 2.000 ms, min: 1.999 ms, max: 2.001 ms, count: 15000)
[07/28/26 12:10:45.431848] [debug] [01:11:11.562002] [Hardware] Hardware Loop Stat (avg: 2.000 ms, min: 1.999 ms, max: 2.001 ms, count: 15000)
[07/28/26 12:10:45.584840] [debug] [01:11:11.715003] [ControlManager] Control Manager Loop Stat (avg: 2.000 ms, min: 1.999 ms, max: 2.001 ms, count: 15000)
[07/28/26 12:11:15.431850] [debug] [01:11:41.562002] [Hardware] Hardware Loop Stat (avg: 2.000 ms, min: 1.999 ms, max: 2.001 ms, count: 15000)
[07/28/26 12:11:15.584840] [debug] [01:11:41.715002] [ControlManager] Control Manager Loop Stat (avg: 2.000 ms, min: 1.999 ms, max: 2.001 ms, count: 15000)
[07/28/26 12:11:45.431848] [debug] [01:12:11.562003] [Hardware] Hardware Loop Stat (avg: 2.000 ms, min: 1.999 ms, max: 2.001 ms, count: 15000)
[07/28/26 12:11:45.584840] [debug] [01:12:11.715002] [ControlManager] Control Manager Loop Stat (avg: 2.000 ms, min: 1.999 ms, max: 2.001 ms, count: 15000)
[07/28/26 12:12:15.431849] [debug] [01:12:41.562003] [Hardware] Hardware Loop Stat (avg: 2.000 ms, min: 1.999 ms, max: 2.001 ms, count: 15000)
[07/28/26 12:12:15.584840] [debug] [01:12:41.715003] [ControlManager] Control Manager Loop Stat (avg: 2.000 ms, min: 1.999 ms, max: 2.001 ms, count: 15000)
[07/28/26 12:12:45.431849] [debug] [01:13:11.562002] [Hardware] Hardware Loop Stat (avg: 2.000 ms, min: 1.999 ms, max: 2.001 ms, count: 15000)
[07/28/26 12:12:45.584841] [debug] [01:13:11.715002] [ControlManager] Control Manager Loop Stat (avg: 2.000 ms, min: 1.999 ms, max: 2.001 ms, count: 15000)
[07/28/26 12:13:15.431849] [debug] [01:13:41.562003] [Hardware] Hardware Loop Stat (avg: 2.000 ms, min: 1.999 ms, max: 2.001 ms, count: 15000)
[07/28/26 12:13:15.584839] [debug] [01:13:41.715002] [ControlManager] Control Manager Loop Stat (avg: 2.000 ms, min: 1.999 ms, max: 2.001 ms, count: 15000)
[07/28/26 12:13:45.431848] [debug] [01:14:11.562002] [Hardware] Hardware Loop Stat (avg: 2.000 ms, min: 1.999 ms, max: 2.001 ms, count: 15000)
[07/28/26 12:13:45.584839] [debug] [01:14:11.715002] [ControlManager] Control Manager Loop Stat (avg: 2.000 ms, min: 1.999 ms, max: 2.001 ms, count: 15000)
[07/28/26 12:14:15.431849] [debug] [01:14:41.562003] [Hardware] Hardware Loop Stat (avg: 2.000 ms, min: 1.999 ms, max: 2.001 ms, count: 15000)
[07/28/26 12:14:15.584839] [debug] [01:14:41.715003] [ControlManager] Control Manager Loop Stat (avg: 2.000 ms, min: 1.999 ms, max: 2.001 ms, count: 15000)
[07/28/26 12:14:45.431849] [debug] [01:15:11.562003] [Hardware] Hardware Loop Stat (avg: 2.000 ms, min: 1.999 ms, max: 2.001 ms, count: 15000)
[07/28/26 12:14:45.584840] [debug] [01:15:11.715002] [ControlManager] Control Manager Loop Stat (avg: 2.000 ms, min: 1.999 ms, max: 2.001 ms, count: 15000)
[07/28/26 12:15:15.431849] [debug] [01:15:41.562002] [Hardware] Hardware Loop Stat (avg: 2.000 ms, min: 1.999 ms, max: 2.001 ms, count: 15000)
[07/28/26 12:15:15.584840] [debug] [01:15:41.715002] [ControlManager] Control Manager Loop Stat (avg: 2.000 ms, min: 1.999 ms, max: 2.001 ms, count: 15000)
[07/28/26 12:15:45.431848] [debug] [01:16:11.562002] [Hardware] Hardware Loop Stat (avg: 2.000 ms, min: 1.999 ms, max: 2.001 ms, count: 15000)
[07/28/26 12:15:45.584840] [debug] [01:16:11.715002] [ControlManager] Control Manager Loop Stat (avg: 2.000 ms, min: 1.999 ms, max: 2.001 ms, count: 15000)
[07/28/26 12:16:15.431848] [debug] [01:16:41.562003] [Hardware] Hardware Loop Stat (avg: 2.000 ms, min: 1.999 ms, max: 2.001 ms, count: 15000)
[07/28/26 12:16:15.584840] [debug] [01:16:41.715002] [ControlManager] Control Manager Loop Stat (avg: 2.000 ms, min: 1.999 ms, max: 2.001 ms, count: 15000)
[07/28/26 12:16:45.431847] [debug] [01:17:11.562002] [Hardware] Hardware Loop Stat (avg: 2.000 ms, min: 1.999 ms, max: 2.001 ms, count: 15000)
[07/28/26 12:16:45.584840] [debug] [01:17:11.715002] [ControlManager] Control Manager Loop Stat (avg: 2.000 ms, min: 1.999 ms, max: 2.001 ms, count: 15000)
[07/28/26 12:17:15.431848] [debug] [01:17:41.562003] [Hardware] Hardware Loop Stat (avg: 2.000 ms, min: 1.999 ms, max: 2.001 ms, count: 15000)
[07/28/26 12:17:15.584839] [debug] [01:17:41.715002] [ControlManager] Control Manager Loop Stat (avg: 2.000 ms, min: 1.999 ms, max: 2.001 ms, count: 15000)
[07/28/26 12:17:45.431848] [debug] [01:18:11.562003] [Hardware] Hardware Loop Stat (avg: 2.000 ms, min: 1.999 ms, max: 2.001 ms, count: 15000)
[07/28/26 12:17:45.584840] [debug] [01:18:11.715003] [ControlManager] Control Manager Loop Stat (avg: 2.000 ms, min: 1.999 ms, max: 2.001 ms, count: 15000)
[07/28/26 12:18:15.431849] [debug] [01:18:41.562002] [Hardware] Hardware Loop Stat (avg: 2.000 ms, min: 1.999 ms, max: 2.001 ms, count: 15000)
[07/28/26 12:18:15.584840] [debug] [01:18:41.715002] [ControlManager] Control Manager Loop Stat (avg: 2.000 ms, min: 1.999 ms, max: 2.001 ms, count: 15000)
[07/28/26 12:18:45.431849] [debug] [01:19:11.562003] [Hardware] Hardware Loop Stat (avg: 2.000 ms, min: 1.999 ms, max: 2.001 ms, count: 15000)
[07/28/26 12:18:45.584840] [debug] [01:19:11.715002] [ControlManager] Control Manager Loop Stat (avg: 2.000 ms, min: 1.999 ms, max: 2.001 ms, count: 15000)
[07/28/26 12:19:15.431849] [debug] [01:19:41.562002] [Hardware] Hardware Loop Stat (avg: 2.000 ms, min: 1.999 ms, max: 2.001 ms, count: 15000)
[07/28/26 12:19:15.584840] [debug] [01:19:41.715002] [ControlManager] Control Manager Loop Stat (avg: 2.000 ms, min: 1.999 ms, max: 2.001 ms, count: 15000)
[07/28/26 12:19:45.431848] [debug] [01:20:11.562003] [Hardware] Hardware Loop Stat (avg: 2.000 ms, min: 1.999 ms, max: 2.001 ms, count: 15000)
[07/28/26 12:19:45.584839] [debug] [01:20:11.715002] [ControlManager] Control Manager Loop Stat (avg: 2.000 ms, min: 1.999 ms, max: 2.001 ms, count: 15000)
[07/28/26 12:20:15.431848] [debug] [01:20:41.562002] [Hardware] Hardware Loop Stat (avg: 2.000 ms, min: 1.999 ms, max: 2.001 ms, count: 15000)
[07/28/26 12:20:15.584839] [debug] [01:20:41.715002] [ControlManager] Control Manager Loop Stat (avg: 2.000 ms, min: 1.999 ms, max: 2.001 ms, count: 15000)
[07/28/26 12:20:45.431847] [debug] [01:21:11.562003] [Hardware] Hardware Loop Stat (avg: 2.000 ms, min: 1.999 ms, max: 2.001 ms, count: 15000)
[07/28/26 12:20:45.584840] [debug] [01:21:11.715002] [ControlManager] Control Manager Loop Stat (avg: 2.000 ms, min: 1.999 ms, max: 2.001 ms, count: 15000)
[07/28/26 12:21:15.431848] [debug] [01:21:41.562003] [Hardware] Hardware Loop Stat (avg: 2.000 ms, min: 1.999 ms, max: 2.001 ms, count: 15000)
[07/28/26 12:21:15.584839] [debug] [01:21:41.715002] [ControlManager] Control Manager Loop Stat (avg: 2.000 ms, min: 1.999 ms, max: 2.001 ms, count: 15000)
[07/28/26 12:21:45.431848] [debug] [01:22:11.562003] [Hardware] Hardware Loop Stat (avg: 2.000 ms, min: 1.999 ms, max: 2.001 ms, count: 15000)
[07/28/26 12:21:45.584839] [debug] [01:22:11.715003] [ControlManager] Control Manager Loop Stat (avg: 2.000 ms, min: 1.999 ms, max: 2.001 ms, count: 15000)
[07/28/26 12:22:15.431849] [debug] [01:22:41.562003] [Hardware] Hardware Loop Stat (avg: 2.000 ms, min: 1.998 ms, max: 2.002 ms, count: 15000)
[07/28/26 12:22:15.584840] [debug] [01:22:41.715003] [ControlManager] Control Manager Loop Stat (avg: 2.000 ms, min: 1.998 ms, max: 2.002 ms, count: 15000)
[07/28/26 12:22:45.431848] [debug] [01:23:11.562002] [Hardware] Hardware Loop Stat (avg: 2.000 ms, min: 1.999 ms, max: 2.001 ms, count: 15000)
[07/28/26 12:22:45.584840] [debug] [01:23:11.715003] [ControlManager] Control Manager Loop Stat (avg: 2.000 ms, min: 1.999 ms, max: 2.001 ms, count: 15000)
[07/28/26 12:23:15.431849] [debug] [01:23:41.562002] [Hardware] Hardware Loop Stat (avg: 2.000 ms, min: 1.999 ms, max: 2.001 ms, count: 15000)
[07/28/26 12:23:15.584840] [debug] [01:23:41.715003] [ControlManager] Control Manager Loop Stat (avg: 2.000 ms, min: 1.999 ms, max: 2.001 ms, count: 15000)
[07/28/26 12:23:45.431848] [debug] [01:24:11.562002] [Hardware] Hardware Loop Stat (avg: 2.000 ms, min: 1.999 ms, max: 2.001 ms, count: 15000)
[07/28/26 12:23:45.584840] [debug] [01:24:11.715002] [ControlManager] Control Manager Loop Stat (avg: 2.000 ms, min: 1.999 ms, max: 2.001 ms, count: 15000)
[07/28/26 12:24:15.431848] [debug] [01:24:41.562002] [Hardware] Hardware Loop Stat (avg: 2.000 ms, min: 1.999 ms, max: 2.001 ms, count: 15000)
[07/28/26 12:24:15.584840] [debug] [01:24:41.715002] [ControlManager] Control Manager Loop Stat (avg: 2.000 ms, min: 1.998 ms, max: 2.001 ms, count: 15000)
[07/28/26 12:24:45.431847] [debug] [01:25:11.562002] [Hardware] Hardware Loop Stat (avg: 2.000 ms, min: 1.998 ms, max: 2.002 ms, count: 15000)
[07/28/26 12:24:45.584840] [debug] [01:25:11.715002] [ControlManager] Control Manager Loop Stat (avg: 2.000 ms, min: 1.999 ms, max: 2.001 ms, count: 15000)
[07/28/26 12:25:15.431847] [debug] [01:25:41.562003] [Hardware] Hardware Loop Stat (avg: 2.000 ms, min: 1.999 ms, max: 2.001 ms, count: 15000)
[07/28/26 12:25:15.584840] [debug] [01:25:41.715002] [ControlManager] Control Manager Loop Stat (avg: 2.000 ms, min: 1.999 ms, max: 2.001 ms, count: 15000)
[07/28/26 12:25:45.431849] [debug] [01:26:11.562003] [Hardware] Hardware Loop Stat (avg: 2.000 ms, min: 1.999 ms, max: 2.001 ms, count: 15000)
[07/28/26 12:25:45.584840] [debug] [01:26:11.715002] [ControlManager] Control Manager Loop Stat (avg: 2.000 ms, min: 1.999 ms, max: 2.001 ms, count: 15000)
[07/28/26 12:26:15.431848] [debug] [01:26:41.562002] [Hardware] Hardware Loop Stat (avg: 2.000 ms, min: 1.999 ms, max: 2.001 ms, count: 15000)
[07/28/26 12:26:15.584840] [debug] [01:26:41.715002] [ControlManager] Control Manager Loop Stat (avg: 2.000 ms, min: 1.999 ms, max: 2.001 ms, count: 15000)
[07/28/26 12:26:45.431849] [debug] [01:27:11.562003] [Hardware] Hardware Loop Stat (avg: 2.000 ms, min: 1.998 ms, max: 2.002 ms, count: 15000)
[07/28/26 12:26:45.584839] [debug] [01:27:11.715002] [ControlManager] Control Manager Loop Stat (avg: 2.000 ms, min: 1.999 ms, max: 2.001 ms, count: 15000)
[07/28/26 12:27:15.431849] [debug] [01:27:41.562003] [Hardware] Hardware Loop Stat (avg: 2.000 ms, min: 1.999 ms, max: 2.001 ms, count: 15000)
[07/28/26 12:27:15.584840] [debug] [01:27:41.715003] [ControlManager] Control Manager Loop Stat (avg: 2.000 ms, min: 1.999 ms, max: 2.001 ms, count: 15000)
[07/28/26 12:27:45.431848] [debug] [01:28:11.562003] [Hardware] Hardware Loop Stat (avg: 2.000 ms, min: 1.999 ms, max: 2.001 ms, count: 15000)
[07/28/26 12:27:45.584841] [debug] [01:28:11.715003] [ControlManager] Control Manager Loop Stat (avg: 2.000 ms, min: 1.999 ms, max: 2.001 ms, count: 15000)
[07/28/26 12:28:15.431848] [debug] [01:28:41.562002] [Hardware] Hardware Loop Stat (avg: 2.000 ms, min: 1.999 ms, max: 2.001 ms, count: 15000)
[07/28/26 12:28:15.584840] [debug] [01:28:41.715002] [ControlManager] Control Manager Loop Stat (avg: 2.000 ms, min: 1.999 ms, max: 2.001 ms, count: 15000)
[07/28/26 12:28:45.431848] [debug] [01:29:11.562003] [Hardware] Hardware Loop Stat (avg: 2.000 ms, min: 1.999 ms, max: 2.001 ms, count: 15000)
[07/28/26 12:28:45.584840] [debug] [01:29:11.715002] [ControlManager] Control Manager Loop Stat (avg: 2.000 ms, min: 1.999 ms, max: 2.001 ms, count: 15000)
[07/28/26 12:29:15.431849] [debug] [01:29:41.562002] [Hardware] Hardware Loop Stat (avg: 2.000 ms, min: 1.999 ms, max: 2.001 ms, count: 15000)
[07/28/26 12:29:15.584840] [debug] [01:29:41.715003] [ControlManager] Control Manager Loop Stat (avg: 2.000 ms, min: 1.999 ms, max: 2.001 ms, count: 15000)
[07/28/26 12:29:45.431847] [debug] [01:30:11.562002] [Hardware] Hardware Loop Stat (avg: 2.000 ms, min: 1.999 ms, max: 2.001 ms, count: 15000)
[07/28/26 12:29:45.584840] [debug] [01:30:11.715002] [ControlManager] Control Manager Loop Stat (avg: 2.000 ms, min: 1.999 ms, max: 2.001 ms, count: 15000)
[07/28/26 12:30:15.431849] [debug] [01:30:41.562002] [Hardware] Hardware Loop Stat (avg: 2.000 ms, min: 1.999 ms, max: 2.001 ms, count: 15000)
[07/28/26 12:30:15.584840] [debug] [01:30:41.715003] [ControlManager] Control Manager Loop Stat (avg: 2.000 ms, min: 1.998 ms, max: 2.002 ms, count: 15000)
[07/28/26 12:30:45.431849] [debug] [01:31:11.562003] [Hardware] Hardware Loop Stat (avg: 2.000 ms, min: 1.999 ms, max: 2.001 ms, count: 15000)
[07/28/26 12:30:45.584840] [debug] [01:31:11.715002] [ControlManager] Control Manager Loop Stat (avg: 2.000 ms, min: 1.999 ms, max: 2.001 ms, count: 15000)
[07/28/26 12:31:15.431851] [debug] [01:31:41.562002] [Hardware] Hardware Loop Stat (avg: 2.000 ms, min: 1.999 ms, max: 2.001 ms, count: 15000)
[07/28/26 12:31:15.584840] [debug] [01:31:41.715002] [ControlManager] Control Manager Loop Stat (avg: 2.000 ms, min: 1.999 ms, max: 2.001 ms, count: 15000)
[07/28/26 12:31:45.431847] [debug] [01:32:11.562003] [Hardware] Hardware Loop Stat (avg: 2.000 ms, min: 1.999 ms, max: 2.001 ms, count: 15000)
[07/28/26 12:31:45.584839] [debug] [01:32:11.715002] [ControlManager] Control Manager Loop Stat (avg: 2.000 ms, min: 1.999 ms, max: 2.001 ms, count: 15000)
[07/28/26 12:32:15.431848] [debug] [01:32:41.562002] [Hardware] Hardware Loop Stat (avg: 2.000 ms, min: 1.999 ms, max: 2.001 ms, count: 15000)
[07/28/26 12:32:15.584839] [debug] [01:32:41.715003] [ControlManager] Control Manager Loop Stat (avg: 2.000 ms, min: 1.998 ms, max: 2.002 ms, count: 15000)
[07/28/26 12:32:45.431848] [debug] [01:33:11.562003] [Hardware] Hardware Loop Stat (avg: 2.000 ms, min: 1.999 ms, max: 2.001 ms, count: 15000)
[07/28/26 12:32:45.584840] [debug] [01:33:11.715002] [ControlManager] Control Manager Loop Stat (avg: 2.000 ms, min: 1.998 ms, max: 2.002 ms, count: 15000)
[07/28/26 12:33:15.431849] [debug] [01:33:41.562002] [Hardware] Hardware Loop Stat (avg: 2.000 ms, min: 1.999 ms, max: 2.001 ms, count: 15000)
[07/28/26 12:33:15.584840] [debug] [01:33:41.715002] [ControlManager] Control Manager Loop Stat (avg: 2.000 ms, min: 1.999 ms, max: 2.001 ms, count: 15000)
[07/28/26 12:33:45.431848] [debug] [01:34:11.562003] [Hardware] Hardware Loop Stat (avg: 2.000 ms, min: 1.999 ms, max: 2.001 ms, count: 15000)
[07/28/26 12:33:45.584840] [debug] [01:34:11.715002] [ControlManager] Control Manager Loop Stat (avg: 2.000 ms, min: 1.999 ms, max: 2.001 ms, count: 15000)
[07/28/26 12:34:15.431848] [debug] [01:34:41.562003] [Hardware] Hardware Loop Stat (avg: 2.000 ms, min: 1.999 ms, max: 2.001 ms, count: 15000)
[07/28/26 12:34:15.584840] [debug] [01:34:41.715002] [ControlManager] Control Manager Loop Stat (avg: 2.000 ms, min: 1.998 ms, max: 2.002 ms, count: 15000)
[07/28/26 12:34:45.431848] [debug] [01:35:11.562003] [Hardware] Hardware Loop Stat (avg: 2.000 ms, min: 1.999 ms, max: 2.001 ms, count: 15000)
[07/28/26 12:34:45.584839] [debug] [01:35:11.715002] [ControlManager] Control Manager Loop Stat (avg: 2.000 ms, min: 1.999 ms, max: 2.001 ms, count: 15000)
[07/28/26 12:35:15.431848] [debug] [01:35:41.562002] [Hardware] Hardware Loop Stat (avg: 2.000 ms, min: 1.999 ms, max: 2.001 ms, count: 15000)
[07/28/26 12:35:15.584839] [debug] [01:35:41.715002] [ControlManager] Control Manager Loop Stat (avg: 2.000 ms, min: 1.999 ms, max: 2.001 ms, count: 15000)
[07/28/26 12:35:45.431847] [debug] [01:36:11.562003] [Hardware] Hardware Loop Stat (avg: 2.000 ms, min: 1.999 ms, max: 2.001 ms, count: 15000)
[07/28/26 12:35:45.584840] [debug] [01:36:11.715002] [ControlManager] Control Manager Loop Stat (avg: 2.000 ms, min: 1.999 ms, max: 2.001 ms, count: 15000)
[07/28/26 12:36:15.431849] [debug] [01:36:41.562002] [Hardware] Hardware Loop Stat (avg: 2.000 ms, min: 1.999 ms, max: 2.001 ms, count: 15000)
[07/28/26 12:36:15.584840] [debug] [01:36:41.715002] [ControlManager] Control Manager Loop Stat (avg: 2.000 ms, min: 1.999 ms, max: 2.001 ms, count: 15000)
[07/28/26 12:36:45.431847] [debug] [01:37:11.562003] [Hardware] Hardware Loop Stat (avg: 2.000 ms, min: 1.999 ms, max: 2.001 ms, count: 15000)
[07/28/26 12:36:45.584839] [debug] [01:37:11.715002] [ControlManager] Control Manager Loop Stat (avg: 2.000 ms, min: 1.999 ms, max: 2.001 ms, count: 15000)
[07/28/26 12:37:15.431848] [debug] [01:37:41.562003] [Hardware] Hardware Loop Stat (avg: 2.000 ms, min: 1.999 ms, max: 2.001 ms, count: 15000)
[07/28/26 12:37:15.584840] [debug] [01:37:41.715002] [ControlManager] Control Manager Loop Stat (avg: 2.000 ms, min: 1.999 ms, max: 2.001 ms, count: 15000)
[07/28/26 12:37:45.431847] [debug] [01:38:11.562002] [Hardware] Hardware Loop Stat (avg: 2.000 ms, min: 1.999 ms, max: 2.001 ms, count: 15000)
[07/28/26 12:37:45.584839] [debug] [01:38:11.715002] [ControlManager] Control Manager Loop Stat (avg: 2.000 ms, min: 1.999 ms, max: 2.001 ms, count: 15000)
[07/28/26 12:38:15.431848] [debug] [01:38:41.562003] [Hardware] Hardware Loop Stat (avg: 2.000 ms, min: 1.999 ms, max: 2.001 ms, count: 15000)
[07/28/26 12:38:15.584840] [debug] [01:38:41.715002] [ControlManager] Control Manager Loop Stat (avg: 2.000 ms, min: 1.999 ms, max: 2.001 ms, count: 15000)
[07/28/26 12:38:45.431850] [debug] [01:39:11.562002] [Hardware] Hardware Loop Stat (avg: 2.000 ms, min: 1.999 ms, max: 2.001 ms, count: 15000)
[07/28/26 12:38:45.584840] [debug] [01:39:11.715002] [ControlManager] Control Manager Loop Stat (avg: 2.000 ms, min: 1.998 ms, max: 2.002 ms, count: 15000)
[07/28/26 12:39:15.431847] [debug] [01:39:41.562002] [Hardware] Hardware Loop Stat (avg: 2.000 ms, min: 1.999 ms, max: 2.001 ms, count: 15000)
[07/28/26 12:39:15.584840] [debug] [01:39:41.715002] [ControlManager] Control Manager Loop Stat (avg: 2.000 ms, min: 1.999 ms, max: 2.001 ms, count: 15000)
[07/28/26 12:39:45.431848] [debug] [01:40:11.562002] [Hardware] Hardware Loop Stat (avg: 2.000 ms, min: 1.999 ms, max: 2.001 ms, count: 15000)
[07/28/26 12:39:45.584839] [debug] [01:40:11.715002] [ControlManager] Control Manager Loop Stat (avg: 2.000 ms, min: 1.999 ms, max: 2.001 ms, count: 15000)
[07/28/26 12:40:15.431849] [debug] [01:40:41.562002] [Hardware] Hardware Loop Stat (avg: 2.000 ms, min: 1.999 ms, max: 2.001 ms, count: 15000)
[07/28/26 12:40:15.584840] [debug] [01:40:41.715002] [ControlManager] Control Manager Loop Stat (avg: 2.000 ms, min: 1.999 ms, max: 2.002 ms, count: 15000)
[07/28/26 12:40:45.431849] [debug] [01:41:11.562003] [Hardware] Hardware Loop Stat (avg: 2.000 ms, min: 1.999 ms, max: 2.001 ms, count: 15000)
[07/28/26 12:40:45.584840] [debug] [01:41:11.715002] [ControlManager] Control Manager Loop Stat (avg: 2.000 ms, min: 1.999 ms, max: 2.001 ms, count: 15000)
[07/28/26 12:41:15.431848] [debug] [01:41:41.562002] [Hardware] Hardware Loop Stat (avg: 2.000 ms, min: 1.999 ms, max: 2.001 ms, count: 15000)
[07/28/26 12:41:15.584840] [debug] [01:41:41.715002] [ControlManager] Control Manager Loop Stat (avg: 2.000 ms, min: 1.999 ms, max: 2.001 ms, count: 15000)
[07/28/26 12:41:45.431848] [debug] [01:42:11.562003] [Hardware] Hardware Loop Stat (avg: 2.000 ms, min: 1.999 ms, max: 2.001 ms, count: 15000)
[07/28/26 12:41:45.584839] [debug] [01:42:11.715003] [ControlManager] Control Manager Loop Stat (avg: 2.000 ms, min: 1.999 ms, max: 2.001 ms, count: 15000)
[07/28/26 12:42:15.431848] [debug] [01:42:41.562002] [Hardware] Hardware Loop Stat (avg: 2.000 ms, min: 1.999 ms, max: 2.001 ms, count: 15000)
[07/28/26 12:42:15.584841] [debug] [01:42:41.715002] [ControlManager] Control Manager Loop Stat (avg: 2.000 ms, min: 1.999 ms, max: 2.001 ms, count: 15000)
[07/28/26 12:42:45.431850] [debug] [01:43:11.562003] [Hardware] Hardware Loop Stat (avg: 2.000 ms, min: 1.999 ms, max: 2.001 ms, count: 15000)
[07/28/26 12:42:45.584840] [debug] [01:43:11.715003] [ControlManager] Control Manager Loop Stat (avg: 2.000 ms, min: 1.999 ms, max: 2.001 ms, count: 15000)
[07/28/26 12:43:15.431848] [debug] [01:43:41.562002] [Hardware] Hardware Loop Stat (avg: 2.000 ms, min: 1.999 ms, max: 2.001 ms, count: 15000)
[07/28/26 12:43:15.584840] [debug] [01:43:41.715002] [ControlManager] Control Manager Loop Stat (avg: 2.000 ms, min: 1.999 ms, max: 2.001 ms, count: 15000)
[07/28/26 12:43:45.431849] [debug] [01:44:11.562003] [Hardware] Hardware Loop Stat (avg: 2.000 ms, min: 1.999 ms, max: 2.001 ms, count: 15000)
[07/28/26 12:43:45.584840] [debug] [01:44:11.715002] [ControlManager] Control Manager Loop Stat (avg: 2.000 ms, min: 1.999 ms, max: 2.001 ms, count: 15000)
[07/28/26 12:44:15.431848] [debug] [01:44:41.562002] [Hardware] Hardware Loop Stat (avg: 2.000 ms, min: 1.999 ms, max: 2.001 ms, count: 15000)
[07/28/26 12:44:15.584840] [debug] [01:44:41.715003] [ControlManager] Control Manager Loop Stat (avg: 2.000 ms, min: 1.999 ms, max: 2.001 ms, count: 15000)
[07/28/26 12:44:45.431848] [debug] [01:45:11.562002] [Hardware] Hardware Loop Stat (avg: 2.000 ms, min: 1.999 ms, max: 2.001 ms, count: 15000)
[07/28/26 12:44:45.584840] [debug] [01:45:11.715003] [ControlManager] Control Manager Loop Stat (avg: 2.000 ms, min: 1.999 ms, max: 2.001 ms, count: 15000)
[07/28/26 12:45:15.431848] [debug] [01:45:41.562003] [Hardware] Hardware Loop Stat (avg: 2.000 ms, min: 1.999 ms, max: 2.001 ms, count: 15000)
[07/28/26 12:45:15.584840] [debug] [01:45:41.715003] [ControlManager] Control Manager Loop Stat (avg: 2.000 ms, min: 1.999 ms, max: 2.001 ms, count: 15000)
[07/28/26 12:45:45.431849] [debug] [01:46:11.562003] [Hardware] Hardware Loop Stat (avg: 2.000 ms, min: 1.999 ms, max: 2.001 ms, count: 15000)
[07/28/26 12:45:45.584840] [debug] [01:46:11.715003] [ControlManager] Control Manager Loop Stat (avg: 2.000 ms, min: 1.999 ms, max: 2.001 ms, count: 15000)
[07/28/26 12:46:15.431847] [debug] [01:46:41.562003] [Hardware] Hardware Loop Stat (avg: 2.000 ms, min: 1.999 ms, max: 2.001 ms, count: 15000)
[07/28/26 12:46:15.584840] [debug] [01:46:41.715003] [ControlManager] Control Manager Loop Stat (avg: 2.000 ms, min: 1.998 ms, max: 2.002 ms, count: 15000)
[07/28/26 12:46:45.431849] [debug] [01:47:11.562002] [Hardware] Hardware Loop Stat (avg: 2.000 ms, min: 1.999 ms, max: 2.001 ms, count: 15000)
[07/28/26 12:46:45.584840] [debug] [01:47:11.715002] [ControlManager] Control Manager Loop Stat (avg: 2.000 ms, min: 1.999 ms, max: 2.001 ms, count: 15000)
[07/28/26 12:47:15.431849] [debug] [01:47:41.562002] [Hardware] Hardware Loop Stat (avg: 2.000 ms, min: 1.999 ms, max: 2.001 ms, count: 15000)
[07/28/26 12:47:15.584840] [debug] [01:47:41.715003] [ControlManager] Control Manager Loop Stat (avg: 2.000 ms, min: 1.999 ms, max: 2.001 ms, count: 15000)
[07/28/26 12:47:45.431850] [debug] [01:48:11.562003] [Hardware] Hardware Loop Stat (avg: 2.000 ms, min: 1.999 ms, max: 2.001 ms, count: 15000)
[07/28/26 12:47:45.584840] [debug] [01:48:11.715003] [ControlManager] Control Manager Loop Stat (avg: 2.000 ms, min: 1.999 ms, max: 2.002 ms, count: 15000)
[07/28/26 12:48:15.431848] [debug] [01:48:41.562003] [Hardware] Hardware Loop Stat (avg: 2.000 ms, min: 1.999 ms, max: 2.001 ms, count: 15000)
[07/28/26 12:48:15.584840] [debug] [01:48:41.715002] [ControlManager] Control Manager Loop Stat (avg: 2.000 ms, min: 1.999 ms, max: 2.001 ms, count: 15000)
[07/28/26 12:48:45.431848] [debug] [01:49:11.562002] [Hardware] Hardware Loop Stat (avg: 2.000 ms, min: 1.999 ms, max: 2.001 ms, count: 15000)
[07/28/26 12:48:45.584840] [debug] [01:49:11.715003] [ControlManager] Control Manager Loop Stat (avg: 2.000 ms, min: 1.998 ms, max: 2.002 ms, count: 15000)
[07/28/26 12:49:15.431848] [debug] [01:49:41.562003] [Hardware] Hardware Loop Stat (avg: 2.000 ms, min: 1.999 ms, max: 2.001 ms, count: 15000)
[07/28/26 12:49:15.584840] [debug] [01:49:41.715002] [ControlManager] Control Manager Loop Stat (avg: 2.000 ms, min: 1.999 ms, max: 2.001 ms, count: 15000)
[07/28/26 12:49:45.431848] [debug] [01:50:11.562002] [Hardware] Hardware Loop Stat (avg: 2.000 ms, min: 1.999 ms, max: 2.001 ms, count: 15000)
[07/28/26 12:49:45.584840] [debug] [01:50:11.715003] [ControlManager] Control Manager Loop Stat (avg: 2.000 ms, min: 1.999 ms, max: 2.001 ms, count: 15000)
[07/28/26 12:50:15.431848] [debug] [01:50:41.562002] [Hardware] Hardware Loop Stat (avg: 2.000 ms, min: 1.999 ms, max: 2.001 ms, count: 15000)
[07/28/26 12:50:15.584839] [debug] [01:50:41.715002] [ControlManager] Control Manager Loop Stat (avg: 2.000 ms, min: 1.998 ms, max: 2.002 ms, count: 15000)
[07/28/26 12:50:45.431848] [debug] [01:51:11.562003] [Hardware] Hardware Loop Stat (avg: 2.000 ms, min: 1.999 ms, max: 2.001 ms, count: 15000)
[07/28/26 12:50:45.584840] [debug] [01:51:11.715003] [ControlManager] Control Manager Loop Stat (avg: 2.000 ms, min: 1.999 ms, max: 2.001 ms, count: 15000)
[07/28/26 12:51:15.431849] [debug] [01:51:41.562003] [Hardware] Hardware Loop Stat (avg: 2.000 ms, min: 1.999 ms, max: 2.001 ms, count: 15000)
[07/28/26 12:51:15.584840] [debug] [01:51:41.715003] [ControlManager] Control Manager Loop Stat (avg: 2.000 ms, min: 1.999 ms, max: 2.001 ms, count: 15000)
[07/28/26 12:51:45.431849] [debug] [01:52:11.562002] [Hardware] Hardware Loop Stat (avg: 2.000 ms, min: 1.999 ms, max: 2.001 ms, count: 15000)
[07/28/26 12:51:45.584840] [debug] [01:52:11.715003] [ControlManager] Control Manager Loop Stat (avg: 2.000 ms, min: 1.999 ms, max: 2.001 ms, count: 15000)
[07/28/26 12:52:15.431848] [debug] [01:52:41.562002] [Hardware] Hardware Loop Stat (avg: 2.000 ms, min: 1.999 ms, max: 2.001 ms, count: 15000)
[07/28/26 12:52:15.584840] [debug] [01:52:41.715003] [ControlManager] Control Manager Loop Stat (avg: 2.000 ms, min: 1.999 ms, max: 2.001 ms, count: 15000)
[07/28/26 12:52:45.431848] [debug] [01:53:11.562003] [Hardware] Hardware Loop Stat (avg: 2.000 ms, min: 1.999 ms, max: 2.001 ms, count: 15000)
[07/28/26 12:52:45.584840] [debug] [01:53:11.715003] [ControlManager] Control Manager Loop Stat (avg: 2.000 ms, min: 1.997 ms, max: 2.003 ms, count: 15000)
[07/28/26 12:53:15.431847] [debug] [01:53:41.562003] [Hardware] Hardware Loop Stat (avg: 2.000 ms, min: 1.999 ms, max: 2.001 ms, count: 15000)
[07/28/26 12:53:15.584841] [debug] [01:53:41.715003] [ControlManager] Control Manager Loop Stat (avg: 2.000 ms, min: 1.999 ms, max: 2.001 ms, count: 15000)
[07/28/26 12:53:45.431849] [debug] [01:54:11.562002] [Hardware] Hardware Loop Stat (avg: 2.000 ms, min: 1.999 ms, max: 2.001 ms, count: 15000)
[07/28/26 12:53:45.584840] [debug] [01:54:11.715003] [ControlManager] Control Manager Loop Stat (avg: 2.000 ms, min: 1.999 ms, max: 2.001 ms, count: 15000)
[07/28/26 12:54:15.431848] [debug] [01:54:41.562002] [Hardware] Hardware Loop Stat (avg: 2.000 ms, min: 1.999 ms, max: 2.001 ms, count: 15000)
[07/28/26 12:54:15.584840] [debug] [01:54:41.715003] [ControlManager] Control Manager Loop Stat (avg: 2.000 ms, min: 1.999 ms, max: 2.001 ms, count: 15000)
[07/28/26 12:54:45.431849] [debug] [01:55:11.562002] [Hardware] Hardware Loop Stat (avg: 2.000 ms, min: 1.999 ms, max: 2.001 ms, count: 15000)
[07/28/26 12:54:45.584840] [debug] [01:55:11.715003] [ControlManager] Control Manager Loop Stat (avg: 2.000 ms, min: 1.999 ms, max: 2.001 ms, count: 15000)
[07/28/26 12:55:15.431848] [debug] [01:55:41.562002] [Hardware] Hardware Loop Stat (avg: 2.000 ms, min: 1.999 ms, max: 2.001 ms, count: 15000)
[07/28/26 12:55:15.584840] [debug] [01:55:41.715003] [ControlManager] Control Manager Loop Stat (avg: 2.000 ms, min: 1.999 ms, max: 2.001 ms, count: 15000)
[07/28/26 12:55:44.199364] [debug] [01:56:10.329506] [Service] Server method called: /rb.api.RobotInfoService/GetRobotModel
[07/28/26 12:55:44.199400] [debug] [01:56:10.329564] [Service::RobotInfoService::GetRobotModel] Requested: request_header { request_timestamp { seconds: 1785210890 nanos: 923493488 } }
[07/28/26 12:55:44.202658] [debug] [01:56:10.332815] [Service] Server method called: /rb.api.RobotStateService/GetRobotStateStream
[07/28/26 12:55:44.202692] [debug] [01:56:10.332857] [Service::RobotStateService::GetRobotStateStream] Requested: request_header { request_timestamp { seconds: 1785210890 nanos: 926967604 } } update_rate: 100
[07/28/26 12:55:45.431844] [debug] [01:56:11.562002] [Hardware] Hardware Loop Stat (avg: 2.000 ms, min: 1.999 ms, max: 2.001 ms, count: 15000)
[07/28/26 12:55:45.584840] [debug] [01:56:11.715003] [ControlManager] Control Manager Loop Stat (avg: 2.000 ms, min: 1.999 ms, max: 2.001 ms, count: 15000)
[07/28/26 12:56:15.431848] [debug] [01:56:41.562002] [Hardware] Hardware Loop Stat (avg: 2.000 ms, min: 1.999 ms, max: 2.001 ms, count: 15000)
[07/28/26 12:56:15.584840] [debug] [01:56:41.715003] [ControlManager] Control Manager Loop Stat (avg: 2.000 ms, min: 1.999 ms, max: 2.001 ms, count: 15000)
[07/28/26 12:56:39.577519] [debug] [01:57:05.707662] [Service] Server method called: /rb.api.RobotInfoService/GetRobotModel
[07/28/26 12:56:39.577554] [debug] [01:57:05.707718] [Service::RobotInfoService::GetRobotModel] Requested: request_header { request_timestamp { seconds: 1785210946 nanos: 300036312 } }
[07/28/26 12:56:39.580928] [debug] [01:57:05.711088] [Service] Server method called: /rb.api.RobotStateService/GetRobotStateStream
[07/28/26 12:56:39.580957] [debug] [01:57:05.711121] [Service::RobotStateService::GetRobotStateStream] Requested: request_header { request_timestamp { seconds: 1785210946 nanos: 303730018 } } update_rate: 100
[07/28/26 12:56:45.431850] [debug] [01:57:11.562003] [Hardware] Hardware Loop Stat (avg: 2.000 ms, min: 1.999 ms, max: 2.001 ms, count: 15000)
[07/28/26 12:56:45.584841] [debug] [01:57:11.715003] [ControlManager] Control Manager Loop Stat (avg: 2.000 ms, min: 1.999 ms, max: 2.001 ms, count: 15000)
[07/28/26 12:56:48.019946] [debug] [01:57:14.150090] [Service] Server method called: /rb.api.RobotInfoService/GetRobotModel
[07/28/26 12:56:48.019981] [debug] [01:57:14.150144] [Service::RobotInfoService::GetRobotModel] Requested: request_header { request_timestamp { seconds: 1785210954 nanos: 742253112 } }
[07/28/26 12:56:48.023194] [debug] [01:57:14.153354] [Service] Server method called: /rb.api.RobotStateService/GetRobotStateStream
[07/28/26 12:56:48.023222] [debug] [01:57:14.153386] [Service::RobotStateService::GetRobotStateStream] Requested: request_header { request_timestamp { seconds: 1785210954 nanos: 745658811 } } update_rate: 100
[07/28/26 12:57:15.431848] [debug] [01:57:41.562003] [Hardware] Hardware Loop Stat (avg: 2.000 ms, min: 1.999 ms, max: 2.001 ms, count: 15000)
[07/28/26 12:57:15.584840] [debug] [01:57:41.715003] [ControlManager] Control Manager Loop Stat (avg: 2.000 ms, min: 1.999 ms, max: 2.001 ms, count: 15000)
[07/28/26 12:57:45.431848] [debug] [01:58:11.562002] [Hardware] Hardware Loop Stat (avg: 2.000 ms, min: 1.999 ms, max: 2.001 ms, count: 15000)
[07/28/26 12:57:45.584840] [debug] [01:58:11.715002] [ControlManager] Control Manager Loop Stat (avg: 2.000 ms, min: 1.999 ms, max: 2.001 ms, count: 15000)
[07/28/26 12:58:15.431848] [debug] [01:58:41.562002] [Hardware] Hardware Loop Stat (avg: 2.000 ms, min: 1.999 ms, max: 2.001 ms, count: 15000)
[07/28/26 12:58:15.584839] [debug] [01:58:41.715002] [ControlManager] Control Manager Loop Stat (avg: 2.000 ms, min: 1.999 ms, max: 2.001 ms, count: 15000)
[07/28/26 12:58:45.431849] [debug] [01:59:11.562002] [Hardware] Hardware Loop Stat (avg: 2.000 ms, min: 1.999 ms, max: 2.001 ms, count: 15000)
[07/28/26 12:58:45.584839] [debug] [01:59:11.715002] [ControlManager] Control Manager Loop Stat (avg: 2.000 ms, min: 1.999 ms, max: 2.001 ms, count: 15000)
[07/28/26 12:58:53.052185] [debug] [01:59:19.182324] [Service] Server method called: /rb.api.RobotInfoService/GetRobotModel
[07/28/26 12:58:53.052222] [debug] [01:59:19.182385] [Service::RobotInfoService::GetRobotModel] Requested: request_header { request_timestamp { seconds: 1785211079 nanos: 771160011 } }
[07/28/26 12:58:53.055565] [debug] [01:59:19.185722] [Service] Server method called: /rb.api.RobotStateService/GetRobotStateStream
[07/28/26 12:58:53.055600] [debug] [01:59:19.185765] [Service::RobotStateService::GetRobotStateStream] Requested: request_header { request_timestamp { seconds: 1785211079 nanos: 774758111 } } update_rate: 100
[07/28/26 12:59:15.431848] [debug] [01:59:41.562003] [Hardware] Hardware Loop Stat (avg: 2.000 ms, min: 1.999 ms, max: 2.001 ms, count: 15000)
[07/28/26 12:59:15.584840] [debug] [01:59:41.715002] [ControlManager] Control Manager Loop Stat (avg: 2.000 ms, min: 1.999 ms, max: 2.001 ms, count: 15000)
[07/28/26 12:59:45.431849] [debug] [02:00:11.562002] [Hardware] Hardware Loop Stat (avg: 2.000 ms, min: 1.999 ms, max: 2.001 ms, count: 15000)
[07/28/26 12:59:45.584840] [debug] [02:00:11.715002] [ControlManager] Control Manager Loop Stat (avg: 2.000 ms, min: 1.999 ms, max: 2.001 ms, count: 15000)
[07/28/26 13:00:15.431848] [debug] [02:00:41.562003] [Hardware] Hardware Loop Stat (avg: 2.000 ms, min: 1.999 ms, max: 2.001 ms, count: 15000)
[07/28/26 13:00:15.584839] [debug] [02:00:41.715002] [ControlManager] Control Manager Loop Stat (avg: 2.000 ms, min: 1.999 ms, max: 2.001 ms, count: 15000)
[07/28/26 13:00:45.431849] [debug] [02:01:11.562003] [Hardware] Hardware Loop Stat (avg: 2.000 ms, min: 1.999 ms, max: 2.001 ms, count: 15000)
[07/28/26 13:00:45.584840] [debug] [02:01:11.715003] [ControlManager] Control Manager Loop Stat (avg: 2.000 ms, min: 1.999 ms, max: 2.001 ms, count: 15000)
[07/28/26 13:00:59.864731] [debug] [02:01:25.994884] [Service] Server method called: /rb.api.RobotInfoService/GetRobotModel
[07/28/26 13:00:59.864767] [debug] [02:01:25.994931] [Service::RobotInfoService::GetRobotModel] Requested: request_header { request_timestamp { seconds: 1785211206 nanos: 580279786 } }
[07/28/26 13:00:59.868286] [debug] [02:01:25.998446] [Service] Server method called: /rb.api.RobotStateService/GetRobotStateStream
[07/28/26 13:00:59.868314] [debug] [02:01:25.998478] [Service::RobotStateService::GetRobotStateStream] Requested: request_header { request_timestamp { seconds: 1785211206 nanos: 584080165 } } update_rate: 100
[07/28/26 13:01:15.431848] [debug] [02:01:41.562003] [Hardware] Hardware Loop Stat (avg: 2.000 ms, min: 1.999 ms, max: 2.001 ms, count: 15000)
[07/28/26 13:01:15.584840] [debug] [02:01:41.715003] [ControlManager] Control Manager Loop Stat (avg: 2.000 ms, min: 1.998 ms, max: 2.002 ms, count: 15000)
[07/28/26 13:01:45.431848] [debug] [02:02:11.562002] [Hardware] Hardware Loop Stat (avg: 2.000 ms, min: 1.999 ms, max: 2.001 ms, count: 15000)
[07/28/26 13:01:45.584840] [debug] [02:02:11.715002] [ControlManager] Control Manager Loop Stat (avg: 2.000 ms, min: 1.999 ms, max: 2.001 ms, count: 15000)
[07/28/26 13:02:15.431848] [debug] [02:02:41.562002] [Hardware] Hardware Loop Stat (avg: 2.000 ms, min: 1.999 ms, max: 2.001 ms, count: 15000)
[07/28/26 13:02:15.584840] [debug] [02:02:41.715002] [ControlManager] Control Manager Loop Stat (avg: 2.000 ms, min: 1.999 ms, max: 2.001 ms, count: 15000)
[07/28/26 13:02:45.431849] [debug] [02:03:11.562003] [Hardware] Hardware Loop Stat (avg: 2.000 ms, min: 1.999 ms, max: 2.001 ms, count: 15000)
[07/28/26 13:02:45.584840] [debug] [02:03:11.715002] [ControlManager] Control Manager Loop Stat (avg: 2.000 ms, min: 1.999 ms, max: 2.001 ms, count: 15000)
[07/28/26 13:02:52.678743] [debug] [02:03:18.808884] [Service] Server method called: /rb.api.RobotInfoService/GetRobotInfo
[07/28/26 13:02:52.678777] [debug] [02:03:18.808941] [Service::RobotInfoService::GetRobotInfo] Requested: request_header { request_timestamp { seconds: 1785211319 nanos: 391643706 } }
[07/28/26 13:02:52.679472] [debug] [02:03:18.809630] [Service] Server method called: /rb.api.RobotStateService/GetRobotState
[07/28/26 13:02:52.679495] [debug] [02:03:18.809659] [Service::RobotStateService::GetRobotState] Requested: request_header { request_timestamp { seconds: 1785211319 nanos: 392548526 } }
[07/28/26 13:02:52.680018] [debug] [02:03:18.810179] [Service] Server method called: /rb.api.PowerService/PowerCommand
[07/28/26 13:02:52.680039] [debug] [02:03:18.810203] [Service::PowerService::PowerCommand] Requested: request_header { request_timestamp { seconds: 1785211319 nanos: 393129863 } } name: ".*" command: COMMAND_POWER_ON
[07/28/26 13:02:52.680044] [info] [02:03:18.810209] [Hardware::ExecutePowerCommand] Started: device name = .*, command = PowerOn
[07/28/26 13:02:53.940017] [error] [02:03:20.070174] [Hardware::ExecutePowerCommand] EMO Error: Please check EMO Switch
[07/28/26 13:02:53.940037] [error] [02:03:20.070194] [Hardware::ExecutePowerCommand] Timeout: Power command failed - unmatched power states: 48v
[07/28/26 13:02:53.940043] [debug] [02:03:20.070208] [Service::PowerService::PowerCommand] Result: Failed
[07/28/26 13:03:01.370284] [debug] [02:03:27.500437] [Service] Server method called: /rb.api.RobotInfoService/GetRobotInfo
[07/28/26 13:03:01.370316] [debug] [02:03:27.500480] [Service::RobotInfoService::GetRobotInfo] Requested: request_header { request_timestamp { seconds: 1785211328 nanos: 83036940 } }
[07/28/26 13:03:01.370900] [debug] [02:03:27.501062] [Service] Server method called: /rb.api.RobotStateService/GetRobotState
[07/28/26 13:03:01.370918] [debug] [02:03:27.501083] [Service::RobotStateService::GetRobotState] Requested: request_header { request_timestamp { seconds: 1785211328 nanos: 83778084 } }
[07/28/26 13:03:01.371456] [debug] [02:03:27.501617] [Service] Server method called: /rb.api.PowerService/PowerCommand
[07/28/26 13:03:01.371477] [debug] [02:03:27.501641] [Service::PowerService::PowerCommand] Requested: request_header { request_timestamp { seconds: 1785211328 nanos: 84335974 } } name: ".*" command: COMMAND_POWER_ON
[07/28/26 13:03:01.371482] [info] [02:03:27.501646] [Hardware::ExecutePowerCommand] Started: device name = .*, command = PowerOn
[07/28/26 13:03:01.718014] [info] [02:03:27.848172] [Hardware::ExecutePowerCommand] Power command succeeded
[07/28/26 13:03:01.718021] [debug] [02:03:27.848186] [Service::PowerService::PowerCommand] Result: Success
[07/28/26 13:03:01.718617] [debug] [02:03:27.848775] [Service] Server method called: /rb.api.RobotInfoService/GetRobotInfo
[07/28/26 13:03:01.718641] [debug] [02:03:27.848805] [Service::RobotInfoService::GetRobotInfo] Requested: request_header { request_timestamp { seconds: 1785211328 nanos: 431376200 } }
[07/28/26 13:03:01.719189] [debug] [02:03:27.849347] [Service] Server method called: /rb.api.RobotStateService/GetRobotState
[07/28/26 13:03:01.719211] [debug] [02:03:27.849376] [Service::RobotStateService::GetRobotState] Requested: request_header { request_timestamp { seconds: 1785211328 nanos: 432030385 } }
[07/28/26 13:03:01.719990] [debug] [02:03:27.850151] [Service] Server method called: /rb.api.PowerService/JointCommand
[07/28/26 13:03:01.720008] [debug] [02:03:27.850173] [Service::PowerService::JointCommand] Requested: request_header { request_timestamp { seconds: 1785211328 nanos: 432853523 } } name: ".*" command: COMMAND_SERVO_ON
[07/28/26 13:03:04.792029] [debug] [02:03:30.922183] [Service::PowerService::JointCommand] Result: Success
[07/28/26 13:03:04.792723] [debug] [02:03:30.922880] [Service] Server method called: /rb.api.RobotStateService/GetControlManagerState
[07/28/26 13:03:04.792756] [debug] [02:03:30.922920] [Service::RobotStateService::GetControlManagerState] Requested: request_header { request_timestamp { seconds: 1785211331 nanos: 505313508 } }
[07/28/26 13:03:04.793465] [debug] [02:03:30.923626] [Service] Server method called: /rb.api.RobotInfoService/GetRobotInfo
[07/28/26 13:03:04.793484] [debug] [02:03:30.923648] [Service::RobotInfoService::GetRobotInfo] Requested: request_header { request_timestamp { seconds: 1785211331 nanos: 506115735 } }
[07/28/26 13:03:04.794430] [debug] [02:03:30.924590] [Service] Server method called: /rb.api.RobotStateService/GetRobotState
[07/28/26 13:03:04.794452] [debug] [02:03:30.924616] [Service::RobotStateService::GetRobotState] Requested: request_header { request_timestamp { seconds: 1785211331 nanos: 507106651 } }
[07/28/26 13:03:04.795279] [debug] [02:03:30.925439] [Service] Server method called: /rb.api.RobotStateService/GetRobotState
[07/28/26 13:03:04.795299] [debug] [02:03:30.925463] [Service::RobotStateService::GetRobotState] Requested: request_header { request_timestamp { seconds: 1785211331 nanos: 507986040 } }
[07/28/26 13:03:04.796138] [debug] [02:03:30.926300] [Service] Server method called: /rb.api.RobotInfoService/GetRobotInfo
[07/28/26 13:03:04.796153] [debug] [02:03:30.926317] [Service::RobotInfoService::GetRobotInfo] Requested: request_header { request_timestamp { seconds: 1785211331 nanos: 508868253 } }
[07/28/26 13:03:04.796830] [debug] [02:03:30.926988] [Service] Server method called: /rb.api.ControlManagerService/ControlManagerCommand
[07/28/26 13:03:04.796857] [debug] [02:03:30.927022] [Service::ControlManagerService::ControlManagerCommand] Requested: request_header { request_timestamp { seconds: 1785211331 nanos: 509577527 } } command: COMMAND_ENABLE unlimited_mode_enabled { }
[07/28/26 13:03:04.796860] [info] [02:03:30.927026] [ControlManager::Enable] Enable request received. Starting the enabling process...
[07/28/26 13:03:04.798848] [info] [02:03:30.929014] [ControlManager::Enable] Control Manager successfully enabled
[07/28/26 13:03:04.799300] [debug] [02:03:30.929461] [Service] Server method called: /rb.api.ParameterService/SetParameter
[07/28/26 13:03:04.799318] [debug] [02:03:30.929482] [Service::ParameterService::SetParameter] Requested: request_header { request_timestamp { seconds: 1785211331 nanos: 512054533 } } name: "cartesian_command.cutoff_frequency" parameter: "{\"value\":5,\"write_db\":true}"
[07/28/26 13:03:04.808245] [debug] [02:03:30.938405] [Service] Server method called: /rb.api.ParameterService/SetParameter
[07/28/26 13:03:04.808264] [debug] [02:03:30.938428] [Service::ParameterService::SetParameter] Requested: request_header { request_timestamp { seconds: 1785211331 nanos: 520965369 } } name: "default.acceleration_limit_scaling" parameter: "{\"value\":1.0,\"write_db\":true}"
[07/28/26 13:03:04.811789] [debug] [02:03:30.941950] [Service] Server method called: /rb.api.ParameterService/SetParameter
[07/28/26 13:03:04.811807] [debug] [02:03:30.941971] [Service::ParameterService::SetParameter] Requested: request_header { request_timestamp { seconds: 1785211331 nanos: 524562135 } } name: "default.angular_acceleration_limit" parameter: "{\"value\":10,\"write_db\":true}"
[07/28/26 13:03:04.815403] [debug] [02:03:30.945564] [Service] Server method called: /rb.api.ParameterService/SetParameter
[07/28/26 13:03:04.815420] [debug] [02:03:30.945584] [Service::ParameterService::SetParameter] Requested: request_header { request_timestamp { seconds: 1785211331 nanos: 528175103 } } name: "default.linear_acceleration_limit" parameter: "{\"value\":20,\"write_db\":true}"
[07/28/26 13:03:04.818635] [debug] [02:03:30.948796] [Service] Server method called: /rb.api.ParameterService/SetParameter
[07/28/26 13:03:04.818653] [debug] [02:03:30.948817] [Service::ParameterService::SetParameter] Requested: request_header { request_timestamp { seconds: 1785211331 nanos: 531407204 } } name: "joint_position_command.cutoff_frequency" parameter: "{\"value\":5,\"write_db\":true}"
[07/28/26 13:03:04.822183] [debug] [02:03:30.952344] [Service] Server method called: /rb.api.ParameterService/SetParameter
[07/28/26 13:03:04.822200] [debug] [02:03:30.952365] [Service::ParameterService::SetParameter] Requested: request_header { request_timestamp { seconds: 1785211331 nanos: 534983259 } } name: "manipulability_threshold" parameter: "{\"value\":1e4,\"write_db\":true}"
[07/28/26 13:03:04.825846] [debug] [02:03:30.956006] [Service] Server method called: /rb.api.RobotCommandService/RobotCommand
[07/28/26 13:03:04.825926] [debug] [02:03:30.956089] [Service::RobotCommandService::RobotCommand] Requested: robot_command { component_based_command { body_command { joint_position_command { command_header { control_hold_time { seconds: 1 } } minimum_time { nanos: 500000000 } position: 0.012435116535459097 position: 0.96247801984453407 position: -1.4289410737369572 position: 0.79905970516678626 position: 0.0018795061633747336 position: -0.0002619917682279932 position: -0.82794714535053371 position: -0.30712649502402439 position: 0.10873797476106187 posi... [truncated]
[07/28/26 13:03:04.825929] [debug] [02:03:30.956095] [Service::RobotCommandService::RobotCommand]   Peer: ipv4:192.168.30.230:54568
[07/28/26 13:03:04.826076] [debug] [02:03:30.956240] [Service::RobotCommandService::RobotCommand]   IP: 192.168.30.230, Family: ipv4
[07/28/26 13:03:04.830881] [info] [02:03:30.961044] [ControlManager] Control started: {"type":"RobotCommand","control":{"type":"ComponentBasedCommand","components":{"mobility":null,"body":{"type":"BodyCommand","control":{"type":"JointPositionCommand","control":{"type":"JointPositionControl"}}},"head":{"type":"HeadCommand","control":{"type":"JointPositionCommand","control":{"type":"JointPositionControl"}}}}}} (priority: 1)
[07/28/26 13:03:06.588879] [debug] [02:03:32.719037] [ControlManager] Control finished: {"type":"RobotCommand","control":{"type":"ComponentBasedCommand","components":{"mobility":null,"body":{"type":"BodyCommand","control":{"type":"JointPositionCommand","control":{"type":"JointPositionControl"}}},"head":{"type":"HeadCommand","control":{"type":"JointPositionCommand","control":{"type":"JointPositionControl"}}}}}}
[07/28/26 13:03:06.588946] [info] [02:03:32.719106] [ControlInterface] Control completed successfully.
[07/28/26 13:03:06.588955] [debug] [02:03:32.719114] [ControlInterface::ExecutionStats] Average Control Time: 0.001 ms (max: 0.030 ms, min: 0.001 ms, sigma: 0.001 ms, count: 880)
[07/28/26 13:03:06.590011] [debug] [02:03:32.720171] [Service] Server method called: /rb.api.PowerService/ToolFlangePowerCommand
[07/28/26 13:03:06.590042] [debug] [02:03:32.720206] [Service::PowerService::ToolFlangePowerCommand] Requested: request_header { request_timestamp { seconds: 1785211333 nanos: 302637549 } } name: "right" command: COMMAND_POWER_12V
[07/28/26 13:03:06.590047] [debug] [02:03:32.720212] [Service::PowerService::ToolFlangePowerCommand] Result: Success
[07/28/26 13:03:06.590565] [debug] [02:03:32.720726] [Service] Server method called: /rb.api.PowerService/ToolFlangePowerCommand
[07/28/26 13:03:06.590586] [debug] [02:03:32.720751] [Service::PowerService::ToolFlangePowerCommand] Requested: request_header { request_timestamp { seconds: 1785211333 nanos: 303330861 } } name: "left" command: COMMAND_POWER_12V
[07/28/26 13:03:06.590590] [debug] [02:03:32.720756] [Service::PowerService::ToolFlangePowerCommand] Result: Success
[07/28/26 13:03:15.431850] [debug] [02:03:41.562002] [Hardware] Hardware Loop Stat (avg: 2.000 ms, min: 1.999 ms, max: 2.001 ms, count: 15000)
[07/28/26 13:03:15.584842] [debug] [02:03:41.715003] [ControlManager] Control Manager Loop Stat (avg: 2.000 ms, min: 1.999 ms, max: 2.001 ms, count: 15000)
[07/28/26 13:03:29.302429] [debug] [02:03:55.432583] [Service] Server method called: /rb.api.RobotCommandService/RobotCommand
[07/28/26 13:03:29.302502] [debug] [02:03:55.432664] [Service::RobotCommandService::RobotCommand] Requested: robot_command { component_based_command { body_command { joint_position_command { command_header { control_hold_time { seconds: 1 } } minimum_time { seconds: 4 } position: 0 position: 0.78539816339744828 position: -1.3962634015954636 position: 0.78539816339744828 position: 0 position: 0 position: 0 position: -0.26179938779914941 position: 0 position: -2.0943951023931953 position: 0 position: 0.52359877559829882 position: 0 position: 0 position: 0... [truncated]
[07/28/26 13:03:29.302507] [debug] [02:03:55.432672] [Service::RobotCommandService::RobotCommand]   Peer: ipv4:192.168.30.230:54568
[07/28/26 13:03:29.302685] [debug] [02:03:55.432849] [Service::RobotCommandService::RobotCommand]   IP: 192.168.30.230, Family: ipv4
[07/28/26 13:03:29.306875] [info] [02:03:55.437034] [ControlManager] Control started: {"type":"RobotCommand","control":{"type":"ComponentBasedCommand","components":{"mobility":null,"body":{"type":"BodyCommand","control":{"type":"JointPositionCommand","control":{"type":"JointPositionControl"}}},"head":{"type":"HeadCommand","control":{"type":"JointPositionCommand","control":{"type":"JointPositionControl"}}}}}} (priority: 1)
[07/28/26 13:03:34.564884] [debug] [02:04:00.695039] [ControlManager] Control finished: {"type":"RobotCommand","control":{"type":"ComponentBasedCommand","components":{"mobility":null,"body":{"type":"BodyCommand","control":{"type":"JointPositionCommand","control":{"type":"JointPositionControl"}}},"head":{"type":"HeadCommand","control":{"type":"JointPositionCommand","control":{"type":"JointPositionControl"}}}}}}
[07/28/26 13:03:34.564943] [info] [02:04:00.695102] [ControlInterface] Control completed successfully.
[07/28/26 13:03:34.564953] [debug] [02:04:00.695112] [ControlInterface::ExecutionStats] Average Control Time: 0.001 ms (max: 0.027 ms, min: 0.001 ms, sigma: 0.000 ms, count: 2630)
[07/28/26 13:03:34.565759] [debug] [02:04:00.695920] [Service] Server method called: /rb.api.RobotCommandService/RobotCommandStream
[07/28/26 13:03:34.565771] [debug] [02:04:00.695935] [Service::RobotCommandService::RobotCommandStream] Stream is created
[07/28/26 13:03:34.606982] [debug] [02:04:00.737140] [Service::RobotCommandService::RobotCommandStream] Requested: robot_command { component_based_command { mobility_command { se2_velocity_command { command_header { control_hold_time { seconds: 1 } } minimum_time { nanos: 10100000 } velocity { linear { } } acceleration_limit { linear { x: 1 y: 1 } angular: 1 } } } body_command { body_component_based_command { right_arm_command { joint_impedance_control_command { command_header { control_hold_time { seconds: 1 } } minimum_time { nanos: 10100000 } position: 0.0... [truncated]
[07/28/26 13:03:34.606988] [debug] [02:04:00.737153] [Service::RobotCommandService::RobotCommandStream]   Peer: ipv4:192.168.30.230:54568
[07/28/26 13:03:34.607125] [debug] [02:04:00.737290] [Service::RobotCommandService::RobotCommandStream]   IP: 192.168.30.230, Family: ipv4
[07/28/26 13:03:34.612889] [info] [02:04:00.743051] [ControlManager] Control started: {"type":"RobotCommand","control":{"type":"ComponentBasedCommand","components":{"mobility":{"type":"MobilityCommand","control":{"type":"SE2VelocityCommand","control":{"type":"MobilitySE2VelocityControl"}}},"body":{"type":"BodyCommand","control":{"type":"BodyComponentBasedCommand","components":{"torso":{"type":"TorsoCommand","control":{"type":"JointImpedanceControlCommand","control":{"type":"JointImpedanceControl"}}},"right_arm":{"type":"ArmCommand","control":{"type":"JointImpedanceControlCommand","control":{"type":"JointImpedanceControl"}}},"left_arm":{"type":"ArmCommand","control":{"type":"JointImpedanceControlCommand","control":{"type":"JointImpedanceControl"}}}}}},"head":{"type":"HeadCommand","control":{"type":"JointPositionCommand","control":{"type":"JointPositionControl"}}}}}} (priority: 1)
[07/28/26 13:03:44.611201] [debug] [02:04:10.741350] [ControlInterface::ExecutionStats] Average Control Time: 0.337 ms (max: 0.455 ms, min: 0.320 ms, sigma: 0.008 ms, count: 5000)
[07/28/26 13:03:45.431849] [debug] [02:04:11.562003] [Hardware] Hardware Loop Stat (avg: 2.000 ms, min: 1.999 ms, max: 2.001 ms, count: 15000)
[07/28/26 13:03:45.584843] [debug] [02:04:11.715003] [ControlManager] Control Manager Loop Stat (avg: 2.000 ms, min: 1.999 ms, max: 2.001 ms, count: 15000)
[07/28/26 13:03:54.459851] [debug] [02:04:20.590002] [Service] Server method called: /rb.api.RobotCommandService/RobotCommand
[07/28/26 13:03:54.459883] [debug] [02:04:20.590048] [Service::RobotCommandService::RobotCommand] Requested: robot_command { whole_body_command { stop_command { } } } priority: 99
[07/28/26 13:03:54.459885] [debug] [02:04:20.590051] [Service::RobotCommandService::RobotCommand]   Peer: ipv4:192.168.30.230:54568
[07/28/26 13:03:54.460024] [debug] [02:04:20.590190] [Service::RobotCommandService::RobotCommand]   IP: 192.168.30.230, Family: ipv4
[07/28/26 13:03:54.563265] [debug] [02:04:20.693422] [ControlManager] Control finished: {"type":"RobotCommand","control":{"type":"ComponentBasedCommand","components":{"mobility":{"type":"MobilityCommand","control":{"type":"SE2VelocityCommand","control":{"type":"MobilitySE2VelocityControl"}}},"body":{"type":"BodyCommand","control":{"type":"BodyComponentBasedCommand","components":{"torso":{"type":"TorsoCommand","control":{"type":"JointImpedanceControlCommand","control":{"type":"JointImpedanceControl"}}},"right_arm":{"type":"ArmCommand","control":{"type":"JointImpedanceControlCommand","control":{"type":"JointImpedanceControl"}}},"left_arm":{"type":"ArmCommand","control":{"type":"JointImpedanceControlCommand","control":{"type":"JointImpedanceControl"}}}}}},"head":{"type":"HeadCommand","control":{"type":"JointPositionCommand","control":{"type":"JointPositionControl"}}}}}}
[07/28/26 13:03:54.563389] [debug] [02:04:20.693548] [Service::RobotCommandService::RobotCommandStream] OnReadDone (write_done: true, read_done: true)
[07/28/26 13:03:54.563403] [debug] [02:04:20.693564] [Service::RobotCommandService::RobotCommandStream] OnCancel
[07/28/26 13:03:54.563551] [debug] [02:04:20.693711] [Service::RobotCommandService::RobotCommandStream] OnDone: robot_command { component_based_command { mobility_command { se2_velocity_command { command_header { control_hold_time { seconds: 1 } } minimum_time { nanos: 10100000 } velocity { linear { } } acceleration_limit { linear { x: 1 y: 1 } angular: 1 } } } body_command { body_component_based_command { right_arm_command { joint_impedance_control_command { command_header { control_hold_time { seconds: 1 } } minimum_time { nanos: 10100000 } position: -0.... [truncated]
[07/28/26 13:03:54.563555] [info] [02:04:20.693720] [ControlManager::CancelControl] Control cancel request received
[07/28/26 13:03:54.564852] [info] [02:04:20.695016] [ControlManager] Control started: {"type":"RobotCommand","control":{"type":"WholeBodyCommand","control":{"type":"StopControl","control":{"type":"JointVelocityControl"}}}} (priority: 99)
[07/28/26 13:03:54.564870] [debug] [02:04:20.695036] [ControlManager] Control finished: {"type":"RobotCommand","control":{"type":"WholeBodyCommand","control":{"type":"StopControl","control":{"type":"JointVelocityControl"}}}}
[07/28/26 13:03:54.564881] [warning] [02:04:20.695047] [ControlManager::CancelControl] Target control is not currently running
[07/28/26 13:03:54.564891] [error] [02:04:20.695055] [ControlManager::CancelControl] Failed to start control canceling process
[07/28/26 13:03:54.564900] [info] [02:04:20.695065] [ControlInterface] Control completed successfully.
[07/28/26 13:03:54.564908] [debug] [02:04:20.695068] [ControlInterface::ExecutionStats] Average Control Time: 0.006 ms (max: 0.006 ms, min: 0.006 ms, sigma: 0.000 ms, count: 1)
[07/28/26 13:03:54.565028] [info] [02:04:20.695191] [ControlInterface] Control was preempted or canceled by another request.
[07/28/26 13:03:54.565034] [debug] [02:04:20.695197] [ControlInterface::ExecutionStats] Average Control Time: 0.343 ms (max: 0.383 ms, min: 0.319 ms, sigma: 0.010 ms, count: 4976)
[07/28/26 13:03:54.565654] [debug] [02:04:20.695816] [Service] Server method called: /rb.api.ControlManagerService/ControlManagerCommand
[07/28/26 13:03:54.565672] [debug] [02:04:20.695837] [Service::ControlManagerService::ControlManagerCommand] Requested: request_header { request_timestamp { seconds: 1785211381 nanos: 277081637 } } command: COMMAND_DISABLE
[07/28/26 13:03:54.565676] [info] [02:04:20.695841] [ControlManager::Disable] Disable request received. Starting the disabling process...
[07/28/26 13:03:54.566856] [info] [02:04:20.697021] [ControlManager::Disable] Control Manager successfully disabled
[07/28/26 13:04:15.431851] [debug] [02:04:41.562002] [Hardware] Hardware Loop Stat (avg: 2.000 ms, min: 1.998 ms, max: 2.002 ms, count: 15000)
[07/28/26 13:04:15.584842] [debug] [02:04:41.715003] [ControlManager] Control Manager Loop Stat (avg: 2.000 ms, min: 1.999 ms, max: 2.001 ms, count: 15000)
[07/28/26 13:04:45.431849] [debug] [02:05:11.562002] [Hardware] Hardware Loop Stat (avg: 2.000 ms, min: 1.998 ms, max: 2.002 ms, count: 15000)
[07/28/26 13:04:45.584840] [debug] [02:05:11.715003] [ControlManager] Control Manager Loop Stat (avg: 2.000 ms, min: 1.998 ms, max: 2.002 ms, count: 15000)
[07/28/26 13:05:15.431849] [debug] [02:05:41.562002] [Hardware] Hardware Loop Stat (avg: 2.000 ms, min: 1.999 ms, max: 2.001 ms, count: 15000)
[07/28/26 13:05:15.584840] [debug] [02:05:41.715002] [ControlManager] Control Manager Loop Stat (avg: 2.000 ms, min: 1.997 ms, max: 2.002 ms, count: 15000)
[07/28/26 13:05:45.431848] [debug] [02:06:11.562002] [Hardware] Hardware Loop Stat (avg: 2.000 ms, min: 1.998 ms, max: 2.002 ms, count: 15000)
[07/28/26 13:05:45.584840] [debug] [02:06:11.715002] [ControlManager] Control Manager Loop Stat (avg: 2.000 ms, min: 1.999 ms, max: 2.001 ms, count: 15000)
[07/28/26 13:06:15.431849] [debug] [02:06:41.562002] [Hardware] Hardware Loop Stat (avg: 2.000 ms, min: 1.999 ms, max: 2.001 ms, count: 15000)
[07/28/26 13:06:15.584840] [debug] [02:06:41.715002] [ControlManager] Control Manager Loop Stat (avg: 2.000 ms, min: 1.999 ms, max: 2.001 ms, count: 15000)
[07/28/26 13:06:45.431848] [debug] [02:07:11.562002] [Hardware] Hardware Loop Stat (avg: 2.000 ms, min: 1.998 ms, max: 2.002 ms, count: 15000)
[07/28/26 13:06:45.584840] [debug] [02:07:11.715002] [ControlManager] Control Manager Loop Stat (avg: 2.000 ms, min: 1.998 ms, max: 2.002 ms, count: 15000)
[07/28/26 13:07:15.431849] [debug] [02:07:41.562002] [Hardware] Hardware Loop Stat (avg: 2.000 ms, min: 1.999 ms, max: 2.001 ms, count: 15000)
[07/28/26 13:07:15.584840] [debug] [02:07:41.715002] [ControlManager] Control Manager Loop Stat (avg: 2.000 ms, min: 1.999 ms, max: 2.001 ms, count: 15000)
[07/28/26 13:07:45.431850] [debug] [02:08:11.562003] [Hardware] Hardware Loop Stat (avg: 2.000 ms, min: 1.999 ms, max: 2.001 ms, count: 15000)
[07/28/26 13:07:45.584840] [debug] [02:08:11.715002] [ControlManager] Control Manager Loop Stat (avg: 2.000 ms, min: 1.998 ms, max: 2.002 ms, count: 15000)
[07/28/26 13:08:15.431848] [debug] [02:08:41.562003] [Hardware] Hardware Loop Stat (avg: 2.000 ms, min: 1.998 ms, max: 2.001 ms, count: 15000)
[07/28/26 13:08:15.584840] [debug] [02:08:41.715002] [ControlManager] Control Manager Loop Stat (avg: 2.000 ms, min: 1.998 ms, max: 2.002 ms, count: 15000)
[07/28/26 13:08:45.431848] [debug] [02:09:11.562003] [Hardware] Hardware Loop Stat (avg: 2.000 ms, min: 1.999 ms, max: 2.001 ms, count: 15000)
[07/28/26 13:08:45.584840] [debug] [02:09:11.715002] [ControlManager] Control Manager Loop Stat (avg: 2.000 ms, min: 1.998 ms, max: 2.002 ms, count: 15000)
[07/28/26 13:09:15.431849] [debug] [02:09:41.562003] [Hardware] Hardware Loop Stat (avg: 2.000 ms, min: 1.999 ms, max: 2.001 ms, count: 15000)
[07/28/26 13:09:15.584840] [debug] [02:09:41.715002] [ControlManager] Control Manager Loop Stat (avg: 2.000 ms, min: 1.998 ms, max: 2.002 ms, count: 15000)
[07/28/26 13:09:45.431850] [debug] [02:10:11.562003] [Hardware] Hardware Loop Stat (avg: 2.000 ms, min: 1.999 ms, max: 2.001 ms, count: 15000)
[07/28/26 13:09:45.584841] [debug] [02:10:11.715002] [ControlManager] Control Manager Loop Stat (avg: 2.000 ms, min: 1.998 ms, max: 2.002 ms, count: 15000)
[07/28/26 13:10:15.431848] [debug] [02:10:41.562002] [Hardware] Hardware Loop Stat (avg: 2.000 ms, min: 1.998 ms, max: 2.002 ms, count: 15000)
[07/28/26 13:10:15.584840] [debug] [02:10:41.715002] [ControlManager] Control Manager Loop Stat (avg: 2.000 ms, min: 1.998 ms, max: 2.001 ms, count: 15000)
[07/28/26 13:10:45.431850] [debug] [02:11:11.562003] [Hardware] Hardware Loop Stat (avg: 2.000 ms, min: 1.998 ms, max: 2.002 ms, count: 15000)
[07/28/26 13:10:45.584840] [debug] [02:11:11.715002] [ControlManager] Control Manager Loop Stat (avg: 2.000 ms, min: 1.998 ms, max: 2.002 ms, count: 15000)
[07/28/26 13:11:15.431850] [debug] [02:11:41.562003] [Hardware] Hardware Loop Stat (avg: 2.000 ms, min: 1.998 ms, max: 2.002 ms, count: 15000)
[07/28/26 13:11:15.584840] [debug] [02:11:41.715002] [ControlManager] Control Manager Loop Stat (avg: 2.000 ms, min: 1.998 ms, max: 2.002 ms, count: 15000)
[07/28/26 13:11:45.431849] [debug] [02:12:11.562002] [Hardware] Hardware Loop Stat (avg: 2.000 ms, min: 1.998 ms, max: 2.002 ms, count: 15000)
[07/28/26 13:11:45.584839] [debug] [02:12:11.715002] [ControlManager] Control Manager Loop Stat (avg: 2.000 ms, min: 1.998 ms, max: 2.002 ms, count: 15000)
[07/28/26 13:12:15.431848] [debug] [02:12:41.562003] [Hardware] Hardware Loop Stat (avg: 2.000 ms, min: 1.998 ms, max: 2.002 ms, count: 15000)
[07/28/26 13:12:15.584840] [debug] [02:12:41.715003] [ControlManager] Control Manager Loop Stat (avg: 2.000 ms, min: 1.999 ms, max: 2.001 ms, count: 15000)
[07/28/26 13:12:45.431849] [debug] [02:13:11.562003] [Hardware] Hardware Loop Stat (avg: 2.000 ms, min: 1.998 ms, max: 2.002 ms, count: 15000)
[07/28/26 13:12:45.584840] [debug] [02:13:11.715002] [ControlManager] Control Manager Loop Stat (avg: 2.000 ms, min: 1.998 ms, max: 2.002 ms, count: 15000)
[07/28/26 13:13:15.431848] [debug] [02:13:41.562003] [Hardware] Hardware Loop Stat (avg: 2.000 ms, min: 1.997 ms, max: 2.002 ms, count: 15000)
[07/28/26 13:13:15.584840] [debug] [02:13:41.715003] [ControlManager] Control Manager Loop Stat (avg: 2.000 ms, min: 1.997 ms, max: 2.003 ms, count: 15000)
[07/28/26 13:13:45.431848] [debug] [02:14:11.562003] [Hardware] Hardware Loop Stat (avg: 2.000 ms, min: 1.997 ms, max: 2.002 ms, count: 15000)
[07/28/26 13:13:45.584840] [debug] [02:14:11.715002] [ControlManager] Control Manager Loop Stat (avg: 2.000 ms, min: 1.999 ms, max: 2.001 ms, count: 15000)
[07/28/26 13:14:15.431847] [debug] [02:14:41.562003] [Hardware] Hardware Loop Stat (avg: 2.000 ms, min: 1.998 ms, max: 2.002 ms, count: 15000)
[07/28/26 13:14:15.584839] [debug] [02:14:41.715002] [ControlManager] Control Manager Loop Stat (avg: 2.000 ms, min: 1.998 ms, max: 2.002 ms, count: 15000)
[07/28/26 13:14:45.431849] [debug] [02:15:11.562003] [Hardware] Hardware Loop Stat (avg: 2.000 ms, min: 1.998 ms, max: 2.002 ms, count: 15000)
[07/28/26 13:14:45.584839] [debug] [02:15:11.715002] [ControlManager] Control Manager Loop Stat (avg: 2.000 ms, min: 1.998 ms, max: 2.002 ms, count: 15000)
[07/28/26 13:15:15.431848] [debug] [02:15:41.562003] [Hardware] Hardware Loop Stat (avg: 2.000 ms, min: 1.997 ms, max: 2.003 ms, count: 15000)
[07/28/26 13:15:15.584840] [debug] [02:15:41.715002] [ControlManager] Control Manager Loop Stat (avg: 2.000 ms, min: 1.999 ms, max: 2.001 ms, count: 15000)
[07/28/26 13:15:45.431849] [debug] [02:16:11.562002] [Hardware] Hardware Loop Stat (avg: 2.000 ms, min: 1.998 ms, max: 2.002 ms, count: 15000)
[07/28/26 13:15:45.584840] [debug] [02:16:11.715002] [ControlManager] Control Manager Loop Stat (avg: 2.000 ms, min: 1.998 ms, max: 2.002 ms, count: 15000)
[07/28/26 13:16:15.431848] [debug] [02:16:41.562003] [Hardware] Hardware Loop Stat (avg: 2.000 ms, min: 1.999 ms, max: 2.001 ms, count: 15000)
[07/28/26 13:16:15.584839] [debug] [02:16:41.715002] [ControlManager] Control Manager Loop Stat (avg: 2.000 ms, min: 1.999 ms, max: 2.001 ms, count: 15000)
[07/28/26 13:16:45.431848] [debug] [02:17:11.562002] [Hardware] Hardware Loop Stat (avg: 2.000 ms, min: 1.998 ms, max: 2.002 ms, count: 15000)
[07/28/26 13:16:45.584840] [debug] [02:17:11.715002] [ControlManager] Control Manager Loop Stat (avg: 2.000 ms, min: 1.999 ms, max: 2.001 ms, count: 15000)
[07/28/26 13:17:15.431849] [debug] [02:17:41.562003] [Hardware] Hardware Loop Stat (avg: 2.000 ms, min: 1.998 ms, max: 2.002 ms, count: 15000)
[07/28/26 13:17:15.584840] [debug] [02:17:41.715002] [ControlManager] Control Manager Loop Stat (avg: 2.000 ms, min: 1.999 ms, max: 2.002 ms, count: 15000)
[07/28/26 13:17:45.431850] [debug] [02:18:11.562003] [Hardware] Hardware Loop Stat (avg: 2.000 ms, min: 1.998 ms, max: 2.002 ms, count: 15000)
[07/28/26 13:17:45.584839] [debug] [02:18:11.715003] [ControlManager] Control Manager Loop Stat (avg: 2.000 ms, min: 1.998 ms, max: 2.002 ms, count: 15000)
[07/28/26 13:18:15.431849] [debug] [02:18:41.562003] [Hardware] Hardware Loop Stat (avg: 2.000 ms, min: 1.999 ms, max: 2.001 ms, count: 15000)
[07/28/26 13:18:15.584839] [debug] [02:18:41.715002] [ControlManager] Control Manager Loop Stat (avg: 2.000 ms, min: 1.998 ms, max: 2.002 ms, count: 15000)
[07/28/26 13:18:45.431849] [debug] [02:19:11.562003] [Hardware] Hardware Loop Stat (avg: 2.000 ms, min: 1.998 ms, max: 2.002 ms, count: 15000)
[07/28/26 13:18:45.584839] [debug] [02:19:11.715002] [ControlManager] Control Manager Loop Stat (avg: 2.000 ms, min: 1.998 ms, max: 2.002 ms, count: 15000)
[07/28/26 13:19:15.431851] [debug] [02:19:41.562003] [Hardware] Hardware Loop Stat (avg: 2.000 ms, min: 1.998 ms, max: 2.002 ms, count: 15000)
[07/28/26 13:19:15.584840] [debug] [02:19:41.715002] [ControlManager] Control Manager Loop Stat (avg: 2.000 ms, min: 1.999 ms, max: 2.001 ms, count: 15000)
[07/28/26 13:19:45.431849] [debug] [02:20:11.562002] [Hardware] Hardware Loop Stat (avg: 2.000 ms, min: 1.997 ms, max: 2.003 ms, count: 15000)
[07/28/26 13:19:45.584839] [debug] [02:20:11.715002] [ControlManager] Control Manager Loop Stat (avg: 2.000 ms, min: 1.998 ms, max: 2.001 ms, count: 15000)
[07/28/26 13:20:15.431850] [debug] [02:20:41.562003] [Hardware] Hardware Loop Stat (avg: 2.000 ms, min: 1.999 ms, max: 2.001 ms, count: 15000)
[07/28/26 13:20:15.584840] [debug] [02:20:41.715002] [ControlManager] Control Manager Loop Stat (avg: 2.000 ms, min: 1.998 ms, max: 2.002 ms, count: 15000)
[07/28/26 13:20:45.431849] [debug] [02:21:11.562003] [Hardware] Hardware Loop Stat (avg: 2.000 ms, min: 1.998 ms, max: 2.002 ms, count: 15000)
[07/28/26 13:20:45.584839] [debug] [02:21:11.715002] [ControlManager] Control Manager Loop Stat (avg: 2.000 ms, min: 1.999 ms, max: 2.001 ms, count: 15000)
[07/28/26 13:21:15.431849] [debug] [02:21:41.562003] [Hardware] Hardware Loop Stat (avg: 2.000 ms, min: 1.998 ms, max: 2.002 ms, count: 15000)
[07/28/26 13:21:15.584840] [debug] [02:21:41.715002] [ControlManager] Control Manager Loop Stat (avg: 2.000 ms, min: 1.998 ms, max: 2.002 ms, count: 15000)
[07/28/26 13:21:45.431849] [debug] [02:22:11.562002] [Hardware] Hardware Loop Stat (avg: 2.000 ms, min: 1.998 ms, max: 2.002 ms, count: 15000)
[07/28/26 13:21:45.584839] [debug] [02:22:11.715002] [ControlManager] Control Manager Loop Stat (avg: 2.000 ms, min: 1.998 ms, max: 2.002 ms, count: 15000)
[07/28/26 13:22:15.431850] [debug] [02:22:41.562002] [Hardware] Hardware Loop Stat (avg: 2.000 ms, min: 1.998 ms, max: 2.002 ms, count: 15000)
[07/28/26 13:22:15.584839] [debug] [02:22:41.715002] [ControlManager] Control Manager Loop Stat (avg: 2.000 ms, min: 1.998 ms, max: 2.002 ms, count: 15000)
[07/28/26 13:22:45.431848] [debug] [02:23:11.562002] [Hardware] Hardware Loop Stat (avg: 2.000 ms, min: 1.998 ms, max: 2.001 ms, count: 15000)
[07/28/26 13:22:45.584840] [debug] [02:23:11.715003] [ControlManager] Control Manager Loop Stat (avg: 2.000 ms, min: 1.999 ms, max: 2.001 ms, count: 15000)
[07/28/26 13:23:15.431849] [debug] [02:23:41.562003] [Hardware] Hardware Loop Stat (avg: 2.000 ms, min: 1.999 ms, max: 2.001 ms, count: 15000)
[07/28/26 13:23:15.584839] [debug] [02:23:41.715002] [ControlManager] Control Manager Loop Stat (avg: 2.000 ms, min: 1.998 ms, max: 2.002 ms, count: 15000)
[07/28/26 13:23:45.431849] [debug] [02:24:11.562003] [Hardware] Hardware Loop Stat (avg: 2.000 ms, min: 1.998 ms, max: 2.002 ms, count: 15000)
[07/28/26 13:23:45.584839] [debug] [02:24:11.715002] [ControlManager] Control Manager Loop Stat (avg: 2.000 ms, min: 1.998 ms, max: 2.002 ms, count: 15000)
[07/28/26 13:24:15.431848] [debug] [02:24:41.562002] [Hardware] Hardware Loop Stat (avg: 2.000 ms, min: 1.998 ms, max: 2.002 ms, count: 15000)
[07/28/26 13:24:15.584840] [debug] [02:24:41.715002] [ControlManager] Control Manager Loop Stat (avg: 2.000 ms, min: 1.998 ms, max: 2.002 ms, count: 15000)
[07/28/26 13:24:45.431850] [debug] [02:25:11.562002] [Hardware] Hardware Loop Stat (avg: 2.000 ms, min: 1.999 ms, max: 2.001 ms, count: 15000)
[07/28/26 13:24:45.584839] [debug] [02:25:11.715003] [ControlManager] Control Manager Loop Stat (avg: 2.000 ms, min: 1.998 ms, max: 2.002 ms, count: 15000)
[07/28/26 13:25:15.431850] [debug] [02:25:41.562002] [Hardware] Hardware Loop Stat (avg: 2.000 ms, min: 1.998 ms, max: 2.002 ms, count: 15000)
[07/28/26 13:25:15.584839] [debug] [02:25:41.715002] [ControlManager] Control Manager Loop Stat (avg: 2.000 ms, min: 1.998 ms, max: 2.002 ms, count: 15000)
[07/28/26 13:25:45.431849] [debug] [02:26:11.562003] [Hardware] Hardware Loop Stat (avg: 2.000 ms, min: 1.998 ms, max: 2.002 ms, count: 15000)
[07/28/26 13:25:45.584840] [debug] [02:26:11.715002] [ControlManager] Control Manager Loop Stat (avg: 2.000 ms, min: 1.999 ms, max: 2.001 ms, count: 15000)
[07/28/26 13:26:15.431849] [debug] [02:26:41.562003] [Hardware] Hardware Loop Stat (avg: 2.000 ms, min: 1.998 ms, max: 2.002 ms, count: 15000)
[07/28/26 13:26:15.584840] [debug] [02:26:41.715002] [ControlManager] Control Manager Loop Stat (avg: 2.000 ms, min: 1.997 ms, max: 2.002 ms, count: 15000)
[07/28/26 13:26:44.876854] [debug] [02:27:11.007008] [Service] Server method called: /rb.api.RobotInfoService/GetRobotInfo
[07/28/26 13:26:44.876890] [debug] [02:27:11.007054] [Service::RobotInfoService::GetRobotInfo] Requested: request_header { request_timestamp { seconds: 1785212751 nanos: 550950021 } }
[07/28/26 13:26:44.878487] [debug] [02:27:11.008648] [Service] Server method called: /rb.api.RobotStateService/GetRobotState
[07/28/26 13:26:44.878508] [debug] [02:27:11.008671] [Service::RobotStateService::GetRobotState] Requested: request_header { request_timestamp { seconds: 1785212751 nanos: 555947068 } }
[07/28/26 13:26:44.880427] [debug] [02:27:11.010584] [Service] Server method called: /rb.api.RobotInfoService/GetRobotInfo
[07/28/26 13:26:44.880451] [debug] [02:27:11.010616] [Service::RobotInfoService::GetRobotInfo] Requested: request_header { request_timestamp { seconds: 1785212751 nanos: 557903052 } }
[07/28/26 13:26:44.881876] [debug] [02:27:11.012038] [Service] Server method called: /rb.api.RobotStateService/GetRobotState
[07/28/26 13:26:44.881891] [debug] [02:27:11.012055] [Service::RobotStateService::GetRobotState] Requested: request_header { request_timestamp { seconds: 1785212751 nanos: 559381052 } }
[07/28/26 13:26:44.883373] [debug] [02:27:11.013533] [Service] Server method called: /rb.api.RobotStateService/GetControlManagerState
[07/28/26 13:26:44.883388] [debug] [02:27:11.013553] [Service::RobotStateService::GetControlManagerState] Requested: request_header { request_timestamp { seconds: 1785212751 nanos: 560896920 } }
[07/28/26 13:26:44.884632] [debug] [02:27:11.014792] [Service] Server method called: /rb.api.RobotInfoService/GetRobotInfo
[07/28/26 13:26:44.884649] [debug] [02:27:11.014813] [Service::RobotInfoService::GetRobotInfo] Requested: request_header { request_timestamp { seconds: 1785212751 nanos: 562154604 } }
[07/28/26 13:26:44.886261] [debug] [02:27:11.016425] [Service] Server method called: /rb.api.RobotStateService/GetRobotState
[07/28/26 13:26:44.886270] [debug] [02:27:11.016436] [Service::RobotStateService::GetRobotState] Requested: request_header { request_timestamp { seconds: 1785212751 nanos: 563780003 } }
[07/28/26 13:26:44.887832] [debug] [02:27:11.017994] [Service] Server method called: /rb.api.RobotStateService/GetRobotState
[07/28/26 13:26:44.887846] [debug] [02:27:11.018011] [Service::RobotStateService::GetRobotState] Requested: request_header { request_timestamp { seconds: 1785212751 nanos: 565333059 } }
[07/28/26 13:26:44.889517] [debug] [02:27:11.019678] [Service] Server method called: /rb.api.RobotInfoService/GetRobotInfo
[07/28/26 13:26:44.889542] [debug] [02:27:11.019706] [Service::RobotInfoService::GetRobotInfo] Requested: request_header { request_timestamp { seconds: 1785212751 nanos: 566986469 } }
[07/28/26 13:26:44.892147] [debug] [02:27:11.022244] [Service] Server method called: /rb.api.ControlManagerService/ControlManagerCommand
[07/28/26 13:26:44.892407] [debug] [02:27:11.022543] [Service::ControlManagerService::ControlManagerCommand] Requested: request_header { request_timestamp { seconds: 1785212751 nanos: 568855174 } } command: COMMAND_ENABLE unlimited_mode_enabled { }
[07/28/26 13:26:44.892473] [info] [02:27:11.022609] [ControlManager::Enable] Enable request received. Starting the enabling process...
[07/28/26 13:26:44.892911] [info] [02:27:11.023039] [ControlManager::Enable] Control Manager successfully enabled
[07/28/26 13:26:44.895057] [debug] [02:27:11.025222] [Service] Server method called: /rb.api.ParameterService/SetParameter
[07/28/26 13:26:44.895069] [debug] [02:27:11.025234] [Service::ParameterService::SetParameter] Requested: request_header { request_timestamp { seconds: 1785212751 nanos: 572460156 } } name: "cartesian_command.cutoff_frequency" parameter: "{\"value\":5,\"write_db\":true}"
[07/28/26 13:26:44.905999] [debug] [02:27:11.036160] [Service] Server method called: /rb.api.ParameterService/SetParameter
[07/28/26 13:26:44.906025] [debug] [02:27:11.036189] [Service::ParameterService::SetParameter] Requested: request_header { request_timestamp { seconds: 1785212751 nanos: 583517545 } } name: "default.acceleration_limit_scaling" parameter: "{\"value\":1.0,\"write_db\":true}"
[07/28/26 13:26:44.910634] [debug] [02:27:11.040769] [Service] Server method called: /rb.api.ParameterService/SetParameter
[07/28/26 13:26:44.910828] [debug] [02:27:11.040964] [Service::ParameterService::SetParameter] Requested: request_header { request_timestamp { seconds: 1785212751 nanos: 587682772 } } name: "default.angular_acceleration_limit" parameter: "{\"value\":10,\"write_db\":true}"
[07/28/26 13:26:44.916412] [debug] [02:27:11.046571] [Service] Server method called: /rb.api.ParameterService/SetParameter
[07/28/26 13:26:44.916431] [debug] [02:27:11.046595] [Service::ParameterService::SetParameter] Requested: request_header { request_timestamp { seconds: 1785212751 nanos: 593915628 } } name: "default.linear_acceleration_limit" parameter: "{\"value\":20,\"write_db\":true}"
[07/28/26 13:26:44.920649] [debug] [02:27:11.050809] [Service] Server method called: /rb.api.ParameterService/SetParameter
[07/28/26 13:26:44.920666] [debug] [02:27:11.050830] [Service::ParameterService::SetParameter] Requested: request_header { request_timestamp { seconds: 1785212751 nanos: 598161070 } } name: "joint_position_command.cutoff_frequency" parameter: "{\"value\":5,\"write_db\":true}"
[07/28/26 13:26:44.925092] [debug] [02:27:11.055252] [Service] Server method called: /rb.api.ParameterService/SetParameter
[07/28/26 13:26:44.925108] [debug] [02:27:11.055272] [Service::ParameterService::SetParameter] Requested: request_header { request_timestamp { seconds: 1785212751 nanos: 602511871 } } name: "manipulability_threshold" parameter: "{\"value\":1e4,\"write_db\":true}"
[07/28/26 13:26:44.929969] [debug] [02:27:11.060129] [Service] Server method called: /rb.api.RobotStateService/GetRobotState
[07/28/26 13:26:44.929986] [debug] [02:27:11.060150] [Service::RobotStateService::GetRobotState] Requested: request_header { request_timestamp { seconds: 1785212751 nanos: 607326885 } }
[07/28/26 13:26:44.931436] [debug] [02:27:11.061596] [Service] Server method called: /rb.api.RobotCommandService/RobotCommand
[07/28/26 13:26:44.931506] [debug] [02:27:11.061669] [Service::RobotCommandService::RobotCommand] Requested: robot_command { component_based_command { body_command { joint_position_command { command_header { control_hold_time { seconds: 1 } } minimum_time { nanos: 500000000 } position: 0.0030489766650301235 position: 0.95043019548819463 position: -1.4120786760166597 position: 0.78140373817750852 position: 0.0010707489658013634 position: -0.0002619917682279932 position: -0.66242150558051727 position: -0.31039949363580022 position: 0.020173366153555475 po... [truncated]
[07/28/26 13:26:44.931510] [debug] [02:27:11.061675] [Service::RobotCommandService::RobotCommand]   Peer: ipv4:192.168.30.230:41316
[07/28/26 13:26:44.931660] [debug] [02:27:11.061824] [Service::RobotCommandService::RobotCommand]   IP: 192.168.30.230, Family: ipv4
[07/28/26 13:26:44.936882] [info] [02:27:11.067045] [ControlManager] Control started: {"type":"RobotCommand","control":{"type":"ComponentBasedCommand","components":{"mobility":null,"body":{"type":"BodyCommand","control":{"type":"JointPositionCommand","control":{"type":"JointPositionControl"}}},"head":{"type":"HeadCommand","control":{"type":"JointPositionCommand","control":{"type":"JointPositionControl"}}}}}} (priority: 1)
[07/28/26 13:26:45.431844] [debug] [02:27:11.562002] [Hardware] Hardware Loop Stat (avg: 2.000 ms, min: 1.998 ms, max: 2.002 ms, count: 15000)
[07/28/26 13:26:45.584840] [debug] [02:27:11.715002] [ControlManager] Control Manager Loop Stat (avg: 2.000 ms, min: 1.999 ms, max: 2.001 ms, count: 15000)
[07/28/26 13:26:46.694879] [debug] [02:27:12.825037] [ControlManager] Control finished: {"type":"RobotCommand","control":{"type":"ComponentBasedCommand","components":{"mobility":null,"body":{"type":"BodyCommand","control":{"type":"JointPositionCommand","control":{"type":"JointPositionControl"}}},"head":{"type":"HeadCommand","control":{"type":"JointPositionCommand","control":{"type":"JointPositionControl"}}}}}}
[07/28/26 13:26:46.694935] [info] [02:27:12.825095] [ControlInterface] Control completed successfully.
[07/28/26 13:26:46.694943] [debug] [02:27:12.825103] [ControlInterface::ExecutionStats] Average Control Time: 0.001 ms (max: 0.029 ms, min: 0.001 ms, sigma: 0.001 ms, count: 880)
[07/28/26 13:26:46.697435] [debug] [02:27:12.827584] [Service] Server method called: /rb.api.PowerService/ToolFlangePowerCommand
[07/28/26 13:26:46.697468] [debug] [02:27:12.827632] [Service::PowerService::ToolFlangePowerCommand] Requested: request_header { request_timestamp { seconds: 1785212753 nanos: 374886609 } } name: "right" command: COMMAND_POWER_12V
[07/28/26 13:26:46.697472] [debug] [02:27:12.827638] [Service::PowerService::ToolFlangePowerCommand] Result: Success
[07/28/26 13:26:46.698800] [debug] [02:27:12.828961] [Service] Server method called: /rb.api.PowerService/ToolFlangePowerCommand
[07/28/26 13:26:46.698844] [debug] [02:27:12.829008] [Service::PowerService::ToolFlangePowerCommand] Requested: request_header { request_timestamp { seconds: 1785212753 nanos: 376507877 } } name: "left" command: COMMAND_POWER_12V
[07/28/26 13:26:46.698850] [debug] [02:27:12.829015] [Service::PowerService::ToolFlangePowerCommand] Result: Success
[07/28/26 13:26:47.749056] [debug] [02:27:13.879210] [Service] Server method called: /rb.api.RobotStateService/GetRobotState
[07/28/26 13:26:47.749087] [debug] [02:27:13.879253] [Service::RobotStateService::GetRobotState] Requested: request_header { request_timestamp { seconds: 1785212754 nanos: 426519546 } }
[07/28/26 13:26:47.887267] [debug] [02:27:14.017429] [Service] Server method called: /rb.api.RobotCommandService/RobotCommand
[07/28/26 13:26:47.887321] [debug] [02:27:14.017486] [Service::RobotCommandService::RobotCommand] Requested: robot_command { component_based_command { body_command { joint_position_command { command_header { control_hold_time { seconds: 1 } } minimum_time { seconds: 4 } position: 0 position: 0.78539816339744828 position: -1.3962634015954636 position: 0.78539816339744828 position: 0 position: 0 position: 0 position: -0.26179938779914941 position: 0 position: -2.0943951023931953 position: 0 position: 0.52359877559829882 position: 0 position: 0 position: 0... [truncated]
[07/28/26 13:26:47.887324] [debug] [02:27:14.017490] [Service::RobotCommandService::RobotCommand]   Peer: ipv4:192.168.30.230:41316
[07/28/26 13:26:47.887457] [debug] [02:27:14.017622] [Service::RobotCommandService::RobotCommand]   IP: 192.168.30.230, Family: ipv4
[07/28/26 13:26:47.892859] [info] [02:27:14.023022] [ControlManager] Control started: {"type":"RobotCommand","control":{"type":"ComponentBasedCommand","components":{"mobility":null,"body":{"type":"BodyCommand","control":{"type":"JointPositionCommand","control":{"type":"JointPositionControl"}}},"head":{"type":"HeadCommand","control":{"type":"JointPositionCommand","control":{"type":"JointPositionControl"}}}}}} (priority: 1)
[07/28/26 13:26:53.150879] [debug] [02:27:19.281036] [ControlManager] Control finished: {"type":"RobotCommand","control":{"type":"ComponentBasedCommand","components":{"mobility":null,"body":{"type":"BodyCommand","control":{"type":"JointPositionCommand","control":{"type":"JointPositionControl"}}},"head":{"type":"HeadCommand","control":{"type":"JointPositionCommand","control":{"type":"JointPositionControl"}}}}}}
[07/28/26 13:26:53.150938] [info] [02:27:19.281098] [ControlInterface] Control completed successfully.
[07/28/26 13:26:53.150949] [debug] [02:27:19.281107] [ControlInterface::ExecutionStats] Average Control Time: 0.001 ms (max: 0.020 ms, min: 0.001 ms, sigma: 0.000 ms, count: 2630)
[07/28/26 13:26:53.153002] [debug] [02:27:19.283162] [Service] Server method called: /rb.api.RobotCommandService/RobotCommandStream
[07/28/26 13:26:53.153024] [debug] [02:27:19.283180] [Service::RobotCommandService::RobotCommandStream] Stream is created
[07/28/26 13:26:53.153444] [debug] [02:27:19.283605] [Service] Server method called: /rb.api.RobotStateService/GetRobotState
[07/28/26 13:26:53.153474] [debug] [02:27:19.283638] [Service::RobotStateService::GetRobotState] Requested: request_header { request_timestamp { seconds: 1785212759 nanos: 831299226 } }
[07/28/26 13:26:53.166195] [debug] [02:27:19.296358] [Service::RobotCommandService::RobotCommandStream] Requested: robot_command { component_based_command { mobility_command { se2_velocity_command { command_header { control_hold_time { seconds: 1 } } minimum_time { nanos: 10100000 } velocity { linear { } } acceleration_limit { linear { x: 1 y: 1 } angular: 1 } } } body_command { body_component_based_command { right_arm_command { joint_impedance_control_command { command_header { control_hold_time { seconds: 1 } } minimum_time { nanos: 10100000 } position: 0.0... [truncated]
[07/28/26 13:26:53.166200] [debug] [02:27:19.296366] [Service::RobotCommandService::RobotCommandStream]   Peer: ipv4:192.168.30.230:41316
[07/28/26 13:26:53.166330] [debug] [02:27:19.296495] [Service::RobotCommandService::RobotCommandStream]   IP: 192.168.30.230, Family: ipv4
[07/28/26 13:26:53.170893] [info] [02:27:19.301054] [ControlManager] Control started: {"type":"RobotCommand","control":{"type":"ComponentBasedCommand","components":{"mobility":{"type":"MobilityCommand","control":{"type":"SE2VelocityCommand","control":{"type":"MobilitySE2VelocityControl"}}},"body":{"type":"BodyCommand","control":{"type":"BodyComponentBasedCommand","components":{"torso":{"type":"TorsoCommand","control":{"type":"JointImpedanceControlCommand","control":{"type":"JointImpedanceControl"}}},"right_arm":{"type":"ArmCommand","control":{"type":"JointImpedanceControlCommand","control":{"type":"JointImpedanceControl"}}},"left_arm":{"type":"ArmCommand","control":{"type":"JointImpedanceControlCommand","control":{"type":"JointImpedanceControl"}}}}}},"head":{"type":"HeadCommand","control":{"type":"JointPositionCommand","control":{"type":"JointPositionControl"}}}}}} (priority: 1)
[07/28/26 13:27:03.169202] [debug] [02:27:29.299351] [ControlInterface::ExecutionStats] Average Control Time: 0.341 ms (max: 0.456 ms, min: 0.320 ms, sigma: 0.010 ms, count: 5000)
[07/28/26 13:27:13.169199] [debug] [02:27:39.299353] [ControlInterface::ExecutionStats] Average Control Time: 0.338 ms (max: 0.371 ms, min: 0.321 ms, sigma: 0.007 ms, count: 5000)
[07/28/26 13:27:15.431850] [debug] [02:27:41.562002] [Hardware] Hardware Loop Stat (avg: 2.000 ms, min: 1.996 ms, max: 2.004 ms, count: 15000)
[07/28/26 13:27:15.584843] [debug] [02:27:41.715003] [ControlManager] Control Manager Loop Stat (avg: 2.000 ms, min: 1.999 ms, max: 2.001 ms, count: 15000)
[07/28/26 13:27:23.169200] [debug] [02:27:49.299351] [ControlInterface::ExecutionStats] Average Control Time: 0.341 ms (max: 0.379 ms, min: 0.318 ms, sigma: 0.010 ms, count: 5000)
[07/28/26 13:27:33.169210] [debug] [02:27:59.299362] [ControlInterface::ExecutionStats] Average Control Time: 0.341 ms (max: 0.379 ms, min: 0.321 ms, sigma: 0.008 ms, count: 5000)
[07/28/26 13:27:34.917842] [debug] [02:28:01.047994] [Service] Server method called: /rb.api.RobotCommandService/RobotCommand
[07/28/26 13:27:34.917874] [debug] [02:28:01.048037] [Service::RobotCommandService::RobotCommand] Requested: robot_command { whole_body_command { stop_command { } } } priority: 99
[07/28/26 13:27:34.917877] [debug] [02:28:01.048042] [Service::RobotCommandService::RobotCommand]   Peer: ipv4:192.168.30.230:41316
[07/28/26 13:27:34.918024] [debug] [02:28:01.048188] [Service::RobotCommandService::RobotCommand]   IP: 192.168.30.230, Family: ipv4
[07/28/26 13:27:35.021275] [debug] [02:28:01.151431] [ControlManager] Control finished: {"type":"RobotCommand","control":{"type":"ComponentBasedCommand","components":{"mobility":{"type":"MobilityCommand","control":{"type":"SE2VelocityCommand","control":{"type":"MobilitySE2VelocityControl"}}},"body":{"type":"BodyCommand","control":{"type":"BodyComponentBasedCommand","components":{"torso":{"type":"TorsoCommand","control":{"type":"JointImpedanceControlCommand","control":{"type":"JointImpedanceControl"}}},"right_arm":{"type":"ArmCommand","control":{"type":"JointImpedanceControlCommand","control":{"type":"JointImpedanceControl"}}},"left_arm":{"type":"ArmCommand","control":{"type":"JointImpedanceControlCommand","control":{"type":"JointImpedanceControl"}}}}}},"head":{"type":"HeadCommand","control":{"type":"JointPositionCommand","control":{"type":"JointPositionControl"}}}}}}
[07/28/26 13:27:35.021378] [debug] [02:28:01.151536] [Service::RobotCommandService::RobotCommandStream] OnReadDone (write_done: true, read_done: true)
[07/28/26 13:27:35.021397] [debug] [02:28:01.151557] [Service::RobotCommandService::RobotCommandStream] OnCancel
[07/28/26 13:27:35.021473] [info] [02:28:01.151634] [ControlInterface] Control was preempted or canceled by another request.
[07/28/26 13:27:35.021481] [debug] [02:28:01.151641] [ControlInterface::ExecutionStats] Average Control Time: 0.339 ms (max: 0.373 ms, min: 0.323 ms, sigma: 0.007 ms, count: 926)
[07/28/26 13:27:35.021538] [debug] [02:28:01.151698] [Service::RobotCommandService::RobotCommandStream] OnDone: robot_command { component_based_command { mobility_command { se2_velocity_command { command_header { control_hold_time { seconds: 1 } } minimum_time { nanos: 10100000 } velocity { linear { } } acceleration_limit { linear { x: 1 y: 1 } angular: 1 } } } body_command { body_component_based_command { right_arm_command { joint_impedance_control_command { command_header { control_hold_time { seconds: 1 } } minimum_time { nanos: 10100000 } position: 0.1... [truncated]
[07/28/26 13:27:35.022853] [info] [02:28:01.153017] [ControlManager] Control started: {"type":"RobotCommand","control":{"type":"WholeBodyCommand","control":{"type":"StopControl","control":{"type":"JointVelocityControl"}}}} (priority: 99)
[07/28/26 13:27:35.022871] [debug] [02:28:01.153037] [ControlManager] Control finished: {"type":"RobotCommand","control":{"type":"WholeBodyCommand","control":{"type":"StopControl","control":{"type":"JointVelocityControl"}}}}
[07/28/26 13:27:35.022905] [info] [02:28:01.153067] [ControlInterface] Control completed successfully.
[07/28/26 13:27:35.022913] [debug] [02:28:01.153074] [ControlInterface::ExecutionStats] Average Control Time: 0.006 ms (max: 0.006 ms, min: 0.006 ms, sigma: 0.000 ms, count: 1)
[07/28/26 13:27:35.024688] [debug] [02:28:01.154850] [Service] Server method called: /rb.api.ControlManagerService/ControlManagerCommand
[07/28/26 13:27:35.024712] [debug] [02:28:01.154876] [Service::ControlManagerService::ControlManagerCommand] Requested: request_header { request_timestamp { seconds: 1785212801 nanos: 703534009 } } command: COMMAND_DISABLE
[07/28/26 13:27:35.024715] [info] [02:28:01.154881] [ControlManager::Disable] Disable request received. Starting the disabling process...
[07/28/26 13:27:35.024857] [info] [02:28:01.155022] [ControlManager::Disable] Control Manager successfully disabled
[07/28/26 13:27:45.431851] [debug] [02:28:11.562003] [Hardware] Hardware Loop Stat (avg: 2.000 ms, min: 1.999 ms, max: 2.001 ms, count: 15000)
[07/28/26 13:27:45.584841] [debug] [02:28:11.715003] [ControlManager] Control Manager Loop Stat (avg: 2.000 ms, min: 1.997 ms, max: 2.003 ms, count: 15000)
[07/28/26 13:28:15.431850] [debug] [02:28:41.562002] [Hardware] Hardware Loop Stat (avg: 2.000 ms, min: 1.998 ms, max: 2.002 ms, count: 15000)
[07/28/26 13:28:15.584840] [debug] [02:28:41.715002] [ControlManager] Control Manager Loop Stat (avg: 2.000 ms, min: 1.999 ms, max: 2.001 ms, count: 15000)
[07/28/26 13:28:24.189106] [debug] [02:28:50.319259] [Service] Server method called: /rb.api.RobotInfoService/GetRobotInfo
[07/28/26 13:28:24.189140] [debug] [02:28:50.319305] [Service::RobotInfoService::GetRobotInfo] Requested: request_header { request_timestamp { seconds: 1785212850 nanos: 868526016 } }
[07/28/26 13:28:24.190915] [debug] [02:28:50.321077] [Service] Server method called: /rb.api.RobotStateService/GetRobotState
[07/28/26 13:28:24.190934] [debug] [02:28:50.321099] [Service::RobotStateService::GetRobotState] Requested: request_header { request_timestamp { seconds: 1785212850 nanos: 870771427 } }
[07/28/26 13:28:24.193318] [debug] [02:28:50.323477] [Service] Server method called: /rb.api.RobotInfoService/GetRobotInfo
[07/28/26 13:28:24.193339] [debug] [02:28:50.323504] [Service::RobotInfoService::GetRobotInfo] Requested: request_header { request_timestamp { seconds: 1785212850 nanos: 873152095 } }
[07/28/26 13:28:24.194999] [debug] [02:28:50.325160] [Service] Server method called: /rb.api.RobotStateService/GetRobotState
[07/28/26 13:28:24.195016] [debug] [02:28:50.325181] [Service::RobotStateService::GetRobotState] Requested: request_header { request_timestamp { seconds: 1785212850 nanos: 874885329 } }
[07/28/26 13:28:24.196904] [debug] [02:28:50.327065] [Service] Server method called: /rb.api.RobotStateService/GetControlManagerState
[07/28/26 13:28:24.196922] [debug] [02:28:50.327087] [Service::RobotStateService::GetControlManagerState] Requested: request_header { request_timestamp { seconds: 1785212850 nanos: 876766738 } }
[07/28/26 13:28:24.198541] [debug] [02:28:50.328701] [Service] Server method called: /rb.api.RobotInfoService/GetRobotInfo
[07/28/26 13:28:24.198559] [debug] [02:28:50.328724] [Service::RobotInfoService::GetRobotInfo] Requested: request_header { request_timestamp { seconds: 1785212850 nanos: 878351149 } }
[07/28/26 13:28:24.200365] [debug] [02:28:50.330527] [Service] Server method called: /rb.api.RobotStateService/GetRobotState
[07/28/26 13:28:24.200379] [debug] [02:28:50.330544] [Service::RobotStateService::GetRobotState] Requested: request_header { request_timestamp { seconds: 1785212850 nanos: 880242652 } }
[07/28/26 13:28:24.201844] [debug] [02:28:50.332006] [Service] Server method called: /rb.api.RobotStateService/GetRobotState
[07/28/26 13:28:24.201858] [debug] [02:28:50.332022] [Service::RobotStateService::GetRobotState] Requested: request_header { request_timestamp { seconds: 1785212850 nanos: 881820025 } }
[07/28/26 13:28:24.203362] [debug] [02:28:50.333524] [Service] Server method called: /rb.api.RobotInfoService/GetRobotInfo
[07/28/26 13:28:24.203375] [debug] [02:28:50.333540] [Service::RobotInfoService::GetRobotInfo] Requested: request_header { request_timestamp { seconds: 1785212850 nanos: 883323468 } }
[07/28/26 13:28:24.205048] [debug] [02:28:50.335211] [Service] Server method called: /rb.api.ControlManagerService/ControlManagerCommand
[07/28/26 13:28:24.205067] [debug] [02:28:50.335231] [Service::ControlManagerService::ControlManagerCommand] Requested: request_header { request_timestamp { seconds: 1785212850 nanos: 884989254 } } command: COMMAND_ENABLE unlimited_mode_enabled { }
[07/28/26 13:28:24.205070] [info] [02:28:50.335235] [ControlManager::Enable] Enable request received. Starting the enabling process...
[07/28/26 13:28:24.206849] [info] [02:28:50.337014] [ControlManager::Enable] Control Manager successfully enabled
[07/28/26 13:28:24.208363] [debug] [02:28:50.338525] [Service] Server method called: /rb.api.ParameterService/SetParameter
[07/28/26 13:28:24.208407] [debug] [02:28:50.338571] [Service::ParameterService::SetParameter] Requested: request_header { request_timestamp { seconds: 1785212850 nanos: 888218969 } } name: "cartesian_command.cutoff_frequency" parameter: "{\"value\":5,\"write_db\":true}"
[07/28/26 13:28:24.219533] [debug] [02:28:50.349695] [Service] Server method called: /rb.api.ParameterService/SetParameter
[07/28/26 13:28:24.219550] [debug] [02:28:50.349714] [Service::ParameterService::SetParameter] Requested: request_header { request_timestamp { seconds: 1785212850 nanos: 899507453 } } name: "default.acceleration_limit_scaling" parameter: "{\"value\":1.0,\"write_db\":true}"
[07/28/26 13:28:24.227852] [debug] [02:28:50.358013] [Service] Server method called: /rb.api.ParameterService/SetParameter
[07/28/26 13:28:24.227867] [debug] [02:28:50.358032] [Service::ParameterService::SetParameter] Requested: request_header { request_timestamp { seconds: 1785212850 nanos: 907745026 } } name: "default.angular_acceleration_limit" parameter: "{\"value\":10,\"write_db\":true}"
[07/28/26 13:28:24.235766] [debug] [02:28:50.365930] [Service] Server method called: /rb.api.ParameterService/SetParameter
[07/28/26 13:28:24.235779] [debug] [02:28:50.365945] [Service::ParameterService::SetParameter] Requested: request_header { request_timestamp { seconds: 1785212850 nanos: 915652348 } } name: "default.linear_acceleration_limit" parameter: "{\"value\":20,\"write_db\":true}"
[07/28/26 13:28:24.244133] [debug] [02:28:50.374294] [Service] Server method called: /rb.api.ParameterService/SetParameter
[07/28/26 13:28:24.244149] [debug] [02:28:50.374313] [Service::ParameterService::SetParameter] Requested: request_header { request_timestamp { seconds: 1785212850 nanos: 923886382 } } name: "joint_position_command.cutoff_frequency" parameter: "{\"value\":5,\"write_db\":true}"
[07/28/26 13:28:24.252097] [debug] [02:28:50.382257] [Service] Server method called: /rb.api.ParameterService/SetParameter
[07/28/26 13:28:24.252130] [debug] [02:28:50.382294] [Service::ParameterService::SetParameter] Requested: request_header { request_timestamp { seconds: 1785212850 nanos: 931966656 } } name: "manipulability_threshold" parameter: "{\"value\":1e4,\"write_db\":true}"
[07/28/26 13:28:24.259765] [debug] [02:28:50.389926] [Service] Server method called: /rb.api.RobotStateService/GetRobotState
[07/28/26 13:28:24.259781] [debug] [02:28:50.389945] [Service::RobotStateService::GetRobotState] Requested: request_header { request_timestamp { seconds: 1785212850 nanos: 939565198 } }
[07/28/26 13:28:24.261313] [debug] [02:28:50.391466] [Service] Server method called: /rb.api.RobotCommandService/RobotCommand
[07/28/26 13:28:24.261379] [debug] [02:28:50.391541] [Service::RobotCommandService::RobotCommand] Requested: robot_command { component_based_command { body_command { joint_position_command { command_header { control_hold_time { seconds: 1 } } minimum_time { nanos: 500000000 } position: 0.0033527352368886666 position: 0.95934550957224285 position: -1.4149681794314641 position: 0.780462086604747 position: 0.0010365761264672774 position: -0.000991012340688496 position: 0.16201722826505027 position: -0.21661023759232689 position: -0.044986644492250191 posit... [truncated]
[07/28/26 13:28:24.261382] [debug] [02:28:50.391547] [Service::RobotCommandService::RobotCommand]   Peer: ipv4:192.168.30.230:41316
[07/28/26 13:28:24.261522] [debug] [02:28:50.391686] [Service::RobotCommandService::RobotCommand]   IP: 192.168.30.230, Family: ipv4
[07/28/26 13:28:24.266877] [info] [02:28:50.397040] [ControlManager] Control started: {"type":"RobotCommand","control":{"type":"ComponentBasedCommand","components":{"mobility":null,"body":{"type":"BodyCommand","control":{"type":"JointPositionCommand","control":{"type":"JointPositionControl"}}},"head":{"type":"HeadCommand","control":{"type":"JointPositionCommand","control":{"type":"JointPositionControl"}}}}}} (priority: 1)
[07/28/26 13:28:26.024879] [debug] [02:28:52.155038] [ControlManager] Control finished: {"type":"RobotCommand","control":{"type":"ComponentBasedCommand","components":{"mobility":null,"body":{"type":"BodyCommand","control":{"type":"JointPositionCommand","control":{"type":"JointPositionControl"}}},"head":{"type":"HeadCommand","control":{"type":"JointPositionCommand","control":{"type":"JointPositionControl"}}}}}}
[07/28/26 13:28:26.024935] [info] [02:28:52.155096] [ControlInterface] Control completed successfully.
[07/28/26 13:28:26.024943] [debug] [02:28:52.155103] [ControlInterface::ExecutionStats] Average Control Time: 0.001 ms (max: 0.028 ms, min: 0.001 ms, sigma: 0.001 ms, count: 880)
[07/28/26 13:28:26.027562] [debug] [02:28:52.157723] [Service] Server method called: /rb.api.PowerService/ToolFlangePowerCommand
[07/28/26 13:28:26.027592] [debug] [02:28:52.157756] [Service::PowerService::ToolFlangePowerCommand] Requested: request_header { request_timestamp { seconds: 1785212852 nanos: 707097939 } } name: "right" command: COMMAND_POWER_12V
[07/28/26 13:28:26.027597] [debug] [02:28:52.157762] [Service::PowerService::ToolFlangePowerCommand] Result: Success
[07/28/26 13:28:26.029616] [debug] [02:28:52.159776] [Service] Server method called: /rb.api.PowerService/ToolFlangePowerCommand
[07/28/26 13:28:26.029639] [debug] [02:28:52.159803] [Service::PowerService::ToolFlangePowerCommand] Requested: request_header { request_timestamp { seconds: 1785212852 nanos: 709210352 } } name: "left" command: COMMAND_POWER_12V
[07/28/26 13:28:26.029644] [debug] [02:28:52.159809] [Service::PowerService::ToolFlangePowerCommand] Result: Success
[07/28/26 13:28:27.072903] [debug] [02:28:53.203058] [Service] Server method called: /rb.api.RobotStateService/GetRobotState
[07/28/26 13:28:27.072931] [debug] [02:28:53.203096] [Service::RobotStateService::GetRobotState] Requested: request_header { request_timestamp { seconds: 1785212853 nanos: 752275956 } }
[07/28/26 13:28:27.205615] [debug] [02:28:53.335779] [Service] Server method called: /rb.api.RobotCommandService/RobotCommand
[07/28/26 13:28:27.205668] [debug] [02:28:53.335832] [Service::RobotCommandService::RobotCommand] Requested: robot_command { component_based_command { body_command { joint_position_command { command_header { control_hold_time { seconds: 1 } } minimum_time { seconds: 4 } position: 0 position: 0.78539816339744828 position: -1.3962634015954636 position: 0.78539816339744828 position: 0 position: 0 position: 0 position: -0.26179938779914941 position: 0 position: -2.0943951023931953 position: 0 position: 0.52359877559829882 position: 0 position: 0 position: 0... [truncated]
[07/28/26 13:28:27.205670] [debug] [02:28:53.335836] [Service::RobotCommandService::RobotCommand]   Peer: ipv4:192.168.30.230:41316
[07/28/26 13:28:27.205806] [debug] [02:28:53.335971] [Service::RobotCommandService::RobotCommand]   IP: 192.168.30.230, Family: ipv4
[07/28/26 13:28:27.210860] [info] [02:28:53.341023] [ControlManager] Control started: {"type":"RobotCommand","control":{"type":"ComponentBasedCommand","components":{"mobility":null,"body":{"type":"BodyCommand","control":{"type":"JointPositionCommand","control":{"type":"JointPositionControl"}}},"head":{"type":"HeadCommand","control":{"type":"JointPositionCommand","control":{"type":"JointPositionControl"}}}}}} (priority: 1)
[07/28/26 13:28:32.468877] [debug] [02:28:58.599036] [ControlManager] Control finished: {"type":"RobotCommand","control":{"type":"ComponentBasedCommand","components":{"mobility":null,"body":{"type":"BodyCommand","control":{"type":"JointPositionCommand","control":{"type":"JointPositionControl"}}},"head":{"type":"HeadCommand","control":{"type":"JointPositionCommand","control":{"type":"JointPositionControl"}}}}}}
[07/28/26 13:28:32.468933] [info] [02:28:58.599095] [ControlInterface] Control completed successfully.
[07/28/26 13:28:32.468944] [debug] [02:28:58.599102] [ControlInterface::ExecutionStats] Average Control Time: 0.001 ms (max: 0.020 ms, min: 0.001 ms, sigma: 0.000 ms, count: 2630)
[07/28/26 13:28:32.471414] [debug] [02:28:58.601573] [Service] Server method called: /rb.api.RobotCommandService/RobotCommandStream
[07/28/26 13:28:32.471427] [debug] [02:28:58.601591] [Service::RobotCommandService::RobotCommandStream] Stream is created
[07/28/26 13:28:32.471717] [debug] [02:28:58.601878] [Service] Server method called: /rb.api.RobotStateService/GetRobotState
[07/28/26 13:28:32.471747] [debug] [02:28:58.601912] [Service::RobotStateService::GetRobotState] Requested: request_header { request_timestamp { seconds: 1785212859 nanos: 151727210 } }
[07/28/26 13:28:32.485200] [debug] [02:28:58.615361] [Service::RobotCommandService::RobotCommandStream] Requested: robot_command { component_based_command { mobility_command { se2_velocity_command { command_header { control_hold_time { seconds: 1 } } minimum_time { nanos: 10100000 } velocity { linear { } } acceleration_limit { linear { x: 1 y: 1 } angular: 1 } } } body_command { body_component_based_command { right_arm_command { joint_impedance_control_command { command_header { control_hold_time { seconds: 1 } } minimum_time { nanos: 10100000 } position: -3.... [truncated]
[07/28/26 13:28:32.485207] [debug] [02:28:58.615372] [Service::RobotCommandService::RobotCommandStream]   Peer: ipv4:192.168.30.230:41316
[07/28/26 13:28:32.485360] [debug] [02:28:58.615524] [Service::RobotCommandService::RobotCommandStream]   IP: 192.168.30.230, Family: ipv4
[07/28/26 13:28:32.490893] [info] [02:28:58.621054] [ControlManager] Control started: {"type":"RobotCommand","control":{"type":"ComponentBasedCommand","components":{"mobility":{"type":"MobilityCommand","control":{"type":"SE2VelocityCommand","control":{"type":"MobilitySE2VelocityControl"}}},"body":{"type":"BodyCommand","control":{"type":"BodyComponentBasedCommand","components":{"torso":{"type":"TorsoCommand","control":{"type":"JointImpedanceControlCommand","control":{"type":"JointImpedanceControl"}}},"right_arm":{"type":"ArmCommand","control":{"type":"JointImpedanceControlCommand","control":{"type":"JointImpedanceControl"}}},"left_arm":{"type":"ArmCommand","control":{"type":"JointImpedanceControlCommand","control":{"type":"JointImpedanceControl"}}}}}},"head":{"type":"HeadCommand","control":{"type":"JointPositionCommand","control":{"type":"JointPositionControl"}}}}}} (priority: 1)
[07/28/26 13:28:42.489204] [debug] [02:29:08.619352] [ControlInterface::ExecutionStats] Average Control Time: 0.338 ms (max: 0.436 ms, min: 0.319 ms, sigma: 0.008 ms, count: 5000)
[07/28/26 13:28:45.431850] [debug] [02:29:11.562002] [Hardware] Hardware Loop Stat (avg: 2.000 ms, min: 1.998 ms, max: 2.002 ms, count: 15000)
[07/28/26 13:28:45.584844] [debug] [02:29:11.715003] [ControlManager] Control Manager Loop Stat (avg: 2.000 ms, min: 1.999 ms, max: 2.001 ms, count: 15000)
[07/28/26 13:28:52.489200] [debug] [02:29:18.619351] [ControlInterface::ExecutionStats] Average Control Time: 0.343 ms (max: 0.378 ms, min: 0.321 ms, sigma: 0.009 ms, count: 5000)
[07/28/26 13:29:02.489200] [debug] [02:29:28.619351] [ControlInterface::ExecutionStats] Average Control Time: 0.344 ms (max: 0.379 ms, min: 0.323 ms, sigma: 0.009 ms, count: 5000)
[07/28/26 13:29:12.489239] [debug] [02:29:38.619391] [ControlInterface::ExecutionStats] Average Control Time: 0.341 ms (max: 0.377 ms, min: 0.320 ms, sigma: 0.009 ms, count: 5000)
[07/28/26 13:29:15.431850] [debug] [02:29:41.562003] [Hardware] Hardware Loop Stat (avg: 2.000 ms, min: 1.999 ms, max: 2.001 ms, count: 15000)
[07/28/26 13:29:15.584843] [debug] [02:29:41.715003] [ControlManager] Control Manager Loop Stat (avg: 2.000 ms, min: 1.997 ms, max: 2.003 ms, count: 15000)
[07/28/26 13:29:16.362977] [debug] [02:29:42.493132] [Service] Server method called: /rb.api.RobotCommandService/RobotCommand
[07/28/26 13:29:16.363009] [debug] [02:29:42.493172] [Service::RobotCommandService::RobotCommand] Requested: robot_command { whole_body_command { stop_command { } } } priority: 99
[07/28/26 13:29:16.363012] [debug] [02:29:42.493177] [Service::RobotCommandService::RobotCommand]   Peer: ipv4:192.168.30.230:41316
[07/28/26 13:29:16.363164] [debug] [02:29:42.493328] [Service::RobotCommandService::RobotCommand]   IP: 192.168.30.230, Family: ipv4
[07/28/26 13:29:16.467269] [debug] [02:29:42.597427] [ControlManager] Control finished: {"type":"RobotCommand","control":{"type":"ComponentBasedCommand","components":{"mobility":{"type":"MobilityCommand","control":{"type":"SE2VelocityCommand","control":{"type":"MobilitySE2VelocityControl"}}},"body":{"type":"BodyCommand","control":{"type":"BodyComponentBasedCommand","components":{"torso":{"type":"TorsoCommand","control":{"type":"JointImpedanceControlCommand","control":{"type":"JointImpedanceControl"}}},"right_arm":{"type":"ArmCommand","control":{"type":"JointImpedanceControlCommand","control":{"type":"JointImpedanceControl"}}},"left_arm":{"type":"ArmCommand","control":{"type":"JointImpedanceControlCommand","control":{"type":"JointImpedanceControl"}}}}}},"head":{"type":"HeadCommand","control":{"type":"JointPositionCommand","control":{"type":"JointPositionControl"}}}}}}
[07/28/26 13:29:16.467384] [debug] [02:29:42.597542] [Service::RobotCommandService::RobotCommandStream] OnReadDone (write_done: true, read_done: true)
[07/28/26 13:29:16.467397] [debug] [02:29:42.597557] [Service::RobotCommandService::RobotCommandStream] OnCancel
[07/28/26 13:29:16.467494] [info] [02:29:42.597655] [ControlInterface] Control was preempted or canceled by another request.
[07/28/26 13:29:16.467503] [debug] [02:29:42.597663] [ControlInterface::ExecutionStats] Average Control Time: 0.344 ms (max: 0.385 ms, min: 0.325 ms, sigma: 0.009 ms, count: 1989)
[07/28/26 13:29:16.467557] [debug] [02:29:42.597718] [Service::RobotCommandService::RobotCommandStream] OnDone: robot_command { component_based_command { mobility_command { se2_velocity_command { command_header { control_hold_time { seconds: 1 } } minimum_time { nanos: 10100000 } velocity { linear { } } acceleration_limit { linear { x: 1 y: 1 } angular: 1 } } } body_command { body_component_based_command { right_arm_command { joint_impedance_control_command { command_header { control_hold_time { seconds: 1 } } minimum_time { nanos: 10100000 } position: 0.1... [truncated]
[07/28/26 13:29:16.468853] [info] [02:29:42.599017] [ControlManager] Control started: {"type":"RobotCommand","control":{"type":"WholeBodyCommand","control":{"type":"StopControl","control":{"type":"JointVelocityControl"}}}} (priority: 99)
[07/28/26 13:29:16.468872] [debug] [02:29:42.599038] [ControlManager] Control finished: {"type":"RobotCommand","control":{"type":"WholeBodyCommand","control":{"type":"StopControl","control":{"type":"JointVelocityControl"}}}}
[07/28/26 13:29:16.468907] [info] [02:29:42.599070] [ControlInterface] Control completed successfully.
[07/28/26 13:29:16.468912] [debug] [02:29:42.599074] [ControlInterface::ExecutionStats] Average Control Time: 0.005 ms (max: 0.005 ms, min: 0.005 ms, sigma: 0.000 ms, count: 1)
[07/28/26 13:29:16.471043] [debug] [02:29:42.601205] [Service] Server method called: /rb.api.ControlManagerService/ControlManagerCommand
[07/28/26 13:29:16.471065] [debug] [02:29:42.601229] [Service::ControlManagerService::ControlManagerCommand] Requested: request_header { request_timestamp { seconds: 1785212903 nanos: 151880974 } } command: COMMAND_DISABLE
[07/28/26 13:29:16.471069] [info] [02:29:42.601235] [ControlManager::Disable] Disable request received. Starting the disabling process...
[07/28/26 13:29:16.472854] [info] [02:29:42.603019] [ControlManager::Disable] Control Manager successfully disabled
[07/28/26 13:29:45.431850] [debug] [02:30:11.562003] [Hardware] Hardware Loop Stat (avg: 2.000 ms, min: 1.998 ms, max: 2.002 ms, count: 15000)
[07/28/26 13:29:45.584842] [debug] [02:30:11.715004] [ControlManager] Control Manager Loop Stat (avg: 2.000 ms, min: 1.999 ms, max: 2.001 ms, count: 15000)
[07/28/26 13:30:15.431848] [debug] [02:30:41.562002] [Hardware] Hardware Loop Stat (avg: 2.000 ms, min: 1.999 ms, max: 2.001 ms, count: 15000)
[07/28/26 13:30:15.584840] [debug] [02:30:41.715003] [ControlManager] Control Manager Loop Stat (avg: 2.000 ms, min: 1.998 ms, max: 2.002 ms, count: 15000)
[07/28/26 13:30:45.431850] [debug] [02:31:11.562003] [Hardware] Hardware Loop Stat (avg: 2.000 ms, min: 1.999 ms, max: 2.001 ms, count: 15000)
[07/28/26 13:30:45.584840] [debug] [02:31:11.715003] [ControlManager] Control Manager Loop Stat (avg: 2.000 ms, min: 1.998 ms, max: 2.002 ms, count: 15000)
[07/28/26 13:31:15.431849] [debug] [02:31:41.562003] [Hardware] Hardware Loop Stat (avg: 2.000 ms, min: 1.998 ms, max: 2.002 ms, count: 15000)
[07/28/26 13:31:15.584839] [debug] [02:31:41.715002] [ControlManager] Control Manager Loop Stat (avg: 2.000 ms, min: 1.999 ms, max: 2.001 ms, count: 15000)
[07/28/26 13:31:45.431850] [debug] [02:32:11.562002] [Hardware] Hardware Loop Stat (avg: 2.000 ms, min: 1.998 ms, max: 2.002 ms, count: 15000)
[07/28/26 13:31:45.584840] [debug] [02:32:11.715003] [ControlManager] Control Manager Loop Stat (avg: 2.000 ms, min: 1.998 ms, max: 2.002 ms, count: 15000)
[07/28/26 13:32:15.431849] [debug] [02:32:41.562003] [Hardware] Hardware Loop Stat (avg: 2.000 ms, min: 1.999 ms, max: 2.001 ms, count: 15000)
[07/28/26 13:32:15.584839] [debug] [02:32:41.715002] [ControlManager] Control Manager Loop Stat (avg: 2.000 ms, min: 1.998 ms, max: 2.002 ms, count: 15000)
[07/28/26 13:32:45.431848] [debug] [02:33:11.562003] [Hardware] Hardware Loop Stat (avg: 2.000 ms, min: 1.998 ms, max: 2.002 ms, count: 15000)
[07/28/26 13:32:45.584839] [debug] [02:33:11.715002] [ControlManager] Control Manager Loop Stat (avg: 2.000 ms, min: 1.999 ms, max: 2.001 ms, count: 15000)
[07/28/26 13:33:15.431849] [debug] [02:33:41.562003] [Hardware] Hardware Loop Stat (avg: 2.000 ms, min: 1.998 ms, max: 2.002 ms, count: 15000)
[07/28/26 13:33:15.584840] [debug] [02:33:41.715002] [ControlManager] Control Manager Loop Stat (avg: 2.000 ms, min: 1.997 ms, max: 2.003 ms, count: 15000)
[07/28/26 13:33:45.431849] [debug] [02:34:11.562003] [Hardware] Hardware Loop Stat (avg: 2.000 ms, min: 1.999 ms, max: 2.002 ms, count: 15000)
[07/28/26 13:33:45.584839] [debug] [02:34:11.715002] [ControlManager] Control Manager Loop Stat (avg: 2.000 ms, min: 1.998 ms, max: 2.002 ms, count: 15000)
[07/28/26 13:34:15.431848] [debug] [02:34:41.562003] [Hardware] Hardware Loop Stat (avg: 2.000 ms, min: 1.998 ms, max: 2.002 ms, count: 15000)
[07/28/26 13:34:15.584840] [debug] [02:34:41.715003] [ControlManager] Control Manager Loop Stat (avg: 2.000 ms, min: 1.999 ms, max: 2.001 ms, count: 15000)
[07/28/26 13:34:45.431849] [debug] [02:35:11.562003] [Hardware] Hardware Loop Stat (avg: 2.000 ms, min: 1.998 ms, max: 2.001 ms, count: 15000)
[07/28/26 13:34:45.584839] [debug] [02:35:11.715002] [ControlManager] Control Manager Loop Stat (avg: 2.000 ms, min: 1.998 ms, max: 2.002 ms, count: 15000)
[07/28/26 13:35:15.431850] [debug] [02:35:41.562003] [Hardware] Hardware Loop Stat (avg: 2.000 ms, min: 1.998 ms, max: 2.002 ms, count: 15000)
[07/28/26 13:35:15.584839] [debug] [02:35:41.715002] [ControlManager] Control Manager Loop Stat (avg: 2.000 ms, min: 1.997 ms, max: 2.003 ms, count: 15000)
[07/28/26 13:35:45.431849] [debug] [02:36:11.562003] [Hardware] Hardware Loop Stat (avg: 2.000 ms, min: 1.998 ms, max: 2.002 ms, count: 15000)
[07/28/26 13:35:45.584839] [debug] [02:36:11.715002] [ControlManager] Control Manager Loop Stat (avg: 2.000 ms, min: 1.998 ms, max: 2.002 ms, count: 15000)
[07/28/26 13:36:15.431849] [debug] [02:36:41.562003] [Hardware] Hardware Loop Stat (avg: 2.000 ms, min: 1.998 ms, max: 2.002 ms, count: 15000)
[07/28/26 13:36:15.584839] [debug] [02:36:41.715003] [ControlManager] Control Manager Loop Stat (avg: 2.000 ms, min: 1.998 ms, max: 2.002 ms, count: 15000)
[07/28/26 13:36:45.431848] [debug] [02:37:11.562002] [Hardware] Hardware Loop Stat (avg: 2.000 ms, min: 1.998 ms, max: 2.002 ms, count: 15000)
[07/28/26 13:36:45.584840] [debug] [02:37:11.715003] [ControlManager] Control Manager Loop Stat (avg: 2.000 ms, min: 1.998 ms, max: 2.002 ms, count: 15000)
[07/28/26 13:37:15.431850] [debug] [02:37:41.562003] [Hardware] Hardware Loop Stat (avg: 2.000 ms, min: 1.998 ms, max: 2.002 ms, count: 15000)
[07/28/26 13:37:15.584839] [debug] [02:37:41.715002] [ControlManager] Control Manager Loop Stat (avg: 2.000 ms, min: 1.999 ms, max: 2.001 ms, count: 15000)
[07/28/26 13:37:45.431851] [debug] [02:38:11.562002] [Hardware] Hardware Loop Stat (avg: 2.000 ms, min: 1.998 ms, max: 2.002 ms, count: 15000)
[07/28/26 13:37:45.584839] [debug] [02:38:11.715002] [ControlManager] Control Manager Loop Stat (avg: 2.000 ms, min: 1.998 ms, max: 2.002 ms, count: 15000)
[07/28/26 13:38:06.942114] [debug] [02:38:33.072266] [Service] Server method called: /rb.api.RobotInfoService/GetRobotInfo
[07/28/26 13:38:06.942158] [debug] [02:38:33.072323] [Service::RobotInfoService::GetRobotInfo] Requested: request_header { request_timestamp { seconds: 1785213433 nanos: 624152334 } }
[07/28/26 13:38:06.943697] [debug] [02:38:33.073861] [Service] Server method called: /rb.api.RobotStateService/GetRobotState
[07/28/26 13:38:06.943716] [debug] [02:38:33.073881] [Service::RobotStateService::GetRobotState] Requested: request_header { request_timestamp { seconds: 1785213433 nanos: 626290104 } }
[07/28/26 13:38:06.945444] [debug] [02:38:33.075604] [Service] Server method called: /rb.api.RobotInfoService/GetRobotInfo
[07/28/26 13:38:06.945464] [debug] [02:38:33.075629] [Service::RobotInfoService::GetRobotInfo] Requested: request_header { request_timestamp { seconds: 1785213433 nanos: 628064019 } }
[07/28/26 13:38:06.946856] [debug] [02:38:33.077020] [Service] Server method called: /rb.api.RobotStateService/GetRobotState
[07/28/26 13:38:06.946865] [debug] [02:38:33.077030] [Service::RobotStateService::GetRobotState] Requested: request_header { request_timestamp { seconds: 1785213433 nanos: 629513683 } }
[07/28/26 13:38:06.948355] [debug] [02:38:33.078515] [Service] Server method called: /rb.api.RobotStateService/GetControlManagerState
[07/28/26 13:38:06.948375] [debug] [02:38:33.078539] [Service::RobotStateService::GetControlManagerState] Requested: request_header { request_timestamp { seconds: 1785213433 nanos: 630979545 } }
[07/28/26 13:38:06.949952] [debug] [02:38:33.080117] [Service] Server method called: /rb.api.RobotInfoService/GetRobotInfo
[07/28/26 13:38:06.949965] [debug] [02:38:33.080126] [Service::RobotInfoService::GetRobotInfo] Requested: request_header { request_timestamp { seconds: 1785213433 nanos: 632538454 } }
[07/28/26 13:38:06.951685] [debug] [02:38:33.081847] [Service] Server method called: /rb.api.RobotStateService/GetRobotState
[07/28/26 13:38:06.951699] [debug] [02:38:33.081864] [Service::RobotStateService::GetRobotState] Requested: request_header { request_timestamp { seconds: 1785213433 nanos: 634230213 } }
[07/28/26 13:38:06.953243] [debug] [02:38:33.083408] [Service] Server method called: /rb.api.RobotStateService/GetRobotState
[07/28/26 13:38:06.953250] [debug] [02:38:33.083416] [Service::RobotStateService::GetRobotState] Requested: request_header { request_timestamp { seconds: 1785213433 nanos: 635853773 } }
[07/28/26 13:38:06.954928] [debug] [02:38:33.085089] [Service] Server method called: /rb.api.RobotInfoService/GetRobotInfo
[07/28/26 13:38:06.954944] [debug] [02:38:33.085108] [Service::RobotInfoService::GetRobotInfo] Requested: request_header { request_timestamp { seconds: 1785213433 nanos: 637514614 } }
[07/28/26 13:38:06.956795] [debug] [02:38:33.086959] [Service] Server method called: /rb.api.ControlManagerService/ControlManagerCommand
[07/28/26 13:38:06.956814] [debug] [02:38:33.086979] [Service::ControlManagerService::ControlManagerCommand] Requested: request_header { request_timestamp { seconds: 1785213433 nanos: 639316317 } } command: COMMAND_ENABLE unlimited_mode_enabled { }
[07/28/26 13:38:06.956817] [info] [02:38:33.086982] [ControlManager::Enable] Enable request received. Starting the enabling process...
[07/28/26 13:38:06.956850] [info] [02:38:33.087016] [ControlManager::Enable] Control Manager successfully enabled
[07/28/26 13:38:06.958463] [debug] [02:38:33.088626] [Service] Server method called: /rb.api.ParameterService/SetParameter
[07/28/26 13:38:06.958482] [debug] [02:38:33.088646] [Service::ParameterService::SetParameter] Requested: request_header { request_timestamp { seconds: 1785213433 nanos: 640994766 } } name: "cartesian_command.cutoff_frequency" parameter: "{\"value\":5,\"write_db\":true}"
[07/28/26 13:38:06.970005] [debug] [02:38:33.100169] [Service] Server method called: /rb.api.ParameterService/SetParameter
[07/28/26 13:38:06.970023] [debug] [02:38:33.100189] [Service::ParameterService::SetParameter] Requested: request_header { request_timestamp { seconds: 1785213433 nanos: 652567061 } } name: "default.acceleration_limit_scaling" parameter: "{\"value\":1.0,\"write_db\":true}"
[07/28/26 13:38:06.974572] [debug] [02:38:33.104733] [Service] Server method called: /rb.api.ParameterService/SetParameter
[07/28/26 13:38:06.974588] [debug] [02:38:33.104753] [Service::ParameterService::SetParameter] Requested: request_header { request_timestamp { seconds: 1785213433 nanos: 657180757 } } name: "default.angular_acceleration_limit" parameter: "{\"value\":10,\"write_db\":true}"
[07/28/26 13:38:06.979059] [debug] [02:38:33.109221] [Service] Server method called: /rb.api.ParameterService/SetParameter
[07/28/26 13:38:06.979076] [debug] [02:38:33.109240] [Service::ParameterService::SetParameter] Requested: request_header { request_timestamp { seconds: 1785213433 nanos: 661696616 } } name: "default.linear_acceleration_limit" parameter: "{\"value\":20,\"write_db\":true}"
[07/28/26 13:38:06.983634] [debug] [02:38:33.113794] [Service] Server method called: /rb.api.ParameterService/SetParameter
[07/28/26 13:38:06.983650] [debug] [02:38:33.113814] [Service::ParameterService::SetParameter] Requested: request_header { request_timestamp { seconds: 1785213433 nanos: 666262690 } } name: "joint_position_command.cutoff_frequency" parameter: "{\"value\":5,\"write_db\":true}"
[07/28/26 13:38:06.988420] [debug] [02:38:33.118583] [Service] Server method called: /rb.api.ParameterService/SetParameter
[07/28/26 13:38:06.988438] [debug] [02:38:33.118603] [Service::ParameterService::SetParameter] Requested: request_header { request_timestamp { seconds: 1785213433 nanos: 671014950 } } name: "manipulability_threshold" parameter: "{\"value\":1e4,\"write_db\":true}"
[07/28/26 13:38:06.992990] [debug] [02:38:33.123151] [Service] Server method called: /rb.api.RobotStateService/GetRobotState
[07/28/26 13:38:06.993007] [debug] [02:38:33.123171] [Service::RobotStateService::GetRobotState] Requested: request_header { request_timestamp { seconds: 1785213433 nanos: 675481493 } }
[07/28/26 13:38:06.995190] [debug] [02:38:33.125353] [Service] Server method called: /rb.api.RobotCommandService/RobotCommand
[07/28/26 13:38:06.995258] [debug] [02:38:33.125422] [Service::RobotCommandService::RobotCommand] Requested: robot_command { component_based_command { body_command { joint_position_command { command_header { control_hold_time { seconds: 1 } } minimum_time { nanos: 500000000 } position: 0.0050158134178141887 position: 0.95702555347967322 position: -1.4134911533758021 position: 0.78026464353303893 position: 0.0012112373052859395 position: -0.001344131680474052 position: 0.11025676762035458 position: -0.258844070027109 position: 0.058279878993209674 positi... [truncated]
[07/28/26 13:38:06.995261] [debug] [02:38:33.125427] [Service::RobotCommandService::RobotCommand]   Peer: ipv4:192.168.30.230:41316
[07/28/26 13:38:06.995394] [debug] [02:38:33.125559] [Service::RobotCommandService::RobotCommand]   IP: 192.168.30.230, Family: ipv4
[07/28/26 13:38:07.000873] [info] [02:38:33.131036] [ControlManager] Control started: {"type":"RobotCommand","control":{"type":"ComponentBasedCommand","components":{"mobility":null,"body":{"type":"BodyCommand","control":{"type":"JointPositionCommand","control":{"type":"JointPositionControl"}}},"head":{"type":"HeadCommand","control":{"type":"JointPositionCommand","control":{"type":"JointPositionControl"}}}}}} (priority: 1)
[07/28/26 13:38:08.758877] [debug] [02:38:34.889036] [ControlManager] Control finished: {"type":"RobotCommand","control":{"type":"ComponentBasedCommand","components":{"mobility":null,"body":{"type":"BodyCommand","control":{"type":"JointPositionCommand","control":{"type":"JointPositionControl"}}},"head":{"type":"HeadCommand","control":{"type":"JointPositionCommand","control":{"type":"JointPositionControl"}}}}}}
[07/28/26 13:38:08.758930] [info] [02:38:34.889090] [ControlInterface] Control completed successfully.
[07/28/26 13:38:08.758941] [debug] [02:38:34.889099] [ControlInterface::ExecutionStats] Average Control Time: 0.001 ms (max: 0.027 ms, min: 0.001 ms, sigma: 0.001 ms, count: 880)
[07/28/26 13:38:08.761471] [debug] [02:38:34.891632] [Service] Server method called: /rb.api.PowerService/ToolFlangePowerCommand
[07/28/26 13:38:08.761499] [debug] [02:38:34.891663] [Service::PowerService::ToolFlangePowerCommand] Requested: request_header { request_timestamp { seconds: 1785213435 nanos: 443761016 } } name: "right" command: COMMAND_POWER_12V
[07/28/26 13:38:08.761505] [debug] [02:38:34.891670] [Service::PowerService::ToolFlangePowerCommand] Result: Success
[07/28/26 13:38:08.763367] [debug] [02:38:34.893528] [Service] Server method called: /rb.api.PowerService/ToolFlangePowerCommand
[07/28/26 13:38:08.763389] [debug] [02:38:34.893554] [Service::PowerService::ToolFlangePowerCommand] Requested: request_header { request_timestamp { seconds: 1785213435 nanos: 445782870 } } name: "left" command: COMMAND_POWER_12V
[07/28/26 13:38:08.763394] [debug] [02:38:34.893560] [Service::PowerService::ToolFlangePowerCommand] Result: Success
[07/28/26 13:38:09.824966] [debug] [02:38:35.955124] [Service] Server method called: /rb.api.RobotStateService/GetRobotState
[07/28/26 13:38:09.824991] [debug] [02:38:35.955155] [Service::RobotStateService::GetRobotState] Requested: request_header { request_timestamp { seconds: 1785213436 nanos: 506891445 } }
[07/28/26 13:38:09.964229] [debug] [02:38:36.094376] [Service] Server method called: /rb.api.RobotCommandService/RobotCommand
[07/28/26 13:38:09.964309] [debug] [02:38:36.094467] [Service::RobotCommandService::RobotCommand] Requested: robot_command { component_based_command { body_command { joint_position_command { command_header { control_hold_time { seconds: 1 } } minimum_time { seconds: 4 } position: 0 position: 0.78539816339744828 position: -1.3962634015954636 position: 0.78539816339744828 position: 0 position: 0 position: 0 position: -0.26179938779914941 position: 0 position: -2.0943951023931953 position: 0 position: 0.52359877559829882 position: 0 position: 0 position: 0... [truncated]
[07/28/26 13:38:09.964313] [debug] [02:38:36.094478] [Service::RobotCommandService::RobotCommand]   Peer: ipv4:192.168.30.230:41316
[07/28/26 13:38:09.964463] [debug] [02:38:36.094627] [Service::RobotCommandService::RobotCommand]   IP: 192.168.30.230, Family: ipv4
[07/28/26 13:38:09.968872] [info] [02:38:36.099029] [ControlManager] Control started: {"type":"RobotCommand","control":{"type":"ComponentBasedCommand","components":{"mobility":null,"body":{"type":"BodyCommand","control":{"type":"JointPositionCommand","control":{"type":"JointPositionControl"}}},"head":{"type":"HeadCommand","control":{"type":"JointPositionCommand","control":{"type":"JointPositionControl"}}}}}} (priority: 1)
[07/28/26 13:38:15.226877] [debug] [02:38:41.357035] [ControlManager] Control finished: {"type":"RobotCommand","control":{"type":"ComponentBasedCommand","components":{"mobility":null,"body":{"type":"BodyCommand","control":{"type":"JointPositionCommand","control":{"type":"JointPositionControl"}}},"head":{"type":"HeadCommand","control":{"type":"JointPositionCommand","control":{"type":"JointPositionControl"}}}}}}
[07/28/26 13:38:15.226933] [info] [02:38:41.357093] [ControlInterface] Control completed successfully.
[07/28/26 13:38:15.226942] [debug] [02:38:41.357102] [ControlInterface::ExecutionStats] Average Control Time: 0.001 ms (max: 0.021 ms, min: 0.001 ms, sigma: 0.000 ms, count: 2630)
[07/28/26 13:38:15.229651] [debug] [02:38:41.359813] [Service] Server method called: /rb.api.RobotCommandService/RobotCommandStream
[07/28/26 13:38:15.229664] [debug] [02:38:41.359829] [Service::RobotCommandService::RobotCommandStream] Stream is created
[07/28/26 13:38:15.230116] [debug] [02:38:41.360278] [Service] Server method called: /rb.api.RobotStateService/GetRobotState
[07/28/26 13:38:15.230145] [debug] [02:38:41.360309] [Service::RobotStateService::GetRobotState] Requested: request_header { request_timestamp { seconds: 1785213441 nanos: 912556890 } }
[07/28/26 13:38:15.244095] [debug] [02:38:41.374256] [Service::RobotCommandService::RobotCommandStream] Requested: robot_command { component_based_command { mobility_command { se2_velocity_command { command_header { control_hold_time { seconds: 1 } } minimum_time { nanos: 10100000 } velocity { linear { } } acceleration_limit { linear { x: 1 y: 1 } angular: 1 } } } body_command { body_component_based_command { right_arm_command { joint_impedance_control_command { command_header { control_hold_time { seconds: 1 } } minimum_time { nanos: 10100000 } position: -3.... [truncated]
[07/28/26 13:38:15.244101] [debug] [02:38:41.374266] [Service::RobotCommandService::RobotCommandStream]   Peer: ipv4:192.168.30.230:41316
[07/28/26 13:38:15.244246] [debug] [02:38:41.374410] [Service::RobotCommandService::RobotCommandStream]   IP: 192.168.30.230, Family: ipv4
[07/28/26 13:38:15.248891] [info] [02:38:41.379053] [ControlManager] Control started: {"type":"RobotCommand","control":{"type":"ComponentBasedCommand","components":{"mobility":{"type":"MobilityCommand","control":{"type":"SE2VelocityCommand","control":{"type":"MobilitySE2VelocityControl"}}},"body":{"type":"BodyCommand","control":{"type":"BodyComponentBasedCommand","components":{"torso":{"type":"TorsoCommand","control":{"type":"JointImpedanceControlCommand","control":{"type":"JointImpedanceControl"}}},"right_arm":{"type":"ArmCommand","control":{"type":"JointImpedanceControlCommand","control":{"type":"JointImpedanceControl"}}},"left_arm":{"type":"ArmCommand","control":{"type":"JointImpedanceControlCommand","control":{"type":"JointImpedanceControl"}}}}}},"head":{"type":"HeadCommand","control":{"type":"JointPositionCommand","control":{"type":"JointPositionControl"}}}}}} (priority: 1)
[07/28/26 13:38:15.431848] [debug] [02:38:41.562002] [Hardware] Hardware Loop Stat (avg: 2.000 ms, min: 1.998 ms, max: 2.002 ms, count: 15000)
[07/28/26 13:38:15.584843] [debug] [02:38:41.715003] [ControlManager] Control Manager Loop Stat (avg: 2.000 ms, min: 1.998 ms, max: 2.002 ms, count: 15000)
[07/28/26 13:38:25.247206] [debug] [02:38:51.377355] [ControlInterface::ExecutionStats] Average Control Time: 0.338 ms (max: 0.443 ms, min: 0.324 ms, sigma: 0.008 ms, count: 5000)
[07/28/26 13:38:35.247220] [debug] [02:39:01.377371] [ControlInterface::ExecutionStats] Average Control Time: 0.342 ms (max: 0.390 ms, min: 0.325 ms, sigma: 0.009 ms, count: 5000)
[07/28/26 13:38:45.247216] [debug] [02:39:11.377369] [ControlInterface::ExecutionStats] Average Control Time: 0.342 ms (max: 0.393 ms, min: 0.319 ms, sigma: 0.012 ms, count: 5000)
[07/28/26 13:38:45.431844] [debug] [02:39:11.562002] [Hardware] Hardware Loop Stat (avg: 2.000 ms, min: 1.996 ms, max: 2.003 ms, count: 15000)
[07/28/26 13:38:45.584843] [debug] [02:39:11.715003] [ControlManager] Control Manager Loop Stat (avg: 2.000 ms, min: 1.996 ms, max: 2.004 ms, count: 15000)
[07/28/26 13:38:51.330203] [debug] [02:39:17.460356] [Service] Server method called: /rb.api.RobotCommandService/RobotCommand
[07/28/26 13:38:51.330235] [debug] [02:39:17.460399] [Service::RobotCommandService::RobotCommand] Requested: robot_command { whole_body_command { stop_command { } } } priority: 99
[07/28/26 13:38:51.330238] [debug] [02:39:17.460403] [Service::RobotCommandService::RobotCommand]   Peer: ipv4:192.168.30.230:41316
[07/28/26 13:38:51.330390] [debug] [02:39:17.460554] [Service::RobotCommandService::RobotCommand]   IP: 192.168.30.230, Family: ipv4
[07/28/26 13:38:51.433258] [debug] [02:39:17.563411] [ControlManager] Control finished: {"type":"RobotCommand","control":{"type":"ComponentBasedCommand","components":{"mobility":{"type":"MobilityCommand","control":{"type":"SE2VelocityCommand","control":{"type":"MobilitySE2VelocityControl"}}},"body":{"type":"BodyCommand","control":{"type":"BodyComponentBasedCommand","components":{"torso":{"type":"TorsoCommand","control":{"type":"JointImpedanceControlCommand","control":{"type":"JointImpedanceControl"}}},"right_arm":{"type":"ArmCommand","control":{"type":"JointImpedanceControlCommand","control":{"type":"JointImpedanceControl"}}},"left_arm":{"type":"ArmCommand","control":{"type":"JointImpedanceControlCommand","control":{"type":"JointImpedanceControl"}}}}}},"head":{"type":"HeadCommand","control":{"type":"JointPositionCommand","control":{"type":"JointPositionControl"}}}}}}
[07/28/26 13:38:51.433407] [debug] [02:39:17.563568] [Service::RobotCommandService::RobotCommandStream] OnReadDone (write_done: true, read_done: true)
[07/28/26 13:38:51.433442] [debug] [02:39:17.563606] [Service::RobotCommandService::RobotCommandStream] OnCancel
[07/28/26 13:38:51.433492] [info] [02:39:17.563652] [ControlInterface] Control was preempted or canceled by another request.
[07/28/26 13:38:51.433503] [debug] [02:39:17.563661] [ControlInterface::ExecutionStats] Average Control Time: 0.344 ms (max: 0.384 ms, min: 0.326 ms, sigma: 0.009 ms, count: 3093)
[07/28/26 13:38:51.433581] [debug] [02:39:17.563745] [Service::RobotCommandService::RobotCommandStream] OnDone: robot_command { component_based_command { mobility_command { se2_velocity_command { command_header { control_hold_time { seconds: 1 } } minimum_time { nanos: 10100000 } velocity { linear { } } acceleration_limit { linear { x: 1 y: 1 } angular: 1 } } } body_command { body_component_based_command { right_arm_command { joint_impedance_control_command { command_header { control_hold_time { seconds: 1 } } minimum_time { nanos: 10100000 } position: -0.... [truncated]
[07/28/26 13:38:51.434854] [info] [02:39:17.565018] [ControlManager] Control started: {"type":"RobotCommand","control":{"type":"WholeBodyCommand","control":{"type":"StopControl","control":{"type":"JointVelocityControl"}}}} (priority: 99)
[07/28/26 13:38:51.434873] [debug] [02:39:17.565038] [ControlManager] Control finished: {"type":"RobotCommand","control":{"type":"WholeBodyCommand","control":{"type":"StopControl","control":{"type":"JointVelocityControl"}}}}
[07/28/26 13:38:51.434908] [info] [02:39:17.565071] [ControlInterface] Control completed successfully.
[07/28/26 13:38:51.434913] [debug] [02:39:17.565076] [ControlInterface::ExecutionStats] Average Control Time: 0.005 ms (max: 0.005 ms, min: 0.005 ms, sigma: 0.000 ms, count: 1)
[07/28/26 13:38:51.436993] [debug] [02:39:17.567157] [Service] Server method called: /rb.api.ControlManagerService/ControlManagerCommand
[07/28/26 13:38:51.437029] [debug] [02:39:17.567195] [Service::ControlManagerService::ControlManagerCommand] Requested: request_header { request_timestamp { seconds: 1785213478 nanos: 119282005 } } command: COMMAND_DISABLE
[07/28/26 13:38:51.437033] [info] [02:39:17.567199] [ControlManager::Disable] Disable request received. Starting the disabling process...
[07/28/26 13:38:51.438854] [info] [02:39:17.569020] [ControlManager::Disable] Control Manager successfully disabled
[07/28/26 13:39:15.431850] [debug] [02:39:41.562002] [Hardware] Hardware Loop Stat (avg: 2.000 ms, min: 1.997 ms, max: 2.003 ms, count: 15000)
[07/28/26 13:39:15.584842] [debug] [02:39:41.715003] [ControlManager] Control Manager Loop Stat (avg: 2.000 ms, min: 1.998 ms, max: 2.002 ms, count: 15000)
[07/28/26 13:39:27.895627] [debug] [02:39:54.025780] [Service] Server method called: /rb.api.RobotInfoService/GetRobotModel
[07/28/26 13:39:27.895663] [debug] [02:39:54.025827] [Service::RobotInfoService::GetRobotModel] Requested: request_header { request_timestamp { seconds: 1785213514 nanos: 577462716 } }
[07/28/26 13:39:27.899299] [debug] [02:39:54.029454] [Service] Server method called: /rb.api.RobotStateService/GetRobotStateStream
[07/28/26 13:39:27.899336] [debug] [02:39:54.029501] [Service::RobotStateService::GetRobotStateStream] Requested: request_header { request_timestamp { seconds: 1785213514 nanos: 581339791 } } update_rate: 100
[07/28/26 13:39:45.431850] [debug] [02:40:11.562003] [Hardware] Hardware Loop Stat (avg: 2.000 ms, min: 1.998 ms, max: 2.002 ms, count: 15000)
[07/28/26 13:39:45.584841] [debug] [02:40:11.715003] [ControlManager] Control Manager Loop Stat (avg: 2.000 ms, min: 1.997 ms, max: 2.003 ms, count: 15000)
[07/28/26 13:39:56.915184] [debug] [02:40:23.045337] [Service] Server method called: /rb.api.RobotInfoService/GetRobotModel
[07/28/26 13:39:56.915222] [debug] [02:40:23.045386] [Service::RobotInfoService::GetRobotModel] Requested: request_header { request_timestamp { seconds: 1785213543 nanos: 596823634 } }
[07/28/26 13:39:56.918081] [debug] [02:40:23.048242] [Service] Server method called: /rb.api.RobotStateService/GetRobotStateStream
[07/28/26 13:39:56.918111] [debug] [02:40:23.048273] [Service::RobotStateService::GetRobotStateStream] Requested: request_header { request_timestamp { seconds: 1785213543 nanos: 599942216 } } update_rate: 100
[07/28/26 13:39:58.760492] [debug] [02:40:24.890644] [Service] Server method called: /rb.api.RobotInfoService/GetRobotInfo
[07/28/26 13:39:58.760522] [debug] [02:40:24.890687] [Service::RobotInfoService::GetRobotInfo] Requested: request_header { request_timestamp { seconds: 1785213545 nanos: 442529968 } }
[07/28/26 13:39:58.761080] [debug] [02:40:24.891244] [Service] Server method called: /rb.api.RobotStateService/GetRobotState
[07/28/26 13:39:58.761092] [debug] [02:40:24.891258] [Service::RobotStateService::GetRobotState] Requested: request_header { request_timestamp { seconds: 1785213545 nanos: 443270927 } }
[07/28/26 13:39:58.761714] [debug] [02:40:24.891874] [Service] Server method called: /rb.api.RobotInfoService/GetRobotInfo
[07/28/26 13:39:58.761733] [debug] [02:40:24.891898] [Service::RobotInfoService::GetRobotInfo] Requested: request_header { request_timestamp { seconds: 1785213545 nanos: 443889185 } }
[07/28/26 13:39:58.762370] [debug] [02:40:24.892529] [Service] Server method called: /rb.api.RobotStateService/GetRobotState
[07/28/26 13:39:58.762386] [debug] [02:40:24.892551] [Service::RobotStateService::GetRobotState] Requested: request_header { request_timestamp { seconds: 1785213545 nanos: 444556481 } }
[07/28/26 13:39:58.762940] [debug] [02:40:24.893100] [Service] Server method called: /rb.api.RobotStateService/GetControlManagerState
[07/28/26 13:39:58.762956] [debug] [02:40:24.893120] [Service::RobotStateService::GetControlManagerState] Requested: request_header { request_timestamp { seconds: 1785213545 nanos: 445131586 } }
[07/28/26 13:39:58.763328] [debug] [02:40:24.893493] [Service] Server method called: /rb.api.RobotInfoService/GetRobotInfo
[07/28/26 13:39:58.763335] [debug] [02:40:24.893501] [Service::RobotInfoService::GetRobotInfo] Requested: request_header { request_timestamp { seconds: 1785213545 nanos: 445525734 } }
[07/28/26 13:39:58.763830] [debug] [02:40:24.893991] [Service] Server method called: /rb.api.RobotStateService/GetRobotState
[07/28/26 13:39:58.763844] [debug] [02:40:24.894008] [Service::RobotStateService::GetRobotState] Requested: request_header { request_timestamp { seconds: 1785213545 nanos: 446018773 } }
[07/28/26 13:39:58.764369] [debug] [02:40:24.894532] [Service] Server method called: /rb.api.RobotStateService/GetRobotState
[07/28/26 13:39:58.764383] [debug] [02:40:24.894548] [Service::RobotStateService::GetRobotState] Requested: request_header { request_timestamp { seconds: 1785213545 nanos: 446563747 } }
[07/28/26 13:39:58.764894] [debug] [02:40:24.895056] [Service] Server method called: /rb.api.RobotInfoService/GetRobotInfo
[07/28/26 13:39:58.764910] [debug] [02:40:24.895074] [Service::RobotInfoService::GetRobotInfo] Requested: request_header { request_timestamp { seconds: 1785213545 nanos: 447081366 } }
[07/28/26 13:39:58.765527] [debug] [02:40:24.895692] [Service] Server method called: /rb.api.ControlManagerService/ControlManagerCommand
[07/28/26 13:39:58.765539] [debug] [02:40:24.895705] [Service::ControlManagerService::ControlManagerCommand] Requested: request_header { request_timestamp { seconds: 1785213545 nanos: 447718057 } } command: COMMAND_ENABLE unlimited_mode_enabled { }
[07/28/26 13:39:58.765542] [info] [02:40:24.895708] [ControlManager::Enable] Enable request received. Starting the enabling process...
[07/28/26 13:39:58.766848] [info] [02:40:24.897014] [ControlManager::Enable] Control Manager successfully enabled
[07/28/26 13:39:58.767344] [debug] [02:40:24.897507] [Service] Server method called: /rb.api.ParameterService/SetParameter
[07/28/26 13:39:58.767361] [debug] [02:40:24.897526] [Service::ParameterService::SetParameter] Requested: request_header { request_timestamp { seconds: 1785213545 nanos: 449519959 } } name: "cartesian_command.cutoff_frequency" parameter: "{\"value\":5,\"write_db\":true}"
[07/28/26 13:39:58.777741] [debug] [02:40:24.907902] [Service] Server method called: /rb.api.ParameterService/SetParameter
[07/28/26 13:39:58.777788] [debug] [02:40:24.907951] [Service::ParameterService::SetParameter] Requested: request_header { request_timestamp { seconds: 1785213545 nanos: 459787674 } } name: "default.acceleration_limit_scaling" parameter: "{\"value\":1.0,\"write_db\":true}"
[07/28/26 13:39:58.783828] [debug] [02:40:24.913989] [Service] Server method called: /rb.api.ParameterService/SetParameter
[07/28/26 13:39:58.783846] [debug] [02:40:24.914010] [Service::ParameterService::SetParameter] Requested: request_header { request_timestamp { seconds: 1785213545 nanos: 465857940 } } name: "default.angular_acceleration_limit" parameter: "{\"value\":10,\"write_db\":true}"
[07/28/26 13:39:58.789669] [debug] [02:40:24.919830] [Service] Server method called: /rb.api.ParameterService/SetParameter
[07/28/26 13:39:58.789686] [debug] [02:40:24.919850] [Service::ParameterService::SetParameter] Requested: request_header { request_timestamp { seconds: 1785213545 nanos: 471737012 } } name: "default.linear_acceleration_limit" parameter: "{\"value\":20,\"write_db\":true}"
[07/28/26 13:39:58.795678] [debug] [02:40:24.925838] [Service] Server method called: /rb.api.ParameterService/SetParameter
[07/28/26 13:39:58.795719] [debug] [02:40:24.925882] [Service::ParameterService::SetParameter] Requested: request_header { request_timestamp { seconds: 1785213545 nanos: 477757052 } } name: "joint_position_command.cutoff_frequency" parameter: "{\"value\":5,\"write_db\":true}"
[07/28/26 13:39:58.801600] [debug] [02:40:24.931764] [Service] Server method called: /rb.api.ParameterService/SetParameter
[07/28/26 13:39:58.801610] [debug] [02:40:24.931776] [Service::ParameterService::SetParameter] Requested: request_header { request_timestamp { seconds: 1785213545 nanos: 483681665 } } name: "manipulability_threshold" parameter: "{\"value\":1e4,\"write_db\":true}"
[07/28/26 13:39:58.807865] [debug] [02:40:24.938026] [Service] Server method called: /rb.api.RobotCommandService/RobotCommand
[07/28/26 13:39:58.807930] [debug] [02:40:24.938093] [Service::RobotCommandService::RobotCommand] Requested: robot_command { component_based_command { body_command { joint_position_command { command_header { control_hold_time { seconds: 1 } } minimum_time { nanos: 500000000 } position: 0.0029502551291760971 position: 0.94254386356631725 position: -1.4130089366429766 position: 0.78043930471185763 position: 0.00061131412586531747 position: -0.00014428532163280784 position: -0.12665213653641944 position: -0.16723807871886898 position: -0.34159549896567254 ... [truncated]
[07/28/26 13:39:58.807934] [debug] [02:40:24.938099] [Service::RobotCommandService::RobotCommand]   Peer: ipv4:192.168.30.230:56748
[07/28/26 13:39:58.808081] [debug] [02:40:24.938245] [Service::RobotCommandService::RobotCommand]   IP: 192.168.30.230, Family: ipv4
[07/28/26 13:39:58.812879] [info] [02:40:24.943042] [ControlManager] Control started: {"type":"RobotCommand","control":{"type":"ComponentBasedCommand","components":{"mobility":null,"body":{"type":"BodyCommand","control":{"type":"JointPositionCommand","control":{"type":"JointPositionControl"}}},"head":{"type":"HeadCommand","control":{"type":"JointPositionCommand","control":{"type":"JointPositionControl"}}}}}} (priority: 1)
[07/28/26 13:40:00.570889] [debug] [02:40:26.701042] [ControlManager] Control finished: {"type":"RobotCommand","control":{"type":"ComponentBasedCommand","components":{"mobility":null,"body":{"type":"BodyCommand","control":{"type":"JointPositionCommand","control":{"type":"JointPositionControl"}}},"head":{"type":"HeadCommand","control":{"type":"JointPositionCommand","control":{"type":"JointPositionControl"}}}}}}
[07/28/26 13:40:00.571034] [info] [02:40:26.701194] [ControlInterface] Control completed successfully.
[07/28/26 13:40:00.571044] [debug] [02:40:26.701203] [ControlInterface::ExecutionStats] Average Control Time: 0.001 ms (max: 0.028 ms, min: 0.001 ms, sigma: 0.001 ms, count: 880)
[07/28/26 13:40:00.571852] [debug] [02:40:26.702012] [Service] Server method called: /rb.api.PowerService/ToolFlangePowerCommand
[07/28/26 13:40:00.571884] [debug] [02:40:26.702048] [Service::PowerService::ToolFlangePowerCommand] Requested: request_header { request_timestamp { seconds: 1785213547 nanos: 253897017 } } name: "right" command: COMMAND_POWER_12V
[07/28/26 13:40:00.571888] [debug] [02:40:26.702054] [Service::PowerService::ToolFlangePowerCommand] Result: Success
[07/28/26 13:40:00.572315] [debug] [02:40:26.702478] [Service] Server method called: /rb.api.PowerService/ToolFlangePowerCommand
[07/28/26 13:40:00.572331] [debug] [02:40:26.702496] [Service::PowerService::ToolFlangePowerCommand] Requested: request_header { request_timestamp { seconds: 1785213547 nanos: 254441830 } } name: "left" command: COMMAND_POWER_12V
[07/28/26 13:40:00.572335] [debug] [02:40:26.702500] [Service::PowerService::ToolFlangePowerCommand] Result: Success
[07/28/26 13:40:01.740101] [debug] [02:40:27.870255] [Service] Server method called: /rb.api.RobotCommandService/RobotCommand
[07/28/26 13:40:01.740169] [debug] [02:40:27.870332] [Service::RobotCommandService::RobotCommand] Requested: robot_command { component_based_command { body_command { joint_position_command { command_header { control_hold_time { seconds: 1 } } minimum_time { seconds: 4 } position: 0 position: 0.78539816339744828 position: -1.3962634015954636 position: 0.78539816339744828 position: 0 position: 0 position: 0 position: -0.26179938779914941 position: 0 position: -2.0943951023931953 position: 0 position: 0.52359877559829882 position: 0 position: 0 position: 0... [truncated]
[07/28/26 13:40:01.740173] [debug] [02:40:27.870338] [Service::RobotCommandService::RobotCommand]   Peer: ipv4:192.168.30.230:56748
[07/28/26 13:40:01.740318] [debug] [02:40:27.870482] [Service::RobotCommandService::RobotCommand]   IP: 192.168.30.230, Family: ipv4
[07/28/26 13:40:01.744865] [info] [02:40:27.875026] [ControlManager] Control started: {"type":"RobotCommand","control":{"type":"ComponentBasedCommand","components":{"mobility":null,"body":{"type":"BodyCommand","control":{"type":"JointPositionCommand","control":{"type":"JointPositionControl"}}},"head":{"type":"HeadCommand","control":{"type":"JointPositionCommand","control":{"type":"JointPositionControl"}}}}}} (priority: 1)
[07/28/26 13:40:07.002879] [debug] [02:40:33.133037] [ControlManager] Control finished: {"type":"RobotCommand","control":{"type":"ComponentBasedCommand","components":{"mobility":null,"body":{"type":"BodyCommand","control":{"type":"JointPositionCommand","control":{"type":"JointPositionControl"}}},"head":{"type":"HeadCommand","control":{"type":"JointPositionCommand","control":{"type":"JointPositionControl"}}}}}}
[07/28/26 13:40:07.002936] [info] [02:40:33.133096] [ControlInterface] Control completed successfully.
[07/28/26 13:40:07.002945] [debug] [02:40:33.133104] [ControlInterface::ExecutionStats] Average Control Time: 0.001 ms (max: 0.018 ms, min: 0.001 ms, sigma: 0.000 ms, count: 2630)
[07/28/26 13:40:07.003604] [debug] [02:40:33.133764] [Service] Server method called: /rb.api.RobotCommandService/RobotCommandStream
[07/28/26 13:40:07.003616] [debug] [02:40:33.133781] [Service::RobotCommandService::RobotCommandStream] Stream is created
[07/28/26 13:40:07.005517] [debug] [02:40:33.135677] [Service::RobotCommandService::RobotCommandStream] Requested: robot_command { component_based_command { mobility_command { se2_velocity_command { command_header { control_hold_time { seconds: 1 } } minimum_time { nanos: 101000003 } velocity { linear { } } acceleration_limit { linear { x: 1 y: 1 } angular: 1 } } } body_command { body_component_based_command { right_arm_command { cartesian_impedance_control_command { command_header { control_hold_time { seconds: 1 } } minimum_time { nanos: 101000003 } targets... [truncated]
[07/28/26 13:40:07.005524] [debug] [02:40:33.135689] [Service::RobotCommandService::RobotCommandStream]   Peer: ipv4:192.168.30.230:56748
[07/28/26 13:40:07.005680] [debug] [02:40:33.135844] [Service::RobotCommandService::RobotCommandStream]   IP: 192.168.30.230, Family: ipv4
[07/28/26 13:40:07.016895] [info] [02:40:33.147056] [ControlManager] Control started: {"type":"RobotCommand","control":{"type":"ComponentBasedCommand","components":{"mobility":{"type":"MobilityCommand","control":{"type":"SE2VelocityCommand","control":{"type":"MobilitySE2VelocityControl"}}},"body":{"type":"BodyCommand","control":{"type":"BodyComponentBasedCommand","components":{"torso":{"type":"TorsoCommand","control":{"type":"JointImpedanceControlCommand","control":{"type":"JointImpedanceControl"}}},"right_arm":{"type":"ArmCommand","control":{"type":"CartesianImpedanceControlCommand","control":{"type":"CartesianImpedanceControl"}}},"left_arm":{"type":"ArmCommand","control":{"type":"CartesianImpedanceControlCommand","control":{"type":"CartesianImpedanceControl"}}}}}},"head":{"type":"HeadCommand","control":{"type":"JointPositionCommand","control":{"type":"JointPositionControl"}}}}}} (priority: 1)
[07/28/26 13:40:15.431852] [debug] [02:40:41.562003] [Hardware] Hardware Loop Stat (avg: 2.000 ms, min: 1.996 ms, max: 2.004 ms, count: 15000)
[07/28/26 13:40:15.584846] [debug] [02:40:41.715003] [ControlManager] Control Manager Loop Stat (avg: 2.000 ms, min: 1.996 ms, max: 2.004 ms, count: 15000)
[07/28/26 13:40:15.679880] [debug] [02:40:41.810038] [Service::RobotCommandService::RobotCommandStream] OnReadDone (write_done: true, read_done: true)
[07/28/26 13:40:15.679890] [debug] [02:40:41.810048] [Service::RobotCommandService::RobotCommandStream] OnCancel
[07/28/26 13:40:15.680128] [debug] [02:40:41.810288] [Service::RobotCommandService::RobotCommandStream] OnDone: robot_command { component_based_command { mobility_command { se2_velocity_command { command_header { control_hold_time { seconds: 1 } } minimum_time { nanos: 101000003 } velocity { linear { } } acceleration_limit { linear { x: 1 y: 1 } angular: 1 } } } body_command { body_component_based_command { right_arm_command { cartesian_impedance_control_command { command_header { control_hold_time { seconds: 1 } } minimum_time { nanos: 101000003 } targets... [truncated]
[07/28/26 13:40:15.680131] [info] [02:40:41.810296] [ControlManager::CancelControl] Control cancel request received
[07/28/26 13:40:15.681363] [debug] [02:40:41.811525] [ControlManager::CancelControl] Cancelling control
[07/28/26 13:40:15.681375] [info] [02:40:41.811539] [ControlManager::CancelControl] Control canceling process is successfully starting...
[07/28/26 13:40:15.781407] [debug] [02:40:41.911565] [ControlManager] Control finished: {"type":"RobotCommand","control":{"type":"ComponentBasedCommand","components":{"mobility":{"type":"MobilityCommand","control":{"type":"SE2VelocityCommand","control":{"type":"MobilitySE2VelocityControl"}}},"body":{"type":"BodyCommand","control":{"type":"BodyComponentBasedCommand","components":{"torso":{"type":"TorsoCommand","control":{"type":"JointImpedanceControlCommand","control":{"type":"JointImpedanceControl"}}},"right_arm":{"type":"ArmCommand","control":{"type":"CartesianImpedanceControlCommand","control":{"type":"CartesianImpedanceControl"}}},"left_arm":{"type":"ArmCommand","control":{"type":"CartesianImpedanceControlCommand","control":{"type":"CartesianImpedanceControl"}}}}}},"head":{"type":"HeadCommand","control":{"type":"JointPositionCommand","control":{"type":"JointPositionControl"}}}}}}
[07/28/26 13:40:15.781571] [info] [02:40:41.911731] [ControlInterface] Control was preempted or canceled by another request.
[07/28/26 13:40:15.781581] [debug] [02:40:41.911741] [ControlInterface::ExecutionStats] Average Control Time: 0.494 ms (max: 1.472 ms, min: 0.466 ms, sigma: 0.019 ms, count: 4383)
[07/28/26 13:40:45.431849] [debug] [02:41:11.562003] [Hardware] Hardware Loop Stat (avg: 2.000 ms, min: 1.999 ms, max: 2.001 ms, count: 15000)
[07/28/26 13:40:45.584844] [debug] [02:41:11.715003] [ControlManager] Control Manager Loop Stat (avg: 2.000 ms, min: 1.999 ms, max: 2.001 ms, count: 15000)
[07/28/26 13:40:55.572430] [debug] [02:41:21.702583] [Service] Server method called: /rb.api.RobotInfoService/GetRobotInfo
[07/28/26 13:40:55.572461] [debug] [02:41:21.702625] [Service::RobotInfoService::GetRobotInfo] Requested: request_header { request_timestamp { seconds: 1785213602 nanos: 253945066 } }
[07/28/26 13:40:55.572991] [debug] [02:41:21.703152] [Service] Server method called: /rb.api.RobotStateService/GetRobotState
[07/28/26 13:40:55.573011] [debug] [02:41:21.703175] [Service::RobotStateService::GetRobotState] Requested: request_header { request_timestamp { seconds: 1785213602 nanos: 254618766 } }
[07/28/26 13:40:55.573463] [debug] [02:41:21.703625] [Service] Server method called: /rb.api.RobotInfoService/GetRobotInfo
[07/28/26 13:40:55.573479] [debug] [02:41:21.703644] [Service::RobotInfoService::GetRobotInfo] Requested: request_header { request_timestamp { seconds: 1785213602 nanos: 255115342 } }
[07/28/26 13:40:55.574049] [debug] [02:41:21.704202] [Service] Server method called: /rb.api.RobotStateService/GetRobotState
[07/28/26 13:40:55.574064] [debug] [02:41:21.704228] [Service::RobotStateService::GetRobotState] Requested: request_header { request_timestamp { seconds: 1785213602 nanos: 255680784 } }
[07/28/26 13:40:55.574545] [debug] [02:41:21.704707] [Service] Server method called: /rb.api.RobotStateService/GetControlManagerState
[07/28/26 13:40:55.574559] [debug] [02:41:21.704723] [Service::RobotStateService::GetControlManagerState] Requested: request_header { request_timestamp { seconds: 1785213602 nanos: 256201729 } }
[07/28/26 13:40:55.574843] [debug] [02:41:21.705004] [Service] Server method called: /rb.api.RobotCommandService/RobotCommand
[07/28/26 13:40:55.574861] [debug] [02:41:21.705025] [Service::RobotCommandService::RobotCommand] Requested: robot_command { whole_body_command { stop_command { } } } priority: 99
[07/28/26 13:40:55.574864] [debug] [02:41:21.705030] [Service::RobotCommandService::RobotCommand]   Peer: ipv4:192.168.30.230:56748
[07/28/26 13:40:55.575012] [debug] [02:41:21.705176] [Service::RobotCommandService::RobotCommand]   IP: 192.168.30.230, Family: ipv4
[07/28/26 13:40:55.580866] [info] [02:41:21.711024] [ControlManager] Control started: {"type":"RobotCommand","control":{"type":"WholeBodyCommand","control":{"type":"StopControl","control":{"type":"JointVelocityControl"}}}} (priority: 99)
[07/28/26 13:40:55.580890] [debug] [02:41:21.711055] [ControlManager] Control finished: {"type":"RobotCommand","control":{"type":"WholeBodyCommand","control":{"type":"StopControl","control":{"type":"JointVelocityControl"}}}}
[07/28/26 13:40:55.580921] [info] [02:41:21.711084] [ControlInterface] Control completed successfully.
[07/28/26 13:40:55.580929] [debug] [02:41:21.711089] [ControlInterface::ExecutionStats] Average Control Time: 0.006 ms (max: 0.006 ms, min: 0.006 ms, sigma: 0.000 ms, count: 1)
[07/28/26 13:40:55.581592] [debug] [02:41:21.711754] [Service] Server method called: /rb.api.ControlManagerService/ControlManagerCommand
[07/28/26 13:40:55.581608] [debug] [02:41:21.711773] [Service::ControlManagerService::ControlManagerCommand] Requested: request_header { request_timestamp { seconds: 1785213602 nanos: 263160590 } } command: COMMAND_DISABLE
[07/28/26 13:40:55.581612] [info] [02:41:21.711777] [ControlManager::Disable] Disable request received. Starting the disabling process...
[07/28/26 13:40:55.582853] [info] [02:41:21.713018] [ControlManager::Disable] Control Manager successfully disabled
[07/28/26 13:40:55.583831] [debug] [02:41:21.713993] [Service] Server method called: /rb.api.RobotInfoService/GetRobotInfo
[07/28/26 13:40:55.583844] [debug] [02:41:21.714008] [Service::RobotInfoService::GetRobotInfo] Requested: request_header { request_timestamp { seconds: 1785213602 nanos: 265322579 } }
[07/28/26 13:40:55.586114] [debug] [02:41:21.716274] [Service] Server method called: /rb.api.RobotStateService/GetRobotState
[07/28/26 13:40:55.586164] [debug] [02:41:21.716327] [Service::RobotStateService::GetRobotState] Requested: request_header { request_timestamp { seconds: 1785213602 nanos: 267688899 } }
[07/28/26 13:40:55.586788] [debug] [02:41:21.716950] [Service] Server method called: /rb.api.RobotStateService/GetRobotState
[07/28/26 13:40:55.586804] [debug] [02:41:21.716969] [Service::RobotStateService::GetRobotState] Requested: request_header { request_timestamp { seconds: 1785213602 nanos: 268399233 } }
[07/28/26 13:40:55.587399] [debug] [02:41:21.717561] [Service] Server method called: /rb.api.RobotInfoService/GetRobotInfo
[07/28/26 13:40:55.587412] [debug] [02:41:21.717576] [Service::RobotInfoService::GetRobotInfo] Requested: request_header { request_timestamp { seconds: 1785213602 nanos: 269008530 } }
[07/28/26 13:40:55.587913] [debug] [02:41:21.718076] [Service] Server method called: /rb.api.ControlManagerService/ControlManagerCommand
[07/28/26 13:40:55.587929] [debug] [02:41:21.718093] [Service::ControlManagerService::ControlManagerCommand] Requested: request_header { request_timestamp { seconds: 1785213602 nanos: 269568190 } } command: COMMAND_ENABLE unlimited_mode_enabled { }
[07/28/26 13:40:55.587932] [info] [02:41:21.718097] [ControlManager::Enable] Enable request received. Starting the enabling process...
[07/28/26 13:40:55.588849] [info] [02:41:21.719013] [ControlManager::Enable] Control Manager successfully enabled
[07/28/26 13:40:55.589304] [debug] [02:41:21.719466] [Service] Server method called: /rb.api.ParameterService/SetParameter
[07/28/26 13:40:55.589322] [debug] [02:41:21.719486] [Service::ParameterService::SetParameter] Requested: request_header { request_timestamp { seconds: 1785213602 nanos: 270911281 } } name: "cartesian_command.cutoff_frequency" parameter: "{\"value\":5,\"write_db\":true}"
[07/28/26 13:40:55.599735] [debug] [02:41:21.729895] [Service] Server method called: /rb.api.ParameterService/SetParameter
[07/28/26 13:40:55.599753] [debug] [02:41:21.729917] [Service::ParameterService::SetParameter] Requested: request_header { request_timestamp { seconds: 1785213602 nanos: 281328389 } } name: "default.acceleration_limit_scaling" parameter: "{\"value\":1.0,\"write_db\":true}"
[07/28/26 13:40:55.605779] [debug] [02:41:21.735940] [Service] Server method called: /rb.api.ParameterService/SetParameter
[07/28/26 13:40:55.605821] [debug] [02:41:21.735985] [Service::ParameterService::SetParameter] Requested: request_header { request_timestamp { seconds: 1785213602 nanos: 287343645 } } name: "default.angular_acceleration_limit" parameter: "{\"value\":10,\"write_db\":true}"
[07/28/26 13:40:55.611980] [debug] [02:41:21.742140] [Service] Server method called: /rb.api.ParameterService/SetParameter
[07/28/26 13:40:55.611998] [debug] [02:41:21.742163] [Service::ParameterService::SetParameter] Requested: request_header { request_timestamp { seconds: 1785213602 nanos: 293538148 } } name: "default.linear_acceleration_limit" parameter: "{\"value\":20,\"write_db\":true}"
[07/28/26 13:40:55.618209] [debug] [02:41:21.748369] [Service] Server method called: /rb.api.ParameterService/SetParameter
[07/28/26 13:40:55.618252] [debug] [02:41:21.748416] [Service::ParameterService::SetParameter] Requested: request_header { request_timestamp { seconds: 1785213602 nanos: 299627029 } } name: "joint_position_command.cutoff_frequency" parameter: "{\"value\":5,\"write_db\":true}"
[07/28/26 13:40:55.623853] [debug] [02:41:21.754014] [Service] Server method called: /rb.api.ParameterService/SetParameter
[07/28/26 13:40:55.623870] [debug] [02:41:21.754035] [Service::ParameterService::SetParameter] Requested: request_header { request_timestamp { seconds: 1785213602 nanos: 305365034 } } name: "manipulability_threshold" parameter: "{\"value\":1e4,\"write_db\":true}"
[07/28/26 13:40:55.629927] [debug] [02:41:21.760088] [Service] Server method called: /rb.api.RobotCommandService/RobotCommand
[07/28/26 13:40:55.629991] [debug] [02:41:21.760154] [Service::RobotCommandService::RobotCommand] Requested: robot_command { component_based_command { body_command { joint_position_command { command_header { control_hold_time { seconds: 1 } } minimum_time { nanos: 500000000 } position: 0.0031249163079947592 position: 0.91843682390719361 position: -1.413145628000313 position: 0.77972926905013829 position: 0.0011504855909142309 position: -0.00083913305475922454 position: 0.031947807795222244 position: -0.31077159788632691 position: 0.51445311126392457 pos... [truncated]
[07/28/26 13:40:55.629994] [debug] [02:41:21.760160] [Service::RobotCommandService::RobotCommand]   Peer: ipv4:192.168.30.230:56748
[07/28/26 13:40:55.630136] [debug] [02:41:21.760300] [Service::RobotCommandService::RobotCommand]   IP: 192.168.30.230, Family: ipv4
[07/28/26 13:40:55.634865] [info] [02:41:21.765030] [ControlManager] Control started: {"type":"RobotCommand","control":{"type":"ComponentBasedCommand","components":{"mobility":null,"body":{"type":"BodyCommand","control":{"type":"JointPositionCommand","control":{"type":"JointPositionControl"}}},"head":{"type":"HeadCommand","control":{"type":"JointPositionCommand","control":{"type":"JointPositionControl"}}}}}} (priority: 1)
[07/28/26 13:40:57.392875] [debug] [02:41:23.523035] [ControlManager] Control finished: {"type":"RobotCommand","control":{"type":"ComponentBasedCommand","components":{"mobility":null,"body":{"type":"BodyCommand","control":{"type":"JointPositionCommand","control":{"type":"JointPositionControl"}}},"head":{"type":"HeadCommand","control":{"type":"JointPositionCommand","control":{"type":"JointPositionControl"}}}}}}
[07/28/26 13:40:57.392930] [info] [02:41:23.523091] [ControlInterface] Control completed successfully.
[07/28/26 13:40:57.392939] [debug] [02:41:23.523098] [ControlInterface::ExecutionStats] Average Control Time: 0.001 ms (max: 0.026 ms, min: 0.001 ms, sigma: 0.001 ms, count: 880)
[07/28/26 13:40:57.393583] [debug] [02:41:23.523743] [Service] Server method called: /rb.api.PowerService/ToolFlangePowerCommand
[07/28/26 13:40:57.393612] [debug] [02:41:23.523777] [Service::PowerService::ToolFlangePowerCommand] Requested: request_header { request_timestamp { seconds: 1785213604 nanos: 75115645 } } name: "right" command: COMMAND_POWER_12V
[07/28/26 13:40:57.393616] [debug] [02:41:23.523782] [Service::PowerService::ToolFlangePowerCommand] Result: Success
[07/28/26 13:40:57.394009] [debug] [02:41:23.524171] [Service] Server method called: /rb.api.PowerService/ToolFlangePowerCommand
[07/28/26 13:40:57.394031] [debug] [02:41:23.524195] [Service::PowerService::ToolFlangePowerCommand] Requested: request_header { request_timestamp { seconds: 1785213604 nanos: 75616527 } } name: "left" command: COMMAND_POWER_12V
[07/28/26 13:40:57.394036] [debug] [02:41:23.524201] [Service::PowerService::ToolFlangePowerCommand] Result: Success
[07/28/26 13:40:58.585396] [debug] [02:41:24.715551] [Service] Server method called: /rb.api.RobotCommandService/RobotCommand
[07/28/26 13:40:58.585458] [debug] [02:41:24.715621] [Service::RobotCommandService::RobotCommand] Requested: robot_command { component_based_command { body_command { joint_position_command { command_header { control_hold_time { seconds: 1 } } minimum_time { seconds: 4 } position: 0 position: 0.78539816339744828 position: -1.3962634015954636 position: 0.78539816339744828 position: 0 position: 0 position: 0 position: -0.26179938779914941 position: 0 position: -2.0943951023931953 position: 0 position: 0.52359877559829882 position: 0 position: 0 position: 0... [truncated]
[07/28/26 13:40:58.585461] [debug] [02:41:24.715626] [Service::RobotCommandService::RobotCommand]   Peer: ipv4:192.168.30.230:56748
[07/28/26 13:40:58.585605] [debug] [02:41:24.715770] [Service::RobotCommandService::RobotCommand]   IP: 192.168.30.230, Family: ipv4
[07/28/26 13:40:58.590866] [info] [02:41:24.721025] [ControlManager] Control started: {"type":"RobotCommand","control":{"type":"ComponentBasedCommand","components":{"mobility":null,"body":{"type":"BodyCommand","control":{"type":"JointPositionCommand","control":{"type":"JointPositionControl"}}},"head":{"type":"HeadCommand","control":{"type":"JointPositionCommand","control":{"type":"JointPositionControl"}}}}}} (priority: 1)
[07/28/26 13:41:03.848878] [debug] [02:41:29.979035] [ControlManager] Control finished: {"type":"RobotCommand","control":{"type":"ComponentBasedCommand","components":{"mobility":null,"body":{"type":"BodyCommand","control":{"type":"JointPositionCommand","control":{"type":"JointPositionControl"}}},"head":{"type":"HeadCommand","control":{"type":"JointPositionCommand","control":{"type":"JointPositionControl"}}}}}}
[07/28/26 13:41:03.848933] [info] [02:41:29.979093] [ControlInterface] Control completed successfully.
[07/28/26 13:41:03.848942] [debug] [02:41:29.979101] [ControlInterface::ExecutionStats] Average Control Time: 0.001 ms (max: 0.019 ms, min: 0.001 ms, sigma: 0.000 ms, count: 2630)
[07/28/26 13:41:03.849682] [debug] [02:41:29.979841] [Service] Server method called: /rb.api.RobotCommandService/RobotCommandStream
[07/28/26 13:41:03.849700] [debug] [02:41:29.979865] [Service::RobotCommandService::RobotCommandStream] Stream is created
[07/28/26 13:41:15.431850] [debug] [02:41:41.562003] [Hardware] Hardware Loop Stat (avg: 2.000 ms, min: 1.999 ms, max: 2.001 ms, count: 15000)
[07/28/26 13:41:15.584842] [debug] [02:41:41.715002] [ControlManager] Control Manager Loop Stat (avg: 2.000 ms, min: 1.998 ms, max: 2.002 ms, count: 15000)
[07/28/26 13:41:18.444033] [debug] [02:41:44.574186] [Service::RobotCommandService::RobotCommandStream] Requested: robot_command { component_based_command { mobility_command { se2_velocity_command { command_header { control_hold_time { seconds: 1 } } minimum_time { nanos: 101000003 } velocity { linear { } } acceleration_limit { linear { x: 1 y: 1 } angular: 1 } } } body_command { body_component_based_command { right_arm_command { cartesian_impedance_control_command { command_header { control_hold_time { seconds: 1 } } minimum_time { nanos: 101000003 } targets... [truncated]
[07/28/26 13:41:18.444042] [debug] [02:41:44.574207] [Service::RobotCommandService::RobotCommandStream]   Peer: ipv4:192.168.30.230:56748
[07/28/26 13:41:18.444219] [debug] [02:41:44.574382] [Service::RobotCommandService::RobotCommandStream]   IP: 192.168.30.230, Family: ipv4
[07/28/26 13:41:18.448914] [info] [02:41:44.579071] [ControlManager] Control started: {"type":"RobotCommand","control":{"type":"ComponentBasedCommand","components":{"mobility":{"type":"MobilityCommand","control":{"type":"SE2VelocityCommand","control":{"type":"MobilitySE2VelocityControl"}}},"body":{"type":"BodyCommand","control":{"type":"BodyComponentBasedCommand","components":{"torso":{"type":"TorsoCommand","control":{"type":"JointImpedanceControlCommand","control":{"type":"JointImpedanceControl"}}},"right_arm":{"type":"ArmCommand","control":{"type":"CartesianImpedanceControlCommand","control":{"type":"CartesianImpedanceControl"}}},"left_arm":{"type":"ArmCommand","control":{"type":"CartesianImpedanceControlCommand","control":{"type":"CartesianImpedanceControl"}}}}}},"head":{"type":"HeadCommand","control":{"type":"JointPositionCommand","control":{"type":"JointPositionControl"}}}}}} (priority: 1)
[07/28/26 13:41:28.447355] [debug] [02:41:54.577503] [ControlInterface::ExecutionStats] Average Control Time: 0.487 ms (max: 0.837 ms, min: 0.461 ms, sigma: 0.013 ms, count: 5000)
[07/28/26 13:41:33.108885] [debug] [02:41:59.239038] [Service::RobotCommandService::RobotCommandStream] OnReadDone (write_done: true, read_done: true)
[07/28/26 13:41:33.108886] [debug] [02:41:59.239047] [Service::RobotCommandService::RobotCommandStream] OnCancel
[07/28/26 13:41:33.109037] [debug] [02:41:59.239194] [Service] Server method called: /rb.api.RobotCommandService/RobotCommand
[07/28/26 13:41:33.109064] [debug] [02:41:59.239228] [Service::RobotCommandService::RobotCommand] Requested: robot_command { whole_body_command { stop_command { } } } priority: 10
[07/28/26 13:41:33.109067] [debug] [02:41:59.239232] [Service::RobotCommandService::RobotCommand]   Peer: ipv4:192.168.30.230:56748
[07/28/26 13:41:33.109133] [debug] [02:41:59.239293] [Service::RobotCommandService::RobotCommandStream] OnDone: robot_command { component_based_command { mobility_command { se2_velocity_command { command_header { control_hold_time { seconds: 1 } } minimum_time { nanos: 101000003 } velocity { linear { } } acceleration_limit { linear { x: 1 y: 1 } angular: 1 } } } body_command { body_component_based_command { right_arm_command { cartesian_impedance_control_command { command_header { control_hold_time { seconds: 1 } } minimum_time { nanos: 101000003 } targets... [truncated]
[07/28/26 13:41:33.109142] [info] [02:41:59.239303] [ControlManager::CancelControl] Control cancel request received
[07/28/26 13:41:33.109240] [debug] [02:41:59.239403] [Service::RobotCommandService::RobotCommand]   IP: 192.168.30.230, Family: ipv4
[07/28/26 13:41:33.110842] [debug] [02:41:59.241003] [ControlManager::CancelControl] Cancelling control
[07/28/26 13:41:33.110854] [info] [02:41:59.241017] [ControlManager::CancelControl] Control canceling process is successfully starting...
[07/28/26 13:41:33.112843] [info] [02:41:59.243007] [ControlManager::CancelControl] Control cancel request received
[07/28/26 13:41:33.114839] [warning] [02:41:59.245003] [ControlManager::CancelControl] Target control is not currently running
[07/28/26 13:41:33.114849] [error] [02:41:59.245013] [ControlManager::CancelControl] Failed to start control canceling process
[07/28/26 13:41:33.114851] [info] [02:41:59.245016] [Service::RobotCommandService::RobotCommand] Control canceled
[07/28/26 13:41:33.209400] [debug] [02:41:59.339559] [ControlManager] Control finished: {"type":"RobotCommand","control":{"type":"ComponentBasedCommand","components":{"mobility":{"type":"MobilityCommand","control":{"type":"SE2VelocityCommand","control":{"type":"MobilitySE2VelocityControl"}}},"body":{"type":"BodyCommand","control":{"type":"BodyComponentBasedCommand","components":{"torso":{"type":"TorsoCommand","control":{"type":"JointImpedanceControlCommand","control":{"type":"JointImpedanceControl"}}},"right_arm":{"type":"ArmCommand","control":{"type":"CartesianImpedanceControlCommand","control":{"type":"CartesianImpedanceControl"}}},"left_arm":{"type":"ArmCommand","control":{"type":"CartesianImpedanceControlCommand","control":{"type":"CartesianImpedanceControl"}}}}}},"head":{"type":"HeadCommand","control":{"type":"JointPositionCommand","control":{"type":"JointPositionControl"}}}}}}
[07/28/26 13:41:33.209480] [info] [02:41:59.339639] [ControlInterface] Control was preempted or canceled by another request.
[07/28/26 13:41:33.209489] [debug] [02:41:59.339649] [ControlInterface::ExecutionStats] Average Control Time: 0.490 ms (max: 0.598 ms, min: 0.458 ms, sigma: 0.013 ms, count: 2381)
[07/28/26 13:41:33.210856] [info] [02:41:59.341020] [ControlManager] Control started: {"type":"RobotCommand","control":{"type":"WholeBodyCommand","control":{"type":"StopControl","control":{"type":"JointVelocityControl"}}}} (priority: 10)
[07/28/26 13:41:33.210876] [debug] [02:41:59.341041] [ControlManager] Control finished: {"type":"RobotCommand","control":{"type":"WholeBodyCommand","control":{"type":"StopControl","control":{"type":"JointVelocityControl"}}}}
[07/28/26 13:41:33.212862] [info] [02:41:59.343026] [ControlInterface] Control completed successfully.
[07/28/26 13:41:33.212869] [debug] [02:41:59.343032] [ControlInterface::ExecutionStats] Average Control Time: 0.005 ms (max: 0.005 ms, min: 0.005 ms, sigma: 0.000 ms, count: 1)
[07/28/26 13:41:45.431850] [debug] [02:42:11.562003] [Hardware] Hardware Loop Stat (avg: 2.000 ms, min: 1.996 ms, max: 2.004 ms, count: 15000)
[07/28/26 13:41:45.584843] [debug] [02:42:11.715002] [ControlManager] Control Manager Loop Stat (avg: 2.000 ms, min: 1.997 ms, max: 2.003 ms, count: 15000)
[07/28/26 13:42:15.431851] [debug] [02:42:41.562002] [Hardware] Hardware Loop Stat (avg: 2.000 ms, min: 1.999 ms, max: 2.001 ms, count: 15000)
[07/28/26 13:42:15.584840] [debug] [02:42:41.715002] [ControlManager] Control Manager Loop Stat (avg: 2.000 ms, min: 1.999 ms, max: 2.001 ms, count: 15000)
[07/28/26 13:42:43.832622] [debug] [02:43:09.962773] [Service] Server method called: /rb.api.RobotInfoService/GetRobotModel
[07/28/26 13:42:43.832667] [debug] [02:43:09.962832] [Service::RobotInfoService::GetRobotModel] Requested: request_header { request_timestamp { seconds: 1785213710 nanos: 512462759 } }
[07/28/26 13:42:43.836041] [debug] [02:43:09.966200] [Service] Server method called: /rb.api.RobotStateService/GetRobotStateStream
[07/28/26 13:42:43.836071] [debug] [02:43:09.966235] [Service::RobotStateService::GetRobotStateStream] Requested: request_header { request_timestamp { seconds: 1785213710 nanos: 516183491 } } update_rate: 100
[07/28/26 13:42:45.431848] [debug] [02:43:11.562003] [Hardware] Hardware Loop Stat (avg: 2.000 ms, min: 1.999 ms, max: 2.001 ms, count: 15000)
[07/28/26 13:42:45.584841] [debug] [02:43:11.715002] [ControlManager] Control Manager Loop Stat (avg: 2.000 ms, min: 1.999 ms, max: 2.001 ms, count: 15000)
[07/28/26 13:43:15.431850] [debug] [02:43:41.562003] [Hardware] Hardware Loop Stat (avg: 2.000 ms, min: 1.998 ms, max: 2.002 ms, count: 15000)
[07/28/26 13:43:15.584841] [debug] [02:43:41.715002] [ControlManager] Control Manager Loop Stat (avg: 2.000 ms, min: 1.999 ms, max: 2.001 ms, count: 15000)
[07/28/26 13:43:26.557130] [debug] [02:43:52.687272] [Service] Server method called: /rb.api.RobotInfoService/GetRobotInfo
[07/28/26 13:43:26.557165] [debug] [02:43:52.687328] [Service::RobotInfoService::GetRobotInfo] Requested: request_header { request_timestamp { seconds: 1785213753 nanos: 236912797 } }
[07/28/26 13:43:26.557833] [debug] [02:43:52.687991] [Service] Server method called: /rb.api.RobotStateService/GetRobotState
[07/28/26 13:43:26.557856] [debug] [02:43:52.688020] [Service::RobotStateService::GetRobotState] Requested: request_header { request_timestamp { seconds: 1785213753 nanos: 237749166 } }
[07/28/26 13:43:26.558523] [debug] [02:43:52.688680] [Service] Server method called: /rb.api.RobotInfoService/GetRobotInfo
[07/28/26 13:43:26.558559] [debug] [02:43:52.688724] [Service::RobotInfoService::GetRobotInfo] Requested: request_header { request_timestamp { seconds: 1785213753 nanos: 238456612 } }
[07/28/26 13:43:26.559118] [debug] [02:43:52.689280] [Service] Server method called: /rb.api.RobotStateService/GetRobotState
[07/28/26 13:43:26.559136] [debug] [02:43:52.689300] [Service::RobotStateService::GetRobotState] Requested: request_header { request_timestamp { seconds: 1785213753 nanos: 239083375 } }
[07/28/26 13:43:26.559691] [debug] [02:43:52.689853] [Service] Server method called: /rb.api.RobotStateService/GetControlManagerState
[07/28/26 13:43:26.559705] [debug] [02:43:52.689870] [Service::RobotStateService::GetControlManagerState] Requested: request_header { request_timestamp { seconds: 1785213753 nanos: 239654275 } }
[07/28/26 13:43:26.560189] [debug] [02:43:52.690351] [Service] Server method called: /rb.api.RobotCommandService/RobotCommand
[07/28/26 13:43:26.560208] [debug] [02:43:52.690373] [Service::RobotCommandService::RobotCommand] Requested: robot_command { whole_body_command { stop_command { } } } priority: 99
[07/28/26 13:43:26.560211] [debug] [02:43:52.690377] [Service::RobotCommandService::RobotCommand]   Peer: ipv4:192.168.30.230:60818
[07/28/26 13:43:26.560367] [debug] [02:43:52.690530] [Service::RobotCommandService::RobotCommand]   IP: 192.168.30.230, Family: ipv4
[07/28/26 13:43:26.564861] [info] [02:43:52.695025] [ControlManager] Control started: {"type":"RobotCommand","control":{"type":"WholeBodyCommand","control":{"type":"StopControl","control":{"type":"JointVelocityControl"}}}} (priority: 99)
[07/28/26 13:43:26.564884] [debug] [02:43:52.695050] [ControlManager] Control finished: {"type":"RobotCommand","control":{"type":"WholeBodyCommand","control":{"type":"StopControl","control":{"type":"JointVelocityControl"}}}}
[07/28/26 13:43:26.564916] [info] [02:43:52.695080] [ControlInterface] Control completed successfully.
[07/28/26 13:43:26.564924] [debug] [02:43:52.695084] [ControlInterface::ExecutionStats] Average Control Time: 0.006 ms (max: 0.006 ms, min: 0.006 ms, sigma: 0.000 ms, count: 1)
[07/28/26 13:43:26.565542] [debug] [02:43:52.695703] [Service] Server method called: /rb.api.ControlManagerService/ControlManagerCommand
[07/28/26 13:43:26.565561] [debug] [02:43:52.695726] [Service::ControlManagerService::ControlManagerCommand] Requested: request_header { request_timestamp { seconds: 1785213753 nanos: 245485796 } } command: COMMAND_DISABLE
[07/28/26 13:43:26.565565] [info] [02:43:52.695730] [ControlManager::Disable] Disable request received. Starting the disabling process...
[07/28/26 13:43:26.566854] [info] [02:43:52.697018] [ControlManager::Disable] Control Manager successfully disabled
[07/28/26 13:43:26.567389] [debug] [02:43:52.697552] [Service] Server method called: /rb.api.RobotInfoService/GetRobotInfo
[07/28/26 13:43:26.567402] [debug] [02:43:52.697567] [Service::RobotInfoService::GetRobotInfo] Requested: request_header { request_timestamp { seconds: 1785213753 nanos: 247329031 } }
[07/28/26 13:43:26.568029] [debug] [02:43:52.698192] [Service] Server method called: /rb.api.RobotStateService/GetRobotState
[07/28/26 13:43:26.568043] [debug] [02:43:52.698207] [Service::RobotStateService::GetRobotState] Requested: request_header { request_timestamp { seconds: 1785213753 nanos: 247983639 } }
[07/28/26 13:43:26.568708] [debug] [02:43:52.698870] [Service] Server method called: /rb.api.RobotStateService/GetRobotState
[07/28/26 13:43:26.568723] [debug] [02:43:52.698887] [Service::RobotStateService::GetRobotState] Requested: request_header { request_timestamp { seconds: 1785213753 nanos: 248653846 } }
[07/28/26 13:43:26.569282] [debug] [02:43:52.699444] [Service] Server method called: /rb.api.RobotInfoService/GetRobotInfo
[07/28/26 13:43:26.569295] [debug] [02:43:52.699459] [Service::RobotInfoService::GetRobotInfo] Requested: request_header { request_timestamp { seconds: 1785213753 nanos: 249228769 } }
[07/28/26 13:43:26.569805] [debug] [02:43:52.699968] [Service] Server method called: /rb.api.ControlManagerService/ControlManagerCommand
[07/28/26 13:43:26.569835] [debug] [02:43:52.699998] [Service::ControlManagerService::ControlManagerCommand] Requested: request_header { request_timestamp { seconds: 1785213753 nanos: 249777021 } } command: COMMAND_ENABLE unlimited_mode_enabled { }
[07/28/26 13:43:26.569838] [info] [02:43:52.700003] [ControlManager::Enable] Enable request received. Starting the enabling process...
[07/28/26 13:43:26.570848] [info] [02:43:52.701013] [ControlManager::Enable] Control Manager successfully enabled
[07/28/26 13:43:26.571284] [debug] [02:43:52.701446] [Service] Server method called: /rb.api.ParameterService/SetParameter
[07/28/26 13:43:26.571301] [debug] [02:43:52.701465] [Service::ParameterService::SetParameter] Requested: request_header { request_timestamp { seconds: 1785213753 nanos: 251243105 } } name: "cartesian_command.cutoff_frequency" parameter: "{\"value\":5,\"write_db\":true}"
[07/28/26 13:43:26.682022] [debug] [02:43:52.812182] [Service] Server method called: /rb.api.ParameterService/SetParameter
[07/28/26 13:43:26.682040] [debug] [02:43:52.812205] [Service::ParameterService::SetParameter] Requested: request_header { request_timestamp { seconds: 1785213753 nanos: 361745949 } } name: "default.acceleration_limit_scaling" parameter: "{\"value\":1.0,\"write_db\":true}"
[07/28/26 13:43:26.689659] [debug] [02:43:52.819819] [Service] Server method called: /rb.api.ParameterService/SetParameter
[07/28/26 13:43:26.689679] [debug] [02:43:52.819843] [Service::ParameterService::SetParameter] Requested: request_header { request_timestamp { seconds: 1785213753 nanos: 369529036 } } name: "default.angular_acceleration_limit" parameter: "{\"value\":10,\"write_db\":true}"
[07/28/26 13:43:26.695666] [debug] [02:43:52.825826] [Service] Server method called: /rb.api.ParameterService/SetParameter
[07/28/26 13:43:26.695683] [debug] [02:43:52.825847] [Service::ParameterService::SetParameter] Requested: request_header { request_timestamp { seconds: 1785213753 nanos: 375517195 } } name: "default.linear_acceleration_limit" parameter: "{\"value\":20,\"write_db\":true}"
[07/28/26 13:43:26.701529] [debug] [02:43:52.831689] [Service] Server method called: /rb.api.ParameterService/SetParameter
[07/28/26 13:43:26.701546] [debug] [02:43:52.831710] [Service::ParameterService::SetParameter] Requested: request_header { request_timestamp { seconds: 1785213753 nanos: 381384907 } } name: "joint_position_command.cutoff_frequency" parameter: "{\"value\":5,\"write_db\":true}"
[07/28/26 13:43:26.707437] [debug] [02:43:52.837598] [Service] Server method called: /rb.api.ParameterService/SetParameter
[07/28/26 13:43:26.707454] [debug] [02:43:52.837618] [Service::ParameterService::SetParameter] Requested: request_header { request_timestamp { seconds: 1785213753 nanos: 387340225 } } name: "manipulability_threshold" parameter: "{\"value\":1e4,\"write_db\":true}"
[07/28/26 13:43:26.713645] [debug] [02:43:52.843805] [Service] Server method called: /rb.api.RobotCommandService/RobotCommand
[07/28/26 13:43:26.713709] [debug] [02:43:52.843871] [Service::RobotCommandService::RobotCommand] Requested: robot_command { component_based_command { body_command { joint_position_command { command_header { control_hold_time { seconds: 1 } } minimum_time { nanos: 500000000 } position: 0.0030489766650301235 position: 0.95389684018953025 position: -1.4139278063228486 position: 0.77869648990581919 position: 0.0012340191981753301 position: -0.00096063648350264163 position: -0.1783024846988164 position: -0.1622222653010548 position: 0.60918401888015938 posi... [truncated]
[07/28/26 13:43:26.713712] [debug] [02:43:52.843877] [Service::RobotCommandService::RobotCommand]   Peer: ipv4:192.168.30.230:60818
[07/28/26 13:43:26.713856] [debug] [02:43:52.844020] [Service::RobotCommandService::RobotCommand]   IP: 192.168.30.230, Family: ipv4
[07/28/26 13:43:26.718865] [info] [02:43:52.849029] [ControlManager] Control started: {"type":"RobotCommand","control":{"type":"ComponentBasedCommand","components":{"mobility":null,"body":{"type":"BodyCommand","control":{"type":"JointPositionCommand","control":{"type":"JointPositionControl"}}},"head":{"type":"HeadCommand","control":{"type":"JointPositionCommand","control":{"type":"JointPositionControl"}}}}}} (priority: 1)
[07/28/26 13:43:28.476881] [debug] [02:43:54.607038] [ControlManager] Control finished: {"type":"RobotCommand","control":{"type":"ComponentBasedCommand","components":{"mobility":null,"body":{"type":"BodyCommand","control":{"type":"JointPositionCommand","control":{"type":"JointPositionControl"}}},"head":{"type":"HeadCommand","control":{"type":"JointPositionCommand","control":{"type":"JointPositionControl"}}}}}}
[07/28/26 13:43:28.476936] [info] [02:43:54.607096] [ControlInterface] Control completed successfully.
[07/28/26 13:43:28.476945] [debug] [02:43:54.607104] [ControlInterface::ExecutionStats] Average Control Time: 0.001 ms (max: 0.026 ms, min: 0.001 ms, sigma: 0.001 ms, count: 880)
[07/28/26 13:43:28.477873] [debug] [02:43:54.608022] [Service] Server method called: /rb.api.PowerService/ToolFlangePowerCommand
[07/28/26 13:43:28.477903] [debug] [02:43:54.608067] [Service::PowerService::ToolFlangePowerCommand] Requested: request_header { request_timestamp { seconds: 1785213755 nanos: 157661691 } } name: "right" command: COMMAND_POWER_12V
[07/28/26 13:43:28.477911] [debug] [02:43:54.608076] [Service::PowerService::ToolFlangePowerCommand] Result: Success
[07/28/26 13:43:28.478461] [debug] [02:43:54.608624] [Service] Server method called: /rb.api.PowerService/ToolFlangePowerCommand
[07/28/26 13:43:28.478489] [debug] [02:43:54.608653] [Service::PowerService::ToolFlangePowerCommand] Requested: request_header { request_timestamp { seconds: 1785213755 nanos: 158294475 } } name: "left" command: COMMAND_POWER_12V
[07/28/26 13:43:28.478493] [debug] [02:43:54.608658] [Service::PowerService::ToolFlangePowerCommand] Result: Success
[07/28/26 13:43:29.650047] [debug] [02:43:55.780203] [Service] Server method called: /rb.api.RobotCommandService/RobotCommand
[07/28/26 13:43:29.650112] [debug] [02:43:55.780275] [Service::RobotCommandService::RobotCommand] Requested: robot_command { component_based_command { body_command { joint_position_command { command_header { control_hold_time { seconds: 1 } } minimum_time { seconds: 4 } position: 0 position: 0.78539816339744828 position: -1.3962634015954636 position: 0.78539816339744828 position: 0 position: 0 position: 0 position: -0.26179938779914941 position: 0 position: -2.0943951023931953 position: 0 position: 0.52359877559829882 position: 0 position: 0 position: 0... [truncated]
[07/28/26 13:43:29.650116] [debug] [02:43:55.780281] [Service::RobotCommandService::RobotCommand]   Peer: ipv4:192.168.30.230:60818
[07/28/26 13:43:29.650263] [debug] [02:43:55.780427] [Service::RobotCommandService::RobotCommand]   IP: 192.168.30.230, Family: ipv4
[07/28/26 13:43:29.654865] [info] [02:43:55.785027] [ControlManager] Control started: {"type":"RobotCommand","control":{"type":"ComponentBasedCommand","components":{"mobility":null,"body":{"type":"BodyCommand","control":{"type":"JointPositionCommand","control":{"type":"JointPositionControl"}}},"head":{"type":"HeadCommand","control":{"type":"JointPositionCommand","control":{"type":"JointPositionControl"}}}}}} (priority: 1)
[07/28/26 13:43:34.912879] [debug] [02:44:01.043036] [ControlManager] Control finished: {"type":"RobotCommand","control":{"type":"ComponentBasedCommand","components":{"mobility":null,"body":{"type":"BodyCommand","control":{"type":"JointPositionCommand","control":{"type":"JointPositionControl"}}},"head":{"type":"HeadCommand","control":{"type":"JointPositionCommand","control":{"type":"JointPositionControl"}}}}}}
[07/28/26 13:43:34.912934] [info] [02:44:01.043095] [ControlInterface] Control completed successfully.
[07/28/26 13:43:34.912944] [debug] [02:44:01.043103] [ControlInterface::ExecutionStats] Average Control Time: 0.001 ms (max: 0.019 ms, min: 0.001 ms, sigma: 0.000 ms, count: 2630)
[07/28/26 13:43:34.913706] [debug] [02:44:01.043865] [Service] Server method called: /rb.api.RobotCommandService/RobotCommandStream
[07/28/26 13:43:34.913718] [debug] [02:44:01.043882] [Service::RobotCommandService::RobotCommandStream] Stream is created
[07/28/26 13:43:34.946379] [debug] [02:44:01.076537] [Service::RobotCommandService::RobotCommandStream] Requested: robot_command { component_based_command { mobility_command { se2_velocity_command { command_header { control_hold_time { seconds: 1 } } minimum_time { nanos: 101000003 } velocity { linear { } } acceleration_limit { linear { x: 1 y: 1 } angular: 1 } } } body_command { body_component_based_command { right_arm_command { cartesian_impedance_control_command { command_header { control_hold_time { seconds: 1 } } minimum_time { nanos: 101000003 } targets... [truncated]
[07/28/26 13:43:34.946385] [debug] [02:44:01.076550] [Service::RobotCommandService::RobotCommandStream]   Peer: ipv4:192.168.30.230:60818
[07/28/26 13:43:34.946568] [debug] [02:44:01.076718] [Service::RobotCommandService::RobotCommandStream]   IP: 192.168.30.230, Family: ipv4
[07/28/26 13:43:34.950895] [info] [02:44:01.081056] [ControlManager] Control started: {"type":"RobotCommand","control":{"type":"ComponentBasedCommand","components":{"mobility":{"type":"MobilityCommand","control":{"type":"SE2VelocityCommand","control":{"type":"MobilitySE2VelocityControl"}}},"body":{"type":"BodyCommand","control":{"type":"BodyComponentBasedCommand","components":{"torso":{"type":"TorsoCommand","control":{"type":"JointImpedanceControlCommand","control":{"type":"JointImpedanceControl"}}},"right_arm":{"type":"ArmCommand","control":{"type":"CartesianImpedanceControlCommand","control":{"type":"CartesianImpedanceControl"}}},"left_arm":{"type":"ArmCommand","control":{"type":"CartesianImpedanceControlCommand","control":{"type":"CartesianImpedanceControl"}}}}}},"head":{"type":"HeadCommand","control":{"type":"JointPositionCommand","control":{"type":"JointPositionControl"}}}}}} (priority: 1)
[07/28/26 13:43:41.596773] [debug] [02:44:07.726926] [Service::RobotCommandService::RobotCommandStream] OnReadDone (write_done: true, read_done: true)
[07/28/26 13:43:41.596777] [debug] [02:44:07.726934] [Service::RobotCommandService::RobotCommandStream] OnCancel
[07/28/26 13:43:41.597006] [debug] [02:44:07.727166] [Service] Server method called: /rb.api.RobotCommandService/RobotCommand
[07/28/26 13:43:41.597030] [debug] [02:44:07.727194] [Service::RobotCommandService::RobotCommand] Requested: robot_command { whole_body_command { stop_command { } } } priority: 10
[07/28/26 13:43:41.597032] [debug] [02:44:07.727198] [Service::RobotCommandService::RobotCommand]   Peer: ipv4:192.168.30.230:60818
[07/28/26 13:43:41.597051] [debug] [02:44:07.727210] [Service::RobotCommandService::RobotCommandStream] OnDone: robot_command { component_based_command { mobility_command { se2_velocity_command { command_header { control_hold_time { seconds: 1 } } minimum_time { nanos: 101000003 } velocity { linear { } } acceleration_limit { linear { x: 1 y: 1 } angular: 1 } } } body_command { body_component_based_command { right_arm_command { cartesian_impedance_control_command { command_header { control_hold_time { seconds: 1 } } minimum_time { nanos: 101000003 } targets... [truncated]
[07/28/26 13:43:41.597055] [info] [02:44:07.727220] [ControlManager::CancelControl] Control cancel request received
[07/28/26 13:43:41.597182] [debug] [02:44:07.727345] [Service::RobotCommandService::RobotCommand]   IP: 192.168.30.230, Family: ipv4
[07/28/26 13:43:41.598842] [debug] [02:44:07.729003] [ControlManager::CancelControl] Cancelling control
[07/28/26 13:43:41.598855] [info] [02:44:07.729019] [ControlManager::CancelControl] Control canceling process is successfully starting...
[07/28/26 13:43:41.600843] [info] [02:44:07.731007] [ControlManager::CancelControl] Control cancel request received
[07/28/26 13:43:41.602840] [warning] [02:44:07.733003] [ControlManager::CancelControl] Target control is not currently running
[07/28/26 13:43:41.602849] [error] [02:44:07.733013] [ControlManager::CancelControl] Failed to start control canceling process
[07/28/26 13:43:41.602851] [info] [02:44:07.733016] [Service::RobotCommandService::RobotCommand] Control canceled
[07/28/26 13:43:41.697458] [debug] [02:44:07.827617] [ControlManager] Control finished: {"type":"RobotCommand","control":{"type":"ComponentBasedCommand","components":{"mobility":{"type":"MobilityCommand","control":{"type":"SE2VelocityCommand","control":{"type":"MobilitySE2VelocityControl"}}},"body":{"type":"BodyCommand","control":{"type":"BodyComponentBasedCommand","components":{"torso":{"type":"TorsoCommand","control":{"type":"JointImpedanceControlCommand","control":{"type":"JointImpedanceControl"}}},"right_arm":{"type":"ArmCommand","control":{"type":"CartesianImpedanceControlCommand","control":{"type":"CartesianImpedanceControl"}}},"left_arm":{"type":"ArmCommand","control":{"type":"CartesianImpedanceControlCommand","control":{"type":"CartesianImpedanceControl"}}}}}},"head":{"type":"HeadCommand","control":{"type":"JointPositionCommand","control":{"type":"JointPositionControl"}}}}}}
[07/28/26 13:43:41.697614] [info] [02:44:07.827774] [ControlInterface] Control was preempted or canceled by another request.
[07/28/26 13:43:41.697623] [debug] [02:44:07.827783] [ControlInterface::ExecutionStats] Average Control Time: 0.490 ms (max: 0.840 ms, min: 0.464 ms, sigma: 0.013 ms, count: 3374)
[07/28/26 13:43:41.698858] [info] [02:44:07.829022] [ControlManager] Control started: {"type":"RobotCommand","control":{"type":"WholeBodyCommand","control":{"type":"StopControl","control":{"type":"JointVelocityControl"}}}} (priority: 10)
[07/28/26 13:43:41.698881] [debug] [02:44:07.829046] [ControlManager] Control finished: {"type":"RobotCommand","control":{"type":"WholeBodyCommand","control":{"type":"StopControl","control":{"type":"JointVelocityControl"}}}}
[07/28/26 13:43:41.700860] [info] [02:44:07.831024] [ControlInterface] Control completed successfully.
[07/28/26 13:43:41.700868] [debug] [02:44:07.831030] [ControlInterface::ExecutionStats] Average Control Time: 0.007 ms (max: 0.007 ms, min: 0.007 ms, sigma: 0.000 ms, count: 1)
[07/28/26 13:43:45.431849] [debug] [02:44:11.562002] [Hardware] Hardware Loop Stat (avg: 2.000 ms, min: 1.996 ms, max: 2.004 ms, count: 15000)
[07/28/26 13:43:45.584842] [debug] [02:44:11.715003] [ControlManager] Control Manager Loop Stat (avg: 2.000 ms, min: 1.996 ms, max: 2.003 ms, count: 15000)
[07/28/26 13:44:15.431849] [debug] [02:44:41.562002] [Hardware] Hardware Loop Stat (avg: 2.000 ms, min: 1.999 ms, max: 2.001 ms, count: 15000)
[07/28/26 13:44:15.584841] [debug] [02:44:41.715002] [ControlManager] Control Manager Loop Stat (avg: 2.000 ms, min: 1.999 ms, max: 2.001 ms, count: 15000)
[07/28/26 13:44:43.882285] [debug] [02:45:10.012433] [Service] Server method called: /rb.api.RobotInfoService/GetRobotModel
[07/28/26 13:44:43.882323] [debug] [02:45:10.012487] [Service::RobotInfoService::GetRobotModel] Requested: request_header { request_timestamp { seconds: 1785213830 nanos: 560598754 } }
[07/28/26 13:44:43.885855] [debug] [02:45:10.016016] [Service] Server method called: /rb.api.RobotStateService/GetRobotStateStream
[07/28/26 13:44:43.885885] [debug] [02:45:10.016048] [Service::RobotStateService::GetRobotStateStream] Requested: request_header { request_timestamp { seconds: 1785213830 nanos: 564487205 } } update_rate: 100
[07/28/26 13:44:45.431848] [debug] [02:45:11.562003] [Hardware] Hardware Loop Stat (avg: 2.000 ms, min: 1.999 ms, max: 2.001 ms, count: 15000)
[07/28/26 13:44:45.584840] [debug] [02:45:11.715002] [ControlManager] Control Manager Loop Stat (avg: 2.000 ms, min: 1.999 ms, max: 2.001 ms, count: 15000)
[07/28/26 13:44:49.963192] [debug] [02:45:16.093344] [Service] Server method called: /rb.api.RobotInfoService/GetRobotInfo
[07/28/26 13:44:49.963224] [debug] [02:45:16.093388] [Service::RobotInfoService::GetRobotInfo] Requested: request_header { request_timestamp { seconds: 1785213836 nanos: 641909538 } }
[07/28/26 13:44:49.963908] [debug] [02:45:16.094062] [Service] Server method called: /rb.api.RobotStateService/GetRobotState
[07/28/26 13:44:49.963931] [debug] [02:45:16.094096] [Service::RobotStateService::GetRobotState] Requested: request_header { request_timestamp { seconds: 1785213836 nanos: 642714654 } }
[07/28/26 13:44:49.964680] [debug] [02:45:16.094841] [Service] Server method called: /rb.api.RobotInfoService/GetRobotInfo
[07/28/26 13:44:49.964695] [debug] [02:45:16.094860] [Service::RobotInfoService::GetRobotInfo] Requested: request_header { request_timestamp { seconds: 1785213836 nanos: 643564567 } }
[07/28/26 13:44:49.965292] [debug] [02:45:16.095452] [Service] Server method called: /rb.api.RobotStateService/GetRobotState
[07/28/26 13:44:49.965309] [debug] [02:45:16.095473] [Service::RobotStateService::GetRobotState] Requested: request_header { request_timestamp { seconds: 1785213836 nanos: 644178842 } }
[07/28/26 13:44:49.965817] [debug] [02:45:16.095981] [Service] Server method called: /rb.api.RobotStateService/GetControlManagerState
[07/28/26 13:44:49.965828] [debug] [02:45:16.095994] [Service::RobotStateService::GetControlManagerState] Requested: request_header { request_timestamp { seconds: 1785213836 nanos: 644704066 } }
[07/28/26 13:44:49.966274] [debug] [02:45:16.096433] [Service] Server method called: /rb.api.RobotCommandService/RobotCommand
[07/28/26 13:44:49.966296] [debug] [02:45:16.096460] [Service::RobotCommandService::RobotCommand] Requested: robot_command { whole_body_command { stop_command { } } } priority: 99
[07/28/26 13:44:49.966300] [debug] [02:45:16.096466] [Service::RobotCommandService::RobotCommand]   Peer: ipv4:192.168.30.230:45438
[07/28/26 13:44:49.966454] [debug] [02:45:16.096618] [Service::RobotCommandService::RobotCommand]   IP: 192.168.30.230, Family: ipv4
[07/28/26 13:44:49.970862] [info] [02:45:16.101025] [ControlManager] Control started: {"type":"RobotCommand","control":{"type":"WholeBodyCommand","control":{"type":"StopControl","control":{"type":"JointVelocityControl"}}}} (priority: 99)
[07/28/26 13:44:49.970886] [debug] [02:45:16.101051] [ControlManager] Control finished: {"type":"RobotCommand","control":{"type":"WholeBodyCommand","control":{"type":"StopControl","control":{"type":"JointVelocityControl"}}}}
[07/28/26 13:44:49.970919] [info] [02:45:16.101082] [ControlInterface] Control completed successfully.
[07/28/26 13:44:49.970927] [debug] [02:45:16.101087] [ControlInterface::ExecutionStats] Average Control Time: 0.006 ms (max: 0.006 ms, min: 0.006 ms, sigma: 0.000 ms, count: 1)
[07/28/26 13:44:49.971728] [debug] [02:45:16.101890] [Service] Server method called: /rb.api.ControlManagerService/ControlManagerCommand
[07/28/26 13:44:49.971745] [debug] [02:45:16.101910] [Service::ControlManagerService::ControlManagerCommand] Requested: request_header { request_timestamp { seconds: 1785213836 nanos: 650560567 } } command: COMMAND_DISABLE
[07/28/26 13:44:49.971749] [info] [02:45:16.101914] [ControlManager::Disable] Disable request received. Starting the disabling process...
[07/28/26 13:44:49.972854] [info] [02:45:16.103019] [ControlManager::Disable] Control Manager successfully disabled
[07/28/26 13:44:49.973423] [debug] [02:45:16.103588] [Service] Server method called: /rb.api.RobotInfoService/GetRobotInfo
[07/28/26 13:44:49.973432] [debug] [02:45:16.103598] [Service::RobotInfoService::GetRobotInfo] Requested: request_header { request_timestamp { seconds: 1785213836 nanos: 652287791 } }
[07/28/26 13:44:49.974195] [debug] [02:45:16.104357] [Service] Server method called: /rb.api.RobotStateService/GetRobotState
[07/28/26 13:44:49.974209] [debug] [02:45:16.104373] [Service::RobotStateService::GetRobotState] Requested: request_header { request_timestamp { seconds: 1785213836 nanos: 653023656 } }
[07/28/26 13:44:49.974906] [debug] [02:45:16.105069] [Service] Server method called: /rb.api.RobotStateService/GetRobotState
[07/28/26 13:44:49.974919] [debug] [02:45:16.105084] [Service::RobotStateService::GetRobotState] Requested: request_header { request_timestamp { seconds: 1785213836 nanos: 653748266 } }
[07/28/26 13:44:49.975623] [debug] [02:45:16.105785] [Service] Server method called: /rb.api.RobotInfoService/GetRobotInfo
[07/28/26 13:44:49.975637] [debug] [02:45:16.105801] [Service::RobotInfoService::GetRobotInfo] Requested: request_header { request_timestamp { seconds: 1785213836 nanos: 654471895 } }
[07/28/26 13:44:49.976523] [debug] [02:45:16.106684] [Service] Server method called: /rb.api.ControlManagerService/ControlManagerCommand
[07/28/26 13:44:49.976540] [debug] [02:45:16.106705] [Service::ControlManagerService::ControlManagerCommand] Requested: request_header { request_timestamp { seconds: 1785213836 nanos: 655346072 } } command: COMMAND_ENABLE unlimited_mode_enabled { }
[07/28/26 13:44:49.976543] [info] [02:45:16.106709] [ControlManager::Enable] Enable request received. Starting the enabling process...
[07/28/26 13:44:49.976852] [info] [02:45:16.107016] [ControlManager::Enable] Control Manager successfully enabled
[07/28/26 13:44:49.977538] [debug] [02:45:16.107703] [Service] Server method called: /rb.api.ParameterService/SetParameter
[07/28/26 13:44:49.977551] [debug] [02:45:16.107717] [Service::ParameterService::SetParameter] Requested: request_header { request_timestamp { seconds: 1785213836 nanos: 656376749 } } name: "cartesian_command.cutoff_frequency" parameter: "{\"value\":5,\"write_db\":true}"
[07/28/26 13:44:49.988030] [debug] [02:45:16.118190] [Service] Server method called: /rb.api.ParameterService/SetParameter
[07/28/26 13:44:49.988047] [debug] [02:45:16.118212] [Service::ParameterService::SetParameter] Requested: request_header { request_timestamp { seconds: 1785213836 nanos: 666795693 } } name: "default.acceleration_limit_scaling" parameter: "{\"value\":1.0,\"write_db\":true}"
[07/28/26 13:44:49.995034] [debug] [02:45:16.125196] [Service] Server method called: /rb.api.ParameterService/SetParameter
[07/28/26 13:44:49.995050] [debug] [02:45:16.125215] [Service::ParameterService::SetParameter] Requested: request_header { request_timestamp { seconds: 1785213836 nanos: 673815029 } } name: "default.angular_acceleration_limit" parameter: "{\"value\":10,\"write_db\":true}"
[07/28/26 13:44:50.000106] [debug] [02:45:16.130266] [Service] Server method called: /rb.api.ParameterService/SetParameter
[07/28/26 13:44:50.000123] [debug] [02:45:16.130287] [Service::ParameterService::SetParameter] Requested: request_header { request_timestamp { seconds: 1785213836 nanos: 678874965 } } name: "default.linear_acceleration_limit" parameter: "{\"value\":20,\"write_db\":true}"
[07/28/26 13:44:50.007062] [debug] [02:45:16.137222] [Service] Server method called: /rb.api.ParameterService/SetParameter
[07/28/26 13:44:50.007080] [debug] [02:45:16.137244] [Service::ParameterService::SetParameter] Requested: request_header { request_timestamp { seconds: 1785213836 nanos: 685822431 } } name: "joint_position_command.cutoff_frequency" parameter: "{\"value\":5,\"write_db\":true}"
[07/28/26 13:44:50.013086] [debug] [02:45:16.143246] [Service] Server method called: /rb.api.ParameterService/SetParameter
[07/28/26 13:44:50.013106] [debug] [02:45:16.143271] [Service::ParameterService::SetParameter] Requested: request_header { request_timestamp { seconds: 1785213836 nanos: 691863250 } } name: "manipulability_threshold" parameter: "{\"value\":1e4,\"write_db\":true}"
[07/28/26 13:44:50.017951] [debug] [02:45:16.148111] [Service] Server method called: /rb.api.RobotCommandService/RobotCommand
[07/28/26 13:44:50.018015] [debug] [02:45:16.148178] [Service::RobotCommandService::RobotCommand] Requested: robot_command { component_based_command { body_command { joint_position_command { command_header { control_hold_time { seconds: 1 } } minimum_time { nanos: 500000000 } position: 0.0018453333240406476 position: 0.90450569640533118 position: -1.4133164921969834 position: 0.77974445697873118 position: 0.00085811796550038346 position: -0.00014048833948457606 position: -0.11294503098130268 position: -0.28630004794097308 position: 0.54222044171394368 p... [truncated]
[07/28/26 13:44:50.018018] [debug] [02:45:16.148184] [Service::RobotCommandService::RobotCommand]   Peer: ipv4:192.168.30.230:45438
[07/28/26 13:44:50.018170] [debug] [02:45:16.148333] [Service::RobotCommandService::RobotCommand]   IP: 192.168.30.230, Family: ipv4
[07/28/26 13:44:50.022866] [info] [02:45:16.153030] [ControlManager] Control started: {"type":"RobotCommand","control":{"type":"ComponentBasedCommand","components":{"mobility":null,"body":{"type":"BodyCommand","control":{"type":"JointPositionCommand","control":{"type":"JointPositionControl"}}},"head":{"type":"HeadCommand","control":{"type":"JointPositionCommand","control":{"type":"JointPositionControl"}}}}}} (priority: 1)
[07/28/26 13:44:51.780879] [debug] [02:45:17.911038] [ControlManager] Control finished: {"type":"RobotCommand","control":{"type":"ComponentBasedCommand","components":{"mobility":null,"body":{"type":"BodyCommand","control":{"type":"JointPositionCommand","control":{"type":"JointPositionControl"}}},"head":{"type":"HeadCommand","control":{"type":"JointPositionCommand","control":{"type":"JointPositionControl"}}}}}}
[07/28/26 13:44:51.780941] [info] [02:45:17.911101] [ControlInterface] Control completed successfully.
[07/28/26 13:44:51.780950] [debug] [02:45:17.911110] [ControlInterface::ExecutionStats] Average Control Time: 0.001 ms (max: 0.027 ms, min: 0.001 ms, sigma: 0.001 ms, count: 880)
[07/28/26 13:44:51.781822] [debug] [02:45:17.911983] [Service] Server method called: /rb.api.PowerService/ToolFlangePowerCommand
[07/28/26 13:44:51.781862] [debug] [02:45:17.912026] [Service::PowerService::ToolFlangePowerCommand] Requested: request_header { request_timestamp { seconds: 1785213838 nanos: 460562302 } } name: "right" command: COMMAND_POWER_12V
[07/28/26 13:44:51.781868] [debug] [02:45:17.912033] [Service::PowerService::ToolFlangePowerCommand] Result: Success
[07/28/26 13:44:51.782367] [debug] [02:45:17.912528] [Service] Server method called: /rb.api.PowerService/ToolFlangePowerCommand
[07/28/26 13:44:51.782389] [debug] [02:45:17.912554] [Service::PowerService::ToolFlangePowerCommand] Requested: request_header { request_timestamp { seconds: 1785213838 nanos: 461209202 } } name: "left" command: COMMAND_POWER_12V
[07/28/26 13:44:51.782393] [debug] [02:45:17.912558] [Service::PowerService::ToolFlangePowerCommand] Result: Success
[07/28/26 13:44:55.066363] [debug] [02:45:21.196517] [Service] Server method called: /rb.api.RobotCommandService/RobotCommand
[07/28/26 13:44:55.066432] [debug] [02:45:21.196594] [Service::RobotCommandService::RobotCommand] Requested: robot_command { component_based_command { body_command { joint_position_command { command_header { control_hold_time { seconds: 1 } } minimum_time { seconds: 4 } position: 0 position: 0.78539816339744828 position: -1.3962634015954636 position: 0.78539816339744828 position: 0 position: 0 position: 0 position: -0.26179938779914941 position: 0 position: -2.0943951023931953 position: 0 position: 0.52359877559829882 position: 0 position: 0 position: 0... [truncated]
[07/28/26 13:44:55.066436] [debug] [02:45:21.196601] [Service::RobotCommandService::RobotCommand]   Peer: ipv4:192.168.30.230:45438
[07/28/26 13:44:55.066579] [debug] [02:45:21.196743] [Service::RobotCommandService::RobotCommand]   IP: 192.168.30.230, Family: ipv4
[07/28/26 13:44:55.070873] [info] [02:45:21.201033] [ControlManager] Control started: {"type":"RobotCommand","control":{"type":"ComponentBasedCommand","components":{"mobility":null,"body":{"type":"BodyCommand","control":{"type":"JointPositionCommand","control":{"type":"JointPositionControl"}}},"head":{"type":"HeadCommand","control":{"type":"JointPositionCommand","control":{"type":"JointPositionControl"}}}}}} (priority: 1)
[07/28/26 13:45:00.328883] [debug] [02:45:26.459040] [ControlManager] Control finished: {"type":"RobotCommand","control":{"type":"ComponentBasedCommand","components":{"mobility":null,"body":{"type":"BodyCommand","control":{"type":"JointPositionCommand","control":{"type":"JointPositionControl"}}},"head":{"type":"HeadCommand","control":{"type":"JointPositionCommand","control":{"type":"JointPositionControl"}}}}}}
[07/28/26 13:45:00.328941] [info] [02:45:26.459101] [ControlInterface] Control completed successfully.
[07/28/26 13:45:00.328950] [debug] [02:45:26.459109] [ControlInterface::ExecutionStats] Average Control Time: 0.001 ms (max: 0.023 ms, min: 0.001 ms, sigma: 0.000 ms, count: 2630)
[07/28/26 13:45:00.330175] [debug] [02:45:26.460334] [Service] Server method called: /rb.api.RobotCommandService/RobotCommandStream
[07/28/26 13:45:00.330188] [debug] [02:45:26.460352] [Service::RobotCommandService::RobotCommandStream] Stream is created
[07/28/26 13:45:00.385317] [debug] [02:45:26.515475] [Service::RobotCommandService::RobotCommandStream] Requested: robot_command { component_based_command { mobility_command { se2_velocity_command { command_header { control_hold_time { seconds: 1 } } minimum_time { nanos: 10100000 } velocity { linear { } } acceleration_limit { linear { x: 1 y: 1 } angular: 1 } } } body_command { body_component_based_command { right_arm_command { joint_impedance_control_command { command_header { control_hold_time { seconds: 1 } } minimum_time { nanos: 10100000 } position: 6.0... [truncated]
[07/28/26 13:45:00.385325] [debug] [02:45:26.515489] [Service::RobotCommandService::RobotCommandStream]   Peer: ipv4:192.168.30.230:45438
[07/28/26 13:45:00.385481] [debug] [02:45:26.515645] [Service::RobotCommandService::RobotCommandStream]   IP: 192.168.30.230, Family: ipv4
[07/28/26 13:45:00.390898] [info] [02:45:26.521058] [ControlManager] Control started: {"type":"RobotCommand","control":{"type":"ComponentBasedCommand","components":{"mobility":{"type":"MobilityCommand","control":{"type":"SE2VelocityCommand","control":{"type":"MobilitySE2VelocityControl"}}},"body":{"type":"BodyCommand","control":{"type":"BodyComponentBasedCommand","components":{"torso":{"type":"TorsoCommand","control":{"type":"JointImpedanceControlCommand","control":{"type":"JointImpedanceControl"}}},"right_arm":{"type":"ArmCommand","control":{"type":"JointImpedanceControlCommand","control":{"type":"JointImpedanceControl"}}},"left_arm":{"type":"ArmCommand","control":{"type":"JointImpedanceControlCommand","control":{"type":"JointImpedanceControl"}}}}}},"head":{"type":"HeadCommand","control":{"type":"JointPositionCommand","control":{"type":"JointPositionControl"}}}}}} (priority: 1)
[07/28/26 13:45:10.389213] [debug] [02:45:36.519358] [ControlInterface::ExecutionStats] Average Control Time: 0.338 ms (max: 0.454 ms, min: 0.320 ms, sigma: 0.008 ms, count: 5000)
[07/28/26 13:45:15.431849] [debug] [02:45:41.562002] [Hardware] Hardware Loop Stat (avg: 2.000 ms, min: 1.999 ms, max: 2.001 ms, count: 15000)
[07/28/26 13:45:15.584844] [debug] [02:45:41.715002] [ControlManager] Control Manager Loop Stat (avg: 2.000 ms, min: 1.999 ms, max: 2.001 ms, count: 15000)
[07/28/26 13:45:16.636285] [debug] [02:45:42.766437] [Service] Server method called: /rb.api.RobotCommandService/RobotCommand
[07/28/26 13:45:16.636317] [debug] [02:45:42.766482] [Service::RobotCommandService::RobotCommand] Requested: robot_command { whole_body_command { stop_command { } } } priority: 99
[07/28/26 13:45:16.636320] [debug] [02:45:42.766486] [Service::RobotCommandService::RobotCommand]   Peer: ipv4:192.168.30.230:45438
[07/28/26 13:45:16.636458] [debug] [02:45:42.766623] [Service::RobotCommandService::RobotCommand]   IP: 192.168.30.230, Family: ipv4
[07/28/26 13:45:16.739260] [debug] [02:45:42.869419] [ControlManager] Control finished: {"type":"RobotCommand","control":{"type":"ComponentBasedCommand","components":{"mobility":{"type":"MobilityCommand","control":{"type":"SE2VelocityCommand","control":{"type":"MobilitySE2VelocityControl"}}},"body":{"type":"BodyCommand","control":{"type":"BodyComponentBasedCommand","components":{"torso":{"type":"TorsoCommand","control":{"type":"JointImpedanceControlCommand","control":{"type":"JointImpedanceControl"}}},"right_arm":{"type":"ArmCommand","control":{"type":"JointImpedanceControlCommand","control":{"type":"JointImpedanceControl"}}},"left_arm":{"type":"ArmCommand","control":{"type":"JointImpedanceControlCommand","control":{"type":"JointImpedanceControl"}}}}}},"head":{"type":"HeadCommand","control":{"type":"JointPositionCommand","control":{"type":"JointPositionControl"}}}}}}
[07/28/26 13:45:16.739358] [debug] [02:45:42.869518] [Service::RobotCommandService::RobotCommandStream] OnReadDone (write_done: true, read_done: true)
[07/28/26 13:45:16.739404] [debug] [02:45:42.869565] [Service::RobotCommandService::RobotCommandStream] OnCancel
[07/28/26 13:45:16.739454] [info] [02:45:42.869614] [ControlInterface] Control was preempted or canceled by another request.
[07/28/26 13:45:16.739465] [debug] [02:45:42.869624] [ControlInterface::ExecutionStats] Average Control Time: 0.338 ms (max: 0.383 ms, min: 0.320 ms, sigma: 0.009 ms, count: 3175)
[07/28/26 13:45:16.739531] [debug] [02:45:42.869693] [Service::RobotCommandService::RobotCommandStream] OnDone: robot_command { component_based_command { mobility_command { se2_velocity_command { command_header { control_hold_time { seconds: 1 } } minimum_time { nanos: 10100000 } velocity { linear { } } acceleration_limit { linear { x: 1 y: 1 } angular: 1 } } } body_command { body_component_based_command { right_arm_command { joint_impedance_control_command { command_header { control_hold_time { seconds: 1 } } minimum_time { nanos: 10100000 } position: -0.... [truncated]
[07/28/26 13:45:16.740853] [info] [02:45:42.871017] [ControlManager] Control started: {"type":"RobotCommand","control":{"type":"WholeBodyCommand","control":{"type":"StopControl","control":{"type":"JointVelocityControl"}}}} (priority: 99)
[07/28/26 13:45:16.740871] [debug] [02:45:42.871036] [ControlManager] Control finished: {"type":"RobotCommand","control":{"type":"WholeBodyCommand","control":{"type":"StopControl","control":{"type":"JointVelocityControl"}}}}
[07/28/26 13:45:16.740901] [info] [02:45:42.871065] [ControlInterface] Control completed successfully.
[07/28/26 13:45:16.740908] [debug] [02:45:42.871069] [ControlInterface::ExecutionStats] Average Control Time: 0.005 ms (max: 0.005 ms, min: 0.005 ms, sigma: 0.000 ms, count: 1)
[07/28/26 13:45:16.741679] [debug] [02:45:42.871841] [Service] Server method called: /rb.api.ControlManagerService/ControlManagerCommand
[07/28/26 13:45:16.741701] [debug] [02:45:42.871865] [Service::ControlManagerService::ControlManagerCommand] Requested: request_header { request_timestamp { seconds: 1785213863 nanos: 420127425 } } command: COMMAND_DISABLE
[07/28/26 13:45:16.741705] [info] [02:45:42.871870] [ControlManager::Disable] Disable request received. Starting the disabling process...
[07/28/26 13:45:16.742855] [info] [02:45:42.873020] [ControlManager::Disable] Control Manager successfully disabled
[07/28/26 13:45:45.431848] [debug] [02:46:11.562003] [Hardware] Hardware Loop Stat (avg: 2.000 ms, min: 1.998 ms, max: 2.002 ms, count: 15000)
[07/28/26 13:45:45.584841] [debug] [02:46:11.715003] [ControlManager] Control Manager Loop Stat (avg: 2.000 ms, min: 1.999 ms, max: 2.001 ms, count: 15000)
[07/28/26 13:46:15.431851] [debug] [02:46:41.562002] [Hardware] Hardware Loop Stat (avg: 2.000 ms, min: 1.997 ms, max: 2.002 ms, count: 15000)
[07/28/26 13:46:15.584840] [debug] [02:46:41.715002] [ControlManager] Control Manager Loop Stat (avg: 2.000 ms, min: 1.999 ms, max: 2.001 ms, count: 15000)
[07/28/26 13:46:18.685590] [debug] [02:46:44.815732] [Service] Server method called: /rb.api.RobotInfoService/GetRobotModel
[07/28/26 13:46:18.685627] [debug] [02:46:44.815790] [Service::RobotInfoService::GetRobotModel] Requested: request_header { request_timestamp { seconds: 1785213925 nanos: 362668919 } }
[07/28/26 13:46:18.689156] [debug] [02:46:44.819318] [Service] Server method called: /rb.api.RobotStateService/GetRobotStateStream
[07/28/26 13:46:18.689192] [debug] [02:46:44.819356] [Service::RobotStateService::GetRobotStateStream] Requested: request_header { request_timestamp { seconds: 1785213925 nanos: 366496663 } } update_rate: 100
[07/28/26 13:46:43.373360] [debug] [02:47:09.503513] [Service] Server method called: /rb.api.RobotInfoService/GetRobotModel
[07/28/26 13:46:43.373397] [debug] [02:47:09.503561] [Service::RobotInfoService::GetRobotModel] Requested: request_header { request_timestamp { seconds: 1785213950 nanos: 50046103 } }
[07/28/26 13:46:43.376845] [debug] [02:47:09.507001] [Service] Server method called: /rb.api.RobotStateService/GetRobotStateStream
[07/28/26 13:46:43.376878] [debug] [02:47:09.507041] [Service::RobotStateService::GetRobotStateStream] Requested: request_header { request_timestamp { seconds: 1785213950 nanos: 53790300 } } update_rate: 100
[07/28/26 13:46:45.431848] [debug] [02:47:11.562002] [Hardware] Hardware Loop Stat (avg: 2.000 ms, min: 1.999 ms, max: 2.001 ms, count: 15000)
[07/28/26 13:46:45.584840] [debug] [02:47:11.715002] [ControlManager] Control Manager Loop Stat (avg: 2.000 ms, min: 1.998 ms, max: 2.002 ms, count: 15000)
[07/28/26 13:46:52.237823] [debug] [02:47:18.367974] [Service] Server method called: /rb.api.RobotInfoService/GetRobotInfo
[07/28/26 13:46:52.237859] [debug] [02:47:18.368024] [Service::RobotInfoService::GetRobotInfo] Requested: request_header { request_timestamp { seconds: 1785213958 nanos: 914453588 } }
[07/28/26 13:46:52.239019] [debug] [02:47:18.369178] [Service] Server method called: /rb.api.RobotStateService/GetRobotState
[07/28/26 13:46:52.239051] [debug] [02:47:18.369214] [Service::RobotStateService::GetRobotState] Requested: request_header { request_timestamp { seconds: 1785213958 nanos: 916070253 } }
[07/28/26 13:46:52.240188] [debug] [02:47:18.370353] [Service] Server method called: /rb.api.RobotInfoService/GetRobotInfo
[07/28/26 13:46:52.240196] [debug] [02:47:18.370362] [Service::RobotInfoService::GetRobotInfo] Requested: request_header { request_timestamp { seconds: 1785213958 nanos: 917287928 } }
[07/28/26 13:46:52.241212] [debug] [02:47:18.371374] [Service] Server method called: /rb.api.RobotStateService/GetRobotState
[07/28/26 13:46:52.241234] [debug] [02:47:18.371398] [Service::RobotStateService::GetRobotState] Requested: request_header { request_timestamp { seconds: 1785213958 nanos: 918300064 } }
[07/28/26 13:46:52.242471] [debug] [02:47:18.372632] [Service] Server method called: /rb.api.RobotStateService/GetControlManagerState
[07/28/26 13:46:52.242489] [debug] [02:47:18.372653] [Service::RobotStateService::GetControlManagerState] Requested: request_header { request_timestamp { seconds: 1785213958 nanos: 919555091 } }
[07/28/26 13:46:52.243434] [debug] [02:47:18.373599] [Service] Server method called: /rb.api.RobotInfoService/GetRobotInfo
[07/28/26 13:46:52.243441] [debug] [02:47:18.373607] [Service::RobotInfoService::GetRobotInfo] Requested: request_header { request_timestamp { seconds: 1785213958 nanos: 920554770 } }
[07/28/26 13:46:52.244488] [debug] [02:47:18.374650] [Service] Server method called: /rb.api.RobotStateService/GetRobotState
[07/28/26 13:46:52.244516] [debug] [02:47:18.374680] [Service::RobotStateService::GetRobotState] Requested: request_header { request_timestamp { seconds: 1785213958 nanos: 921612103 } }
[07/28/26 13:46:52.245586] [debug] [02:47:18.375749] [Service] Server method called: /rb.api.RobotStateService/GetRobotState
[07/28/26 13:46:52.245606] [debug] [02:47:18.375771] [Service::RobotStateService::GetRobotState] Requested: request_header { request_timestamp { seconds: 1785213958 nanos: 922705422 } }
[07/28/26 13:46:52.246421] [debug] [02:47:18.376583] [Service] Server method called: /rb.api.RobotInfoService/GetRobotInfo
[07/28/26 13:46:52.246434] [debug] [02:47:18.376599] [Service::RobotInfoService::GetRobotInfo] Requested: request_header { request_timestamp { seconds: 1785213958 nanos: 923636327 } }
[07/28/26 13:46:52.247497] [debug] [02:47:18.377659] [Service] Server method called: /rb.api.ControlManagerService/ControlManagerCommand
[07/28/26 13:46:52.247522] [debug] [02:47:18.377687] [Service::ControlManagerService::ControlManagerCommand] Requested: request_header { request_timestamp { seconds: 1785213958 nanos: 924637104 } } command: COMMAND_ENABLE unlimited_mode_enabled { }
[07/28/26 13:46:52.247526] [info] [02:47:18.377691] [ControlManager::Enable] Enable request received. Starting the enabling process...
[07/28/26 13:46:52.248849] [info] [02:47:18.379014] [ControlManager::Enable] Control Manager successfully enabled
[07/28/26 13:46:52.249473] [debug] [02:47:18.379634] [Service] Server method called: /rb.api.ParameterService/SetParameter
[07/28/26 13:46:52.249495] [debug] [02:47:18.379659] [Service::ParameterService::SetParameter] Requested: request_header { request_timestamp { seconds: 1785213958 nanos: 926615528 } } name: "cartesian_command.cutoff_frequency" parameter: "{\"value\":5,\"write_db\":true}"
[07/28/26 13:46:52.255771] [debug] [02:47:18.385935] [Service] Server method called: /rb.api.ParameterService/SetParameter
[07/28/26 13:46:52.255782] [debug] [02:47:18.385948] [Service::ParameterService::SetParameter] Requested: request_header { request_timestamp { seconds: 1785213958 nanos: 932966531 } } name: "default.acceleration_limit_scaling" parameter: "{\"value\":1.0,\"write_db\":true}"
[07/28/26 13:46:52.261871] [debug] [02:47:18.392033] [Service] Server method called: /rb.api.ParameterService/SetParameter
[07/28/26 13:46:52.261895] [debug] [02:47:18.392059] [Service::ParameterService::SetParameter] Requested: request_header { request_timestamp { seconds: 1785213958 nanos: 939032888 } } name: "default.angular_acceleration_limit" parameter: "{\"value\":10,\"write_db\":true}"
[07/28/26 13:46:52.267738] [debug] [02:47:18.397900] [Service] Server method called: /rb.api.ParameterService/SetParameter
[07/28/26 13:46:52.267755] [debug] [02:47:18.397919] [Service::ParameterService::SetParameter] Requested: request_header { request_timestamp { seconds: 1785213958 nanos: 944899716 } } name: "default.linear_acceleration_limit" parameter: "{\"value\":20,\"write_db\":true}"
[07/28/26 13:46:52.273921] [debug] [02:47:18.404082] [Service] Server method called: /rb.api.ParameterService/SetParameter
[07/28/26 13:46:52.273945] [debug] [02:47:18.404109] [Service::ParameterService::SetParameter] Requested: request_header { request_timestamp { seconds: 1785213958 nanos: 951073013 } } name: "joint_position_command.cutoff_frequency" parameter: "{\"value\":5,\"write_db\":true}"
[07/28/26 13:46:52.279945] [debug] [02:47:18.410105] [Service] Server method called: /rb.api.RobotCommandService/RobotCommand
[07/28/26 13:46:52.280012] [debug] [02:47:18.410175] [Service::RobotCommandService::RobotCommand] Requested: robot_command { component_based_command { body_command { joint_position_command { command_header { control_hold_time { seconds: 1 } } minimum_time { nanos: 500000000 } position: 0.0031590891473288452 position: 0.959231600107796 position: -1.4134645745007643 position: 0.77973686301443468 position: 0.00097962139424380055 position: -0.0005201865543077546 position: -0.56873097107289794 position: -0.27191707956347105 position: 0.53702617013516252 posi... [truncated]
[07/28/26 13:46:52.280015] [debug] [02:47:18.410181] [Service::RobotCommandService::RobotCommand]   Peer: ipv4:192.168.30.230:52482
[07/28/26 13:46:52.280160] [debug] [02:47:18.410324] [Service::RobotCommandService::RobotCommand]   IP: 192.168.30.230, Family: ipv4
[07/28/26 13:46:52.284878] [info] [02:47:18.415041] [ControlManager] Control started: {"type":"RobotCommand","control":{"type":"ComponentBasedCommand","components":{"mobility":null,"body":{"type":"BodyCommand","control":{"type":"JointPositionCommand","control":{"type":"JointPositionControl"}}},"head":{"type":"HeadCommand","control":{"type":"JointPositionCommand","control":{"type":"JointPositionControl"}}}}}} (priority: 1)
[07/28/26 13:46:54.042883] [debug] [02:47:20.173039] [ControlManager] Control finished: {"type":"RobotCommand","control":{"type":"ComponentBasedCommand","components":{"mobility":null,"body":{"type":"BodyCommand","control":{"type":"JointPositionCommand","control":{"type":"JointPositionControl"}}},"head":{"type":"HeadCommand","control":{"type":"JointPositionCommand","control":{"type":"JointPositionControl"}}}}}}
[07/28/26 13:46:54.042943] [info] [02:47:20.173102] [ControlInterface] Control completed successfully.
[07/28/26 13:46:54.042953] [debug] [02:47:20.173111] [ControlInterface::ExecutionStats] Average Control Time: 0.001 ms (max: 0.029 ms, min: 0.001 ms, sigma: 0.001 ms, count: 880)
[07/28/26 13:46:54.044080] [debug] [02:47:20.174240] [Service] Server method called: /rb.api.PowerService/ToolFlangePowerCommand
[07/28/26 13:46:54.044121] [debug] [02:47:20.174285] [Service::PowerService::ToolFlangePowerCommand] Requested: request_header { request_timestamp { seconds: 1785213960 nanos: 721090963 } } name: "right" command: COMMAND_POWER_12V
[07/28/26 13:46:54.044126] [debug] [02:47:20.174292] [Service::PowerService::ToolFlangePowerCommand] Result: Success
[07/28/26 13:46:54.044750] [debug] [02:47:20.174912] [Service] Server method called: /rb.api.PowerService/ToolFlangePowerCommand
[07/28/26 13:46:54.044774] [debug] [02:47:20.174938] [Service::PowerService::ToolFlangePowerCommand] Requested: request_header { request_timestamp { seconds: 1785213960 nanos: 721881012 } } name: "left" command: COMMAND_POWER_12V
[07/28/26 13:46:54.044778] [debug] [02:47:20.174943] [Service::PowerService::ToolFlangePowerCommand] Result: Success
[07/28/26 13:46:55.192553] [debug] [02:47:21.322709] [Service] Server method called: /rb.api.RobotCommandService/RobotCommand
[07/28/26 13:46:55.192621] [debug] [02:47:21.322783] [Service::RobotCommandService::RobotCommand] Requested: robot_command { component_based_command { body_command { joint_position_command { command_header { control_hold_time { seconds: 1 } } minimum_time { seconds: 4 } position: 0 position: 0.78539816339744828 position: -1.3962634015954636 position: 0.78539816339744828 position: 0 position: 0 position: 0 position: -0.26179938779914941 position: 0 position: -2.0943951023931953 position: 0 position: 0.52359877559829882 position: 0 position: 0 position: 0... [truncated]
[07/28/26 13:46:55.192625] [debug] [02:47:21.322791] [Service::RobotCommandService::RobotCommand]   Peer: ipv4:192.168.30.230:52482
[07/28/26 13:46:55.192785] [debug] [02:47:21.322949] [Service::RobotCommandService::RobotCommand]   IP: 192.168.30.230, Family: ipv4
[07/28/26 13:46:55.198863] [info] [02:47:21.329025] [ControlManager] Control started: {"type":"RobotCommand","control":{"type":"ComponentBasedCommand","components":{"mobility":null,"body":{"type":"BodyCommand","control":{"type":"JointPositionCommand","control":{"type":"JointPositionControl"}}},"head":{"type":"HeadCommand","control":{"type":"JointPositionCommand","control":{"type":"JointPositionControl"}}}}}} (priority: 1)
[07/28/26 13:47:00.456880] [debug] [02:47:26.587038] [ControlManager] Control finished: {"type":"RobotCommand","control":{"type":"ComponentBasedCommand","components":{"mobility":null,"body":{"type":"BodyCommand","control":{"type":"JointPositionCommand","control":{"type":"JointPositionControl"}}},"head":{"type":"HeadCommand","control":{"type":"JointPositionCommand","control":{"type":"JointPositionControl"}}}}}}
[07/28/26 13:47:00.456938] [info] [02:47:26.587098] [ControlInterface] Control completed successfully.
[07/28/26 13:47:00.456948] [debug] [02:47:26.587107] [ControlInterface::ExecutionStats] Average Control Time: 0.001 ms (max: 0.020 ms, min: 0.001 ms, sigma: 0.000 ms, count: 2630)
[07/28/26 13:47:00.457619] [debug] [02:47:26.587778] [Service] Server method called: /rb.api.RobotCommandService/RobotCommandStream
[07/28/26 13:47:00.457633] [debug] [02:47:26.587797] [Service::RobotCommandService::RobotCommandStream] Stream is created
[07/28/26 13:47:00.489520] [debug] [02:47:26.619679] [Service::RobotCommandService::RobotCommandStream] Requested: robot_command { component_based_command { mobility_command { se2_velocity_command { command_header { control_hold_time { seconds: 1 } } minimum_time { nanos: 10100000 } velocity { linear { } } acceleration_limit { linear { x: 1 y: 1 } angular: 1 } } } body_command { joint_impedance_control_command { command_header { control_hold_time { seconds: 1 } } minimum_time { nanos: 10100000 } position: -0.00014338982995419056 position: 0.78495856189886859 ... [truncated]
[07/28/26 13:47:00.489528] [debug] [02:47:26.619692] [Service::RobotCommandService::RobotCommandStream]   Peer: ipv4:192.168.30.230:52482
[07/28/26 13:47:00.489688] [debug] [02:47:26.619852] [Service::RobotCommandService::RobotCommandStream]   IP: 192.168.30.230, Family: ipv4
[07/28/26 13:47:00.494864] [info] [02:47:26.625029] [ControlManager] Control started: {"type":"RobotCommand","control":{"type":"ComponentBasedCommand","components":{"mobility":{"type":"MobilityCommand","control":{"type":"SE2VelocityCommand","control":{"type":"MobilitySE2VelocityControl"}}},"body":{"type":"BodyCommand","control":{"type":"JointImpedanceControlCommand","control":{"type":"JointImpedanceControl"}}},"head":{"type":"HeadCommand","control":{"type":"JointPositionCommand","control":{"type":"JointPositionControl"}}}}}} (priority: 1)
[07/28/26 13:47:10.492977] [debug] [02:47:36.623126] [ControlInterface::ExecutionStats] Average Control Time: 0.117 ms (max: 0.204 ms, min: 0.109 ms, sigma: 0.005 ms, count: 5000)
[07/28/26 13:47:12.737575] [debug] [02:47:38.867724] [Service::RobotCommandService::RobotCommandStream] OnReadDone (write_done: true, read_done: true)
[07/28/26 13:47:12.737575] [debug] [02:47:38.867730] [Service::RobotCommandService::RobotCommandStream] OnCancel
[07/28/26 13:47:12.737780] [debug] [02:47:38.867939] [Service::RobotCommandService::RobotCommandStream] OnDone: robot_command { component_based_command { mobility_command { se2_velocity_command { command_header { control_hold_time { seconds: 1 } } minimum_time { nanos: 10100000 } velocity { linear { } } acceleration_limit { linear { x: 1 y: 1 } angular: 1 } } } body_command { joint_impedance_control_command { command_header { control_hold_time { seconds: 1 } } minimum_time { nanos: 10100000 } position: 0.046326342465101984 position: 1.1047910695573497 posi... [truncated]
[07/28/26 13:47:12.737784] [info] [02:47:38.867949] [ControlManager::CancelControl] Control cancel request received
[07/28/26 13:47:12.737852] [debug] [02:47:38.868013] [Service] Server method called: /rb.api.RobotCommandService/RobotCommand
[07/28/26 13:47:12.737869] [debug] [02:47:38.868033] [Service::RobotCommandService::RobotCommand] Requested: robot_command { whole_body_command { stop_command { } } } priority: 10
[07/28/26 13:47:12.737872] [debug] [02:47:38.868037] [Service::RobotCommandService::RobotCommand]   Peer: ipv4:192.168.30.230:52482
[07/28/26 13:47:12.738037] [debug] [02:47:38.868201] [Service::RobotCommandService::RobotCommand]   IP: 192.168.30.230, Family: ipv4
[07/28/26 13:47:12.738982] [debug] [02:47:38.869143] [ControlManager::CancelControl] Cancelling control
[07/28/26 13:47:12.739001] [info] [02:47:38.869164] [ControlManager::CancelControl] Control canceling process is successfully starting...
[07/28/26 13:47:12.740977] [info] [02:47:38.871141] [ControlManager::CancelControl] Control cancel request received
[07/28/26 13:47:12.742972] [warning] [02:47:38.873136] [ControlManager::CancelControl] Target control is not currently running
[07/28/26 13:47:12.742980] [error] [02:47:38.873144] [ControlManager::CancelControl] Failed to start control canceling process
[07/28/26 13:47:12.742982] [info] [02:47:38.873147] [Service::RobotCommandService::RobotCommand] Control canceled
[07/28/26 13:47:12.839017] [debug] [02:47:38.969179] [ControlManager] Control finished: {"type":"RobotCommand","control":{"type":"ComponentBasedCommand","components":{"mobility":{"type":"MobilityCommand","control":{"type":"SE2VelocityCommand","control":{"type":"MobilitySE2VelocityControl"}}},"body":{"type":"BodyCommand","control":{"type":"JointImpedanceControlCommand","control":{"type":"JointImpedanceControl"}}},"head":{"type":"HeadCommand","control":{"type":"JointPositionCommand","control":{"type":"JointPositionControl"}}}}}}
[07/28/26 13:47:12.839076] [info] [02:47:38.969238] [ControlInterface] Control was preempted or canceled by another request.
[07/28/26 13:47:12.839086] [debug] [02:47:38.969245] [ControlInterface::ExecutionStats] Average Control Time: 0.118 ms (max: 0.132 ms, min: 0.110 ms, sigma: 0.005 ms, count: 1173)
[07/28/26 13:47:12.840852] [info] [02:47:38.971016] [ControlManager] Control started: {"type":"RobotCommand","control":{"type":"WholeBodyCommand","control":{"type":"StopControl","control":{"type":"JointVelocityControl"}}}} (priority: 10)
[07/28/26 13:47:12.840871] [debug] [02:47:38.971037] [ControlManager] Control finished: {"type":"RobotCommand","control":{"type":"WholeBodyCommand","control":{"type":"StopControl","control":{"type":"JointVelocityControl"}}}}
[07/28/26 13:47:12.840904] [info] [02:47:38.971067] [ControlInterface] Control completed successfully.
[07/28/26 13:47:12.840909] [debug] [02:47:38.971072] [ControlInterface::ExecutionStats] Average Control Time: 0.006 ms (max: 0.006 ms, min: 0.006 ms, sigma: 0.000 ms, count: 1)
[07/28/26 13:47:15.431851] [debug] [02:47:41.562003] [Hardware] Hardware Loop Stat (avg: 2.000 ms, min: 1.999 ms, max: 2.001 ms, count: 15000)
[07/28/26 13:47:15.584842] [debug] [02:47:41.715003] [ControlManager] Control Manager Loop Stat (avg: 2.000 ms, min: 1.997 ms, max: 2.003 ms, count: 15000)
[07/28/26 13:47:45.431849] [debug] [02:48:11.562003] [Hardware] Hardware Loop Stat (avg: 2.000 ms, min: 1.999 ms, max: 2.001 ms, count: 15000)
[07/28/26 13:47:45.584840] [debug] [02:48:11.715002] [ControlManager] Control Manager Loop Stat (avg: 2.000 ms, min: 1.999 ms, max: 2.001 ms, count: 15000)
[07/28/26 13:47:49.136849] [error] [02:48:15.267007] [ControlManager] Joint 5 torso_1 TEMPERATURE ERROR
[07/28/26 13:47:49.136857] [info] [02:48:15.267022] [ControlManager] Control Manager state changed to 'MajorFault'.
[07/28/26 13:47:49.136870] [error] [02:48:15.267029] [ControlManager] Major Fault Reaction Started...
[07/28/26 13:47:49.136883] [error] [02:48:15.267049] [ControlManager] Motor Error Occurred
[07/28/26 13:47:49.136911] [info] [02:48:15.267068] [Hardware::ExecutePowerCommand] Started: device name = 48v|.*, command = PowerOff
[07/28/26 13:47:49.400014] [info] [02:48:15.530175] [Hardware::ExecutePowerCommand] Power command succeeded
[07/28/26 13:47:50.546155] [error] [02:48:16.676307] [RobotApp] Robot states have been saved: [logs/fault-2026-07-28_13-47-50-409.csv]
[07/28/26 13:48:15.431850] [debug] [02:48:41.562002] [Hardware] Hardware Loop Stat (avg: 2.000 ms, min: 1.998 ms, max: 2.002 ms, count: 15000)
[07/28/26 13:48:15.584839] [debug] [02:48:41.715002] [ControlManager] Control Manager Loop Stat (avg: 2.000 ms, min: 1.999 ms, max: 2.001 ms, count: 15000)
[07/28/26 13:48:45.431848] [debug] [02:49:11.562002] [Hardware] Hardware Loop Stat (avg: 2.000 ms, min: 1.999 ms, max: 2.001 ms, count: 15000)
[07/28/26 13:48:45.584840] [debug] [02:49:11.715002] [ControlManager] Control Manager Loop Stat (avg: 2.000 ms, min: 1.999 ms, max: 2.001 ms, count: 15000)
[07/28/26 13:49:15.431847] [debug] [02:49:41.562003] [Hardware] Hardware Loop Stat (avg: 2.000 ms, min: 1.999 ms, max: 2.001 ms, count: 15000)
[07/28/26 13:49:15.584839] [debug] [02:49:41.715002] [ControlManager] Control Manager Loop Stat (avg: 2.000 ms, min: 1.987 ms, max: 2.013 ms, count: 15000)
[07/28/26 13:49:45.431848] [debug] [02:50:11.562003] [Hardware] Hardware Loop Stat (avg: 2.000 ms, min: 1.999 ms, max: 2.001 ms, count: 15000)
[07/28/26 13:49:45.584839] [debug] [02:50:11.715002] [ControlManager] Control Manager Loop Stat (avg: 2.000 ms, min: 1.997 ms, max: 2.003 ms, count: 15000)
[07/28/26 13:50:15.431850] [debug] [02:50:41.562003] [Hardware] Hardware Loop Stat (avg: 2.000 ms, min: 1.999 ms, max: 2.001 ms, count: 15000)
[07/28/26 13:50:15.584840] [debug] [02:50:41.715002] [ControlManager] Control Manager Loop Stat (avg: 2.000 ms, min: 1.999 ms, max: 2.002 ms, count: 15000)
[07/28/26 13:50:45.431848] [debug] [02:51:11.562003] [Hardware] Hardware Loop Stat (avg: 2.000 ms, min: 1.999 ms, max: 2.001 ms, count: 15000)
[07/28/26 13:50:45.584839] [debug] [02:51:11.715003] [ControlManager] Control Manager Loop Stat (avg: 2.000 ms, min: 1.999 ms, max: 2.001 ms, count: 15000)
[07/28/26 13:51:15.431850] [debug] [02:51:41.562003] [Hardware] Hardware Loop Stat (avg: 2.000 ms, min: 1.999 ms, max: 2.001 ms, count: 15000)
[07/28/26 13:51:15.584840] [debug] [02:51:41.715002] [ControlManager] Control Manager Loop Stat (avg: 2.000 ms, min: 1.999 ms, max: 2.001 ms, count: 15000)
[07/28/26 13:51:45.431849] [debug] [02:52:11.562003] [Hardware] Hardware Loop Stat (avg: 2.000 ms, min: 1.999 ms, max: 2.001 ms, count: 15000)
[07/28/26 13:51:45.584839] [debug] [02:52:11.715002] [ControlManager] Control Manager Loop Stat (avg: 2.000 ms, min: 1.999 ms, max: 2.001 ms, count: 15000)
[07/28/26 13:52:15.431849] [debug] [02:52:41.562003] [Hardware] Hardware Loop Stat (avg: 2.000 ms, min: 1.999 ms, max: 2.001 ms, count: 15000)
[07/28/26 13:52:15.584840] [debug] [02:52:41.715003] [ControlManager] Control Manager Loop Stat (avg: 2.000 ms, min: 1.999 ms, max: 2.001 ms, count: 15000)
[07/28/26 13:52:36.466482] [debug] [02:53:02.596634] [Service] Server method called: /rb.api.RobotInfoService/GetRobotModel
[07/28/26 13:52:36.466519] [debug] [02:53:02.596682] [Service::RobotInfoService::GetRobotModel] Requested: request_header { request_timestamp { seconds: 1785214303 nanos: 137647954 } }
[07/28/26 13:52:36.470483] [debug] [02:53:02.600641] [Service] Server method called: /rb.api.RobotStateService/GetRobotStateStream
[07/28/26 13:52:36.470517] [debug] [02:53:02.600681] [Service::RobotStateService::GetRobotStateStream] Requested: request_header { request_timestamp { seconds: 1785214303 nanos: 141636485 } } update_rate: 100
[07/28/26 13:52:40.785001] [debug] [02:53:06.915154] [Service] Server method called: /rb.api.RobotInfoService/GetRobotInfo
[07/28/26 13:52:40.785035] [debug] [02:53:06.915199] [Service::RobotInfoService::GetRobotInfo] Requested: request_header { request_timestamp { seconds: 1785214307 nanos: 456491368 } }
[07/28/26 13:52:40.785786] [debug] [02:53:06.915947] [Service] Server method called: /rb.api.RobotStateService/GetRobotState
[07/28/26 13:52:40.785806] [debug] [02:53:06.915970] [Service::RobotStateService::GetRobotState] Requested: request_header { request_timestamp { seconds: 1785214307 nanos: 457472452 } }
[07/28/26 13:52:40.786381] [debug] [02:53:06.916540] [Service] Server method called: /rb.api.PowerService/PowerCommand
[07/28/26 13:52:40.786407] [debug] [02:53:06.916572] [Service::PowerService::PowerCommand] Requested: request_header { request_timestamp { seconds: 1785214307 nanos: 458076181 } } name: ".*" command: COMMAND_POWER_ON
[07/28/26 13:52:40.786412] [info] [02:53:06.916577] [Hardware::ExecutePowerCommand] Started: device name = .*, command = PowerOn
[07/28/26 13:52:42.046012] [error] [02:53:08.176171] [Hardware::ExecutePowerCommand] EMO Error: Please check EMO Switch
[07/28/26 13:52:42.046030] [error] [02:53:08.176189] [Hardware::ExecutePowerCommand] Timeout: Power command failed - unmatched power states: 48v
[07/28/26 13:52:42.046036] [debug] [02:53:08.176201] [Service::PowerService::PowerCommand] Result: Failed
[07/28/26 13:52:45.431848] [debug] [02:53:11.562002] [Hardware] Hardware Loop Stat (avg: 2.000 ms, min: 1.999 ms, max: 2.001 ms, count: 15000)
[07/28/26 13:52:45.584840] [debug] [02:53:11.715002] [ControlManager] Control Manager Loop Stat (avg: 2.000 ms, min: 1.999 ms, max: 2.001 ms, count: 15000)
[07/28/26 13:52:48.774062] [debug] [02:53:14.904202] [Service] Server method called: /rb.api.RobotInfoService/GetRobotInfo
[07/28/26 13:52:48.774098] [debug] [02:53:14.904261] [Service::RobotInfoService::GetRobotInfo] Requested: request_header { request_timestamp { seconds: 1785214315 nanos: 445305589 } }
[07/28/26 13:52:48.775200] [debug] [02:53:14.905362] [Service] Server method called: /rb.api.RobotStateService/GetRobotState
[07/28/26 13:52:48.775221] [debug] [02:53:14.905385] [Service::RobotStateService::GetRobotState] Requested: request_header { request_timestamp { seconds: 1785214315 nanos: 446638222 } }
[07/28/26 13:52:48.776388] [debug] [02:53:14.906547] [Service] Server method called: /rb.api.PowerService/PowerCommand
[07/28/26 13:52:48.776415] [debug] [02:53:14.906579] [Service::PowerService::PowerCommand] Requested: request_header { request_timestamp { seconds: 1785214315 nanos: 447842157 } } name: ".*" command: COMMAND_POWER_ON
[07/28/26 13:52:48.776421] [info] [02:53:14.906585] [Hardware::ExecutePowerCommand] Started: device name = .*, command = PowerOn
[07/28/26 13:52:49.208013] [info] [02:53:15.338173] [Hardware::ExecutePowerCommand] Power command succeeded
[07/28/26 13:52:49.208021] [debug] [02:53:15.338186] [Service::PowerService::PowerCommand] Result: Success
[07/28/26 13:52:49.208850] [debug] [02:53:15.339009] [Service] Server method called: /rb.api.RobotInfoService/GetRobotInfo
[07/28/26 13:52:49.208871] [debug] [02:53:15.339035] [Service::RobotInfoService::GetRobotInfo] Requested: request_header { request_timestamp { seconds: 1785214315 nanos: 880318318 } }
[07/28/26 13:52:49.209659] [debug] [02:53:15.339819] [Service] Server method called: /rb.api.RobotStateService/GetRobotState
[07/28/26 13:52:49.209687] [debug] [02:53:15.339851] [Service::RobotStateService::GetRobotState] Requested: request_header { request_timestamp { seconds: 1785214315 nanos: 881184156 } }
[07/28/26 13:52:49.210483] [debug] [02:53:15.340643] [Service] Server method called: /rb.api.PowerService/JointCommand
[07/28/26 13:52:49.210505] [debug] [02:53:15.340669] [Service::PowerService::JointCommand] Requested: request_header { request_timestamp { seconds: 1785214315 nanos: 882004833 } } name: ".*" command: COMMAND_SERVO_ON
[07/28/26 13:52:52.200023] [debug] [02:53:18.330177] [Service::PowerService::JointCommand] Result: Success
[07/28/26 13:52:52.200722] [debug] [02:53:18.330880] [Service] Server method called: /rb.api.RobotStateService/GetControlManagerState
[07/28/26 13:52:52.200763] [debug] [02:53:18.330927] [Service::RobotStateService::GetControlManagerState] Requested: request_header { request_timestamp { seconds: 1785214318 nanos: 872120623 } }
[07/28/26 13:52:52.201308] [debug] [02:53:18.331467] [Service] Server method called: /rb.api.ControlManagerService/ControlManagerCommand
[07/28/26 13:52:52.201334] [debug] [02:53:18.331498] [Service::ControlManagerService::ControlManagerCommand] Requested: request_header { request_timestamp { seconds: 1785214318 nanos: 872783215 } } command: COMMAND_RESET_FAULT
[07/28/26 13:52:52.201338] [info] [02:53:18.331503] [ControlManager::ResetFault] Reset fault request received. Starting the process...
[07/28/26 13:52:52.202848] [info] [02:53:18.333013] [ControlManager::ResetFault] Control Manager successfully reset
[07/28/26 13:52:52.203401] [debug] [02:53:18.333561] [Service] Server method called: /rb.api.RobotInfoService/GetRobotInfo
[07/28/26 13:52:52.203427] [debug] [02:53:18.333592] [Service::RobotInfoService::GetRobotInfo] Requested: request_header { request_timestamp { seconds: 1785214318 nanos: 874900189 } }
[07/28/26 13:52:52.204006] [debug] [02:53:18.334166] [Service] Server method called: /rb.api.RobotStateService/GetRobotState
[07/28/26 13:52:52.204025] [debug] [02:53:18.334190] [Service::RobotStateService::GetRobotState] Requested: request_header { request_timestamp { seconds: 1785214318 nanos: 875532678 } }
[07/28/26 13:52:52.204575] [debug] [02:53:18.334737] [Service] Server method called: /rb.api.RobotStateService/GetRobotState
[07/28/26 13:52:52.204592] [debug] [02:53:18.334756] [Service::RobotStateService::GetRobotState] Requested: request_header { request_timestamp { seconds: 1785214318 nanos: 876115698 } }
[07/28/26 13:52:52.205157] [debug] [02:53:18.335320] [Service] Server method called: /rb.api.RobotInfoService/GetRobotInfo
[07/28/26 13:52:52.205172] [debug] [02:53:18.335336] [Service::RobotInfoService::GetRobotInfo] Requested: request_header { request_timestamp { seconds: 1785214318 nanos: 876706960 } }
[07/28/26 13:52:52.205762] [debug] [02:53:18.335923] [Service] Server method called: /rb.api.ControlManagerService/ControlManagerCommand
[07/28/26 13:52:52.205781] [debug] [02:53:18.335945] [Service::ControlManagerService::ControlManagerCommand] Requested: request_header { request_timestamp { seconds: 1785214318 nanos: 877290986 } } command: COMMAND_ENABLE unlimited_mode_enabled { }
[07/28/26 13:52:52.205785] [info] [02:53:18.335950] [ControlManager::Enable] Enable request received. Starting the enabling process...
[07/28/26 13:52:52.206849] [info] [02:53:18.337014] [ControlManager::Enable] Control Manager successfully enabled
[07/28/26 13:52:52.207310] [debug] [02:53:18.337473] [Service] Server method called: /rb.api.ParameterService/SetParameter
[07/28/26 13:52:52.207329] [debug] [02:53:18.337494] [Service::ParameterService::SetParameter] Requested: request_header { request_timestamp { seconds: 1785214318 nanos: 878838692 } } name: "cartesian_command.cutoff_frequency" parameter: "{\"value\":5,\"write_db\":true}"
[07/28/26 13:52:52.216719] [debug] [02:53:18.346879] [Service] Server method called: /rb.api.ParameterService/SetParameter
[07/28/26 13:52:52.216745] [debug] [02:53:18.346909] [Service::ParameterService::SetParameter] Requested: request_header { request_timestamp { seconds: 1785214318 nanos: 888155430 } } name: "default.acceleration_limit_scaling" parameter: "{\"value\":1.0,\"write_db\":true}"
[07/28/26 13:52:52.220131] [debug] [02:53:18.350291] [Service] Server method called: /rb.api.ParameterService/SetParameter
[07/28/26 13:52:52.220149] [debug] [02:53:18.350313] [Service::ParameterService::SetParameter] Requested: request_header { request_timestamp { seconds: 1785214318 nanos: 891620313 } } name: "default.angular_acceleration_limit" parameter: "{\"value\":10,\"write_db\":true}"
[07/28/26 13:52:52.223686] [debug] [02:53:18.353846] [Service] Server method called: /rb.api.ParameterService/SetParameter
[07/28/26 13:52:52.223713] [debug] [02:53:18.353877] [Service::ParameterService::SetParameter] Requested: request_header { request_timestamp { seconds: 1785214318 nanos: 895202569 } } name: "default.linear_acceleration_limit" parameter: "{\"value\":20,\"write_db\":true}"
[07/28/26 13:52:52.227539] [debug] [02:53:18.357699] [Service] Server method called: /rb.api.ParameterService/SetParameter
[07/28/26 13:52:52.227558] [debug] [02:53:18.357722] [Service::ParameterService::SetParameter] Requested: request_header { request_timestamp { seconds: 1785214318 nanos: 899068366 } } name: "joint_position_command.cutoff_frequency" parameter: "{\"value\":5,\"write_db\":true}"
[07/28/26 13:52:52.231152] [debug] [02:53:18.361313] [Service] Server method called: /rb.api.ParameterService/SetParameter
[07/28/26 13:52:52.231169] [debug] [02:53:18.361334] [Service::ParameterService::SetParameter] Requested: request_header { request_timestamp { seconds: 1785214318 nanos: 902676849 } } name: "manipulability_threshold" parameter: "{\"value\":1e4,\"write_db\":true}"
[07/28/26 13:52:52.234568] [debug] [02:53:18.364730] [Service] Server method called: /rb.api.RobotCommandService/RobotCommand
[07/28/26 13:52:52.234637] [debug] [02:53:18.364800] [Service::RobotCommandService::RobotCommand] Requested: robot_command { component_based_command { body_command { joint_position_command { command_header { control_hold_time { seconds: 1 } } minimum_time { nanos: 500000000 } position: 0.043593152043849129 position: 1.4009345334115995 position: -1.5359172487812394 position: 0.84542085719669635 position: 0.02598654582249834 position: 0.31547226178583787 position: -0.14422836690058435 position: -0.35379899959008954 position: -0.20229561489349307 position:... [truncated]
[07/28/26 13:52:52.234640] [debug] [02:53:18.364805] [Service::RobotCommandService::RobotCommand]   Peer: ipv4:192.168.30.230:52970
[07/28/26 13:52:52.234789] [debug] [02:53:18.364953] [Service::RobotCommandService::RobotCommand]   IP: 192.168.30.230, Family: ipv4
[07/28/26 13:52:52.240879] [info] [02:53:18.371042] [ControlManager] Control started: {"type":"RobotCommand","control":{"type":"ComponentBasedCommand","components":{"mobility":null,"body":{"type":"BodyCommand","control":{"type":"JointPositionCommand","control":{"type":"JointPositionControl"}}},"head":{"type":"HeadCommand","control":{"type":"JointPositionCommand","control":{"type":"JointPositionControl"}}}}}} (priority: 1)
[07/28/26 13:52:53.998884] [debug] [02:53:20.129039] [ControlManager] Control finished: {"type":"RobotCommand","control":{"type":"ComponentBasedCommand","components":{"mobility":null,"body":{"type":"BodyCommand","control":{"type":"JointPositionCommand","control":{"type":"JointPositionControl"}}},"head":{"type":"HeadCommand","control":{"type":"JointPositionCommand","control":{"type":"JointPositionControl"}}}}}}
[07/28/26 13:52:53.998958] [info] [02:53:20.129117] [ControlInterface] Control completed successfully.
[07/28/26 13:52:53.998967] [debug] [02:53:20.129126] [ControlInterface::ExecutionStats] Average Control Time: 0.001 ms (max: 0.033 ms, min: 0.001 ms, sigma: 0.001 ms, count: 880)
[07/28/26 13:52:54.000397] [debug] [02:53:20.130557] [Service] Server method called: /rb.api.PowerService/ToolFlangePowerCommand
[07/28/26 13:52:54.000430] [debug] [02:53:20.130594] [Service::PowerService::ToolFlangePowerCommand] Requested: request_header { request_timestamp { seconds: 1785214320 nanos: 671534583 } } name: "right" command: COMMAND_POWER_12V
[07/28/26 13:52:54.000435] [debug] [02:53:20.130600] [Service::PowerService::ToolFlangePowerCommand] Result: Success
[07/28/26 13:52:54.001123] [debug] [02:53:20.131284] [Service] Server method called: /rb.api.PowerService/ToolFlangePowerCommand
[07/28/26 13:52:54.001157] [debug] [02:53:20.131321] [Service::PowerService::ToolFlangePowerCommand] Requested: request_header { request_timestamp { seconds: 1785214320 nanos: 672477453 } } name: "left" command: COMMAND_POWER_12V
[07/28/26 13:52:54.001161] [debug] [02:53:20.131327] [Service::PowerService::ToolFlangePowerCommand] Result: Success
[07/28/26 13:53:08.418374] [debug] [02:53:34.548526] [Service] Server method called: /rb.api.RobotCommandService/RobotCommand
[07/28/26 13:53:08.418447] [debug] [02:53:34.548608] [Service::RobotCommandService::RobotCommand] Requested: robot_command { component_based_command { body_command { joint_position_command { command_header { control_hold_time { seconds: 1 } } minimum_time { seconds: 4 } position: 0 position: 0.78539816339744828 position: -1.3962634015954636 position: 0.78539816339744828 position: 0 position: 0 position: 0 position: -0.26179938779914941 position: 0 position: -2.0943951023931953 position: 0 position: 0.52359877559829882 position: 0 position: 0 position: 0... [truncated]
[07/28/26 13:53:08.418451] [debug] [02:53:34.548616] [Service::RobotCommandService::RobotCommand]   Peer: ipv4:192.168.30.230:52970
[07/28/26 13:53:08.418643] [debug] [02:53:34.548806] [Service::RobotCommandService::RobotCommand]   IP: 192.168.30.230, Family: ipv4
[07/28/26 13:53:08.422879] [info] [02:53:34.553038] [ControlManager] Control started: {"type":"RobotCommand","control":{"type":"ComponentBasedCommand","components":{"mobility":null,"body":{"type":"BodyCommand","control":{"type":"JointPositionCommand","control":{"type":"JointPositionControl"}}},"head":{"type":"HeadCommand","control":{"type":"JointPositionCommand","control":{"type":"JointPositionControl"}}}}}} (priority: 1)
[07/28/26 13:53:13.680883] [debug] [02:53:39.811040] [ControlManager] Control finished: {"type":"RobotCommand","control":{"type":"ComponentBasedCommand","components":{"mobility":null,"body":{"type":"BodyCommand","control":{"type":"JointPositionCommand","control":{"type":"JointPositionControl"}}},"head":{"type":"HeadCommand","control":{"type":"JointPositionCommand","control":{"type":"JointPositionControl"}}}}}}
[07/28/26 13:53:13.681020] [info] [02:53:39.811180] [ControlInterface] Control completed successfully.
[07/28/26 13:53:13.681029] [debug] [02:53:39.811188] [ControlInterface::ExecutionStats] Average Control Time: 0.001 ms (max: 0.025 ms, min: 0.001 ms, sigma: 0.000 ms, count: 2630)
[07/28/26 13:53:13.681589] [debug] [02:53:39.811750] [Service] Server method called: /rb.api.RobotCommandService/RobotCommandStream
[07/28/26 13:53:13.681601] [debug] [02:53:39.811765] [Service::RobotCommandService::RobotCommandStream] Stream is created
[07/28/26 13:53:15.431849] [debug] [02:53:41.562003] [Hardware] Hardware Loop Stat (avg: 2.000 ms, min: 1.997 ms, max: 2.003 ms, count: 15000)
[07/28/26 13:53:15.584841] [debug] [02:53:41.715003] [ControlManager] Control Manager Loop Stat (avg: 2.000 ms, min: 1.996 ms, max: 2.004 ms, count: 15000)
[07/28/26 13:53:19.109254] [debug] [02:53:45.239407] [Service::RobotCommandService::RobotCommandStream] Requested: robot_command { component_based_command { mobility_command { se2_velocity_command { command_header { control_hold_time { seconds: 1 } } minimum_time { nanos: 10100000 } velocity { linear { } } acceleration_limit { linear { x: 1 y: 1 } angular: 1 } } } body_command { body_component_based_command { right_arm_command { joint_impedance_control_command { command_header { control_hold_time { seconds: 1 } } minimum_time { nanos: 10100000 } position: 9.7... [truncated]
[07/28/26 13:53:19.109264] [debug] [02:53:45.239429] [Service::RobotCommandService::RobotCommandStream]   Peer: ipv4:192.168.30.230:52970
[07/28/26 13:53:19.109431] [debug] [02:53:45.239594] [Service::RobotCommandService::RobotCommandStream]   IP: 192.168.30.230, Family: ipv4
[07/28/26 13:53:19.114912] [info] [02:53:45.245068] [ControlManager] Control started: {"type":"RobotCommand","control":{"type":"ComponentBasedCommand","components":{"mobility":{"type":"MobilityCommand","control":{"type":"SE2VelocityCommand","control":{"type":"MobilitySE2VelocityControl"}}},"body":{"type":"BodyCommand","control":{"type":"BodyComponentBasedCommand","components":{"torso":{"type":"TorsoCommand","control":{"type":"JointImpedanceControlCommand","control":{"type":"JointImpedanceControl"}}},"right_arm":{"type":"ArmCommand","control":{"type":"JointImpedanceControlCommand","control":{"type":"JointImpedanceControl"}}},"left_arm":{"type":"ArmCommand","control":{"type":"JointImpedanceControlCommand","control":{"type":"JointImpedanceControl"}}}}}},"head":{"type":"HeadCommand","control":{"type":"JointPositionCommand","control":{"type":"JointPositionControl"}}}}}} (priority: 1)
[07/28/26 13:53:27.232558] [debug] [02:53:53.362710] [Service] Server method called: /rb.api.RobotCommandService/RobotCommand
[07/28/26 13:53:27.232590] [debug] [02:53:53.362754] [Service::RobotCommandService::RobotCommand] Requested: robot_command { whole_body_command { stop_command { } } } priority: 99
[07/28/26 13:53:27.232593] [debug] [02:53:53.362759] [Service::RobotCommandService::RobotCommand]   Peer: ipv4:192.168.30.230:52970
[07/28/26 13:53:27.232748] [debug] [02:53:53.362912] [Service::RobotCommandService::RobotCommand]   IP: 192.168.30.230, Family: ipv4
[07/28/26 13:53:27.335273] [debug] [02:53:53.465427] [ControlManager] Control finished: {"type":"RobotCommand","control":{"type":"ComponentBasedCommand","components":{"mobility":{"type":"MobilityCommand","control":{"type":"SE2VelocityCommand","control":{"type":"MobilitySE2VelocityControl"}}},"body":{"type":"BodyCommand","control":{"type":"BodyComponentBasedCommand","components":{"torso":{"type":"TorsoCommand","control":{"type":"JointImpedanceControlCommand","control":{"type":"JointImpedanceControl"}}},"right_arm":{"type":"ArmCommand","control":{"type":"JointImpedanceControlCommand","control":{"type":"JointImpedanceControl"}}},"left_arm":{"type":"ArmCommand","control":{"type":"JointImpedanceControlCommand","control":{"type":"JointImpedanceControl"}}}}}},"head":{"type":"HeadCommand","control":{"type":"JointPositionCommand","control":{"type":"JointPositionControl"}}}}}}
[07/28/26 13:53:27.335383] [debug] [02:53:53.465542] [Service::RobotCommandService::RobotCommandStream] OnReadDone (write_done: true, read_done: true)
[07/28/26 13:53:27.335400] [debug] [02:53:53.465564] [Service::RobotCommandService::RobotCommandStream] OnCancel
[07/28/26 13:53:27.335484] [info] [02:53:53.465645] [ControlInterface] Control was preempted or canceled by another request.
[07/28/26 13:53:27.335494] [debug] [02:53:53.465654] [ControlInterface::ExecutionStats] Average Control Time: 0.346 ms (max: 0.456 ms, min: 0.321 ms, sigma: 0.009 ms, count: 4111)
[07/28/26 13:53:27.335577] [debug] [02:53:53.465737] [Service::RobotCommandService::RobotCommandStream] OnDone: robot_command { component_based_command { mobility_command { se2_velocity_command { command_header { control_hold_time { seconds: 1 } } minimum_time { nanos: 10100000 } velocity { linear { } } acceleration_limit { linear { x: 1 y: 1 } angular: 1 } } } body_command { body_component_based_command { right_arm_command { joint_impedance_control_command { command_header { control_hold_time { seconds: 1 } } minimum_time { nanos: 10100000 } position: -0.... [truncated]
[07/28/26 13:53:27.336854] [info] [02:53:53.467018] [ControlManager] Control started: {"type":"RobotCommand","control":{"type":"WholeBodyCommand","control":{"type":"StopControl","control":{"type":"JointVelocityControl"}}}} (priority: 99)
[07/28/26 13:53:27.336875] [debug] [02:53:53.467040] [ControlManager] Control finished: {"type":"RobotCommand","control":{"type":"WholeBodyCommand","control":{"type":"StopControl","control":{"type":"JointVelocityControl"}}}}
[07/28/26 13:53:27.336911] [info] [02:53:53.467074] [ControlInterface] Control completed successfully.
[07/28/26 13:53:27.336916] [debug] [02:53:53.467079] [ControlInterface::ExecutionStats] Average Control Time: 0.005 ms (max: 0.005 ms, min: 0.005 ms, sigma: 0.000 ms, count: 1)
[07/28/26 13:53:27.338169] [debug] [02:53:53.468331] [Service] Server method called: /rb.api.ControlManagerService/ControlManagerCommand
[07/28/26 13:53:27.338237] [debug] [02:53:53.468400] [Service::ControlManagerService::ControlManagerCommand] Requested: request_header { request_timestamp { seconds: 1785214354 nanos: 8958103 } } command: COMMAND_DISABLE
[07/28/26 13:53:27.338240] [info] [02:53:53.468406] [ControlManager::Disable] Disable request received. Starting the disabling process...
[07/28/26 13:53:27.338856] [info] [02:53:53.469021] [ControlManager::Disable] Control Manager successfully disabled
[07/28/26 13:53:45.431851] [debug] [02:54:11.562002] [Hardware] Hardware Loop Stat (avg: 2.000 ms, min: 1.998 ms, max: 2.002 ms, count: 15000)
[07/28/26 13:53:45.584842] [debug] [02:54:11.715003] [ControlManager] Control Manager Loop Stat (avg: 2.000 ms, min: 1.998 ms, max: 2.002 ms, count: 15000)
[07/28/26 13:54:15.431849] [debug] [02:54:41.562002] [Hardware] Hardware Loop Stat (avg: 2.000 ms, min: 1.998 ms, max: 2.002 ms, count: 15000)
[07/28/26 13:54:15.584841] [debug] [02:54:41.715002] [ControlManager] Control Manager Loop Stat (avg: 2.000 ms, min: 1.998 ms, max: 2.002 ms, count: 15000)
[07/28/26 13:54:45.431849] [debug] [02:55:11.562002] [Hardware] Hardware Loop Stat (avg: 2.000 ms, min: 1.998 ms, max: 2.002 ms, count: 15000)
[07/28/26 13:54:45.584840] [debug] [02:55:11.715002] [ControlManager] Control Manager Loop Stat (avg: 2.000 ms, min: 1.998 ms, max: 2.002 ms, count: 15000)
[07/28/26 13:55:15.431848] [debug] [02:55:41.562002] [Hardware] Hardware Loop Stat (avg: 2.000 ms, min: 1.998 ms, max: 2.002 ms, count: 15000)
[07/28/26 13:55:15.584840] [debug] [02:55:41.715002] [ControlManager] Control Manager Loop Stat (avg: 2.000 ms, min: 1.999 ms, max: 2.001 ms, count: 15000)
[07/28/26 13:55:45.431849] [debug] [02:56:11.562002] [Hardware] Hardware Loop Stat (avg: 2.000 ms, min: 1.999 ms, max: 2.001 ms, count: 15000)
[07/28/26 13:55:45.584840] [debug] [02:56:11.715002] [ControlManager] Control Manager Loop Stat (avg: 2.000 ms, min: 1.998 ms, max: 2.002 ms, count: 15000)
[07/28/26 13:56:15.431849] [debug] [02:56:41.562002] [Hardware] Hardware Loop Stat (avg: 2.000 ms, min: 1.998 ms, max: 2.002 ms, count: 15000)
[07/28/26 13:56:15.584839] [debug] [02:56:41.715002] [ControlManager] Control Manager Loop Stat (avg: 2.000 ms, min: 1.998 ms, max: 2.002 ms, count: 15000)
[07/28/26 13:56:45.431850] [debug] [02:57:11.562002] [Hardware] Hardware Loop Stat (avg: 2.000 ms, min: 1.998 ms, max: 2.002 ms, count: 15000)
[07/28/26 13:56:45.584840] [debug] [02:57:11.715002] [ControlManager] Control Manager Loop Stat (avg: 2.000 ms, min: 1.999 ms, max: 2.001 ms, count: 15000)
[07/28/26 13:57:15.431849] [debug] [02:57:41.562003] [Hardware] Hardware Loop Stat (avg: 2.000 ms, min: 1.999 ms, max: 2.001 ms, count: 15000)
[07/28/26 13:57:15.584839] [debug] [02:57:41.715002] [ControlManager] Control Manager Loop Stat (avg: 2.000 ms, min: 1.998 ms, max: 2.002 ms, count: 15000)
[07/28/26 13:57:45.431849] [debug] [02:58:11.562003] [Hardware] Hardware Loop Stat (avg: 2.000 ms, min: 1.999 ms, max: 2.001 ms, count: 15000)
[07/28/26 13:57:45.584841] [debug] [02:58:11.715002] [ControlManager] Control Manager Loop Stat (avg: 2.000 ms, min: 1.999 ms, max: 2.001 ms, count: 15000)
[07/28/26 13:58:15.431850] [debug] [02:58:41.562003] [Hardware] Hardware Loop Stat (avg: 2.000 ms, min: 1.999 ms, max: 2.001 ms, count: 15000)
[07/28/26 13:58:15.584840] [debug] [02:58:41.715002] [ControlManager] Control Manager Loop Stat (avg: 2.000 ms, min: 1.998 ms, max: 2.002 ms, count: 15000)
[07/28/26 13:58:45.431851] [debug] [02:59:11.562002] [Hardware] Hardware Loop Stat (avg: 2.000 ms, min: 1.998 ms, max: 2.001 ms, count: 15000)
[07/28/26 13:58:45.584840] [debug] [02:59:11.715002] [ControlManager] Control Manager Loop Stat (avg: 2.000 ms, min: 1.998 ms, max: 2.002 ms, count: 15000)
[07/28/26 13:59:15.431850] [debug] [02:59:41.562003] [Hardware] Hardware Loop Stat (avg: 2.000 ms, min: 1.999 ms, max: 2.001 ms, count: 15000)
[07/28/26 13:59:15.584840] [debug] [02:59:41.715002] [ControlManager] Control Manager Loop Stat (avg: 2.000 ms, min: 1.998 ms, max: 2.002 ms, count: 15000)
[07/28/26 13:59:24.935690] [debug] [02:59:51.065841] [Service] Server method called: /rb.api.RobotInfoService/GetRobotInfo
[07/28/26 13:59:24.935727] [debug] [02:59:51.065890] [Service::RobotInfoService::GetRobotInfo] Requested: request_header { request_timestamp { seconds: 1785214711 nanos: 600177435 } }
[07/28/26 13:59:24.936643] [debug] [02:59:51.066800] [Service] Server method called: /rb.api.RobotStateService/GetRobotState
[07/28/26 13:59:24.936668] [debug] [02:59:51.066832] [Service::RobotStateService::GetRobotState] Requested: request_header { request_timestamp { seconds: 1785214711 nanos: 601269649 } }
[07/28/26 13:59:24.937856] [debug] [02:59:51.068014] [Service] Server method called: /rb.api.RobotInfoService/GetRobotInfo
[07/28/26 13:59:24.937874] [debug] [02:59:51.068039] [Service::RobotInfoService::GetRobotInfo] Requested: request_header { request_timestamp { seconds: 1785214711 nanos: 602497290 } }
[07/28/26 13:59:24.938921] [debug] [02:59:51.069083] [Service] Server method called: /rb.api.RobotStateService/GetRobotState
[07/28/26 13:59:24.938937] [debug] [02:59:51.069101] [Service::RobotStateService::GetRobotState] Requested: request_header { request_timestamp { seconds: 1785214711 nanos: 603572395 } }
[07/28/26 13:59:24.940218] [debug] [02:59:51.070377] [Service] Server method called: /rb.api.RobotStateService/GetControlManagerState
[07/28/26 13:59:24.940245] [debug] [02:59:51.070409] [Service::RobotStateService::GetControlManagerState] Requested: request_header { request_timestamp { seconds: 1785214711 nanos: 604828778 } }
[07/28/26 13:59:24.941231] [debug] [02:59:51.071392] [Service] Server method called: /rb.api.RobotInfoService/GetRobotInfo
[07/28/26 13:59:24.941246] [debug] [02:59:51.071410] [Service::RobotInfoService::GetRobotInfo] Requested: request_header { request_timestamp { seconds: 1785214711 nanos: 605824444 } }
[07/28/26 13:59:24.942412] [debug] [02:59:51.072573] [Service] Server method called: /rb.api.RobotStateService/GetRobotState
[07/28/26 13:59:24.942428] [debug] [02:59:51.072592] [Service::RobotStateService::GetRobotState] Requested: request_header { request_timestamp { seconds: 1785214711 nanos: 607017772 } }
[07/28/26 13:59:24.943381] [debug] [02:59:51.073542] [Service] Server method called: /rb.api.RobotStateService/GetRobotState
[07/28/26 13:59:24.943420] [debug] [02:59:51.073584] [Service::RobotStateService::GetRobotState] Requested: request_header { request_timestamp { seconds: 1785214711 nanos: 608015165 } }
[07/28/26 13:59:24.944172] [debug] [02:59:51.074334] [Service] Server method called: /rb.api.RobotInfoService/GetRobotInfo
[07/28/26 13:59:24.944191] [debug] [02:59:51.074355] [Service::RobotInfoService::GetRobotInfo] Requested: request_header { request_timestamp { seconds: 1785214711 nanos: 608864348 } }
[07/28/26 13:59:24.945099] [debug] [02:59:51.075261] [Service] Server method called: /rb.api.ControlManagerService/ControlManagerCommand
[07/28/26 13:59:24.945122] [debug] [02:59:51.075286] [Service::ControlManagerService::ControlManagerCommand] Requested: request_header { request_timestamp { seconds: 1785214711 nanos: 609765187 } } command: COMMAND_ENABLE unlimited_mode_enabled { }
[07/28/26 13:59:24.945125] [info] [02:59:51.075291] [ControlManager::Enable] Enable request received. Starting the enabling process...
[07/28/26 13:59:24.946851] [info] [02:59:51.077015] [ControlManager::Enable] Control Manager successfully enabled
[07/28/26 13:59:24.947410] [debug] [02:59:51.077572] [Service] Server method called: /rb.api.ParameterService/SetParameter
[07/28/26 13:59:24.947432] [debug] [02:59:51.077596] [Service::ParameterService::SetParameter] Requested: request_header { request_timestamp { seconds: 1785214711 nanos: 612103838 } } name: "cartesian_command.cutoff_frequency" parameter: "{\"value\":5,\"write_db\":true}"
[07/28/26 13:59:25.056557] [debug] [02:59:51.186714] [Service] Server method called: /rb.api.ParameterService/SetParameter
[07/28/26 13:59:25.056577] [debug] [02:59:51.186742] [Service::ParameterService::SetParameter] Requested: request_header { request_timestamp { seconds: 1785214711 nanos: 721241076 } } name: "default.acceleration_limit_scaling" parameter: "{\"value\":1.0,\"write_db\":true}"
[07/28/26 13:59:25.060134] [debug] [02:59:51.190294] [Service] Server method called: /rb.api.ParameterService/SetParameter
[07/28/26 13:59:25.060152] [debug] [02:59:51.190317] [Service::ParameterService::SetParameter] Requested: request_header { request_timestamp { seconds: 1785214711 nanos: 724852609 } } name: "default.angular_acceleration_limit" parameter: "{\"value\":10,\"write_db\":true}"
[07/28/26 13:59:25.063482] [debug] [02:59:51.193642] [Service] Server method called: /rb.api.ParameterService/SetParameter
[07/28/26 13:59:25.063498] [debug] [02:59:51.193663] [Service::ParameterService::SetParameter] Requested: request_header { request_timestamp { seconds: 1785214711 nanos: 728197619 } } name: "default.linear_acceleration_limit" parameter: "{\"value\":20,\"write_db\":true}"
[07/28/26 13:59:25.067527] [debug] [02:59:51.197687] [Service] Server method called: /rb.api.ParameterService/SetParameter
[07/28/26 13:59:25.067542] [debug] [02:59:51.197707] [Service::ParameterService::SetParameter] Requested: request_header { request_timestamp { seconds: 1785214711 nanos: 732224089 } } name: "joint_position_command.cutoff_frequency" parameter: "{\"value\":5,\"write_db\":true}"
[07/28/26 13:59:25.070956] [debug] [02:59:51.201117] [Service] Server method called: /rb.api.ParameterService/SetParameter
[07/28/26 13:59:25.070974] [debug] [02:59:51.201138] [Service::ParameterService::SetParameter] Requested: request_header { request_timestamp { seconds: 1785214711 nanos: 735617885 } } name: "manipulability_threshold" parameter: "{\"value\":1e4,\"write_db\":true}"
[07/28/26 13:59:25.075784] [debug] [02:59:51.205944] [Service] Server method called: /rb.api.RobotCommandService/RobotCommand
[07/28/26 13:59:25.075882] [debug] [02:59:51.206044] [Service::RobotCommandService::RobotCommand] Requested: robot_command { component_based_command { body_command { joint_position_command { command_header { control_hold_time { seconds: 1 } } minimum_time { nanos: 500000000 } position: 0.0023655198783484022 position: 0.95731032714079067 position: -1.4132329585897223 position: 0.78216693158930306 position: 0.00050120164356659569 position: 0.00020124005385628463 position: -0.7498887863471847 position: -0.26299417151512638 position: 0.011782035605963229 po... [truncated]
[07/28/26 13:59:25.075885] [debug] [02:59:51.206050] [Service::RobotCommandService::RobotCommand]   Peer: ipv4:192.168.30.230:52970
[07/28/26 13:59:25.076095] [debug] [02:59:51.206258] [Service::RobotCommandService::RobotCommand]   IP: 192.168.30.230, Family: ipv4
[07/28/26 13:59:25.080879] [info] [02:59:51.211042] [ControlManager] Control started: {"type":"RobotCommand","control":{"type":"ComponentBasedCommand","components":{"mobility":null,"body":{"type":"BodyCommand","control":{"type":"JointPositionCommand","control":{"type":"JointPositionControl"}}},"head":{"type":"HeadCommand","control":{"type":"JointPositionCommand","control":{"type":"JointPositionControl"}}}}}} (priority: 1)
[07/28/26 13:59:26.838880] [debug] [02:59:52.969038] [ControlManager] Control finished: {"type":"RobotCommand","control":{"type":"ComponentBasedCommand","components":{"mobility":null,"body":{"type":"BodyCommand","control":{"type":"JointPositionCommand","control":{"type":"JointPositionControl"}}},"head":{"type":"HeadCommand","control":{"type":"JointPositionCommand","control":{"type":"JointPositionControl"}}}}}}
[07/28/26 13:59:26.838989] [info] [02:59:52.969150] [ControlInterface] Control completed successfully.
[07/28/26 13:59:26.838997] [debug] [02:59:52.969157] [ControlInterface::ExecutionStats] Average Control Time: 0.001 ms (max: 0.028 ms, min: 0.001 ms, sigma: 0.001 ms, count: 880)
[07/28/26 13:59:26.840366] [debug] [02:59:52.970526] [Service] Server method called: /rb.api.PowerService/ToolFlangePowerCommand
[07/28/26 13:59:26.840396] [debug] [02:59:52.970560] [Service::PowerService::ToolFlangePowerCommand] Requested: request_header { request_timestamp { seconds: 1785214713 nanos: 504770756 } } name: "right" command: COMMAND_POWER_12V
[07/28/26 13:59:26.840400] [debug] [02:59:52.970566] [Service::PowerService::ToolFlangePowerCommand] Result: Success
[07/28/26 13:59:26.841689] [debug] [02:59:52.971849] [Service] Server method called: /rb.api.PowerService/ToolFlangePowerCommand
[07/28/26 13:59:26.841710] [debug] [02:59:52.971875] [Service::PowerService::ToolFlangePowerCommand] Requested: request_header { request_timestamp { seconds: 1785214713 nanos: 506144576 } } name: "left" command: COMMAND_POWER_12V
[07/28/26 13:59:26.841715] [debug] [02:59:52.971881] [Service::PowerService::ToolFlangePowerCommand] Result: Success
[07/28/26 13:59:28.035342] [debug] [02:59:54.165494] [Service] Server method called: /rb.api.RobotCommandService/RobotCommand
[07/28/26 13:59:28.035457] [debug] [02:59:54.165618] [Service::RobotCommandService::RobotCommand] Requested: robot_command { component_based_command { body_command { joint_position_command { command_header { control_hold_time { seconds: 1 } } minimum_time { seconds: 4 } position: 0 position: 0.78539816339744828 position: -1.3962634015954636 position: 0.78539816339744828 position: 0 position: 0 position: 0 position: -0.26179938779914941 position: 0 position: -2.0943951023931953 position: 0 position: 0.52359877559829882 position: 0 position: 0 position: 0... [truncated]
[07/28/26 13:59:28.035461] [debug] [02:59:54.165626] [Service::RobotCommandService::RobotCommand]   Peer: ipv4:192.168.30.230:52970
[07/28/26 13:59:28.035645] [debug] [02:59:54.165809] [Service::RobotCommandService::RobotCommand]   IP: 192.168.30.230, Family: ipv4
[07/28/26 13:59:28.040865] [info] [02:59:54.171026] [ControlManager] Control started: {"type":"RobotCommand","control":{"type":"ComponentBasedCommand","components":{"mobility":null,"body":{"type":"BodyCommand","control":{"type":"JointPositionCommand","control":{"type":"JointPositionControl"}}},"head":{"type":"HeadCommand","control":{"type":"JointPositionCommand","control":{"type":"JointPositionControl"}}}}}} (priority: 1)
[07/28/26 13:59:33.298880] [debug] [02:59:59.429037] [ControlManager] Control finished: {"type":"RobotCommand","control":{"type":"ComponentBasedCommand","components":{"mobility":null,"body":{"type":"BodyCommand","control":{"type":"JointPositionCommand","control":{"type":"JointPositionControl"}}},"head":{"type":"HeadCommand","control":{"type":"JointPositionCommand","control":{"type":"JointPositionControl"}}}}}}
[07/28/26 13:59:33.298997] [info] [02:59:59.429157] [ControlInterface] Control completed successfully.
[07/28/26 13:59:33.299006] [debug] [02:59:59.429166] [ControlInterface::ExecutionStats] Average Control Time: 0.001 ms (max: 0.020 ms, min: 0.001 ms, sigma: 0.000 ms, count: 2630)
[07/28/26 13:59:33.299544] [debug] [02:59:59.429705] [Service] Server method called: /rb.api.RobotCommandService/RobotCommandStream
[07/28/26 13:59:33.299556] [debug] [02:59:59.429720] [Service::RobotCommandService::RobotCommandStream] Stream is created
[07/28/26 13:59:33.340425] [debug] [02:59:59.470583] [Service::RobotCommandService::RobotCommandStream] Requested: robot_command { component_based_command { mobility_command { se2_velocity_command { command_header { control_hold_time { seconds: 1 } } minimum_time { nanos: 10100000 } velocity { linear { } } acceleration_limit { linear { x: 1 y: 1 } angular: 1 } } } body_command { body_component_based_command { right_arm_command { joint_impedance_control_command { command_header { control_hold_time { seconds: 1 } } minimum_time { nanos: 10100000 } position: 0.0... [truncated]
[07/28/26 13:59:33.340432] [debug] [02:59:59.470597] [Service::RobotCommandService::RobotCommandStream]   Peer: ipv4:192.168.30.230:52970
[07/28/26 13:59:33.340591] [debug] [02:59:59.470755] [Service::RobotCommandService::RobotCommandStream]   IP: 192.168.30.230, Family: ipv4
[07/28/26 13:59:33.344897] [info] [02:59:59.475058] [ControlManager] Control started: {"type":"RobotCommand","control":{"type":"ComponentBasedCommand","components":{"mobility":{"type":"MobilityCommand","control":{"type":"SE2VelocityCommand","control":{"type":"MobilitySE2VelocityControl"}}},"body":{"type":"BodyCommand","control":{"type":"BodyComponentBasedCommand","components":{"torso":{"type":"TorsoCommand","control":{"type":"JointImpedanceControlCommand","control":{"type":"JointImpedanceControl"}}},"right_arm":{"type":"ArmCommand","control":{"type":"JointImpedanceControlCommand","control":{"type":"JointImpedanceControl"}}},"left_arm":{"type":"ArmCommand","control":{"type":"JointImpedanceControlCommand","control":{"type":"JointImpedanceControl"}}}}}},"head":{"type":"HeadCommand","control":{"type":"JointPositionCommand","control":{"type":"JointPositionControl"}}}}}} (priority: 1)
[07/28/26 13:59:43.343220] [debug] [03:00:09.473368] [ControlInterface::ExecutionStats] Average Control Time: 0.345 ms (max: 0.458 ms, min: 0.321 ms, sigma: 0.010 ms, count: 5000)
[07/28/26 13:59:45.431849] [debug] [03:00:11.562002] [Hardware] Hardware Loop Stat (avg: 2.000 ms, min: 1.997 ms, max: 2.003 ms, count: 15000)
[07/28/26 13:59:45.584843] [debug] [03:00:11.715002] [ControlManager] Control Manager Loop Stat (avg: 2.000 ms, min: 1.997 ms, max: 2.003 ms, count: 15000)
[07/28/26 13:59:53.343219] [debug] [03:00:19.473369] [ControlInterface::ExecutionStats] Average Control Time: 0.363 ms (max: 0.414 ms, min: 0.326 ms, sigma: 0.016 ms, count: 5000)
[07/28/26 14:00:03.343202] [debug] [03:00:29.473353] [ControlInterface::ExecutionStats] Average Control Time: 0.351 ms (max: 0.408 ms, min: 0.326 ms, sigma: 0.012 ms, count: 5000)
[07/28/26 14:00:08.410056] [debug] [03:00:34.540206] [Service] Server method called: /rb.api.RobotCommandService/RobotCommand
[07/28/26 14:00:08.410089] [debug] [03:00:34.540253] [Service::RobotCommandService::RobotCommand] Requested: robot_command { whole_body_command { stop_command { } } } priority: 99
[07/28/26 14:00:08.410093] [debug] [03:00:34.540258] [Service::RobotCommandService::RobotCommand]   Peer: ipv4:192.168.30.230:52970
[07/28/26 14:00:08.410266] [debug] [03:00:34.540430] [Service::RobotCommandService::RobotCommand]   IP: 192.168.30.230, Family: ipv4
[07/28/26 14:00:08.513275] [debug] [03:00:34.643429] [ControlManager] Control finished: {"type":"RobotCommand","control":{"type":"ComponentBasedCommand","components":{"mobility":{"type":"MobilityCommand","control":{"type":"SE2VelocityCommand","control":{"type":"MobilitySE2VelocityControl"}}},"body":{"type":"BodyCommand","control":{"type":"BodyComponentBasedCommand","components":{"torso":{"type":"TorsoCommand","control":{"type":"JointImpedanceControlCommand","control":{"type":"JointImpedanceControl"}}},"right_arm":{"type":"ArmCommand","control":{"type":"JointImpedanceControlCommand","control":{"type":"JointImpedanceControl"}}},"left_arm":{"type":"ArmCommand","control":{"type":"JointImpedanceControlCommand","control":{"type":"JointImpedanceControl"}}}}}},"head":{"type":"HeadCommand","control":{"type":"JointPositionCommand","control":{"type":"JointPositionControl"}}}}}}
[07/28/26 14:00:08.513378] [debug] [03:00:34.643535] [Service::RobotCommandService::RobotCommandStream] OnReadDone (write_done: true, read_done: true)
[07/28/26 14:00:08.513396] [debug] [03:00:34.643557] [Service::RobotCommandService::RobotCommandStream] OnCancel
[07/28/26 14:00:08.513527] [info] [03:00:34.643688] [ControlInterface] Control was preempted or canceled by another request.
[07/28/26 14:00:08.513538] [debug] [03:00:34.643697] [ControlInterface::ExecutionStats] Average Control Time: 0.343 ms (max: 0.379 ms, min: 0.329 ms, sigma: 0.009 ms, count: 2585)
[07/28/26 14:00:08.513543] [debug] [03:00:34.643706] [Service::RobotCommandService::RobotCommandStream] OnDone: robot_command { component_based_command { mobility_command { se2_velocity_command { command_header { control_hold_time { seconds: 1 } } minimum_time { nanos: 10100000 } velocity { linear { } } acceleration_limit { linear { x: 1 y: 1 } angular: 1 } } } body_command { body_component_based_command { right_arm_command { joint_impedance_control_command { command_header { control_hold_time { seconds: 1 } } minimum_time { nanos: 10100000 } position: -1.... [truncated]
[07/28/26 14:00:08.514854] [info] [03:00:34.645017] [ControlManager] Control started: {"type":"RobotCommand","control":{"type":"WholeBodyCommand","control":{"type":"StopControl","control":{"type":"JointVelocityControl"}}}} (priority: 99)
[07/28/26 14:00:08.514873] [debug] [03:00:34.645039] [ControlManager] Control finished: {"type":"RobotCommand","control":{"type":"WholeBodyCommand","control":{"type":"StopControl","control":{"type":"JointVelocityControl"}}}}
[07/28/26 14:00:08.514906] [info] [03:00:34.645069] [ControlInterface] Control completed successfully.
[07/28/26 14:00:08.514913] [debug] [03:00:34.645074] [ControlInterface::ExecutionStats] Average Control Time: 0.006 ms (max: 0.006 ms, min: 0.006 ms, sigma: 0.000 ms, count: 1)
[07/28/26 14:00:08.515657] [debug] [03:00:34.645818] [Service] Server method called: /rb.api.ControlManagerService/ControlManagerCommand
[07/28/26 14:00:08.515690] [debug] [03:00:34.645854] [Service::ControlManagerService::ControlManagerCommand] Requested: request_header { request_timestamp { seconds: 1785214755 nanos: 179542600 } } command: COMMAND_DISABLE
[07/28/26 14:00:08.515694] [info] [03:00:34.645859] [ControlManager::Disable] Disable request received. Starting the disabling process...
[07/28/26 14:00:08.516857] [info] [03:00:34.647020] [ControlManager::Disable] Control Manager successfully disabled
[07/28/26 14:00:15.431851] [debug] [03:00:41.562002] [Hardware] Hardware Loop Stat (avg: 2.000 ms, min: 1.996 ms, max: 2.003 ms, count: 15000)
[07/28/26 14:00:15.584842] [debug] [03:00:41.715003] [ControlManager] Control Manager Loop Stat (avg: 2.000 ms, min: 1.997 ms, max: 2.003 ms, count: 15000)
[07/28/26 14:00:45.431851] [debug] [03:01:11.562003] [Hardware] Hardware Loop Stat (avg: 2.000 ms, min: 1.998 ms, max: 2.002 ms, count: 15000)
[07/28/26 14:00:45.584840] [debug] [03:01:11.715002] [ControlManager] Control Manager Loop Stat (avg: 2.000 ms, min: 1.997 ms, max: 2.003 ms, count: 15000)
[07/28/26 14:01:07.976984] [debug] [03:01:34.107136] [Service] Server method called: /rb.api.RobotInfoService/GetRobotInfo
[07/28/26 14:01:07.977020] [debug] [03:01:34.107184] [Service::RobotInfoService::GetRobotInfo] Requested: request_header { request_timestamp { seconds: 1785214814 nanos: 639602958 } }
[07/28/26 14:01:07.977675] [debug] [03:01:34.107833] [Service] Server method called: /rb.api.RobotStateService/GetRobotState
[07/28/26 14:01:07.977724] [debug] [03:01:34.107887] [Service::RobotStateService::GetRobotState] Requested: request_header { request_timestamp { seconds: 1785214814 nanos: 640412139 } }
[07/28/26 14:01:07.978391] [debug] [03:01:34.108550] [Service] Server method called: /rb.api.RobotInfoService/GetRobotInfo
[07/28/26 14:01:07.978410] [debug] [03:01:34.108574] [Service::RobotInfoService::GetRobotInfo] Requested: request_header { request_timestamp { seconds: 1785214814 nanos: 641156280 } }
[07/28/26 14:01:07.978940] [debug] [03:01:34.109101] [Service] Server method called: /rb.api.RobotStateService/GetRobotState
[07/28/26 14:01:07.978956] [debug] [03:01:34.109120] [Service::RobotStateService::GetRobotState] Requested: request_header { request_timestamp { seconds: 1785214814 nanos: 641719325 } }
[07/28/26 14:01:07.979539] [debug] [03:01:34.109700] [Service] Server method called: /rb.api.RobotStateService/GetControlManagerState
[07/28/26 14:01:07.979565] [debug] [03:01:34.109729] [Service::RobotStateService::GetControlManagerState] Requested: request_header { request_timestamp { seconds: 1785214814 nanos: 642340451 } }
[07/28/26 14:01:07.980033] [debug] [03:01:34.110194] [Service] Server method called: /rb.api.RobotInfoService/GetRobotInfo
[07/28/26 14:01:07.980071] [debug] [03:01:34.110235] [Service::RobotInfoService::GetRobotInfo] Requested: request_header { request_timestamp { seconds: 1785214814 nanos: 642808076 } }
[07/28/26 14:01:07.980647] [debug] [03:01:34.110808] [Service] Server method called: /rb.api.RobotStateService/GetRobotState
[07/28/26 14:01:07.980663] [debug] [03:01:34.110828] [Service::RobotStateService::GetRobotState] Requested: request_header { request_timestamp { seconds: 1785214814 nanos: 643448653 } }
[07/28/26 14:01:07.981221] [debug] [03:01:34.111379] [Service] Server method called: /rb.api.RobotStateService/GetRobotState
[07/28/26 14:01:07.981238] [debug] [03:01:34.111403] [Service::RobotStateService::GetRobotState] Requested: request_header { request_timestamp { seconds: 1785214814 nanos: 643991960 } }
[07/28/26 14:01:07.981889] [debug] [03:01:34.112051] [Service] Server method called: /rb.api.RobotInfoService/GetRobotInfo
[07/28/26 14:01:07.981924] [debug] [03:01:34.112088] [Service::RobotInfoService::GetRobotInfo] Requested: request_header { request_timestamp { seconds: 1785214814 nanos: 644678461 } }
[07/28/26 14:01:07.982480] [debug] [03:01:34.112642] [Service] Server method called: /rb.api.ControlManagerService/ControlManagerCommand
[07/28/26 14:01:07.982500] [debug] [03:01:34.112664] [Service::ControlManagerService::ControlManagerCommand] Requested: request_header { request_timestamp { seconds: 1785214814 nanos: 645288618 } } command: COMMAND_ENABLE unlimited_mode_enabled { }
[07/28/26 14:01:07.982504] [info] [03:01:34.112669] [ControlManager::Enable] Enable request received. Starting the enabling process...
[07/28/26 14:01:07.982850] [info] [03:01:34.113015] [ControlManager::Enable] Control Manager successfully enabled
[07/28/26 14:01:07.983322] [debug] [03:01:34.113485] [Service] Server method called: /rb.api.ParameterService/SetParameter
[07/28/26 14:01:07.983340] [debug] [03:01:34.113504] [Service::ParameterService::SetParameter] Requested: request_header { request_timestamp { seconds: 1785214814 nanos: 646109098 } } name: "cartesian_command.cutoff_frequency" parameter: "{\"value\":5,\"write_db\":true}"
[07/28/26 14:01:07.993744] [debug] [03:01:34.123904] [Service] Server method called: /rb.api.ParameterService/SetParameter
[07/28/26 14:01:07.993761] [debug] [03:01:34.123926] [Service::ParameterService::SetParameter] Requested: request_header { request_timestamp { seconds: 1785214814 nanos: 656469479 } } name: "default.acceleration_limit_scaling" parameter: "{\"value\":1.0,\"write_db\":true}"
[07/28/26 14:01:07.999922] [debug] [03:01:34.130083] [Service] Server method called: /rb.api.ParameterService/SetParameter
[07/28/26 14:01:07.999939] [debug] [03:01:34.130103] [Service::ParameterService::SetParameter] Requested: request_header { request_timestamp { seconds: 1785214814 nanos: 662643067 } } name: "default.angular_acceleration_limit" parameter: "{\"value\":10,\"write_db\":true}"
[07/28/26 14:01:08.005728] [debug] [03:01:34.135889] [Service] Server method called: /rb.api.ParameterService/SetParameter
[07/28/26 14:01:08.005744] [debug] [03:01:34.135908] [Service::ParameterService::SetParameter] Requested: request_header { request_timestamp { seconds: 1785214814 nanos: 668454853 } } name: "default.linear_acceleration_limit" parameter: "{\"value\":20,\"write_db\":true}"
[07/28/26 14:01:08.011515] [debug] [03:01:34.141677] [Service] Server method called: /rb.api.ParameterService/SetParameter
[07/28/26 14:01:08.011556] [debug] [03:01:34.141719] [Service::ParameterService::SetParameter] Requested: request_header { request_timestamp { seconds: 1785214814 nanos: 674196122 } } name: "joint_position_command.cutoff_frequency" parameter: "{\"value\":5,\"write_db\":true}"
[07/28/26 14:01:08.017986] [debug] [03:01:34.148147] [Service] Server method called: /rb.api.ParameterService/SetParameter
[07/28/26 14:01:08.018012] [debug] [03:01:34.148176] [Service::ParameterService::SetParameter] Requested: request_header { request_timestamp { seconds: 1785214814 nanos: 680646421 } } name: "manipulability_threshold" parameter: "{\"value\":1e4,\"write_db\":true}"
[07/28/26 14:01:08.024199] [debug] [03:01:34.154359] [Service] Server method called: /rb.api.RobotCommandService/RobotCommand
[07/28/26 14:01:08.024267] [debug] [03:01:34.154430] [Service::RobotCommandService::RobotCommand] Requested: robot_command { component_based_command { body_command { joint_position_command { command_header { control_hold_time { seconds: 1 } } minimum_time { nanos: 500000000 } position: 0.0032008559509593948 position: 0.96056434084182529 position: -1.4135443111258772 position: 0.78181760923166577 position: 0.00078597530468397961 position: 0.00015567626807750319 position: -1.374059493766415 position: -0.48293436245145255 position: 1.3439873951524193 posit... [truncated]
[07/28/26 14:01:08.024271] [debug] [03:01:34.154436] [Service::RobotCommandService::RobotCommand]   Peer: ipv4:192.168.30.230:52970
[07/28/26 14:01:08.024419] [debug] [03:01:34.154583] [Service::RobotCommandService::RobotCommand]   IP: 192.168.30.230, Family: ipv4
[07/28/26 14:01:08.028876] [info] [03:01:34.159039] [ControlManager] Control started: {"type":"RobotCommand","control":{"type":"ComponentBasedCommand","components":{"mobility":null,"body":{"type":"BodyCommand","control":{"type":"JointPositionCommand","control":{"type":"JointPositionControl"}}},"head":{"type":"HeadCommand","control":{"type":"JointPositionCommand","control":{"type":"JointPositionControl"}}}}}} (priority: 1)
[07/28/26 14:01:09.786877] [debug] [03:01:35.917036] [ControlManager] Control finished: {"type":"RobotCommand","control":{"type":"ComponentBasedCommand","components":{"mobility":null,"body":{"type":"BodyCommand","control":{"type":"JointPositionCommand","control":{"type":"JointPositionControl"}}},"head":{"type":"HeadCommand","control":{"type":"JointPositionCommand","control":{"type":"JointPositionControl"}}}}}}
[07/28/26 14:01:09.786935] [info] [03:01:35.917094] [ControlInterface] Control completed successfully.
[07/28/26 14:01:09.786944] [debug] [03:01:35.917103] [ControlInterface::ExecutionStats] Average Control Time: 0.001 ms (max: 0.027 ms, min: 0.001 ms, sigma: 0.001 ms, count: 880)
[07/28/26 14:01:09.788164] [debug] [03:01:35.918325] [Service] Server method called: /rb.api.PowerService/ToolFlangePowerCommand
[07/28/26 14:01:09.788193] [debug] [03:01:35.918358] [Service::PowerService::ToolFlangePowerCommand] Requested: request_header { request_timestamp { seconds: 1785214816 nanos: 450577910 } } name: "right" command: COMMAND_POWER_12V
[07/28/26 14:01:09.788198] [debug] [03:01:35.918364] [Service::PowerService::ToolFlangePowerCommand] Result: Success
[07/28/26 14:01:09.789432] [debug] [03:01:35.919593] [Service] Server method called: /rb.api.PowerService/ToolFlangePowerCommand
[07/28/26 14:01:09.789459] [debug] [03:01:35.919624] [Service::PowerService::ToolFlangePowerCommand] Requested: request_header { request_timestamp { seconds: 1785214816 nanos: 451868604 } } name: "left" command: COMMAND_POWER_12V
[07/28/26 14:01:09.789463] [debug] [03:01:35.919629] [Service::PowerService::ToolFlangePowerCommand] Result: Success
[07/28/26 14:01:10.970030] [debug] [03:01:37.100184] [Service] Server method called: /rb.api.RobotCommandService/RobotCommand
[07/28/26 14:01:10.970102] [debug] [03:01:37.100264] [Service::RobotCommandService::RobotCommand] Requested: robot_command { component_based_command { body_command { joint_position_command { command_header { control_hold_time { seconds: 1 } } minimum_time { seconds: 4 } position: 0 position: 0.78539816339744828 position: -1.3962634015954636 position: 0.78539816339744828 position: 0 position: 0 position: 0 position: -0.26179938779914941 position: 0 position: -2.0943951023931953 position: 0 position: 0.52359877559829882 position: 0 position: 0 position: 0... [truncated]
[07/28/26 14:01:10.970106] [debug] [03:01:37.100271] [Service::RobotCommandService::RobotCommand]   Peer: ipv4:192.168.30.230:52970
[07/28/26 14:01:10.970276] [debug] [03:01:37.100440] [Service::RobotCommandService::RobotCommand]   IP: 192.168.30.230, Family: ipv4
[07/28/26 14:01:10.974868] [info] [03:01:37.105029] [ControlManager] Control started: {"type":"RobotCommand","control":{"type":"ComponentBasedCommand","components":{"mobility":null,"body":{"type":"BodyCommand","control":{"type":"JointPositionCommand","control":{"type":"JointPositionControl"}}},"head":{"type":"HeadCommand","control":{"type":"JointPositionCommand","control":{"type":"JointPositionControl"}}}}}} (priority: 1)
[07/28/26 14:01:15.431851] [debug] [03:01:41.562003] [Hardware] Hardware Loop Stat (avg: 2.000 ms, min: 1.998 ms, max: 2.002 ms, count: 15000)
[07/28/26 14:01:15.584841] [debug] [03:01:41.715002] [ControlManager] Control Manager Loop Stat (avg: 2.000 ms, min: 1.999 ms, max: 2.001 ms, count: 15000)
[07/28/26 14:01:16.232874] [debug] [03:01:42.363036] [ControlManager] Control finished: {"type":"RobotCommand","control":{"type":"ComponentBasedCommand","components":{"mobility":null,"body":{"type":"BodyCommand","control":{"type":"JointPositionCommand","control":{"type":"JointPositionControl"}}},"head":{"type":"HeadCommand","control":{"type":"JointPositionCommand","control":{"type":"JointPositionControl"}}}}}}
[07/28/26 14:01:16.232976] [info] [03:01:42.363136] [ControlInterface] Control completed successfully.
[07/28/26 14:01:16.232984] [debug] [03:01:42.363144] [ControlInterface::ExecutionStats] Average Control Time: 0.001 ms (max: 0.019 ms, min: 0.001 ms, sigma: 0.000 ms, count: 2630)
[07/28/26 14:01:16.234599] [debug] [03:01:42.364760] [Service] Server method called: /rb.api.RobotCommandService/RobotCommandStream
[07/28/26 14:01:16.234612] [debug] [03:01:42.364776] [Service::RobotCommandService::RobotCommandStream] Stream is created
[07/28/26 14:01:16.286345] [debug] [03:01:42.416504] [Service::RobotCommandService::RobotCommandStream] Requested: robot_command { component_based_command { mobility_command { se2_velocity_command { command_header { control_hold_time { seconds: 1 } } minimum_time { nanos: 10100000 } velocity { linear { } } acceleration_limit { linear { x: 1 y: 1 } angular: 1 } } } body_command { body_component_based_command { right_arm_command { joint_impedance_control_command { command_header { control_hold_time { seconds: 1 } } minimum_time { nanos: 10100000 } position: 0.0... [truncated]
[07/28/26 14:01:16.286353] [debug] [03:01:42.416518] [Service::RobotCommandService::RobotCommandStream]   Peer: ipv4:192.168.30.230:52970
[07/28/26 14:01:16.286506] [debug] [03:01:42.416670] [Service::RobotCommandService::RobotCommandStream]   IP: 192.168.30.230, Family: ipv4
[07/28/26 14:01:16.290890] [info] [03:01:42.421050] [ControlManager] Control started: {"type":"RobotCommand","control":{"type":"ComponentBasedCommand","components":{"mobility":{"type":"MobilityCommand","control":{"type":"SE2VelocityCommand","control":{"type":"MobilitySE2VelocityControl"}}},"body":{"type":"BodyCommand","control":{"type":"BodyComponentBasedCommand","components":{"torso":{"type":"TorsoCommand","control":{"type":"JointImpedanceControlCommand","control":{"type":"JointImpedanceControl"}}},"right_arm":{"type":"ArmCommand","control":{"type":"JointImpedanceControlCommand","control":{"type":"JointImpedanceControl"}}},"left_arm":{"type":"ArmCommand","control":{"type":"JointImpedanceControlCommand","control":{"type":"JointImpedanceControl"}}}}}},"head":{"type":"HeadCommand","control":{"type":"JointPositionCommand","control":{"type":"JointPositionControl"}}}}}} (priority: 1)
[07/28/26 14:01:26.289214] [debug] [03:01:52.419364] [ControlInterface::ExecutionStats] Average Control Time: 0.350 ms (max: 0.458 ms, min: 0.319 ms, sigma: 0.013 ms, count: 5000)
[07/28/26 14:01:30.727762] [debug] [03:01:56.857914] [Service] Server method called: /rb.api.RobotCommandService/RobotCommand
[07/28/26 14:01:30.727795] [debug] [03:01:56.857959] [Service::RobotCommandService::RobotCommand] Requested: robot_command { whole_body_command { stop_command { } } } priority: 99
[07/28/26 14:01:30.727798] [debug] [03:01:56.857964] [Service::RobotCommandService::RobotCommand]   Peer: ipv4:192.168.30.230:52970
[07/28/26 14:01:30.728016] [debug] [03:01:56.858179] [Service::RobotCommandService::RobotCommand]   IP: 192.168.30.230, Family: ipv4
[07/28/26 14:01:30.831315] [debug] [03:01:56.961469] [ControlManager] Control finished: {"type":"RobotCommand","control":{"type":"ComponentBasedCommand","components":{"mobility":{"type":"MobilityCommand","control":{"type":"SE2VelocityCommand","control":{"type":"MobilitySE2VelocityControl"}}},"body":{"type":"BodyCommand","control":{"type":"BodyComponentBasedCommand","components":{"torso":{"type":"TorsoCommand","control":{"type":"JointImpedanceControlCommand","control":{"type":"JointImpedanceControl"}}},"right_arm":{"type":"ArmCommand","control":{"type":"JointImpedanceControlCommand","control":{"type":"JointImpedanceControl"}}},"left_arm":{"type":"ArmCommand","control":{"type":"JointImpedanceControlCommand","control":{"type":"JointImpedanceControl"}}}}}},"head":{"type":"HeadCommand","control":{"type":"JointPositionCommand","control":{"type":"JointPositionControl"}}}}}}
[07/28/26 14:01:30.831514] [debug] [03:01:56.961672] [Service::RobotCommandService::RobotCommandStream] OnReadDone (write_done: true, read_done: true)
[07/28/26 14:01:30.831514] [info] [03:01:56.961673] [ControlInterface] Control was preempted or canceled by another request.
[07/28/26 14:01:30.831519] [debug] [03:01:56.961680] [Service::RobotCommandService::RobotCommandStream] OnCancel
[07/28/26 14:01:30.831526] [debug] [03:01:56.961684] [ControlInterface::ExecutionStats] Average Control Time: 0.358 ms (max: 0.398 ms, min: 0.328 ms, sigma: 0.013 ms, count: 2271)
[07/28/26 14:01:30.831714] [debug] [03:01:56.961874] [Service::RobotCommandService::RobotCommandStream] OnDone: robot_command { component_based_command { mobility_command { se2_velocity_command { command_header { control_hold_time { seconds: 1 } } minimum_time { nanos: 10100000 } velocity { linear { } } acceleration_limit { linear { x: 1 y: 1 } angular: 1 } } } body_command { body_component_based_command { right_arm_command { joint_impedance_control_command { command_header { control_hold_time { seconds: 1 } } minimum_time { nanos: 10100000 } position: -1.... [truncated]
[07/28/26 14:01:30.832854] [info] [03:01:56.963018] [ControlManager] Control started: {"type":"RobotCommand","control":{"type":"WholeBodyCommand","control":{"type":"StopControl","control":{"type":"JointVelocityControl"}}}} (priority: 99)
[07/28/26 14:01:30.832875] [debug] [03:01:56.963041] [ControlManager] Control finished: {"type":"RobotCommand","control":{"type":"WholeBodyCommand","control":{"type":"StopControl","control":{"type":"JointVelocityControl"}}}}
[07/28/26 14:01:30.832913] [info] [03:01:56.963076] [ControlInterface] Control completed successfully.
[07/28/26 14:01:30.832919] [debug] [03:01:56.963081] [ControlInterface::ExecutionStats] Average Control Time: 0.006 ms (max: 0.006 ms, min: 0.006 ms, sigma: 0.000 ms, count: 1)
[07/28/26 14:01:30.833601] [debug] [03:01:56.963760] [Service] Server method called: /rb.api.ControlManagerService/ControlManagerCommand
[07/28/26 14:01:30.833626] [debug] [03:01:56.963791] [Service::ControlManagerService::ControlManagerCommand] Requested: request_header { request_timestamp { seconds: 1785214837 nanos: 495812970 } } command: COMMAND_DISABLE
[07/28/26 14:01:30.833629] [info] [03:01:56.963795] [ControlManager::Disable] Disable request received. Starting the disabling process...
[07/28/26 14:01:30.834854] [info] [03:01:56.965020] [ControlManager::Disable] Control Manager successfully disabled
[07/28/26 14:01:45.431851] [debug] [03:02:11.562003] [Hardware] Hardware Loop Stat (avg: 2.000 ms, min: 1.996 ms, max: 2.004 ms, count: 15000)
[07/28/26 14:01:45.584842] [debug] [03:02:11.715003] [ControlManager] Control Manager Loop Stat (avg: 2.000 ms, min: 1.997 ms, max: 2.004 ms, count: 15000)
[07/28/26 14:02:15.431850] [debug] [03:02:41.562002] [Hardware] Hardware Loop Stat (avg: 2.000 ms, min: 1.999 ms, max: 2.001 ms, count: 15000)
[07/28/26 14:02:15.584841] [debug] [03:02:41.715002] [ControlManager] Control Manager Loop Stat (avg: 2.000 ms, min: 1.998 ms, max: 2.002 ms, count: 15000)
[07/28/26 14:02:45.431849] [debug] [03:03:11.562003] [Hardware] Hardware Loop Stat (avg: 2.000 ms, min: 1.998 ms, max: 2.002 ms, count: 15000)
[07/28/26 14:02:45.584840] [debug] [03:03:11.715002] [ControlManager] Control Manager Loop Stat (avg: 2.000 ms, min: 1.999 ms, max: 2.001 ms, count: 15000)
[07/28/26 14:03:15.431850] [debug] [03:03:41.562003] [Hardware] Hardware Loop Stat (avg: 2.000 ms, min: 1.999 ms, max: 2.001 ms, count: 15000)
[07/28/26 14:03:15.584840] [debug] [03:03:41.715002] [ControlManager] Control Manager Loop Stat (avg: 2.000 ms, min: 1.998 ms, max: 2.002 ms, count: 15000)
[07/28/26 14:03:45.431851] [debug] [03:04:11.562002] [Hardware] Hardware Loop Stat (avg: 2.000 ms, min: 1.998 ms, max: 2.002 ms, count: 15000)
[07/28/26 14:03:45.584840] [debug] [03:04:11.715002] [ControlManager] Control Manager Loop Stat (avg: 2.000 ms, min: 1.998 ms, max: 2.002 ms, count: 15000)
[07/28/26 14:04:15.431847] [debug] [03:04:41.562003] [Hardware] Hardware Loop Stat (avg: 2.000 ms, min: 1.998 ms, max: 2.002 ms, count: 15000)
[07/28/26 14:04:15.584839] [debug] [03:04:41.715002] [ControlManager] Control Manager Loop Stat (avg: 2.000 ms, min: 1.998 ms, max: 2.002 ms, count: 15000)
[07/28/26 14:04:45.431849] [debug] [03:05:11.562003] [Hardware] Hardware Loop Stat (avg: 2.000 ms, min: 1.999 ms, max: 2.001 ms, count: 15000)
[07/28/26 14:04:45.584839] [debug] [03:05:11.715002] [ControlManager] Control Manager Loop Stat (avg: 2.000 ms, min: 1.998 ms, max: 2.002 ms, count: 15000)
[07/28/26 14:05:15.092710] [debug] [03:05:41.222863] [Service] Server method called: /rb.api.RobotInfoService/GetRobotInfo
[07/28/26 14:05:15.092745] [debug] [03:05:41.222908] [Service::RobotInfoService::GetRobotInfo] Requested: request_header { request_timestamp { seconds: 1785215061 nanos: 750393853 } }
[07/28/26 14:05:15.093606] [debug] [03:05:41.223767] [Service] Server method called: /rb.api.RobotStateService/GetRobotState
[07/28/26 14:05:15.093625] [debug] [03:05:41.223789] [Service::RobotStateService::GetRobotState] Requested: request_header { request_timestamp { seconds: 1785215061 nanos: 751416167 } }
[07/28/26 14:05:15.094382] [debug] [03:05:41.224544] [Service] Server method called: /rb.api.RobotInfoService/GetRobotInfo
[07/28/26 14:05:15.094397] [debug] [03:05:41.224561] [Service::RobotInfoService::GetRobotInfo] Requested: request_header { request_timestamp { seconds: 1785215061 nanos: 752234900 } }
[07/28/26 14:05:15.095158] [debug] [03:05:41.225317] [Service] Server method called: /rb.api.RobotStateService/GetRobotState
[07/28/26 14:05:15.095206] [debug] [03:05:41.225369] [Service::RobotStateService::GetRobotState] Requested: request_header { request_timestamp { seconds: 1785215061 nanos: 752970230 } }
[07/28/26 14:05:15.096014] [debug] [03:05:41.226176] [Service] Server method called: /rb.api.RobotStateService/GetControlManagerState
[07/28/26 14:05:15.096032] [debug] [03:05:41.226197] [Service::RobotStateService::GetControlManagerState] Requested: request_header { request_timestamp { seconds: 1785215061 nanos: 753849686 } }
[07/28/26 14:05:15.096505] [debug] [03:05:41.226666] [Service] Server method called: /rb.api.RobotInfoService/GetRobotInfo
[07/28/26 14:05:15.096520] [debug] [03:05:41.226684] [Service::RobotInfoService::GetRobotInfo] Requested: request_header { request_timestamp { seconds: 1785215061 nanos: 754342117 } }
[07/28/26 14:05:15.097194] [debug] [03:05:41.227356] [Service] Server method called: /rb.api.RobotStateService/GetRobotState
[07/28/26 14:05:15.097233] [debug] [03:05:41.227397] [Service::RobotStateService::GetRobotState] Requested: request_header { request_timestamp { seconds: 1785215061 nanos: 755056113 } }
[07/28/26 14:05:15.097878] [debug] [03:05:41.228040] [Service] Server method called: /rb.api.RobotStateService/GetRobotState
[07/28/26 14:05:15.097893] [debug] [03:05:41.228058] [Service::RobotStateService::GetRobotState] Requested: request_header { request_timestamp { seconds: 1785215061 nanos: 755740067 } }
[07/28/26 14:05:15.098519] [debug] [03:05:41.228681] [Service] Server method called: /rb.api.RobotInfoService/GetRobotInfo
[07/28/26 14:05:15.098534] [debug] [03:05:41.228698] [Service::RobotInfoService::GetRobotInfo] Requested: request_header { request_timestamp { seconds: 1785215061 nanos: 756387292 } }
[07/28/26 14:05:15.099280] [debug] [03:05:41.229443] [Service] Server method called: /rb.api.ControlManagerService/ControlManagerCommand
[07/28/26 14:05:15.099299] [debug] [03:05:41.229463] [Service::ControlManagerService::ControlManagerCommand] Requested: request_header { request_timestamp { seconds: 1785215061 nanos: 757146481 } } command: COMMAND_ENABLE unlimited_mode_enabled { }
[07/28/26 14:05:15.099302] [info] [03:05:41.229467] [ControlManager::Enable] Enable request received. Starting the enabling process...
[07/28/26 14:05:15.100850] [info] [03:05:41.231015] [ControlManager::Enable] Control Manager successfully enabled
[07/28/26 14:05:15.101424] [debug] [03:05:41.231587] [Service] Server method called: /rb.api.ParameterService/SetParameter
[07/28/26 14:05:15.101442] [debug] [03:05:41.231606] [Service::ParameterService::SetParameter] Requested: request_header { request_timestamp { seconds: 1785215061 nanos: 759252377 } } name: "cartesian_command.cutoff_frequency" parameter: "{\"value\":5,\"write_db\":true}"
[07/28/26 14:05:15.112126] [debug] [03:05:41.242286] [Service] Server method called: /rb.api.ParameterService/SetParameter
[07/28/26 14:05:15.112145] [debug] [03:05:41.242309] [Service::ParameterService::SetParameter] Requested: request_header { request_timestamp { seconds: 1785215061 nanos: 769930199 } } name: "default.acceleration_limit_scaling" parameter: "{\"value\":1.0,\"write_db\":true}"
[07/28/26 14:05:15.120635] [debug] [03:05:41.250795] [Service] Server method called: /rb.api.ParameterService/SetParameter
[07/28/26 14:05:15.120652] [debug] [03:05:41.250817] [Service::ParameterService::SetParameter] Requested: request_header { request_timestamp { seconds: 1785215061 nanos: 778459587 } } name: "default.angular_acceleration_limit" parameter: "{\"value\":10,\"write_db\":true}"
[07/28/26 14:05:15.126167] [debug] [03:05:41.256327] [Service] Server method called: /rb.api.ParameterService/SetParameter
[07/28/26 14:05:15.126186] [debug] [03:05:41.256350] [Service::ParameterService::SetParameter] Requested: request_header { request_timestamp { seconds: 1785215061 nanos: 783934411 } } name: "default.linear_acceleration_limit" parameter: "{\"value\":20,\"write_db\":true}"
[07/28/26 14:05:15.134271] [debug] [03:05:41.264431] [Service] Server method called: /rb.api.ParameterService/SetParameter
[07/28/26 14:05:15.134289] [debug] [03:05:41.264453] [Service::ParameterService::SetParameter] Requested: request_header { request_timestamp { seconds: 1785215061 nanos: 791984537 } } name: "joint_position_command.cutoff_frequency" parameter: "{\"value\":5,\"write_db\":true}"
[07/28/26 14:05:15.139996] [debug] [03:05:41.270156] [Service] Server method called: /rb.api.ParameterService/SetParameter
[07/28/26 14:05:15.140012] [debug] [03:05:41.270176] [Service::ParameterService::SetParameter] Requested: request_header { request_timestamp { seconds: 1785215061 nanos: 797822425 } } name: "manipulability_threshold" parameter: "{\"value\":1e4,\"write_db\":true}"
[07/28/26 14:05:15.145803] [debug] [03:05:41.275963] [Service] Server method called: /rb.api.RobotCommandService/RobotCommand
[07/28/26 14:05:15.145876] [debug] [03:05:41.276039] [Service::RobotCommandService::RobotCommand] Requested: robot_command { component_based_command { body_command { joint_position_command { command_header { control_hold_time { seconds: 1 } } minimum_time { nanos: 500000000 } position: 0.0030869464865124416 position: 0.9592429910542406 position: -1.4135367171615807 position: 0.78177584242803522 position: 0.00089608778698270128 position: 4.9360767927013206e-05 position: -1.1299856842959275 position: -0.62182037546947477 position: 0.99375755878166749 posi... [truncated]
[07/28/26 14:05:15.145880] [debug] [03:05:41.276045] [Service::RobotCommandService::RobotCommand]   Peer: ipv4:192.168.30.230:52970
[07/28/26 14:05:15.146028] [debug] [03:05:41.276192] [Service::RobotCommandService::RobotCommand]   IP: 192.168.30.230, Family: ipv4
[07/28/26 14:05:15.150877] [info] [03:05:41.281040] [ControlManager] Control started: {"type":"RobotCommand","control":{"type":"ComponentBasedCommand","components":{"mobility":null,"body":{"type":"BodyCommand","control":{"type":"JointPositionCommand","control":{"type":"JointPositionControl"}}},"head":{"type":"HeadCommand","control":{"type":"JointPositionCommand","control":{"type":"JointPositionControl"}}}}}} (priority: 1)
[07/28/26 14:05:15.431845] [debug] [03:05:41.562002] [Hardware] Hardware Loop Stat (avg: 2.000 ms, min: 1.998 ms, max: 2.001 ms, count: 15000)
[07/28/26 14:05:15.584840] [debug] [03:05:41.715002] [ControlManager] Control Manager Loop Stat (avg: 2.000 ms, min: 1.999 ms, max: 2.001 ms, count: 15000)
[07/28/26 14:05:16.908879] [debug] [03:05:43.039038] [ControlManager] Control finished: {"type":"RobotCommand","control":{"type":"ComponentBasedCommand","components":{"mobility":null,"body":{"type":"BodyCommand","control":{"type":"JointPositionCommand","control":{"type":"JointPositionControl"}}},"head":{"type":"HeadCommand","control":{"type":"JointPositionCommand","control":{"type":"JointPositionControl"}}}}}}
[07/28/26 14:05:16.908937] [info] [03:05:43.039096] [ControlInterface] Control completed successfully.
[07/28/26 14:05:16.908946] [debug] [03:05:43.039105] [ControlInterface::ExecutionStats] Average Control Time: 0.001 ms (max: 0.027 ms, min: 0.001 ms, sigma: 0.001 ms, count: 880)
[07/28/26 14:05:16.909788] [debug] [03:05:43.039949] [Service] Server method called: /rb.api.PowerService/ToolFlangePowerCommand
[07/28/26 14:05:16.909817] [debug] [03:05:43.039981] [Service::PowerService::ToolFlangePowerCommand] Requested: request_header { request_timestamp { seconds: 1785215063 nanos: 567586579 } } name: "right" command: COMMAND_POWER_12V
[07/28/26 14:05:16.909821] [debug] [03:05:43.039987] [Service::PowerService::ToolFlangePowerCommand] Result: Success
[07/28/26 14:05:16.910253] [debug] [03:05:43.040413] [Service] Server method called: /rb.api.PowerService/ToolFlangePowerCommand
[07/28/26 14:05:16.910273] [debug] [03:05:43.040438] [Service::PowerService::ToolFlangePowerCommand] Requested: request_header { request_timestamp { seconds: 1785215063 nanos: 568100045 } } name: "left" command: COMMAND_POWER_12V
[07/28/26 14:05:16.910278] [debug] [03:05:43.040443] [Service::PowerService::ToolFlangePowerCommand] Result: Success
[07/28/26 14:05:18.041880] [debug] [03:05:44.172034] [Service] Server method called: /rb.api.RobotCommandService/RobotCommand
[07/28/26 14:05:18.041947] [debug] [03:05:44.172109] [Service::RobotCommandService::RobotCommand] Requested: robot_command { component_based_command { body_command { joint_position_command { command_header { control_hold_time { seconds: 1 } } minimum_time { seconds: 4 } position: 0 position: 0.78539816339744828 position: -1.3962634015954636 position: 0.78539816339744828 position: 0 position: 0 position: 0 position: -0.26179938779914941 position: 0 position: -2.0943951023931953 position: 0 position: 0.52359877559829882 position: 0 position: 0 position: 0... [truncated]
[07/28/26 14:05:18.041951] [debug] [03:05:44.172116] [Service::RobotCommandService::RobotCommand]   Peer: ipv4:192.168.30.230:52970
[07/28/26 14:05:18.042117] [debug] [03:05:44.172280] [Service::RobotCommandService::RobotCommand]   IP: 192.168.30.230, Family: ipv4
[07/28/26 14:05:18.046866] [info] [03:05:44.177027] [ControlManager] Control started: {"type":"RobotCommand","control":{"type":"ComponentBasedCommand","components":{"mobility":null,"body":{"type":"BodyCommand","control":{"type":"JointPositionCommand","control":{"type":"JointPositionControl"}}},"head":{"type":"HeadCommand","control":{"type":"JointPositionCommand","control":{"type":"JointPositionControl"}}}}}} (priority: 1)
[07/28/26 14:05:23.304881] [debug] [03:05:49.435038] [ControlManager] Control finished: {"type":"RobotCommand","control":{"type":"ComponentBasedCommand","components":{"mobility":null,"body":{"type":"BodyCommand","control":{"type":"JointPositionCommand","control":{"type":"JointPositionControl"}}},"head":{"type":"HeadCommand","control":{"type":"JointPositionCommand","control":{"type":"JointPositionControl"}}}}}}
[07/28/26 14:05:23.304941] [info] [03:05:49.435101] [ControlInterface] Control completed successfully.
[07/28/26 14:05:23.304950] [debug] [03:05:49.435110] [ControlInterface::ExecutionStats] Average Control Time: 0.001 ms (max: 0.021 ms, min: 0.001 ms, sigma: 0.000 ms, count: 2630)
[07/28/26 14:05:23.305814] [debug] [03:05:49.435973] [Service] Server method called: /rb.api.RobotCommandService/RobotCommandStream
[07/28/26 14:05:23.305827] [debug] [03:05:49.435991] [Service::RobotCommandService::RobotCommandStream] Stream is created
[07/28/26 14:05:23.336925] [debug] [03:05:49.467084] [Service::RobotCommandService::RobotCommandStream] Requested: robot_command { component_based_command { mobility_command { se2_velocity_command { command_header { control_hold_time { seconds: 1 } } minimum_time { nanos: 10100000 } velocity { linear { } } acceleration_limit { linear { x: 1 y: 1 } angular: 1 } } } body_command { body_component_based_command { right_arm_command { joint_impedance_control_command { command_header { control_hold_time { seconds: 1 } } minimum_time { nanos: 10100000 } position: 0.0... [truncated]
[07/28/26 14:05:23.336932] [debug] [03:05:49.467097] [Service::RobotCommandService::RobotCommandStream]   Peer: ipv4:192.168.30.230:52970
[07/28/26 14:05:23.337087] [debug] [03:05:49.467251] [Service::RobotCommandService::RobotCommandStream]   IP: 192.168.30.230, Family: ipv4
[07/28/26 14:05:23.342894] [info] [03:05:49.473055] [ControlManager] Control started: {"type":"RobotCommand","control":{"type":"ComponentBasedCommand","components":{"mobility":{"type":"MobilityCommand","control":{"type":"SE2VelocityCommand","control":{"type":"MobilitySE2VelocityControl"}}},"body":{"type":"BodyCommand","control":{"type":"BodyComponentBasedCommand","components":{"torso":{"type":"TorsoCommand","control":{"type":"JointImpedanceControlCommand","control":{"type":"JointImpedanceControl"}}},"right_arm":{"type":"ArmCommand","control":{"type":"JointImpedanceControlCommand","control":{"type":"JointImpedanceControl"}}},"left_arm":{"type":"ArmCommand","control":{"type":"JointImpedanceControlCommand","control":{"type":"JointImpedanceControl"}}}}}},"head":{"type":"HeadCommand","control":{"type":"JointPositionCommand","control":{"type":"JointPositionControl"}}}}}} (priority: 1)
[07/28/26 14:05:33.341222] [debug] [03:05:59.471371] [ControlInterface::ExecutionStats] Average Control Time: 0.344 ms (max: 0.448 ms, min: 0.320 ms, sigma: 0.011 ms, count: 5000)
[07/28/26 14:05:37.178701] [debug] [03:06:03.308852] [Service] Server method called: /rb.api.RobotCommandService/RobotCommand
[07/28/26 14:05:37.178734] [debug] [03:06:03.308898] [Service::RobotCommandService::RobotCommand] Requested: robot_command { whole_body_command { stop_command { } } } priority: 99
[07/28/26 14:05:37.178738] [debug] [03:06:03.308903] [Service::RobotCommandService::RobotCommand]   Peer: ipv4:192.168.30.230:52970
[07/28/26 14:05:37.178899] [debug] [03:06:03.309063] [Service::RobotCommandService::RobotCommand]   IP: 192.168.30.230, Family: ipv4
[07/28/26 14:05:37.281266] [debug] [03:06:03.411421] [ControlManager] Control finished: {"type":"RobotCommand","control":{"type":"ComponentBasedCommand","components":{"mobility":{"type":"MobilityCommand","control":{"type":"SE2VelocityCommand","control":{"type":"MobilitySE2VelocityControl"}}},"body":{"type":"BodyCommand","control":{"type":"BodyComponentBasedCommand","components":{"torso":{"type":"TorsoCommand","control":{"type":"JointImpedanceControlCommand","control":{"type":"JointImpedanceControl"}}},"right_arm":{"type":"ArmCommand","control":{"type":"JointImpedanceControlCommand","control":{"type":"JointImpedanceControl"}}},"left_arm":{"type":"ArmCommand","control":{"type":"JointImpedanceControlCommand","control":{"type":"JointImpedanceControl"}}}}}},"head":{"type":"HeadCommand","control":{"type":"JointPositionCommand","control":{"type":"JointPositionControl"}}}}}}
[07/28/26 14:05:37.281454] [debug] [03:06:03.411613] [Service::RobotCommandService::RobotCommandStream] OnReadDone (write_done: true, read_done: true)
[07/28/26 14:05:37.281475] [debug] [03:06:03.411635] [Service::RobotCommandService::RobotCommandStream] OnCancel
[07/28/26 14:05:37.281603] [info] [03:06:03.411766] [ControlInterface] Control was preempted or canceled by another request.
[07/28/26 14:05:37.281620] [debug] [03:06:03.411782] [Service::RobotCommandService::RobotCommandStream] OnDone: robot_command { component_based_command { mobility_command { se2_velocity_command { command_header { control_hold_time { seconds: 1 } } minimum_time { nanos: 10100000 } velocity { linear { } } acceleration_limit { linear { x: 1 y: 1 } angular: 1 } } } body_command { body_component_based_command { right_arm_command { joint_impedance_control_command { command_header { control_hold_time { seconds: 1 } } minimum_time { nanos: 10100000 } position: -0.... [truncated]
[07/28/26 14:05:37.281634] [debug] [03:06:03.411772] [ControlInterface::ExecutionStats] Average Control Time: 0.343 ms (max: 0.384 ms, min: 0.320 ms, sigma: 0.010 ms, count: 1970)
[07/28/26 14:05:37.282856] [info] [03:06:03.413020] [ControlManager] Control started: {"type":"RobotCommand","control":{"type":"WholeBodyCommand","control":{"type":"StopControl","control":{"type":"JointVelocityControl"}}}} (priority: 99)
[07/28/26 14:05:37.282875] [debug] [03:06:03.413040] [ControlManager] Control finished: {"type":"RobotCommand","control":{"type":"WholeBodyCommand","control":{"type":"StopControl","control":{"type":"JointVelocityControl"}}}}
[07/28/26 14:05:37.284860] [info] [03:06:03.415023] [ControlInterface] Control completed successfully.
[07/28/26 14:05:37.284871] [debug] [03:06:03.415031] [ControlInterface::ExecutionStats] Average Control Time: 0.006 ms (max: 0.006 ms, min: 0.006 ms, sigma: 0.000 ms, count: 1)
[07/28/26 14:05:37.285994] [debug] [03:06:03.416155] [Service] Server method called: /rb.api.ControlManagerService/ControlManagerCommand
[07/28/26 14:05:37.286019] [debug] [03:06:03.416183] [Service::ControlManagerService::ControlManagerCommand] Requested: request_header { request_timestamp { seconds: 1785215083 nanos: 943317443 } } command: COMMAND_DISABLE
[07/28/26 14:05:37.286022] [info] [03:06:03.416188] [ControlManager::Disable] Disable request received. Starting the disabling process...
[07/28/26 14:05:37.286856] [info] [03:06:03.417020] [ControlManager::Disable] Control Manager successfully disabled
[07/28/26 14:05:45.431851] [debug] [03:06:11.562002] [Hardware] Hardware Loop Stat (avg: 2.000 ms, min: 1.996 ms, max: 2.004 ms, count: 15000)
[07/28/26 14:05:45.584842] [debug] [03:06:11.715003] [ControlManager] Control Manager Loop Stat (avg: 2.000 ms, min: 1.997 ms, max: 2.003 ms, count: 15000)
[07/28/26 14:06:15.431850] [debug] [03:06:41.562003] [Hardware] Hardware Loop Stat (avg: 2.000 ms, min: 1.998 ms, max: 2.002 ms, count: 15000)
[07/28/26 14:06:15.584840] [debug] [03:06:41.715002] [ControlManager] Control Manager Loop Stat (avg: 2.000 ms, min: 1.998 ms, max: 2.002 ms, count: 15000)
[07/28/26 14:06:45.431849] [debug] [03:07:11.562002] [Hardware] Hardware Loop Stat (avg: 2.000 ms, min: 1.998 ms, max: 2.002 ms, count: 15000)
[07/28/26 14:06:45.584840] [debug] [03:07:11.715002] [ControlManager] Control Manager Loop Stat (avg: 2.000 ms, min: 1.999 ms, max: 2.002 ms, count: 15000)
[07/28/26 14:06:47.776064] [debug] [03:07:13.906220] [Service] Server method called: /rb.api.RobotInfoService/GetRobotModel
[07/28/26 14:06:47.776099] [debug] [03:07:13.906263] [Service::RobotInfoService::GetRobotModel] Requested: request_header { request_timestamp { seconds: 1785215154 nanos: 431623608 } }
[07/28/26 14:06:47.779512] [debug] [03:07:13.909673] [Service] Server method called: /rb.api.RobotStateService/GetRobotStateStream
[07/28/26 14:06:47.779540] [debug] [03:07:13.909704] [Service::RobotStateService::GetRobotStateStream] Requested: request_header { request_timestamp { seconds: 1785215154 nanos: 435287621 } } update_rate: 100
[07/28/26 14:07:01.292786] [debug] [03:07:27.422938] [Service] Server method called: /rb.api.RobotInfoService/GetRobotInfo
[07/28/26 14:07:01.292820] [debug] [03:07:27.422984] [Service::RobotInfoService::GetRobotInfo] Requested: request_header { request_timestamp { seconds: 1785215167 nanos: 948479843 } }
[07/28/26 14:07:01.293424] [debug] [03:07:27.423584] [Service] Server method called: /rb.api.RobotStateService/GetRobotState
[07/28/26 14:07:01.293447] [debug] [03:07:27.423611] [Service::RobotStateService::GetRobotState] Requested: request_header { request_timestamp { seconds: 1785215167 nanos: 949229324 } }
[07/28/26 14:07:01.294193] [debug] [03:07:27.424354] [Service] Server method called: /rb.api.RobotInfoService/GetRobotInfo
[07/28/26 14:07:01.294237] [debug] [03:07:27.424400] [Service::RobotInfoService::GetRobotInfo] Requested: request_header { request_timestamp { seconds: 1785215167 nanos: 950008780 } }
[07/28/26 14:07:01.294838] [debug] [03:07:27.424999] [Service] Server method called: /rb.api.RobotStateService/GetRobotState
[07/28/26 14:07:01.294854] [debug] [03:07:27.425018] [Service::RobotStateService::GetRobotState] Requested: request_header { request_timestamp { seconds: 1785215167 nanos: 950689783 } }
[07/28/26 14:07:01.295411] [debug] [03:07:27.425568] [Service] Server method called: /rb.api.RobotStateService/GetControlManagerState
[07/28/26 14:07:01.295435] [debug] [03:07:27.425599] [Service::RobotStateService::GetControlManagerState] Requested: request_header { request_timestamp { seconds: 1785215167 nanos: 951215766 } }
[07/28/26 14:07:01.295880] [debug] [03:07:27.426037] [Service] Server method called: /rb.api.RobotInfoService/GetRobotInfo
[07/28/26 14:07:01.295900] [debug] [03:07:27.426065] [Service::RobotInfoService::GetRobotInfo] Requested: request_header { request_timestamp { seconds: 1785215167 nanos: 951692551 } }
[07/28/26 14:07:01.296397] [debug] [03:07:27.426558] [Service] Server method called: /rb.api.RobotStateService/GetRobotState
[07/28/26 14:07:01.296413] [debug] [03:07:27.426577] [Service::RobotStateService::GetRobotState] Requested: request_header { request_timestamp { seconds: 1785215167 nanos: 952237601 } }
[07/28/26 14:07:01.296864] [debug] [03:07:27.427027] [Service] Server method called: /rb.api.RobotStateService/GetRobotState
[07/28/26 14:07:01.296878] [debug] [03:07:27.427043] [Service::RobotStateService::GetRobotState] Requested: request_header { request_timestamp { seconds: 1785215167 nanos: 952736144 } }
[07/28/26 14:07:01.298277] [debug] [03:07:27.428344] [Service] Server method called: /rb.api.RobotInfoService/GetRobotInfo
[07/28/26 14:07:01.298473] [debug] [03:07:27.428607] [Service::RobotInfoService::GetRobotInfo] Requested: request_header { request_timestamp { seconds: 1785215167 nanos: 953170791 } }
[07/28/26 14:07:01.301502] [debug] [03:07:27.431666] [Service] Server method called: /rb.api.ControlManagerService/ControlManagerCommand
[07/28/26 14:07:01.301517] [debug] [03:07:27.431683] [Service::ControlManagerService::ControlManagerCommand] Requested: request_header { request_timestamp { seconds: 1785215167 nanos: 957299428 } } command: COMMAND_ENABLE unlimited_mode_enabled { }
[07/28/26 14:07:01.301520] [info] [03:07:27.431686] [ControlManager::Enable] Enable request received. Starting the enabling process...
[07/28/26 14:07:01.302848] [info] [03:07:27.433014] [ControlManager::Enable] Control Manager successfully enabled
[07/28/26 14:07:01.303329] [debug] [03:07:27.433491] [Service] Server method called: /rb.api.ParameterService/SetParameter
[07/28/26 14:07:01.303347] [debug] [03:07:27.433511] [Service::ParameterService::SetParameter] Requested: request_header { request_timestamp { seconds: 1785215167 nanos: 959155575 } } name: "cartesian_command.cutoff_frequency" parameter: "{\"value\":5,\"write_db\":true}"
[07/28/26 14:07:01.313984] [debug] [03:07:27.444145] [Service] Server method called: /rb.api.ParameterService/SetParameter
[07/28/26 14:07:01.314002] [debug] [03:07:27.444166] [Service::ParameterService::SetParameter] Requested: request_header { request_timestamp { seconds: 1785215167 nanos: 969810897 } } name: "default.acceleration_limit_scaling" parameter: "{\"value\":1.0,\"write_db\":true}"
[07/28/26 14:07:01.317629] [debug] [03:07:27.447789] [Service] Server method called: /rb.api.ParameterService/SetParameter
[07/28/26 14:07:01.317648] [debug] [03:07:27.447812] [Service::ParameterService::SetParameter] Requested: request_header { request_timestamp { seconds: 1785215167 nanos: 973483166 } } name: "default.angular_acceleration_limit" parameter: "{\"value\":10,\"write_db\":true}"
[07/28/26 14:07:01.320926] [debug] [03:07:27.451086] [Service] Server method called: /rb.api.ParameterService/SetParameter
[07/28/26 14:07:01.320944] [debug] [03:07:27.451108] [Service::ParameterService::SetParameter] Requested: request_header { request_timestamp { seconds: 1785215167 nanos: 976791363 } } name: "default.linear_acceleration_limit" parameter: "{\"value\":20,\"write_db\":true}"
[07/28/26 14:07:01.324460] [debug] [03:07:27.454621] [Service] Server method called: /rb.api.ParameterService/SetParameter
[07/28/26 14:07:01.324478] [debug] [03:07:27.454643] [Service::ParameterService::SetParameter] Requested: request_header { request_timestamp { seconds: 1785215167 nanos: 980303265 } } name: "joint_position_command.cutoff_frequency" parameter: "{\"value\":5,\"write_db\":true}"
[07/28/26 14:07:01.328208] [debug] [03:07:27.458369] [Service] Server method called: /rb.api.ParameterService/SetParameter
[07/28/26 14:07:01.328226] [debug] [03:07:27.458390] [Service::ParameterService::SetParameter] Requested: request_header { request_timestamp { seconds: 1785215167 nanos: 984044881 } } name: "manipulability_threshold" parameter: "{\"value\":1e4,\"write_db\":true}"
[07/28/26 14:07:01.332055] [debug] [03:07:27.462216] [Service] Server method called: /rb.api.RobotCommandService/RobotCommand
[07/28/26 14:07:01.332124] [debug] [03:07:27.462287] [Service::RobotCommandService::RobotCommand] Requested: robot_command { component_based_command { body_command { joint_position_command { command_header { control_hold_time { seconds: 1 } } minimum_time { nanos: 500000000 } position: 0.0035273964157073287 position: 0.96079215977071919 position: -1.4134911533758021 position: 0.78161257219566127 position: 0.0011960493766930123 position: 7.2142660816403918e-05 position: -0.23113749129146169 position: -0.15165906096467396 position: 0.059631604637980187 po... [truncated]
[07/28/26 14:07:01.332128] [debug] [03:07:27.462293] [Service::RobotCommandService::RobotCommand]   Peer: ipv4:192.168.30.230:60430
[07/28/26 14:07:01.332292] [debug] [03:07:27.462456] [Service::RobotCommandService::RobotCommand]   IP: 192.168.30.230, Family: ipv4
[07/28/26 14:07:01.336879] [info] [03:07:27.467041] [ControlManager] Control started: {"type":"RobotCommand","control":{"type":"ComponentBasedCommand","components":{"mobility":null,"body":{"type":"BodyCommand","control":{"type":"JointPositionCommand","control":{"type":"JointPositionControl"}}},"head":{"type":"HeadCommand","control":{"type":"JointPositionCommand","control":{"type":"JointPositionControl"}}}}}} (priority: 1)
[07/28/26 14:07:03.094879] [debug] [03:07:29.225037] [ControlManager] Control finished: {"type":"RobotCommand","control":{"type":"ComponentBasedCommand","components":{"mobility":null,"body":{"type":"BodyCommand","control":{"type":"JointPositionCommand","control":{"type":"JointPositionControl"}}},"head":{"type":"HeadCommand","control":{"type":"JointPositionCommand","control":{"type":"JointPositionControl"}}}}}}
[07/28/26 14:07:03.094938] [info] [03:07:29.225097] [ControlInterface] Control completed successfully.
[07/28/26 14:07:03.094946] [debug] [03:07:29.225106] [ControlInterface::ExecutionStats] Average Control Time: 0.001 ms (max: 0.028 ms, min: 0.001 ms, sigma: 0.001 ms, count: 880)
[07/28/26 14:07:03.096081] [debug] [03:07:29.226231] [Service] Server method called: /rb.api.PowerService/ToolFlangePowerCommand
[07/28/26 14:07:03.096111] [debug] [03:07:29.226275] [Service::PowerService::ToolFlangePowerCommand] Requested: request_header { request_timestamp { seconds: 1785215169 nanos: 751706795 } } name: "right" command: COMMAND_POWER_12V
[07/28/26 14:07:03.096115] [debug] [03:07:29.226281] [Service::PowerService::ToolFlangePowerCommand] Result: Success
[07/28/26 14:07:03.096775] [debug] [03:07:29.226934] [Service] Server method called: /rb.api.PowerService/ToolFlangePowerCommand
[07/28/26 14:07:03.096798] [debug] [03:07:29.226964] [Service::PowerService::ToolFlangePowerCommand] Requested: request_header { request_timestamp { seconds: 1785215169 nanos: 752493746 } } name: "left" command: COMMAND_POWER_12V
[07/28/26 14:07:03.096802] [debug] [03:07:29.226968] [Service::PowerService::ToolFlangePowerCommand] Result: Success
[07/28/26 14:07:04.256691] [debug] [03:07:30.386846] [Service] Server method called: /rb.api.RobotCommandService/RobotCommand
[07/28/26 14:07:04.256757] [debug] [03:07:30.386921] [Service::RobotCommandService::RobotCommand] Requested: robot_command { component_based_command { body_command { joint_position_command { command_header { control_hold_time { seconds: 1 } } minimum_time { seconds: 4 } position: 0 position: 0.78539816339744828 position: -1.3962634015954636 position: 0.78539816339744828 position: 0 position: 0 position: 0 position: -0.26179938779914941 position: 0 position: -2.0943951023931953 position: 0 position: 0.52359877559829882 position: 0 position: 0 position: 0... [truncated]
[07/28/26 14:07:04.256760] [debug] [03:07:30.386926] [Service::RobotCommandService::RobotCommand]   Peer: ipv4:192.168.30.230:60430
[07/28/26 14:07:04.256901] [debug] [03:07:30.387066] [Service::RobotCommandService::RobotCommand]   IP: 192.168.30.230, Family: ipv4
[07/28/26 14:07:04.262861] [info] [03:07:30.393024] [ControlManager] Control started: {"type":"RobotCommand","control":{"type":"ComponentBasedCommand","components":{"mobility":null,"body":{"type":"BodyCommand","control":{"type":"JointPositionCommand","control":{"type":"JointPositionControl"}}},"head":{"type":"HeadCommand","control":{"type":"JointPositionCommand","control":{"type":"JointPositionControl"}}}}}} (priority: 1)
[07/28/26 14:07:09.520881] [debug] [03:07:35.651038] [ControlManager] Control finished: {"type":"RobotCommand","control":{"type":"ComponentBasedCommand","components":{"mobility":null,"body":{"type":"BodyCommand","control":{"type":"JointPositionCommand","control":{"type":"JointPositionControl"}}},"head":{"type":"HeadCommand","control":{"type":"JointPositionCommand","control":{"type":"JointPositionControl"}}}}}}
[07/28/26 14:07:09.520941] [info] [03:07:35.651100] [ControlInterface] Control completed successfully.
[07/28/26 14:07:09.520951] [debug] [03:07:35.651110] [ControlInterface::ExecutionStats] Average Control Time: 0.001 ms (max: 0.020 ms, min: 0.001 ms, sigma: 0.000 ms, count: 2630)
[07/28/26 14:07:09.521565] [debug] [03:07:35.651725] [Service] Server method called: /rb.api.RobotCommandService/RobotCommandStream
[07/28/26 14:07:09.521577] [debug] [03:07:35.651741] [Service::RobotCommandService::RobotCommandStream] Stream is created
[07/28/26 14:07:09.552371] [debug] [03:07:35.682530] [Service::RobotCommandService::RobotCommandStream] Requested: robot_command { component_based_command { mobility_command { se2_velocity_command { command_header { control_hold_time { seconds: 1 } } minimum_time { nanos: 101000003 } velocity { linear { } } acceleration_limit { linear { x: 1 y: 1 } angular: 1 } } } body_command { body_component_based_command { right_arm_command { cartesian_impedance_control_command { command_header { control_hold_time { seconds: 1 } } minimum_time { nanos: 101000003 } targets... [truncated]
[07/28/26 14:07:09.552379] [debug] [03:07:35.682544] [Service::RobotCommandService::RobotCommandStream]   Peer: ipv4:192.168.30.230:60430
[07/28/26 14:07:09.552531] [debug] [03:07:35.682695] [Service::RobotCommandService::RobotCommandStream]   IP: 192.168.30.230, Family: ipv4
[07/28/26 14:07:09.556896] [info] [03:07:35.687057] [ControlManager] Control started: {"type":"RobotCommand","control":{"type":"ComponentBasedCommand","components":{"mobility":{"type":"MobilityCommand","control":{"type":"SE2VelocityCommand","control":{"type":"MobilitySE2VelocityControl"}}},"body":{"type":"BodyCommand","control":{"type":"BodyComponentBasedCommand","components":{"torso":{"type":"TorsoCommand","control":{"type":"JointImpedanceControlCommand","control":{"type":"JointImpedanceControl"}}},"right_arm":{"type":"ArmCommand","control":{"type":"CartesianImpedanceControlCommand","control":{"type":"CartesianImpedanceControl"}}},"left_arm":{"type":"ArmCommand","control":{"type":"CartesianImpedanceControlCommand","control":{"type":"CartesianImpedanceControl"}}}}}},"head":{"type":"HeadCommand","control":{"type":"JointPositionCommand","control":{"type":"JointPositionControl"}}}}}} (priority: 1)
[07/28/26 14:07:15.431851] [debug] [03:07:41.562003] [Hardware] Hardware Loop Stat (avg: 2.000 ms, min: 1.997 ms, max: 2.003 ms, count: 15000)
[07/28/26 14:07:15.584847] [debug] [03:07:41.715003] [ControlManager] Control Manager Loop Stat (avg: 2.000 ms, min: 1.999 ms, max: 2.001 ms, count: 15000)
[07/28/26 14:07:19.555350] [debug] [03:07:45.685499] [ControlInterface::ExecutionStats] Average Control Time: 0.495 ms (max: 0.813 ms, min: 0.464 ms, sigma: 0.012 ms, count: 5000)
[07/28/26 14:07:29.555347] [debug] [03:07:55.685494] [ControlInterface::ExecutionStats] Average Control Time: 0.495 ms (max: 0.588 ms, min: 0.464 ms, sigma: 0.010 ms, count: 5000)
[07/28/26 14:07:30.609506] [debug] [03:07:56.739660] [Service] Server method called: /rb.api.RobotCommandService/RobotCommand
[07/28/26 14:07:30.609540] [debug] [03:07:56.739704] [Service::RobotCommandService::RobotCommand] Requested: robot_command { whole_body_command { stop_command { } } } priority: 99
[07/28/26 14:07:30.609544] [debug] [03:07:56.739709] [Service::RobotCommandService::RobotCommand]   Peer: ipv4:192.168.30.230:60430
[07/28/26 14:07:30.609696] [debug] [03:07:56.739859] [Service::RobotCommandService::RobotCommand]   IP: 192.168.30.230, Family: ipv4
[07/28/26 14:07:30.713419] [debug] [03:07:56.843575] [ControlManager] Control finished: {"type":"RobotCommand","control":{"type":"ComponentBasedCommand","components":{"mobility":{"type":"MobilityCommand","control":{"type":"SE2VelocityCommand","control":{"type":"MobilitySE2VelocityControl"}}},"body":{"type":"BodyCommand","control":{"type":"BodyComponentBasedCommand","components":{"torso":{"type":"TorsoCommand","control":{"type":"JointImpedanceControlCommand","control":{"type":"JointImpedanceControl"}}},"right_arm":{"type":"ArmCommand","control":{"type":"CartesianImpedanceControlCommand","control":{"type":"CartesianImpedanceControl"}}},"left_arm":{"type":"ArmCommand","control":{"type":"CartesianImpedanceControlCommand","control":{"type":"CartesianImpedanceControl"}}}}}},"head":{"type":"HeadCommand","control":{"type":"JointPositionCommand","control":{"type":"JointPositionControl"}}}}}}
[07/28/26 14:07:30.713533] [debug] [03:07:56.843691] [Service::RobotCommandService::RobotCommandStream] OnReadDone (write_done: true, read_done: true)
[07/28/26 14:07:30.713577] [debug] [03:07:56.843737] [Service::RobotCommandService::RobotCommandStream] OnCancel
[07/28/26 14:07:30.713629] [info] [03:07:56.843789] [ControlInterface] Control was preempted or canceled by another request.
[07/28/26 14:07:30.713640] [debug] [03:07:56.843799] [ControlInterface::ExecutionStats] Average Control Time: 0.490 ms (max: 0.749 ms, min: 0.459 ms, sigma: 0.017 ms, count: 579)
[07/28/26 14:07:30.713745] [debug] [03:07:56.843907] [Service::RobotCommandService::RobotCommandStream] OnDone: robot_command { component_based_command { mobility_command { se2_velocity_command { command_header { control_hold_time { seconds: 1 } } minimum_time { nanos: 101000003 } velocity { linear { } } acceleration_limit { linear { x: 1 y: 1 } angular: 1 } } } body_command { body_component_based_command { right_arm_command { cartesian_impedance_control_command { command_header { control_hold_time { seconds: 1 } } minimum_time { nanos: 101000003 } targets... [truncated]
[07/28/26 14:07:30.714855] [info] [03:07:56.845019] [ControlManager] Control started: {"type":"RobotCommand","control":{"type":"WholeBodyCommand","control":{"type":"StopControl","control":{"type":"JointVelocityControl"}}}} (priority: 99)
[07/28/26 14:07:30.714875] [debug] [03:07:56.845041] [ControlManager] Control finished: {"type":"RobotCommand","control":{"type":"WholeBodyCommand","control":{"type":"StopControl","control":{"type":"JointVelocityControl"}}}}
[07/28/26 14:07:30.714910] [info] [03:07:56.845075] [ControlInterface] Control completed successfully.
[07/28/26 14:07:30.714912] [debug] [03:07:56.845077] [ControlInterface::ExecutionStats] Average Control Time: 0.006 ms (max: 0.006 ms, min: 0.006 ms, sigma: 0.000 ms, count: 1)
[07/28/26 14:07:30.715708] [debug] [03:07:56.845868] [Service] Server method called: /rb.api.ControlManagerService/ControlManagerCommand
[07/28/26 14:07:30.715732] [debug] [03:07:56.845896] [Service::ControlManagerService::ControlManagerCommand] Requested: request_header { request_timestamp { seconds: 1785215197 nanos: 370916293 } } command: COMMAND_DISABLE
[07/28/26 14:07:30.715736] [info] [03:07:56.845901] [ControlManager::Disable] Disable request received. Starting the disabling process...
[07/28/26 14:07:30.716855] [info] [03:07:56.847019] [ControlManager::Disable] Control Manager successfully disabled
[07/28/26 14:07:45.431850] [debug] [03:08:11.562002] [Hardware] Hardware Loop Stat (avg: 2.000 ms, min: 1.996 ms, max: 2.003 ms, count: 15000)
[07/28/26 14:07:45.584842] [debug] [03:08:11.715003] [ControlManager] Control Manager Loop Stat (avg: 2.000 ms, min: 1.998 ms, max: 2.002 ms, count: 15000)
[07/28/26 14:08:15.431851] [debug] [03:08:41.562003] [Hardware] Hardware Loop Stat (avg: 2.000 ms, min: 1.998 ms, max: 2.002 ms, count: 15000)
[07/28/26 14:08:15.584840] [debug] [03:08:41.715002] [ControlManager] Control Manager Loop Stat (avg: 2.000 ms, min: 1.997 ms, max: 2.002 ms, count: 15000)
[07/28/26 14:08:31.532630] [debug] [03:08:57.662784] [Service] Server method called: /rb.api.RobotInfoService/GetRobotInfo
[07/28/26 14:08:31.532663] [debug] [03:08:57.662827] [Service::RobotInfoService::GetRobotInfo] Requested: request_header { request_timestamp { seconds: 1785215258 nanos: 186609506 } }
[07/28/26 14:08:31.533257] [debug] [03:08:57.663417] [Service] Server method called: /rb.api.RobotStateService/GetRobotState
[07/28/26 14:08:31.533279] [debug] [03:08:57.663443] [Service::RobotStateService::GetRobotState] Requested: request_header { request_timestamp { seconds: 1785215258 nanos: 187360729 } }
[07/28/26 14:08:31.533977] [debug] [03:08:57.664134] [Service] Server method called: /rb.api.RobotInfoService/GetRobotInfo
[07/28/26 14:08:31.534000] [debug] [03:08:57.664164] [Service::RobotInfoService::GetRobotInfo] Requested: request_header { request_timestamp { seconds: 1785215258 nanos: 188055808 } }
[07/28/26 14:08:31.534600] [debug] [03:08:57.664758] [Service] Server method called: /rb.api.RobotStateService/GetRobotState
[07/28/26 14:08:31.534630] [debug] [03:08:57.664794] [Service::RobotStateService::GetRobotState] Requested: request_header { request_timestamp { seconds: 1785215258 nanos: 188683348 } }
[07/28/26 14:08:31.535249] [debug] [03:08:57.665410] [Service] Server method called: /rb.api.RobotStateService/GetControlManagerState
[07/28/26 14:08:31.535268] [debug] [03:08:57.665432] [Service::RobotStateService::GetControlManagerState] Requested: request_header { request_timestamp { seconds: 1785215258 nanos: 189349530 } }
[07/28/26 14:08:31.535658] [debug] [03:08:57.665820] [Service] Server method called: /rb.api.RobotInfoService/GetRobotInfo
[07/28/26 14:08:31.535674] [debug] [03:08:57.665838] [Service::RobotInfoService::GetRobotInfo] Requested: request_header { request_timestamp { seconds: 1785215258 nanos: 189784936 } }
[07/28/26 14:08:31.536198] [debug] [03:08:57.666360] [Service] Server method called: /rb.api.RobotStateService/GetRobotState
[07/28/26 14:08:31.536221] [debug] [03:08:57.666385] [Service::RobotStateService::GetRobotState] Requested: request_header { request_timestamp { seconds: 1785215258 nanos: 190312749 } }
[07/28/26 14:08:31.536688] [debug] [03:08:57.666847] [Service] Server method called: /rb.api.RobotStateService/GetRobotState
[07/28/26 14:08:31.536707] [debug] [03:08:57.666873] [Service::RobotStateService::GetRobotState] Requested: request_header { request_timestamp { seconds: 1785215258 nanos: 190800670 } }
[07/28/26 14:08:31.537124] [debug] [03:08:57.667286] [Service] Server method called: /rb.api.RobotInfoService/GetRobotInfo
[07/28/26 14:08:31.537138] [debug] [03:08:57.667302] [Service::RobotInfoService::GetRobotInfo] Requested: request_header { request_timestamp { seconds: 1785215258 nanos: 191289167 } }
[07/28/26 14:08:31.537475] [debug] [03:08:57.667637] [Service] Server method called: /rb.api.ControlManagerService/ControlManagerCommand
[07/28/26 14:08:31.537493] [debug] [03:08:57.667657] [Service::ControlManagerService::ControlManagerCommand] Requested: request_header { request_timestamp { seconds: 1785215258 nanos: 191629863 } } command: COMMAND_ENABLE unlimited_mode_enabled { }
[07/28/26 14:08:31.537496] [info] [03:08:57.667661] [ControlManager::Enable] Enable request received. Starting the enabling process...
[07/28/26 14:08:31.538851] [info] [03:08:57.669015] [ControlManager::Enable] Control Manager successfully enabled
[07/28/26 14:08:31.539252] [debug] [03:08:57.669414] [Service] Server method called: /rb.api.ParameterService/SetParameter
[07/28/26 14:08:31.539280] [debug] [03:08:57.669444] [Service::ParameterService::SetParameter] Requested: request_header { request_timestamp { seconds: 1785215258 nanos: 193371065 } } name: "cartesian_command.cutoff_frequency" parameter: "{\"value\":5,\"write_db\":true}"
[07/28/26 14:08:31.550160] [debug] [03:08:57.680321] [Service] Server method called: /rb.api.ParameterService/SetParameter
[07/28/26 14:08:31.550177] [debug] [03:08:57.680341] [Service::ParameterService::SetParameter] Requested: request_header { request_timestamp { seconds: 1785215258 nanos: 204256086 } } name: "default.acceleration_limit_scaling" parameter: "{\"value\":1.0,\"write_db\":true}"
[07/28/26 14:08:31.555562] [debug] [03:08:57.685723] [Service] Server method called: /rb.api.ParameterService/SetParameter
[07/28/26 14:08:31.555578] [debug] [03:08:57.685742] [Service::ParameterService::SetParameter] Requested: request_header { request_timestamp { seconds: 1785215258 nanos: 209678527 } } name: "default.angular_acceleration_limit" parameter: "{\"value\":10,\"write_db\":true}"
[07/28/26 14:08:31.563584] [debug] [03:08:57.693748] [Service] Server method called: /rb.api.ParameterService/SetParameter
[07/28/26 14:08:31.563596] [debug] [03:08:57.693761] [Service::ParameterService::SetParameter] Requested: request_header { request_timestamp { seconds: 1785215258 nanos: 217684772 } } name: "default.linear_acceleration_limit" parameter: "{\"value\":20,\"write_db\":true}"
[07/28/26 14:08:31.569762] [debug] [03:08:57.699923] [Service] Server method called: /rb.api.ParameterService/SetParameter
[07/28/26 14:08:31.569788] [debug] [03:08:57.699952] [Service::ParameterService::SetParameter] Requested: request_header { request_timestamp { seconds: 1785215258 nanos: 223821080 } } name: "joint_position_command.cutoff_frequency" parameter: "{\"value\":5,\"write_db\":true}"
[07/28/26 14:08:31.575711] [debug] [03:08:57.705871] [Service] Server method called: /rb.api.ParameterService/SetParameter
[07/28/26 14:08:31.575728] [debug] [03:08:57.705892] [Service::ParameterService::SetParameter] Requested: request_header { request_timestamp { seconds: 1785215258 nanos: 229766524 } } name: "manipulability_threshold" parameter: "{\"value\":1e4,\"write_db\":true}"
[07/28/26 14:08:31.581848] [debug] [03:08:57.712008] [Service] Server method called: /rb.api.RobotCommandService/RobotCommand
[07/28/26 14:08:31.581915] [debug] [03:08:57.712079] [Service::RobotCommandService::RobotCommand] Requested: robot_command { component_based_command { body_command { joint_position_command { command_header { control_hold_time { seconds: 1 } } minimum_time { nanos: 500000000 } position: 0.006094156347912015 position: 0.95905693892897725 position: -1.41313044007172 position: 0.78123667096298632 position: 0.001625108359443204 position: -9.8721535854026413e-05 position: -0.017006683041930166 position: -0.4885804749058732 position: -0.053636169825922196 posi... [truncated]
[07/28/26 14:08:31.581917] [debug] [03:08:57.712083] [Service::RobotCommandService::RobotCommand]   Peer: ipv4:192.168.30.230:60430
[07/28/26 14:08:31.582046] [debug] [03:08:57.712211] [Service::RobotCommandService::RobotCommand]   IP: 192.168.30.230, Family: ipv4
[07/28/26 14:08:31.586869] [info] [03:08:57.717032] [ControlManager] Control started: {"type":"RobotCommand","control":{"type":"ComponentBasedCommand","components":{"mobility":null,"body":{"type":"BodyCommand","control":{"type":"JointPositionCommand","control":{"type":"JointPositionControl"}}},"head":{"type":"HeadCommand","control":{"type":"JointPositionCommand","control":{"type":"JointPositionControl"}}}}}} (priority: 1)
[07/28/26 14:08:33.344881] [debug] [03:08:59.475039] [ControlManager] Control finished: {"type":"RobotCommand","control":{"type":"ComponentBasedCommand","components":{"mobility":null,"body":{"type":"BodyCommand","control":{"type":"JointPositionCommand","control":{"type":"JointPositionControl"}}},"head":{"type":"HeadCommand","control":{"type":"JointPositionCommand","control":{"type":"JointPositionControl"}}}}}}
[07/28/26 14:08:33.344933] [info] [03:08:59.475095] [ControlInterface] Control completed successfully.
[07/28/26 14:08:33.344942] [debug] [03:08:59.475101] [ControlInterface::ExecutionStats] Average Control Time: 0.001 ms (max: 0.026 ms, min: 0.001 ms, sigma: 0.001 ms, count: 880)
[07/28/26 14:08:33.345776] [debug] [03:08:59.475937] [Service] Server method called: /rb.api.PowerService/ToolFlangePowerCommand
[07/28/26 14:08:33.345807] [debug] [03:08:59.475971] [Service::PowerService::ToolFlangePowerCommand] Requested: request_header { request_timestamp { seconds: 1785215259 nanos: 999718174 } } name: "right" command: COMMAND_POWER_12V
[07/28/26 14:08:33.345812] [debug] [03:08:59.475977] [Service::PowerService::ToolFlangePowerCommand] Result: Success
[07/28/26 14:08:33.346423] [debug] [03:08:59.476583] [Service] Server method called: /rb.api.PowerService/ToolFlangePowerCommand
[07/28/26 14:08:33.346446] [debug] [03:08:59.476610] [Service::PowerService::ToolFlangePowerCommand] Requested: request_header { request_timestamp { seconds: 1785215260 nanos: 470497 } } name: "left" command: COMMAND_POWER_12V
[07/28/26 14:08:33.346451] [debug] [03:08:59.476616] [Service::PowerService::ToolFlangePowerCommand] Result: Success
[07/28/26 14:08:34.486205] [debug] [03:09:00.616359] [Service] Server method called: /rb.api.RobotCommandService/RobotCommand
[07/28/26 14:08:34.486332] [debug] [03:09:00.616494] [Service::RobotCommandService::RobotCommand] Requested: robot_command { component_based_command { body_command { joint_position_command { command_header { control_hold_time { seconds: 1 } } minimum_time { seconds: 4 } position: 0 position: 0.78539816339744828 position: -1.3962634015954636 position: 0.78539816339744828 position: 0 position: 0 position: 0 position: -0.26179938779914941 position: 0 position: -2.0943951023931953 position: 0 position: 0.52359877559829882 position: 0 position: 0 position: 0... [truncated]
[07/28/26 14:08:34.486336] [debug] [03:09:00.616501] [Service::RobotCommandService::RobotCommand]   Peer: ipv4:192.168.30.230:60430
[07/28/26 14:08:34.486484] [debug] [03:09:00.616648] [Service::RobotCommandService::RobotCommand]   IP: 192.168.30.230, Family: ipv4
[07/28/26 14:08:34.490868] [info] [03:09:00.621029] [ControlManager] Control started: {"type":"RobotCommand","control":{"type":"ComponentBasedCommand","components":{"mobility":null,"body":{"type":"BodyCommand","control":{"type":"JointPositionCommand","control":{"type":"JointPositionControl"}}},"head":{"type":"HeadCommand","control":{"type":"JointPositionCommand","control":{"type":"JointPositionControl"}}}}}} (priority: 1)
[07/28/26 14:08:39.748880] [debug] [03:09:05.879038] [ControlManager] Control finished: {"type":"RobotCommand","control":{"type":"ComponentBasedCommand","components":{"mobility":null,"body":{"type":"BodyCommand","control":{"type":"JointPositionCommand","control":{"type":"JointPositionControl"}}},"head":{"type":"HeadCommand","control":{"type":"JointPositionCommand","control":{"type":"JointPositionControl"}}}}}}
[07/28/26 14:08:39.748994] [info] [03:09:05.879154] [ControlInterface] Control completed successfully.
[07/28/26 14:08:39.749002] [debug] [03:09:05.879162] [ControlInterface::ExecutionStats] Average Control Time: 0.001 ms (max: 0.020 ms, min: 0.001 ms, sigma: 0.000 ms, count: 2630)
[07/28/26 14:08:39.749669] [debug] [03:09:05.879830] [Service] Server method called: /rb.api.RobotCommandService/RobotCommandStream
[07/28/26 14:08:39.749682] [debug] [03:09:05.879846] [Service::RobotCommandService::RobotCommandStream] Stream is created
[07/28/26 14:08:39.783669] [debug] [03:09:05.913827] [Service::RobotCommandService::RobotCommandStream] Requested: robot_command { component_based_command { mobility_command { se2_velocity_command { command_header { control_hold_time { seconds: 1 } } minimum_time { nanos: 101000003 } velocity { linear { } } acceleration_limit { linear { x: 1 y: 1 } angular: 1 } } } body_command { body_component_based_command { right_arm_command { cartesian_impedance_control_command { command_header { control_hold_time { seconds: 1 } } minimum_time { nanos: 101000003 } targets... [truncated]
[07/28/26 14:08:39.783677] [debug] [03:09:05.913841] [Service::RobotCommandService::RobotCommandStream]   Peer: ipv4:192.168.30.230:60430
[07/28/26 14:08:39.783831] [debug] [03:09:05.913995] [Service::RobotCommandService::RobotCommandStream]   IP: 192.168.30.230, Family: ipv4
[07/28/26 14:08:39.788898] [info] [03:09:05.919058] [ControlManager] Control started: {"type":"RobotCommand","control":{"type":"ComponentBasedCommand","components":{"mobility":{"type":"MobilityCommand","control":{"type":"SE2VelocityCommand","control":{"type":"MobilitySE2VelocityControl"}}},"body":{"type":"BodyCommand","control":{"type":"BodyComponentBasedCommand","components":{"torso":{"type":"TorsoCommand","control":{"type":"JointImpedanceControlCommand","control":{"type":"JointImpedanceControl"}}},"right_arm":{"type":"ArmCommand","control":{"type":"CartesianImpedanceControlCommand","control":{"type":"CartesianImpedanceControl"}}},"left_arm":{"type":"ArmCommand","control":{"type":"CartesianImpedanceControlCommand","control":{"type":"CartesianImpedanceControl"}}}}}},"head":{"type":"HeadCommand","control":{"type":"JointPositionCommand","control":{"type":"JointPositionControl"}}}}}} (priority: 1)
[07/28/26 14:08:42.624616] [debug] [03:09:08.754769] [Service] Server method called: /rb.api.RobotCommandService/RobotCommand
[07/28/26 14:08:42.624649] [debug] [03:09:08.754813] [Service::RobotCommandService::RobotCommand] Requested: robot_command { whole_body_command { stop_command { } } } priority: 99
[07/28/26 14:08:42.624652] [debug] [03:09:08.754818] [Service::RobotCommandService::RobotCommand]   Peer: ipv4:192.168.30.230:60430
[07/28/26 14:08:42.624798] [debug] [03:09:08.754962] [Service::RobotCommandService::RobotCommand]   IP: 192.168.30.230, Family: ipv4
[07/28/26 14:08:42.727420] [debug] [03:09:08.857575] [ControlManager] Control finished: {"type":"RobotCommand","control":{"type":"ComponentBasedCommand","components":{"mobility":{"type":"MobilityCommand","control":{"type":"SE2VelocityCommand","control":{"type":"MobilitySE2VelocityControl"}}},"body":{"type":"BodyCommand","control":{"type":"BodyComponentBasedCommand","components":{"torso":{"type":"TorsoCommand","control":{"type":"JointImpedanceControlCommand","control":{"type":"JointImpedanceControl"}}},"right_arm":{"type":"ArmCommand","control":{"type":"CartesianImpedanceControlCommand","control":{"type":"CartesianImpedanceControl"}}},"left_arm":{"type":"ArmCommand","control":{"type":"CartesianImpedanceControlCommand","control":{"type":"CartesianImpedanceControl"}}}}}},"head":{"type":"HeadCommand","control":{"type":"JointPositionCommand","control":{"type":"JointPositionControl"}}}}}}
[07/28/26 14:08:42.727521] [debug] [03:09:08.857681] [Service::RobotCommandService::RobotCommandStream] OnReadDone (write_done: true, read_done: true)
[07/28/26 14:08:42.727537] [debug] [03:09:08.857697] [Service::RobotCommandService::RobotCommandStream] OnCancel
[07/28/26 14:08:42.727630] [info] [03:09:08.857791] [ControlInterface] Control was preempted or canceled by another request.
[07/28/26 14:08:42.727640] [debug] [03:09:08.857799] [ControlInterface::ExecutionStats] Average Control Time: 0.494 ms (max: 0.847 ms, min: 0.471 ms, sigma: 0.013 ms, count: 1470)
[07/28/26 14:08:42.727713] [debug] [03:09:08.857876] [Service::RobotCommandService::RobotCommandStream] OnDone: robot_command { component_based_command { mobility_command { se2_velocity_command { command_header { control_hold_time { seconds: 1 } } minimum_time { nanos: 101000003 } velocity { linear { } } acceleration_limit { linear { x: 1 y: 1 } angular: 1 } } } body_command { body_component_based_command { right_arm_command { cartesian_impedance_control_command { command_header { control_hold_time { seconds: 1 } } minimum_time { nanos: 101000003 } targets... [truncated]
[07/28/26 14:08:42.728854] [info] [03:09:08.859018] [ControlManager] Control started: {"type":"RobotCommand","control":{"type":"WholeBodyCommand","control":{"type":"StopControl","control":{"type":"JointVelocityControl"}}}} (priority: 99)
[07/28/26 14:08:42.728874] [debug] [03:09:08.859040] [ControlManager] Control finished: {"type":"RobotCommand","control":{"type":"WholeBodyCommand","control":{"type":"StopControl","control":{"type":"JointVelocityControl"}}}}
[07/28/26 14:08:42.728914] [info] [03:09:08.859075] [ControlInterface] Control completed successfully.
[07/28/26 14:08:42.728921] [debug] [03:09:08.859082] [ControlInterface::ExecutionStats] Average Control Time: 0.006 ms (max: 0.006 ms, min: 0.006 ms, sigma: 0.000 ms, count: 1)
[07/28/26 14:08:42.730300] [debug] [03:09:08.860462] [Service] Server method called: /rb.api.ControlManagerService/ControlManagerCommand
[07/28/26 14:08:42.730321] [debug] [03:09:08.860486] [Service::ControlManagerService::ControlManagerCommand] Requested: request_header { request_timestamp { seconds: 1785215269 nanos: 383850869 } } command: COMMAND_DISABLE
[07/28/26 14:08:42.730325] [info] [03:09:08.860490] [ControlManager::Disable] Disable request received. Starting the disabling process...
[07/28/26 14:08:42.730857] [info] [03:09:08.861022] [ControlManager::Disable] Control Manager successfully disabled
[07/28/26 14:08:45.431850] [debug] [03:09:11.562002] [Hardware] Hardware Loop Stat (avg: 2.000 ms, min: 1.998 ms, max: 2.002 ms, count: 15000)
[07/28/26 14:08:45.584842] [debug] [03:09:11.715003] [ControlManager] Control Manager Loop Stat (avg: 2.000 ms, min: 1.998 ms, max: 2.002 ms, count: 15000)
[07/28/26 14:08:57.219570] [debug] [03:09:23.349722] [Service] Server method called: /rb.api.RobotInfoService/GetRobotInfo
[07/28/26 14:08:57.219603] [debug] [03:09:23.349767] [Service::RobotInfoService::GetRobotInfo] Requested: request_header { request_timestamp { seconds: 1785215283 nanos: 873019513 } }
[07/28/26 14:08:57.220285] [debug] [03:09:23.350446] [Service] Server method called: /rb.api.RobotStateService/GetRobotState
[07/28/26 14:08:57.220304] [debug] [03:09:23.350468] [Service::RobotStateService::GetRobotState] Requested: request_header { request_timestamp { seconds: 1785215283 nanos: 873837844 } }
[07/28/26 14:08:57.220902] [debug] [03:09:23.351060] [Service] Server method called: /rb.api.RobotInfoService/GetRobotInfo
[07/28/26 14:08:57.220923] [debug] [03:09:23.351088] [Service::RobotInfoService::GetRobotInfo] Requested: request_header { request_timestamp { seconds: 1785215283 nanos: 874485155 } }
[07/28/26 14:08:57.221734] [debug] [03:09:23.351894] [Service] Server method called: /rb.api.RobotStateService/GetRobotState
[07/28/26 14:08:57.221753] [debug] [03:09:23.351917] [Service::RobotStateService::GetRobotState] Requested: request_header { request_timestamp { seconds: 1785215283 nanos: 875283707 } }
[07/28/26 14:08:57.222605] [debug] [03:09:23.352765] [Service] Server method called: /rb.api.RobotStateService/GetControlManagerState
[07/28/26 14:08:57.222649] [debug] [03:09:23.352812] [Service::RobotStateService::GetControlManagerState] Requested: request_header { request_timestamp { seconds: 1785215283 nanos: 876163205 } }
[07/28/26 14:08:57.223233] [debug] [03:09:23.353395] [Service] Server method called: /rb.api.RobotInfoService/GetRobotInfo
[07/28/26 14:08:57.223256] [debug] [03:09:23.353420] [Service::RobotInfoService::GetRobotInfo] Requested: request_header { request_timestamp { seconds: 1785215283 nanos: 876797043 } }
[07/28/26 14:08:57.223761] [debug] [03:09:23.353923] [Service] Server method called: /rb.api.RobotStateService/GetRobotState
[07/28/26 14:08:57.223776] [debug] [03:09:23.353941] [Service::RobotStateService::GetRobotState] Requested: request_header { request_timestamp { seconds: 1785215283 nanos: 877373523 } }
[07/28/26 14:08:57.224293] [debug] [03:09:23.354455] [Service] Server method called: /rb.api.RobotStateService/GetRobotState
[07/28/26 14:08:57.224332] [debug] [03:09:23.354496] [Service::RobotStateService::GetRobotState] Requested: request_header { request_timestamp { seconds: 1785215283 nanos: 877888968 } }
[07/28/26 14:08:57.224790] [debug] [03:09:23.354952] [Service] Server method called: /rb.api.RobotInfoService/GetRobotInfo
[07/28/26 14:08:57.224802] [debug] [03:09:23.354967] [Service::RobotInfoService::GetRobotInfo] Requested: request_header { request_timestamp { seconds: 1785215283 nanos: 878412903 } }
[07/28/26 14:08:57.225502] [debug] [03:09:23.355664] [Service] Server method called: /rb.api.ControlManagerService/ControlManagerCommand
[07/28/26 14:08:57.225545] [debug] [03:09:23.355709] [Service::ControlManagerService::ControlManagerCommand] Requested: request_header { request_timestamp { seconds: 1785215283 nanos: 879064063 } } command: COMMAND_ENABLE unlimited_mode_enabled { }
[07/28/26 14:08:57.225548] [info] [03:09:23.355714] [ControlManager::Enable] Enable request received. Starting the enabling process...
[07/28/26 14:08:57.226853] [info] [03:09:23.357017] [ControlManager::Enable] Control Manager successfully enabled
[07/28/26 14:08:57.227477] [debug] [03:09:23.357639] [Service] Server method called: /rb.api.ParameterService/SetParameter
[07/28/26 14:08:57.227496] [debug] [03:09:23.357661] [Service::ParameterService::SetParameter] Requested: request_header { request_timestamp { seconds: 1785215283 nanos: 881030394 } } name: "cartesian_command.cutoff_frequency" parameter: "{\"value\":5,\"write_db\":true}"
[07/28/26 14:08:57.238454] [debug] [03:09:23.368614] [Service] Server method called: /rb.api.ParameterService/SetParameter
[07/28/26 14:08:57.238471] [debug] [03:09:23.368636] [Service::ParameterService::SetParameter] Requested: request_header { request_timestamp { seconds: 1785215283 nanos: 892009384 } } name: "default.acceleration_limit_scaling" parameter: "{\"value\":1.0,\"write_db\":true}"
[07/28/26 14:08:57.245779] [debug] [03:09:23.375939] [Service] Server method called: /rb.api.ParameterService/SetParameter
[07/28/26 14:08:57.245821] [debug] [03:09:23.375985] [Service::ParameterService::SetParameter] Requested: request_header { request_timestamp { seconds: 1785215283 nanos: 899343080 } } name: "default.angular_acceleration_limit" parameter: "{\"value\":10,\"write_db\":true}"
[07/28/26 14:08:57.252135] [debug] [03:09:23.382295] [Service] Server method called: /rb.api.ParameterService/SetParameter
[07/28/26 14:08:57.252152] [debug] [03:09:23.382316] [Service::ParameterService::SetParameter] Requested: request_header { request_timestamp { seconds: 1785215283 nanos: 905697757 } } name: "default.linear_acceleration_limit" parameter: "{\"value\":20,\"write_db\":true}"
[07/28/26 14:08:57.257997] [debug] [03:09:23.388158] [Service] Server method called: /rb.api.ParameterService/SetParameter
[07/28/26 14:08:57.258014] [debug] [03:09:23.388179] [Service::ParameterService::SetParameter] Requested: request_header { request_timestamp { seconds: 1785215283 nanos: 911509092 } } name: "joint_position_command.cutoff_frequency" parameter: "{\"value\":5,\"write_db\":true}"
[07/28/26 14:08:57.264130] [debug] [03:09:23.394290] [Service] Server method called: /rb.api.ParameterService/SetParameter
[07/28/26 14:08:57.264148] [debug] [03:09:23.394313] [Service::ParameterService::SetParameter] Requested: request_header { request_timestamp { seconds: 1785215283 nanos: 917616850 } } name: "manipulability_threshold" parameter: "{\"value\":1e4,\"write_db\":true}"
[07/28/26 14:08:57.270005] [debug] [03:09:23.400166] [Service] Server method called: /rb.api.RobotCommandService/RobotCommand
[07/28/26 14:08:57.270073] [debug] [03:09:23.400236] [Service::RobotCommandService::RobotCommand] Requested: robot_command { component_based_command { body_command { joint_position_command { command_header { control_hold_time { seconds: 1 } } minimum_time { nanos: 500000000 } position: 0.00094924553705794633 position: 0.906320653872186 position: -1.413377243911355 position: 0.78117591924861463 position: 0.00021642798244921177 position: -1.5187928592927141e-05 position: 0.23429658043879054 position: -0.26173737042406164 position: 4.9360767927013206e-05 p... [truncated]
[07/28/26 14:08:57.270077] [debug] [03:09:23.400242] [Service::RobotCommandService::RobotCommand]   Peer: ipv4:192.168.30.230:60430
[07/28/26 14:08:57.270228] [debug] [03:09:23.400392] [Service::RobotCommandService::RobotCommand]   IP: 192.168.30.230, Family: ipv4
[07/28/26 14:08:57.274875] [info] [03:09:23.405037] [ControlManager] Control started: {"type":"RobotCommand","control":{"type":"ComponentBasedCommand","components":{"mobility":null,"body":{"type":"BodyCommand","control":{"type":"JointPositionCommand","control":{"type":"JointPositionControl"}}},"head":{"type":"HeadCommand","control":{"type":"JointPositionCommand","control":{"type":"JointPositionControl"}}}}}} (priority: 1)
[07/28/26 14:08:59.032877] [debug] [03:09:25.163035] [ControlManager] Control finished: {"type":"RobotCommand","control":{"type":"ComponentBasedCommand","components":{"mobility":null,"body":{"type":"BodyCommand","control":{"type":"JointPositionCommand","control":{"type":"JointPositionControl"}}},"head":{"type":"HeadCommand","control":{"type":"JointPositionCommand","control":{"type":"JointPositionControl"}}}}}}
[07/28/26 14:08:59.032931] [info] [03:09:25.163092] [ControlInterface] Control completed successfully.
[07/28/26 14:08:59.032940] [debug] [03:09:25.163099] [ControlInterface::ExecutionStats] Average Control Time: 0.001 ms (max: 0.027 ms, min: 0.001 ms, sigma: 0.001 ms, count: 880)
[07/28/26 14:08:59.033554] [debug] [03:09:25.163714] [Service] Server method called: /rb.api.PowerService/ToolFlangePowerCommand
[07/28/26 14:08:59.033586] [debug] [03:09:25.163751] [Service::PowerService::ToolFlangePowerCommand] Requested: request_header { request_timestamp { seconds: 1785215285 nanos: 687043227 } } name: "right" command: COMMAND_POWER_12V
[07/28/26 14:08:59.033591] [debug] [03:09:25.163757] [Service::PowerService::ToolFlangePowerCommand] Result: Success
[07/28/26 14:08:59.033955] [debug] [03:09:25.164116] [Service] Server method called: /rb.api.PowerService/ToolFlangePowerCommand
[07/28/26 14:08:59.033973] [debug] [03:09:25.164138] [Service::PowerService::ToolFlangePowerCommand] Requested: request_header { request_timestamp { seconds: 1785215285 nanos: 687532753 } } name: "left" command: COMMAND_POWER_12V
[07/28/26 14:08:59.033978] [debug] [03:09:25.164143] [Service::PowerService::ToolFlangePowerCommand] Result: Success
[07/28/26 14:09:00.227953] [debug] [03:09:26.358108] [Service] Server method called: /rb.api.RobotCommandService/RobotCommand
[07/28/26 14:09:00.228066] [debug] [03:09:26.358227] [Service::RobotCommandService::RobotCommand] Requested: robot_command { component_based_command { body_command { joint_position_command { command_header { control_hold_time { seconds: 1 } } minimum_time { seconds: 4 } position: 0 position: 0.78539816339744828 position: -1.3962634015954636 position: 0.78539816339744828 position: 0 position: 0 position: 0 position: -0.26179938779914941 position: 0 position: -2.0943951023931953 position: 0 position: 0.52359877559829882 position: 0 position: 0 position: 0... [truncated]
[07/28/26 14:09:00.228070] [debug] [03:09:26.358235] [Service::RobotCommandService::RobotCommand]   Peer: ipv4:192.168.30.230:60430
[07/28/26 14:09:00.228266] [debug] [03:09:26.358430] [Service::RobotCommandService::RobotCommand]   IP: 192.168.30.230, Family: ipv4
[07/28/26 14:09:00.232866] [info] [03:09:26.363028] [ControlManager] Control started: {"type":"RobotCommand","control":{"type":"ComponentBasedCommand","components":{"mobility":null,"body":{"type":"BodyCommand","control":{"type":"JointPositionCommand","control":{"type":"JointPositionControl"}}},"head":{"type":"HeadCommand","control":{"type":"JointPositionCommand","control":{"type":"JointPositionControl"}}}}}} (priority: 1)
[07/28/26 14:09:05.490881] [debug] [03:09:31.621037] [ControlManager] Control finished: {"type":"RobotCommand","control":{"type":"ComponentBasedCommand","components":{"mobility":null,"body":{"type":"BodyCommand","control":{"type":"JointPositionCommand","control":{"type":"JointPositionControl"}}},"head":{"type":"HeadCommand","control":{"type":"JointPositionCommand","control":{"type":"JointPositionControl"}}}}}}
[07/28/26 14:09:05.490986] [info] [03:09:31.621147] [ControlInterface] Control completed successfully.
[07/28/26 14:09:05.490994] [debug] [03:09:31.621154] [ControlInterface::ExecutionStats] Average Control Time: 0.001 ms (max: 0.018 ms, min: 0.001 ms, sigma: 0.000 ms, count: 2630)
[07/28/26 14:09:05.491700] [debug] [03:09:31.621861] [Service] Server method called: /rb.api.RobotCommandService/RobotCommandStream
[07/28/26 14:09:05.491712] [debug] [03:09:31.621877] [Service::RobotCommandService::RobotCommandStream] Stream is created
[07/28/26 14:09:05.526893] [debug] [03:09:31.657040] [Service::RobotCommandService::RobotCommandStream] Requested: robot_command { component_based_command { mobility_command { se2_velocity_command { command_header { control_hold_time { seconds: 1 } } minimum_time { nanos: 101000003 } velocity { linear { } } acceleration_limit { linear { x: 1 y: 1 } angular: 1 } } } body_command { body_component_based_command { right_arm_command { cartesian_impedance_control_command { command_header { control_hold_time { seconds: 1 } } minimum_time { nanos: 101000003 } targets... [truncated]
[07/28/26 14:09:05.526900] [debug] [03:09:31.657065] [Service::RobotCommandService::RobotCommandStream]   Peer: ipv4:192.168.30.230:60430
[07/28/26 14:09:05.527059] [debug] [03:09:31.657223] [Service::RobotCommandService::RobotCommandStream]   IP: 192.168.30.230, Family: ipv4
[07/28/26 14:09:05.532896] [info] [03:09:31.663057] [ControlManager] Control started: {"type":"RobotCommand","control":{"type":"ComponentBasedCommand","components":{"mobility":{"type":"MobilityCommand","control":{"type":"SE2VelocityCommand","control":{"type":"MobilitySE2VelocityControl"}}},"body":{"type":"BodyCommand","control":{"type":"BodyComponentBasedCommand","components":{"torso":{"type":"TorsoCommand","control":{"type":"JointImpedanceControlCommand","control":{"type":"JointImpedanceControl"}}},"right_arm":{"type":"ArmCommand","control":{"type":"CartesianImpedanceControlCommand","control":{"type":"CartesianImpedanceControl"}}},"left_arm":{"type":"ArmCommand","control":{"type":"CartesianImpedanceControlCommand","control":{"type":"CartesianImpedanceControl"}}}}}},"head":{"type":"HeadCommand","control":{"type":"JointPositionCommand","control":{"type":"JointPositionControl"}}}}}} (priority: 1)
[07/28/26 14:09:13.972279] [debug] [03:09:40.102433] [Service] Server method called: /rb.api.RobotCommandService/RobotCommand
[07/28/26 14:09:13.972313] [debug] [03:09:40.102478] [Service::RobotCommandService::RobotCommand] Requested: robot_command { whole_body_command { stop_command { } } } priority: 99
[07/28/26 14:09:13.972316] [debug] [03:09:40.102482] [Service::RobotCommandService::RobotCommand]   Peer: ipv4:192.168.30.230:60430
[07/28/26 14:09:13.972456] [debug] [03:09:40.102621] [Service::RobotCommandService::RobotCommand]   IP: 192.168.30.230, Family: ipv4
[07/28/26 14:09:14.075459] [debug] [03:09:40.205615] [ControlManager] Control finished: {"type":"RobotCommand","control":{"type":"ComponentBasedCommand","components":{"mobility":{"type":"MobilityCommand","control":{"type":"SE2VelocityCommand","control":{"type":"MobilitySE2VelocityControl"}}},"body":{"type":"BodyCommand","control":{"type":"BodyComponentBasedCommand","components":{"torso":{"type":"TorsoCommand","control":{"type":"JointImpedanceControlCommand","control":{"type":"JointImpedanceControl"}}},"right_arm":{"type":"ArmCommand","control":{"type":"CartesianImpedanceControlCommand","control":{"type":"CartesianImpedanceControl"}}},"left_arm":{"type":"ArmCommand","control":{"type":"CartesianImpedanceControlCommand","control":{"type":"CartesianImpedanceControl"}}}}}},"head":{"type":"HeadCommand","control":{"type":"JointPositionCommand","control":{"type":"JointPositionControl"}}}}}}
[07/28/26 14:09:14.075595] [debug] [03:09:40.205754] [Service::RobotCommandService::RobotCommandStream] OnReadDone (write_done: true, read_done: true)
[07/28/26 14:09:14.075644] [debug] [03:09:40.205808] [Service::RobotCommandService::RobotCommandStream] OnCancel
[07/28/26 14:09:14.075712] [info] [03:09:40.205873] [ControlInterface] Control was preempted or canceled by another request.
[07/28/26 14:09:14.075723] [debug] [03:09:40.205881] [ControlInterface::ExecutionStats] Average Control Time: 0.492 ms (max: 0.814 ms, min: 0.459 ms, sigma: 0.013 ms, count: 4272)
[07/28/26 14:09:14.075803] [debug] [03:09:40.205967] [Service::RobotCommandService::RobotCommandStream] OnDone: robot_command { component_based_command { mobility_command { se2_velocity_command { command_header { control_hold_time { seconds: 1 } } minimum_time { nanos: 101000003 } velocity { linear { } } acceleration_limit { linear { x: 1 y: 1 } angular: 1 } } } body_command { body_component_based_command { right_arm_command { cartesian_impedance_control_command { command_header { control_hold_time { seconds: 1 } } minimum_time { nanos: 101000003 } targets... [truncated]
[07/28/26 14:09:14.076854] [info] [03:09:40.207018] [ControlManager] Control started: {"type":"RobotCommand","control":{"type":"WholeBodyCommand","control":{"type":"StopControl","control":{"type":"JointVelocityControl"}}}} (priority: 99)
[07/28/26 14:09:14.076875] [debug] [03:09:40.207041] [ControlManager] Control finished: {"type":"RobotCommand","control":{"type":"WholeBodyCommand","control":{"type":"StopControl","control":{"type":"JointVelocityControl"}}}}
[07/28/26 14:09:14.076915] [info] [03:09:40.207079] [ControlInterface] Control completed successfully.
[07/28/26 14:09:14.076924] [debug] [03:09:40.207084] [ControlInterface::ExecutionStats] Average Control Time: 0.006 ms (max: 0.006 ms, min: 0.006 ms, sigma: 0.000 ms, count: 1)
[07/28/26 14:09:14.077737] [debug] [03:09:40.207898] [Service] Server method called: /rb.api.ControlManagerService/ControlManagerCommand
[07/28/26 14:09:14.077782] [debug] [03:09:40.207946] [Service::ControlManagerService::ControlManagerCommand] Requested: request_header { request_timestamp { seconds: 1785215300 nanos: 730958391 } } command: COMMAND_DISABLE
[07/28/26 14:09:14.077786] [info] [03:09:40.207951] [ControlManager::Disable] Disable request received. Starting the disabling process...
[07/28/26 14:09:14.078857] [info] [03:09:40.209021] [ControlManager::Disable] Control Manager successfully disabled
[07/28/26 14:09:15.431849] [debug] [03:09:41.562003] [Hardware] Hardware Loop Stat (avg: 2.000 ms, min: 1.997 ms, max: 2.003 ms, count: 15000)
[07/28/26 14:09:15.584841] [debug] [03:09:41.715003] [ControlManager] Control Manager Loop Stat (avg: 2.000 ms, min: 1.998 ms, max: 2.003 ms, count: 15000)
[07/28/26 14:09:45.431850] [debug] [03:10:11.562002] [Hardware] Hardware Loop Stat (avg: 2.000 ms, min: 1.998 ms, max: 2.002 ms, count: 15000)
[07/28/26 14:09:45.584841] [debug] [03:10:11.715003] [ControlManager] Control Manager Loop Stat (avg: 2.000 ms, min: 1.998 ms, max: 2.001 ms, count: 15000)
[07/28/26 14:10:15.431849] [debug] [03:10:41.562003] [Hardware] Hardware Loop Stat (avg: 2.000 ms, min: 1.999 ms, max: 2.001 ms, count: 15000)
[07/28/26 14:10:15.584840] [debug] [03:10:41.715003] [ControlManager] Control Manager Loop Stat (avg: 2.000 ms, min: 1.998 ms, max: 2.001 ms, count: 15000)
[07/28/26 14:10:45.431848] [debug] [03:11:11.562003] [Hardware] Hardware Loop Stat (avg: 2.000 ms, min: 1.998 ms, max: 2.002 ms, count: 15000)
[07/28/26 14:10:45.584840] [debug] [03:11:11.715002] [ControlManager] Control Manager Loop Stat (avg: 2.000 ms, min: 1.998 ms, max: 2.002 ms, count: 15000)
[07/28/26 14:11:15.431848] [debug] [03:11:41.562003] [Hardware] Hardware Loop Stat (avg: 2.000 ms, min: 1.998 ms, max: 2.002 ms, count: 15000)
[07/28/26 14:11:15.584840] [debug] [03:11:41.715002] [ControlManager] Control Manager Loop Stat (avg: 2.000 ms, min: 1.999 ms, max: 2.001 ms, count: 15000)
[07/28/26 14:11:45.431847] [debug] [03:12:11.562002] [Hardware] Hardware Loop Stat (avg: 2.000 ms, min: 1.998 ms, max: 2.002 ms, count: 15000)
[07/28/26 14:11:45.584839] [debug] [03:12:11.715002] [ControlManager] Control Manager Loop Stat (avg: 2.000 ms, min: 1.998 ms, max: 2.002 ms, count: 15000)
[07/28/26 14:12:05.504923] [debug] [03:12:31.635076] [Service] Server method called: /rb.api.RobotInfoService/GetRobotInfo
[07/28/26 14:12:05.504957] [debug] [03:12:31.635121] [Service::RobotInfoService::GetRobotInfo] Requested: request_header { request_timestamp { seconds: 1785215472 nanos: 154660801 } }
[07/28/26 14:12:05.505926] [debug] [03:12:31.636086] [Service] Server method called: /rb.api.RobotStateService/GetRobotState
[07/28/26 14:12:05.505950] [debug] [03:12:31.636113] [Service::RobotStateService::GetRobotState] Requested: request_header { request_timestamp { seconds: 1785215472 nanos: 155819169 } }
[07/28/26 14:12:05.507027] [debug] [03:12:31.637184] [Service] Server method called: /rb.api.RobotInfoService/GetRobotInfo
[07/28/26 14:12:05.507049] [debug] [03:12:31.637213] [Service::RobotInfoService::GetRobotInfo] Requested: request_header { request_timestamp { seconds: 1785215472 nanos: 156930741 } }
[07/28/26 14:12:05.508057] [debug] [03:12:31.638218] [Service] Server method called: /rb.api.RobotStateService/GetRobotState
[07/28/26 14:12:05.508074] [debug] [03:12:31.638238] [Service::RobotStateService::GetRobotState] Requested: request_header { request_timestamp { seconds: 1785215472 nanos: 157968037 } }
[07/28/26 14:12:05.509084] [debug] [03:12:31.639247] [Service] Server method called: /rb.api.RobotStateService/GetControlManagerState
[07/28/26 14:12:05.509100] [debug] [03:12:31.639265] [Service::RobotStateService::GetControlManagerState] Requested: request_header { request_timestamp { seconds: 1785215472 nanos: 158993196 } }
[07/28/26 14:12:05.509974] [debug] [03:12:31.640133] [Service] Server method called: /rb.api.RobotInfoService/GetRobotInfo
[07/28/26 14:12:05.509992] [debug] [03:12:31.640156] [Service::RobotInfoService::GetRobotInfo] Requested: request_header { request_timestamp { seconds: 1785215472 nanos: 159884233 } }
[07/28/26 14:12:05.510928] [debug] [03:12:31.641089] [Service] Server method called: /rb.api.RobotStateService/GetRobotState
[07/28/26 14:12:05.510944] [debug] [03:12:31.641109] [Service::RobotStateService::GetRobotState] Requested: request_header { request_timestamp { seconds: 1785215472 nanos: 160854481 } }
[07/28/26 14:12:05.511961] [debug] [03:12:31.642123] [Service] Server method called: /rb.api.RobotStateService/GetRobotState
[07/28/26 14:12:05.511976] [debug] [03:12:31.642140] [Service::RobotStateService::GetRobotState] Requested: request_header { request_timestamp { seconds: 1785215472 nanos: 161890093 } }
[07/28/26 14:12:05.513154] [debug] [03:12:31.643316] [Service] Server method called: /rb.api.RobotInfoService/GetRobotInfo
[07/28/26 14:12:05.513170] [debug] [03:12:31.643335] [Service::RobotInfoService::GetRobotInfo] Requested: request_header { request_timestamp { seconds: 1785215472 nanos: 163048826 } }
[07/28/26 14:12:05.514367] [debug] [03:12:31.644529] [Service] Server method called: /rb.api.ControlManagerService/ControlManagerCommand
[07/28/26 14:12:05.514386] [debug] [03:12:31.644550] [Service::ControlManagerService::ControlManagerCommand] Requested: request_header { request_timestamp { seconds: 1785215472 nanos: 164288748 } } command: COMMAND_ENABLE unlimited_mode_enabled { }
[07/28/26 14:12:05.514389] [info] [03:12:31.644554] [ControlManager::Enable] Enable request received. Starting the enabling process...
[07/28/26 14:12:05.514851] [info] [03:12:31.645016] [ControlManager::Enable] Control Manager successfully enabled
[07/28/26 14:12:05.515696] [debug] [03:12:31.645857] [Service] Server method called: /rb.api.ParameterService/SetParameter
[07/28/26 14:12:05.515714] [debug] [03:12:31.645878] [Service::ParameterService::SetParameter] Requested: request_header { request_timestamp { seconds: 1785215472 nanos: 165631034 } } name: "cartesian_command.cutoff_frequency" parameter: "{\"value\":5,\"write_db\":true}"
[07/28/26 14:12:05.525744] [debug] [03:12:31.655906] [Service] Server method called: /rb.api.ParameterService/SetParameter
[07/28/26 14:12:05.525761] [debug] [03:12:31.655925] [Service::ParameterService::SetParameter] Requested: request_header { request_timestamp { seconds: 1785215472 nanos: 175729156 } } name: "default.acceleration_limit_scaling" parameter: "{\"value\":1.0,\"write_db\":true}"
[07/28/26 14:12:05.529605] [debug] [03:12:31.659765] [Service] Server method called: /rb.api.ParameterService/SetParameter
[07/28/26 14:12:05.529623] [debug] [03:12:31.659787] [Service::ParameterService::SetParameter] Requested: request_header { request_timestamp { seconds: 1785215472 nanos: 179568916 } } name: "default.angular_acceleration_limit" parameter: "{\"value\":10,\"write_db\":true}"
[07/28/26 14:12:05.533348] [debug] [03:12:31.663509] [Service] Server method called: /rb.api.ParameterService/SetParameter
[07/28/26 14:12:05.533365] [debug] [03:12:31.663529] [Service::ParameterService::SetParameter] Requested: request_header { request_timestamp { seconds: 1785215472 nanos: 183308108 } } name: "default.linear_acceleration_limit" parameter: "{\"value\":20,\"write_db\":true}"
[07/28/26 14:12:05.537246] [debug] [03:12:31.667406] [Service] Server method called: /rb.api.ParameterService/SetParameter
[07/28/26 14:12:05.537262] [debug] [03:12:31.667427] [Service::ParameterService::SetParameter] Requested: request_header { request_timestamp { seconds: 1785215472 nanos: 187182898 } } name: "joint_position_command.cutoff_frequency" parameter: "{\"value\":5,\"write_db\":true}"
[07/28/26 14:12:05.540530] [debug] [03:12:31.670690] [Service] Server method called: /rb.api.ParameterService/SetParameter
[07/28/26 14:12:05.540547] [debug] [03:12:31.670712] [Service::ParameterService::SetParameter] Requested: request_header { request_timestamp { seconds: 1785215472 nanos: 190474285 } } name: "manipulability_threshold" parameter: "{\"value\":1e4,\"write_db\":true}"
[07/28/26 14:12:05.544394] [debug] [03:12:31.674554] [Service] Server method called: /rb.api.RobotCommandService/RobotCommand
[07/28/26 14:12:05.544488] [debug] [03:12:31.674650] [Service::RobotCommandService::RobotCommand] Requested: robot_command { component_based_command { body_command { joint_position_command { command_header { control_hold_time { seconds: 1 } } minimum_time { nanos: 500000000 } position: 0.0034780356477803155 position: 0.92079095283909729 position: -1.4141100614659639 position: 0.78030641033666948 position: 0.00086571192979684707 position: -0.0061207352229496383 position: 0.31989194900637968 position: -0.266772168752617 position: -0.32090954022210577 posi... [truncated]
[07/28/26 14:12:05.544492] [debug] [03:12:31.674657] [Service::RobotCommandService::RobotCommand]   Peer: ipv4:192.168.30.230:60430
[07/28/26 14:12:05.544708] [debug] [03:12:31.674871] [Service::RobotCommandService::RobotCommand]   IP: 192.168.30.230, Family: ipv4
[07/28/26 14:12:05.548878] [info] [03:12:31.679040] [ControlManager] Control started: {"type":"RobotCommand","control":{"type":"ComponentBasedCommand","components":{"mobility":null,"body":{"type":"BodyCommand","control":{"type":"JointPositionCommand","control":{"type":"JointPositionControl"}}},"head":{"type":"HeadCommand","control":{"type":"JointPositionCommand","control":{"type":"JointPositionControl"}}}}}} (priority: 1)
[07/28/26 14:12:07.306880] [debug] [03:12:33.437038] [ControlManager] Control finished: {"type":"RobotCommand","control":{"type":"ComponentBasedCommand","components":{"mobility":null,"body":{"type":"BodyCommand","control":{"type":"JointPositionCommand","control":{"type":"JointPositionControl"}}},"head":{"type":"HeadCommand","control":{"type":"JointPositionCommand","control":{"type":"JointPositionControl"}}}}}}
[07/28/26 14:12:07.306938] [info] [03:12:33.437098] [ControlInterface] Control completed successfully.
[07/28/26 14:12:07.306947] [debug] [03:12:33.437107] [ControlInterface::ExecutionStats] Average Control Time: 0.001 ms (max: 0.029 ms, min: 0.001 ms, sigma: 0.001 ms, count: 880)
[07/28/26 14:12:07.308193] [debug] [03:12:33.438353] [Service] Server method called: /rb.api.PowerService/ToolFlangePowerCommand
[07/28/26 14:12:07.308223] [debug] [03:12:33.438388] [Service::PowerService::ToolFlangePowerCommand] Requested: request_header { request_timestamp { seconds: 1785215473 nanos: 958038456 } } name: "right" command: COMMAND_POWER_12V
[07/28/26 14:12:07.308228] [debug] [03:12:33.438393] [Service::PowerService::ToolFlangePowerCommand] Result: Success
[07/28/26 14:12:07.308951] [debug] [03:12:33.439113] [Service] Server method called: /rb.api.PowerService/ToolFlangePowerCommand
[07/28/26 14:12:07.308967] [debug] [03:12:33.439132] [Service::PowerService::ToolFlangePowerCommand] Requested: request_header { request_timestamp { seconds: 1785215473 nanos: 958876783 } } name: "left" command: COMMAND_POWER_12V
[07/28/26 14:12:07.308971] [debug] [03:12:33.439136] [Service::PowerService::ToolFlangePowerCommand] Result: Success
[07/28/26 14:12:08.478307] [debug] [03:12:34.608462] [Service] Server method called: /rb.api.RobotCommandService/RobotCommand
[07/28/26 14:12:08.478373] [debug] [03:12:34.608535] [Service::RobotCommandService::RobotCommand] Requested: robot_command { component_based_command { body_command { joint_position_command { command_header { control_hold_time { seconds: 1 } } minimum_time { seconds: 4 } position: 0 position: 0.78539816339744828 position: -1.3962634015954636 position: 0.78539816339744828 position: 0 position: 0 position: 0 position: -0.26179938779914941 position: 0 position: -2.0943951023931953 position: 0 position: 0.52359877559829882 position: 0 position: 0 position: 0... [truncated]
[07/28/26 14:12:08.478377] [debug] [03:12:34.608542] [Service::RobotCommandService::RobotCommand]   Peer: ipv4:192.168.30.230:60430
[07/28/26 14:12:08.478532] [debug] [03:12:34.608696] [Service::RobotCommandService::RobotCommand]   IP: 192.168.30.230, Family: ipv4
[07/28/26 14:12:08.482865] [info] [03:12:34.613026] [ControlManager] Control started: {"type":"RobotCommand","control":{"type":"ComponentBasedCommand","components":{"mobility":null,"body":{"type":"BodyCommand","control":{"type":"JointPositionCommand","control":{"type":"JointPositionControl"}}},"head":{"type":"HeadCommand","control":{"type":"JointPositionCommand","control":{"type":"JointPositionControl"}}}}}} (priority: 1)
[07/28/26 14:12:13.740880] [debug] [03:12:39.871036] [ControlManager] Control finished: {"type":"RobotCommand","control":{"type":"ComponentBasedCommand","components":{"mobility":null,"body":{"type":"BodyCommand","control":{"type":"JointPositionCommand","control":{"type":"JointPositionControl"}}},"head":{"type":"HeadCommand","control":{"type":"JointPositionCommand","control":{"type":"JointPositionControl"}}}}}}
[07/28/26 14:12:13.740939] [info] [03:12:39.871099] [ControlInterface] Control completed successfully.
[07/28/26 14:12:13.740947] [debug] [03:12:39.871107] [ControlInterface::ExecutionStats] Average Control Time: 0.001 ms (max: 0.020 ms, min: 0.001 ms, sigma: 0.000 ms, count: 2630)
[07/28/26 14:12:13.741584] [debug] [03:12:39.871744] [Service] Server method called: /rb.api.RobotCommandService/RobotCommandStream
[07/28/26 14:12:13.741598] [debug] [03:12:39.871762] [Service::RobotCommandService::RobotCommandStream] Stream is created
[07/28/26 14:12:13.766490] [debug] [03:12:39.896650] [Service::RobotCommandService::RobotCommandStream] Requested: robot_command { component_based_command { mobility_command { se2_velocity_command { command_header { control_hold_time { seconds: 1 } } minimum_time { nanos: 101000003 } velocity { linear { } } acceleration_limit { linear { x: 1 y: 1 } angular: 1 } } } body_command { body_component_based_command { right_arm_command { cartesian_impedance_control_command { command_header { control_hold_time { seconds: 1 } } minimum_time { nanos: 101000003 } targets... [truncated]
[07/28/26 14:12:13.766497] [debug] [03:12:39.896662] [Service::RobotCommandService::RobotCommandStream]   Peer: ipv4:192.168.30.230:60430
[07/28/26 14:12:13.766710] [debug] [03:12:39.896874] [Service::RobotCommandService::RobotCommandStream]   IP: 192.168.30.230, Family: ipv4
[07/28/26 14:12:13.772897] [info] [03:12:39.903058] [ControlManager] Control started: {"type":"RobotCommand","control":{"type":"ComponentBasedCommand","components":{"mobility":{"type":"MobilityCommand","control":{"type":"SE2VelocityCommand","control":{"type":"MobilitySE2VelocityControl"}}},"body":{"type":"BodyCommand","control":{"type":"BodyComponentBasedCommand","components":{"torso":{"type":"TorsoCommand","control":{"type":"JointImpedanceControlCommand","control":{"type":"JointImpedanceControl"}}},"right_arm":{"type":"ArmCommand","control":{"type":"CartesianImpedanceControlCommand","control":{"type":"CartesianImpedanceControl"}}},"left_arm":{"type":"ArmCommand","control":{"type":"CartesianImpedanceControlCommand","control":{"type":"CartesianImpedanceControl"}}}}}},"head":{"type":"HeadCommand","control":{"type":"JointPositionCommand","control":{"type":"JointPositionControl"}}}}}} (priority: 1)
[07/28/26 14:12:15.431849] [debug] [03:12:41.562002] [Hardware] Hardware Loop Stat (avg: 2.000 ms, min: 1.997 ms, max: 2.003 ms, count: 15000)
[07/28/26 14:12:15.584845] [debug] [03:12:41.715002] [ControlManager] Control Manager Loop Stat (avg: 2.000 ms, min: 1.998 ms, max: 2.002 ms, count: 15000)
[07/28/26 14:12:23.771347] [debug] [03:12:49.901494] [ControlInterface::ExecutionStats] Average Control Time: 0.488 ms (max: 0.834 ms, min: 0.458 ms, sigma: 0.012 ms, count: 5000)
[07/28/26 14:12:33.771361] [debug] [03:12:59.901510] [ControlInterface::ExecutionStats] Average Control Time: 0.492 ms (max: 0.749 ms, min: 0.462 ms, sigma: 0.013 ms, count: 5000)
[07/28/26 14:12:43.771338] [debug] [03:13:09.901486] [ControlInterface::ExecutionStats] Average Control Time: 0.488 ms (max: 0.628 ms, min: 0.458 ms, sigma: 0.013 ms, count: 5000)
[07/28/26 14:12:45.431849] [debug] [03:13:11.562002] [Hardware] Hardware Loop Stat (avg: 2.000 ms, min: 1.995 ms, max: 2.005 ms, count: 15000)
[07/28/26 14:12:45.584845] [debug] [03:13:11.715003] [ControlManager] Control Manager Loop Stat (avg: 2.000 ms, min: 1.995 ms, max: 2.005 ms, count: 15000)
[07/28/26 14:12:53.771346] [debug] [03:13:19.901495] [ControlInterface::ExecutionStats] Average Control Time: 0.481 ms (max: 0.524 ms, min: 0.457 ms, sigma: 0.009 ms, count: 5000)
[07/28/26 14:13:03.771409] [debug] [03:13:29.901560] [ControlInterface::ExecutionStats] Average Control Time: 0.484 ms (max: 0.540 ms, min: 0.456 ms, sigma: 0.009 ms, count: 5000)
[07/28/26 14:13:13.771385] [debug] [03:13:39.901533] [ControlInterface::ExecutionStats] Average Control Time: 0.493 ms (max: 0.661 ms, min: 0.462 ms, sigma: 0.012 ms, count: 5000)
[07/28/26 14:13:15.431850] [debug] [03:13:41.562002] [Hardware] Hardware Loop Stat (avg: 2.000 ms, min: 1.996 ms, max: 2.004 ms, count: 15000)
[07/28/26 14:13:15.584845] [debug] [03:13:41.715003] [ControlManager] Control Manager Loop Stat (avg: 2.000 ms, min: 1.997 ms, max: 2.002 ms, count: 15000)
[07/28/26 14:13:15.830208] [debug] [03:13:41.960363] [Service::RobotCommandService::RobotCommandStream] OnReadDone (write_done: true, read_done: true)
[07/28/26 14:13:15.830224] [debug] [03:13:41.960381] [Service::RobotCommandService::RobotCommandStream] OnCancel
[07/28/26 14:13:15.830359] [debug] [03:13:41.960519] [Service] Server method called: /rb.api.RobotCommandService/RobotCommand
[07/28/26 14:13:15.830377] [debug] [03:13:41.960541] [Service::RobotCommandService::RobotCommand] Requested: robot_command { whole_body_command { stop_command { } } } priority: 10
[07/28/26 14:13:15.830379] [debug] [03:13:41.960545] [Service::RobotCommandService::RobotCommand]   Peer: ipv4:192.168.30.230:60430
[07/28/26 14:13:15.830438] [debug] [03:13:41.960600] [Service::RobotCommandService::RobotCommandStream] OnDone: robot_command { component_based_command { mobility_command { se2_velocity_command { command_header { control_hold_time { seconds: 1 } } minimum_time { nanos: 101000003 } velocity { linear { x: 9.7930193390662854e-32 y: -2.1685649558545891e-30 } angular: 5.1732847354147147e-24 } acceleration_limit { linear { x: 1 y: 1 } angular: 1 } } } body_command { body_component_based_command { right_arm_command { cartesian_impedance_control_command { command_... [truncated]
[07/28/26 14:13:15.830442] [info] [03:13:41.960607] [ControlManager::CancelControl] Control cancel request received
[07/28/26 14:13:15.830538] [debug] [03:13:41.960703] [Service::RobotCommandService::RobotCommand]   IP: 192.168.30.230, Family: ipv4
[07/28/26 14:13:15.831362] [debug] [03:13:41.961524] [ControlManager::CancelControl] Cancelling control
[07/28/26 14:13:15.831373] [info] [03:13:41.961538] [ControlManager::CancelControl] Control canceling process is successfully starting...
[07/28/26 14:13:15.833378] [info] [03:13:41.963542] [ControlManager::CancelControl] Control cancel request received
[07/28/26 14:13:15.835358] [warning] [03:13:41.965522] [ControlManager::CancelControl] Target control is not currently running
[07/28/26 14:13:15.835367] [error] [03:13:41.965531] [ControlManager::CancelControl] Failed to start control canceling process
[07/28/26 14:13:15.835369] [info] [03:13:41.965535] [Service::RobotCommandService::RobotCommand] Control canceled
[07/28/26 14:13:15.931453] [debug] [03:13:42.061612] [ControlManager] Control finished: {"type":"RobotCommand","control":{"type":"ComponentBasedCommand","components":{"mobility":{"type":"MobilityCommand","control":{"type":"SE2VelocityCommand","control":{"type":"MobilitySE2VelocityControl"}}},"body":{"type":"BodyCommand","control":{"type":"BodyComponentBasedCommand","components":{"torso":{"type":"TorsoCommand","control":{"type":"JointImpedanceControlCommand","control":{"type":"JointImpedanceControl"}}},"right_arm":{"type":"ArmCommand","control":{"type":"CartesianImpedanceControlCommand","control":{"type":"CartesianImpedanceControl"}}},"left_arm":{"type":"ArmCommand","control":{"type":"CartesianImpedanceControlCommand","control":{"type":"CartesianImpedanceControl"}}}}}},"head":{"type":"HeadCommand","control":{"type":"JointPositionCommand","control":{"type":"JointPositionControl"}}}}}}
[07/28/26 14:13:15.931559] [info] [03:13:42.061718] [ControlInterface] Control was preempted or canceled by another request.
[07/28/26 14:13:15.931606] [debug] [03:13:42.061728] [ControlInterface::ExecutionStats] Average Control Time: 0.494 ms (max: 0.662 ms, min: 0.472 ms, sigma: 0.010 ms, count: 1080)
[07/28/26 14:13:15.932854] [info] [03:13:42.063017] [ControlManager] Control started: {"type":"RobotCommand","control":{"type":"WholeBodyCommand","control":{"type":"StopControl","control":{"type":"JointVelocityControl"}}}} (priority: 10)
[07/28/26 14:13:15.932874] [debug] [03:13:42.063039] [ControlManager] Control finished: {"type":"RobotCommand","control":{"type":"WholeBodyCommand","control":{"type":"StopControl","control":{"type":"JointVelocityControl"}}}}
[07/28/26 14:13:15.932915] [info] [03:13:42.063078] [ControlInterface] Control completed successfully.
[07/28/26 14:13:15.932922] [debug] [03:13:42.063083] [ControlInterface::ExecutionStats] Average Control Time: 0.006 ms (max: 0.006 ms, min: 0.006 ms, sigma: 0.000 ms, count: 1)
[07/28/26 14:13:45.431850] [debug] [03:14:11.562002] [Hardware] Hardware Loop Stat (avg: 2.000 ms, min: 1.999 ms, max: 2.001 ms, count: 15000)
[07/28/26 14:13:45.584842] [debug] [03:14:11.715003] [ControlManager] Control Manager Loop Stat (avg: 2.000 ms, min: 1.999 ms, max: 2.002 ms, count: 15000)
[07/28/26 14:13:55.727449] [debug] [03:14:21.857603] [Service] Server method called: /rb.api.RobotInfoService/GetRobotModel
[07/28/26 14:13:55.727485] [debug] [03:14:21.857648] [Service::RobotInfoService::GetRobotModel] Requested: request_header { request_timestamp { seconds: 1785215582 nanos: 374711883 } }
[07/28/26 14:13:55.730793] [debug] [03:14:21.860953] [Service] Server method called: /rb.api.RobotStateService/GetRobotStateStream
[07/28/26 14:13:55.730849] [debug] [03:14:21.861013] [Service::RobotStateService::GetRobotStateStream] Requested: request_header { request_timestamp { seconds: 1785215582 nanos: 378272971 } } update_rate: 100
[07/28/26 14:14:14.842763] [debug] [03:14:40.972906] [Service] Server method called: /rb.api.RobotInfoService/GetRobotInfo
[07/28/26 14:14:14.842798] [debug] [03:14:40.972961] [Service::RobotInfoService::GetRobotInfo] Requested: request_header { request_timestamp { seconds: 1785215601 nanos: 490078147 } }
[07/28/26 14:14:14.843494] [debug] [03:14:40.973656] [Service] Server method called: /rb.api.RobotStateService/GetRobotState
[07/28/26 14:14:14.843514] [debug] [03:14:40.973678] [Service::RobotStateService::GetRobotState] Requested: request_header { request_timestamp { seconds: 1785215601 nanos: 490894785 } }
[07/28/26 14:14:14.844014] [debug] [03:14:40.974176] [Service] Server method called: /rb.api.RobotInfoService/GetRobotInfo
[07/28/26 14:14:14.844029] [debug] [03:14:40.974193] [Service::RobotInfoService::GetRobotInfo] Requested: request_header { request_timestamp { seconds: 1785215601 nanos: 491499248 } }
[07/28/26 14:14:14.844577] [debug] [03:14:40.974736] [Service] Server method called: /rb.api.RobotStateService/GetRobotState
[07/28/26 14:14:14.844600] [debug] [03:14:40.974764] [Service::RobotStateService::GetRobotState] Requested: request_header { request_timestamp { seconds: 1785215601 nanos: 492032837 } }
[07/28/26 14:14:14.845194] [debug] [03:14:40.975355] [Service] Server method called: /rb.api.RobotStateService/GetControlManagerState
[07/28/26 14:14:14.845212] [debug] [03:14:40.975377] [Service::RobotStateService::GetControlManagerState] Requested: request_header { request_timestamp { seconds: 1785215601 nanos: 492611888 } }
[07/28/26 14:14:14.845785] [debug] [03:14:40.975946] [Service] Server method called: /rb.api.RobotCommandService/RobotCommand
[07/28/26 14:14:14.845804] [debug] [03:14:40.975969] [Service::RobotCommandService::RobotCommand] Requested: robot_command { whole_body_command { stop_command { } } } priority: 99
[07/28/26 14:14:14.845808] [debug] [03:14:40.975973] [Service::RobotCommandService::RobotCommand]   Peer: ipv4:192.168.30.230:49736
[07/28/26 14:14:14.845962] [debug] [03:14:40.976126] [Service::RobotCommandService::RobotCommand]   IP: 192.168.30.230, Family: ipv4
[07/28/26 14:14:14.850865] [info] [03:14:40.981027] [ControlManager] Control started: {"type":"RobotCommand","control":{"type":"WholeBodyCommand","control":{"type":"StopControl","control":{"type":"JointVelocityControl"}}}} (priority: 99)
[07/28/26 14:14:14.850891] [debug] [03:14:40.981056] [ControlManager] Control finished: {"type":"RobotCommand","control":{"type":"WholeBodyCommand","control":{"type":"StopControl","control":{"type":"JointVelocityControl"}}}}
[07/28/26 14:14:14.850922] [info] [03:14:40.981086] [ControlInterface] Control completed successfully.
[07/28/26 14:14:14.850931] [debug] [03:14:40.981090] [ControlInterface::ExecutionStats] Average Control Time: 0.006 ms (max: 0.006 ms, min: 0.006 ms, sigma: 0.000 ms, count: 1)
[07/28/26 14:14:14.851447] [debug] [03:14:40.981610] [Service] Server method called: /rb.api.ControlManagerService/ControlManagerCommand
[07/28/26 14:14:14.851463] [debug] [03:14:40.981628] [Service::ControlManagerService::ControlManagerCommand] Requested: request_header { request_timestamp { seconds: 1785215601 nanos: 498938640 } } command: COMMAND_DISABLE
[07/28/26 14:14:14.851466] [info] [03:14:40.981632] [ControlManager::Disable] Disable request received. Starting the disabling process...
[07/28/26 14:14:14.852853] [info] [03:14:40.983017] [ControlManager::Disable] Control Manager successfully disabled
[07/28/26 14:14:14.853393] [debug] [03:14:40.983554] [Service] Server method called: /rb.api.RobotInfoService/GetRobotInfo
[07/28/26 14:14:14.853408] [debug] [03:14:40.983572] [Service::RobotInfoService::GetRobotInfo] Requested: request_header { request_timestamp { seconds: 1785215601 nanos: 500882035 } }
[07/28/26 14:14:14.854086] [debug] [03:14:40.984248] [Service] Server method called: /rb.api.RobotStateService/GetRobotState
[07/28/26 14:14:14.854100] [debug] [03:14:40.984265] [Service::RobotStateService::GetRobotState] Requested: request_header { request_timestamp { seconds: 1785215601 nanos: 501586490 } }
[07/28/26 14:14:14.854694] [debug] [03:14:40.984854] [Service] Server method called: /rb.api.RobotStateService/GetRobotState
[07/28/26 14:14:14.854712] [debug] [03:14:40.984877] [Service::RobotStateService::GetRobotState] Requested: request_header { request_timestamp { seconds: 1785215601 nanos: 502181083 } }
[07/28/26 14:14:14.855259] [debug] [03:14:40.985421] [Service] Server method called: /rb.api.RobotInfoService/GetRobotInfo
[07/28/26 14:14:14.855272] [debug] [03:14:40.985436] [Service::RobotInfoService::GetRobotInfo] Requested: request_header { request_timestamp { seconds: 1785215601 nanos: 502750195 } }
[07/28/26 14:14:14.855842] [debug] [03:14:40.986004] [Service] Server method called: /rb.api.ControlManagerService/ControlManagerCommand
[07/28/26 14:14:14.855858] [debug] [03:14:40.986022] [Service::ControlManagerService::ControlManagerCommand] Requested: request_header { request_timestamp { seconds: 1785215601 nanos: 503339035 } } command: COMMAND_ENABLE unlimited_mode_enabled { }
[07/28/26 14:14:14.855861] [info] [03:14:40.986026] [ControlManager::Enable] Enable request received. Starting the enabling process...
[07/28/26 14:14:14.856849] [info] [03:14:40.987014] [ControlManager::Enable] Control Manager successfully enabled
[07/28/26 14:14:14.857360] [debug] [03:14:40.987521] [Service] Server method called: /rb.api.ParameterService/SetParameter
[07/28/26 14:14:14.857380] [debug] [03:14:40.987544] [Service::ParameterService::SetParameter] Requested: request_header { request_timestamp { seconds: 1785215601 nanos: 504839096 } } name: "cartesian_command.cutoff_frequency" parameter: "{\"value\":5,\"write_db\":true}"
[07/28/26 14:14:14.867601] [debug] [03:14:40.997763] [Service] Server method called: /rb.api.ParameterService/SetParameter
[07/28/26 14:14:14.867616] [debug] [03:14:40.997781] [Service::ParameterService::SetParameter] Requested: request_header { request_timestamp { seconds: 1785215601 nanos: 515027017 } } name: "default.acceleration_limit_scaling" parameter: "{\"value\":1.0,\"write_db\":true}"
[07/28/26 14:14:14.872516] [debug] [03:14:41.002645] [Service] Server method called: /rb.api.ParameterService/SetParameter
[07/28/26 14:14:14.872565] [debug] [03:14:41.002727] [Service::ParameterService::SetParameter] Requested: request_header { request_timestamp { seconds: 1785215601 nanos: 519864693 } } name: "default.angular_acceleration_limit" parameter: "{\"value\":10,\"write_db\":true}"
[07/28/26 14:14:14.879608] [debug] [03:14:41.009771] [Service] Server method called: /rb.api.ParameterService/SetParameter
[07/28/26 14:14:14.879622] [debug] [03:14:41.009787] [Service::ParameterService::SetParameter] Requested: request_header { request_timestamp { seconds: 1785215601 nanos: 527038176 } } name: "default.linear_acceleration_limit" parameter: "{\"value\":20,\"write_db\":true}"
[07/28/26 14:14:14.885614] [debug] [03:14:41.015775] [Service] Server method called: /rb.api.ParameterService/SetParameter
[07/28/26 14:14:14.885630] [debug] [03:14:41.015795] [Service::ParameterService::SetParameter] Requested: request_header { request_timestamp { seconds: 1785215601 nanos: 533014178 } } name: "joint_position_command.cutoff_frequency" parameter: "{\"value\":5,\"write_db\":true}"
[07/28/26 14:14:14.891685] [debug] [03:14:41.021846] [Service] Server method called: /rb.api.ParameterService/SetParameter
[07/28/26 14:14:14.891700] [debug] [03:14:41.021864] [Service::ParameterService::SetParameter] Requested: request_header { request_timestamp { seconds: 1785215601 nanos: 539064547 } } name: "manipulability_threshold" parameter: "{\"value\":1e4,\"write_db\":true}"
[07/28/26 14:14:14.897634] [debug] [03:14:41.027794] [Service] Server method called: /rb.api.RobotCommandService/RobotCommand
[07/28/26 14:14:14.897727] [debug] [03:14:41.027889] [Service::RobotCommandService::RobotCommand] Requested: robot_command { component_based_command { body_command { joint_position_command { command_header { control_hold_time { seconds: 1 } } minimum_time { nanos: 500000000 } position: -0.0016934540381113763 position: 0.96899743819304807 position: -1.4138252878048465 position: 0.77928122515664688 position: 0.0014314622698833831 position: -0.0013707105555116744 position: -0.17465738183651389 position: -0.50275840624737067 position: -0.027004137038224456 ... [truncated]
[07/28/26 14:14:14.897731] [debug] [03:14:41.027896] [Service::RobotCommandService::RobotCommand]   Peer: ipv4:192.168.30.230:49736
[07/28/26 14:14:14.897957] [debug] [03:14:41.028099] [Service::RobotCommandService::RobotCommand]   IP: 192.168.30.230, Family: ipv4
[07/28/26 14:14:14.902869] [info] [03:14:41.033033] [ControlManager] Control started: {"type":"RobotCommand","control":{"type":"ComponentBasedCommand","components":{"mobility":null,"body":{"type":"BodyCommand","control":{"type":"JointPositionCommand","control":{"type":"JointPositionControl"}}},"head":{"type":"HeadCommand","control":{"type":"JointPositionCommand","control":{"type":"JointPositionControl"}}}}}} (priority: 1)
[07/28/26 14:14:15.431846] [debug] [03:14:41.562002] [Hardware] Hardware Loop Stat (avg: 2.000 ms, min: 1.999 ms, max: 2.001 ms, count: 15000)
[07/28/26 14:14:15.584840] [debug] [03:14:41.715002] [ControlManager] Control Manager Loop Stat (avg: 2.000 ms, min: 1.999 ms, max: 2.001 ms, count: 15000)
[07/28/26 14:14:16.660879] [debug] [03:14:42.791037] [ControlManager] Control finished: {"type":"RobotCommand","control":{"type":"ComponentBasedCommand","components":{"mobility":null,"body":{"type":"BodyCommand","control":{"type":"JointPositionCommand","control":{"type":"JointPositionControl"}}},"head":{"type":"HeadCommand","control":{"type":"JointPositionCommand","control":{"type":"JointPositionControl"}}}}}}
[07/28/26 14:14:16.660992] [info] [03:14:42.791152] [ControlInterface] Control completed successfully.
[07/28/26 14:14:16.661000] [debug] [03:14:42.791161] [ControlInterface::ExecutionStats] Average Control Time: 0.001 ms (max: 0.027 ms, min: 0.001 ms, sigma: 0.001 ms, count: 880)
[07/28/26 14:14:16.661732] [debug] [03:14:42.791892] [Service] Server method called: /rb.api.PowerService/ToolFlangePowerCommand
[07/28/26 14:14:16.661765] [debug] [03:14:42.791930] [Service::PowerService::ToolFlangePowerCommand] Requested: request_header { request_timestamp { seconds: 1785215603 nanos: 309052477 } } name: "right" command: COMMAND_POWER_12V
[07/28/26 14:14:16.661769] [debug] [03:14:42.791935] [Service::PowerService::ToolFlangePowerCommand] Result: Success
[07/28/26 14:14:16.662290] [debug] [03:14:42.792450] [Service] Server method called: /rb.api.PowerService/ToolFlangePowerCommand
[07/28/26 14:14:16.662309] [debug] [03:14:42.792473] [Service::PowerService::ToolFlangePowerCommand] Requested: request_header { request_timestamp { seconds: 1785215603 nanos: 309690411 } } name: "left" command: COMMAND_POWER_12V
[07/28/26 14:14:16.662313] [debug] [03:14:42.792479] [Service::PowerService::ToolFlangePowerCommand] Result: Success
[07/28/26 14:14:17.847094] [debug] [03:14:43.977251] [Service] Server method called: /rb.api.RobotCommandService/RobotCommand
[07/28/26 14:14:17.847155] [debug] [03:14:43.977317] [Service::RobotCommandService::RobotCommand] Requested: robot_command { component_based_command { body_command { joint_position_command { command_header { control_hold_time { seconds: 1 } } minimum_time { seconds: 4 } position: 0 position: 0.78539816339744828 position: -1.3962634015954636 position: 0.78539816339744828 position: 0 position: 0 position: 0 position: -0.26179938779914941 position: 0 position: -2.0943951023931953 position: 0 position: 0.52359877559829882 position: 0 position: 0 position: 0... [truncated]
[07/28/26 14:14:17.847158] [debug] [03:14:43.977324] [Service::RobotCommandService::RobotCommand]   Peer: ipv4:192.168.30.230:49736
[07/28/26 14:14:17.847395] [debug] [03:14:43.977558] [Service::RobotCommandService::RobotCommand]   IP: 192.168.30.230, Family: ipv4
[07/28/26 14:14:17.852861] [info] [03:14:43.983024] [ControlManager] Control started: {"type":"RobotCommand","control":{"type":"ComponentBasedCommand","components":{"mobility":null,"body":{"type":"BodyCommand","control":{"type":"JointPositionCommand","control":{"type":"JointPositionControl"}}},"head":{"type":"HeadCommand","control":{"type":"JointPositionCommand","control":{"type":"JointPositionControl"}}}}}} (priority: 1)
[07/28/26 14:14:23.110876] [debug] [03:14:49.241035] [ControlManager] Control finished: {"type":"RobotCommand","control":{"type":"ComponentBasedCommand","components":{"mobility":null,"body":{"type":"BodyCommand","control":{"type":"JointPositionCommand","control":{"type":"JointPositionControl"}}},"head":{"type":"HeadCommand","control":{"type":"JointPositionCommand","control":{"type":"JointPositionControl"}}}}}}
[07/28/26 14:14:23.110934] [info] [03:14:49.241094] [ControlInterface] Control completed successfully.
[07/28/26 14:14:23.110944] [debug] [03:14:49.241103] [ControlInterface::ExecutionStats] Average Control Time: 0.001 ms (max: 0.019 ms, min: 0.001 ms, sigma: 0.000 ms, count: 2630)
[07/28/26 14:14:23.111632] [debug] [03:14:49.241792] [Service] Server method called: /rb.api.RobotCommandService/RobotCommandStream
[07/28/26 14:14:23.111646] [debug] [03:14:49.241810] [Service::RobotCommandService::RobotCommandStream] Stream is created
[07/28/26 14:14:23.152876] [debug] [03:14:49.283036] [Service::RobotCommandService::RobotCommandStream] Requested: robot_command { component_based_command { mobility_command { se2_velocity_command { command_header { control_hold_time { seconds: 1 } } minimum_time { nanos: 10100000 } velocity { linear { } } acceleration_limit { linear { x: 1 y: 1 } angular: 1 } } } body_command { body_component_based_command { right_arm_command { joint_impedance_control_command { command_header { control_hold_time { seconds: 1 } } minimum_time { nanos: 10100000 } position: 5.6... [truncated]
[07/28/26 14:14:23.152883] [debug] [03:14:49.283048] [Service::RobotCommandService::RobotCommandStream]   Peer: ipv4:192.168.30.230:49736
[07/28/26 14:14:23.153042] [debug] [03:14:49.283206] [Service::RobotCommandService::RobotCommandStream]   IP: 192.168.30.230, Family: ipv4
[07/28/26 14:14:23.158893] [info] [03:14:49.289055] [ControlManager] Control started: {"type":"RobotCommand","control":{"type":"ComponentBasedCommand","components":{"mobility":{"type":"MobilityCommand","control":{"type":"SE2VelocityCommand","control":{"type":"MobilitySE2VelocityControl"}}},"body":{"type":"BodyCommand","control":{"type":"BodyComponentBasedCommand","components":{"torso":{"type":"TorsoCommand","control":{"type":"JointImpedanceControlCommand","control":{"type":"JointImpedanceControl"}}},"right_arm":{"type":"ArmCommand","control":{"type":"JointImpedanceControlCommand","control":{"type":"JointImpedanceControl"}}},"left_arm":{"type":"ArmCommand","control":{"type":"JointImpedanceControlCommand","control":{"type":"JointImpedanceControl"}}}}}},"head":{"type":"HeadCommand","control":{"type":"JointPositionCommand","control":{"type":"JointPositionControl"}}}}}} (priority: 1)
[07/28/26 14:14:33.157210] [debug] [03:14:59.287356] [ControlInterface::ExecutionStats] Average Control Time: 0.347 ms (max: 0.472 ms, min: 0.327 ms, sigma: 0.010 ms, count: 5000)
[07/28/26 14:14:38.999382] [debug] [03:15:05.129535] [Service] Server method called: /rb.api.RobotCommandService/RobotCommand
[07/28/26 14:14:38.999416] [debug] [03:15:05.129579] [Service::RobotCommandService::RobotCommand] Requested: robot_command { whole_body_command { stop_command { } } } priority: 99
[07/28/26 14:14:38.999419] [debug] [03:15:05.129585] [Service::RobotCommandService::RobotCommand]   Peer: ipv4:192.168.30.230:49736
[07/28/26 14:14:38.999651] [debug] [03:15:05.129814] [Service::RobotCommandService::RobotCommand]   IP: 192.168.30.230, Family: ipv4
[07/28/26 14:14:39.103263] [debug] [03:15:05.233416] [ControlManager] Control finished: {"type":"RobotCommand","control":{"type":"ComponentBasedCommand","components":{"mobility":{"type":"MobilityCommand","control":{"type":"SE2VelocityCommand","control":{"type":"MobilitySE2VelocityControl"}}},"body":{"type":"BodyCommand","control":{"type":"BodyComponentBasedCommand","components":{"torso":{"type":"TorsoCommand","control":{"type":"JointImpedanceControlCommand","control":{"type":"JointImpedanceControl"}}},"right_arm":{"type":"ArmCommand","control":{"type":"JointImpedanceControlCommand","control":{"type":"JointImpedanceControl"}}},"left_arm":{"type":"ArmCommand","control":{"type":"JointImpedanceControlCommand","control":{"type":"JointImpedanceControl"}}}}}},"head":{"type":"HeadCommand","control":{"type":"JointPositionCommand","control":{"type":"JointPositionControl"}}}}}}
[07/28/26 14:14:39.103371] [debug] [03:15:05.233531] [Service::RobotCommandService::RobotCommandStream] OnReadDone (write_done: true, read_done: true)
[07/28/26 14:14:39.103384] [debug] [03:15:05.233544] [Service::RobotCommandService::RobotCommandStream] OnCancel
[07/28/26 14:14:39.103449] [info] [03:15:05.233609] [ControlInterface] Control was preempted or canceled by another request.
[07/28/26 14:14:39.103460] [debug] [03:15:05.233618] [ControlInterface::ExecutionStats] Average Control Time: 0.345 ms (max: 0.376 ms, min: 0.321 ms, sigma: 0.008 ms, count: 2973)
[07/28/26 14:14:39.103534] [debug] [03:15:05.233694] [Service::RobotCommandService::RobotCommandStream] OnDone: robot_command { component_based_command { mobility_command { se2_velocity_command { command_header { control_hold_time { seconds: 1 } } minimum_time { nanos: 10100000 } velocity { linear { } } acceleration_limit { linear { x: 1 y: 1 } angular: 1 } } } body_command { body_component_based_command { right_arm_command { joint_impedance_control_command { command_header { control_hold_time { seconds: 1 } } minimum_time { nanos: 10100000 } position: -0.... [truncated]
[07/28/26 14:14:39.104853] [info] [03:15:05.235017] [ControlManager] Control started: {"type":"RobotCommand","control":{"type":"WholeBodyCommand","control":{"type":"StopControl","control":{"type":"JointVelocityControl"}}}} (priority: 99)
[07/28/26 14:14:39.104873] [debug] [03:15:05.235039] [ControlManager] Control finished: {"type":"RobotCommand","control":{"type":"WholeBodyCommand","control":{"type":"StopControl","control":{"type":"JointVelocityControl"}}}}
[07/28/26 14:14:39.104911] [info] [03:15:05.235074] [ControlInterface] Control completed successfully.
[07/28/26 14:14:39.104916] [debug] [03:15:05.235079] [ControlInterface::ExecutionStats] Average Control Time: 0.006 ms (max: 0.006 ms, min: 0.006 ms, sigma: 0.000 ms, count: 1)
[07/28/26 14:14:39.106398] [debug] [03:15:05.236559] [Service] Server method called: /rb.api.ControlManagerService/ControlManagerCommand
[07/28/26 14:14:39.106423] [debug] [03:15:05.236587] [Service::ControlManagerService::ControlManagerCommand] Requested: request_header { request_timestamp { seconds: 1785215625 nanos: 753088272 } } command: COMMAND_DISABLE
[07/28/26 14:14:39.106426] [info] [03:15:05.236591] [ControlManager::Disable] Disable request received. Starting the disabling process...
[07/28/26 14:14:39.106857] [info] [03:15:05.237022] [ControlManager::Disable] Control Manager successfully disabled
[07/28/26 14:14:45.431850] [debug] [03:15:11.562003] [Hardware] Hardware Loop Stat (avg: 2.000 ms, min: 1.998 ms, max: 2.002 ms, count: 15000)
[07/28/26 14:14:45.584842] [debug] [03:15:11.715003] [ControlManager] Control Manager Loop Stat (avg: 2.000 ms, min: 1.998 ms, max: 2.002 ms, count: 15000)
[07/28/26 14:15:15.431850] [debug] [03:15:41.562002] [Hardware] Hardware Loop Stat (avg: 2.000 ms, min: 1.997 ms, max: 2.003 ms, count: 15000)
[07/28/26 14:15:15.584840] [debug] [03:15:41.715002] [ControlManager] Control Manager Loop Stat (avg: 2.000 ms, min: 1.998 ms, max: 2.002 ms, count: 15000)
[07/28/26 14:15:45.431850] [debug] [03:16:11.562002] [Hardware] Hardware Loop Stat (avg: 2.000 ms, min: 1.998 ms, max: 2.002 ms, count: 15000)
[07/28/26 14:15:45.584840] [debug] [03:16:11.715002] [ControlManager] Control Manager Loop Stat (avg: 2.000 ms, min: 1.998 ms, max: 2.002 ms, count: 15000)
[07/28/26 14:16:15.431849] [debug] [03:16:41.562003] [Hardware] Hardware Loop Stat (avg: 2.000 ms, min: 1.997 ms, max: 2.003 ms, count: 15000)
[07/28/26 14:16:15.584840] [debug] [03:16:41.715002] [ControlManager] Control Manager Loop Stat (avg: 2.000 ms, min: 1.996 ms, max: 2.004 ms, count: 15000)
[07/28/26 14:16:45.431849] [debug] [03:17:11.562003] [Hardware] Hardware Loop Stat (avg: 2.000 ms, min: 1.998 ms, max: 2.002 ms, count: 15000)
[07/28/26 14:16:45.584840] [debug] [03:17:11.715002] [ControlManager] Control Manager Loop Stat (avg: 2.000 ms, min: 1.997 ms, max: 2.003 ms, count: 15000)
[07/28/26 14:17:15.431847] [debug] [03:17:41.562003] [Hardware] Hardware Loop Stat (avg: 2.000 ms, min: 1.996 ms, max: 2.003 ms, count: 15000)
[07/28/26 14:17:15.584839] [debug] [03:17:41.715002] [ControlManager] Control Manager Loop Stat (avg: 2.000 ms, min: 1.997 ms, max: 2.004 ms, count: 15000)
[07/28/26 14:17:45.431849] [debug] [03:18:11.562003] [Hardware] Hardware Loop Stat (avg: 2.000 ms, min: 1.997 ms, max: 2.003 ms, count: 15000)
[07/28/26 14:17:45.584840] [debug] [03:18:11.715002] [ControlManager] Control Manager Loop Stat (avg: 2.000 ms, min: 1.996 ms, max: 2.004 ms, count: 15000)
[07/28/26 14:18:15.431849] [debug] [03:18:41.562002] [Hardware] Hardware Loop Stat (avg: 2.000 ms, min: 1.997 ms, max: 2.003 ms, count: 15000)
[07/28/26 14:18:15.584840] [debug] [03:18:41.715002] [ControlManager] Control Manager Loop Stat (avg: 2.000 ms, min: 1.997 ms, max: 2.003 ms, count: 15000)
[07/28/26 14:18:45.431850] [debug] [03:19:11.562002] [Hardware] Hardware Loop Stat (avg: 2.000 ms, min: 1.997 ms, max: 2.003 ms, count: 15000)
[07/28/26 14:18:45.584840] [debug] [03:19:11.715002] [ControlManager] Control Manager Loop Stat (avg: 2.000 ms, min: 1.996 ms, max: 2.004 ms, count: 15000)
[07/28/26 14:19:15.431848] [debug] [03:19:41.562002] [Hardware] Hardware Loop Stat (avg: 2.000 ms, min: 1.996 ms, max: 2.005 ms, count: 15000)
[07/28/26 14:19:15.584839] [debug] [03:19:41.715002] [ControlManager] Control Manager Loop Stat (avg: 2.000 ms, min: 1.996 ms, max: 2.003 ms, count: 15000)
[07/28/26 14:19:45.431851] [debug] [03:20:11.562003] [Hardware] Hardware Loop Stat (avg: 2.000 ms, min: 1.997 ms, max: 2.003 ms, count: 15000)
[07/28/26 14:19:45.584840] [debug] [03:20:11.715002] [ControlManager] Control Manager Loop Stat (avg: 2.000 ms, min: 1.996 ms, max: 2.004 ms, count: 15000)
[07/28/26 14:20:15.431848] [debug] [03:20:41.562002] [Hardware] Hardware Loop Stat (avg: 2.000 ms, min: 1.997 ms, max: 2.003 ms, count: 15000)
[07/28/26 14:20:15.584839] [debug] [03:20:41.715002] [ControlManager] Control Manager Loop Stat (avg: 2.000 ms, min: 1.996 ms, max: 2.003 ms, count: 15000)
[07/28/26 14:20:45.431851] [debug] [03:21:11.562003] [Hardware] Hardware Loop Stat (avg: 2.000 ms, min: 1.997 ms, max: 2.003 ms, count: 15000)
[07/28/26 14:20:45.584839] [debug] [03:21:11.715002] [ControlManager] Control Manager Loop Stat (avg: 2.000 ms, min: 1.996 ms, max: 2.003 ms, count: 15000)
[07/28/26 14:21:15.431851] [debug] [03:21:41.562003] [Hardware] Hardware Loop Stat (avg: 2.000 ms, min: 1.997 ms, max: 2.003 ms, count: 15000)
[07/28/26 14:21:15.584840] [debug] [03:21:41.715002] [ControlManager] Control Manager Loop Stat (avg: 2.000 ms, min: 1.996 ms, max: 2.003 ms, count: 15000)
[07/28/26 14:21:45.431850] [debug] [03:22:11.562003] [Hardware] Hardware Loop Stat (avg: 2.000 ms, min: 1.998 ms, max: 2.003 ms, count: 15000)
[07/28/26 14:21:45.584840] [debug] [03:22:11.715002] [ControlManager] Control Manager Loop Stat (avg: 2.000 ms, min: 1.997 ms, max: 2.004 ms, count: 15000)
[07/28/26 14:22:15.431849] [debug] [03:22:41.562003] [Hardware] Hardware Loop Stat (avg: 2.000 ms, min: 1.998 ms, max: 2.002 ms, count: 15000)
[07/28/26 14:22:15.584840] [debug] [03:22:41.715002] [ControlManager] Control Manager Loop Stat (avg: 2.000 ms, min: 1.996 ms, max: 2.004 ms, count: 15000)
[07/28/26 14:22:45.431850] [debug] [03:23:11.562003] [Hardware] Hardware Loop Stat (avg: 2.000 ms, min: 1.997 ms, max: 2.002 ms, count: 15000)
[07/28/26 14:22:45.584840] [debug] [03:23:11.715003] [ControlManager] Control Manager Loop Stat (avg: 2.000 ms, min: 1.997 ms, max: 2.003 ms, count: 15000)
[07/28/26 14:23:15.431849] [debug] [03:23:41.562003] [Hardware] Hardware Loop Stat (avg: 2.000 ms, min: 1.997 ms, max: 2.002 ms, count: 15000)
[07/28/26 14:23:15.584839] [debug] [03:23:41.715002] [ControlManager] Control Manager Loop Stat (avg: 2.000 ms, min: 1.998 ms, max: 2.002 ms, count: 15000)
[07/28/26 14:23:45.431851] [debug] [03:24:11.562003] [Hardware] Hardware Loop Stat (avg: 2.000 ms, min: 1.998 ms, max: 2.002 ms, count: 15000)
[07/28/26 14:23:45.584840] [debug] [03:24:11.715003] [ControlManager] Control Manager Loop Stat (avg: 2.000 ms, min: 1.998 ms, max: 2.002 ms, count: 15000)
[07/28/26 14:24:15.431848] [debug] [03:24:41.562003] [Hardware] Hardware Loop Stat (avg: 2.000 ms, min: 1.997 ms, max: 2.004 ms, count: 15000)
[07/28/26 14:24:15.584840] [debug] [03:24:41.715002] [ControlManager] Control Manager Loop Stat (avg: 2.000 ms, min: 1.997 ms, max: 2.003 ms, count: 15000)
[07/28/26 14:24:45.431848] [debug] [03:25:11.562003] [Hardware] Hardware Loop Stat (avg: 2.000 ms, min: 1.998 ms, max: 2.002 ms, count: 15000)
[07/28/26 14:24:45.584839] [debug] [03:25:11.715002] [ControlManager] Control Manager Loop Stat (avg: 2.000 ms, min: 1.998 ms, max: 2.002 ms, count: 15000)
[07/28/26 14:25:15.431849] [debug] [03:25:41.562002] [Hardware] Hardware Loop Stat (avg: 2.000 ms, min: 1.997 ms, max: 2.002 ms, count: 15000)
[07/28/26 14:25:15.584840] [debug] [03:25:41.715002] [ControlManager] Control Manager Loop Stat (avg: 2.000 ms, min: 1.998 ms, max: 2.002 ms, count: 15000)
[07/28/26 14:25:34.443757] [debug] [03:26:00.573907] [Service] Server method called: /rb.api.RobotInfoService/GetRobotModel
[07/28/26 14:25:34.443796] [debug] [03:26:00.573961] [Service::RobotInfoService::GetRobotModel] Requested: request_header { request_timestamp { seconds: 1785216281 nanos: 77648079 } }
[07/28/26 14:25:34.447185] [debug] [03:26:00.577345] [Service] Server method called: /rb.api.RobotStateService/GetRobotStateStream
[07/28/26 14:25:34.447217] [debug] [03:26:00.577381] [Service::RobotStateService::GetRobotStateStream] Requested: request_header { request_timestamp { seconds: 1785216281 nanos: 81281661 } } update_rate: 100
[07/28/26 14:25:41.792807] [debug] [03:26:07.922959] [Service] Server method called: /rb.api.RobotInfoService/GetRobotInfo
[07/28/26 14:25:41.792843] [debug] [03:26:07.923008] [Service::RobotInfoService::GetRobotInfo] Requested: request_header { request_timestamp { seconds: 1785216288 nanos: 426971709 } }
[07/28/26 14:25:41.793630] [debug] [03:26:07.923794] [Service] Server method called: /rb.api.RobotStateService/GetRobotState
[07/28/26 14:25:41.793643] [debug] [03:26:07.923808] [Service::RobotStateService::GetRobotState] Requested: request_header { request_timestamp { seconds: 1785216288 nanos: 427904230 } }
[07/28/26 14:25:41.794566] [debug] [03:26:07.924724] [Service] Server method called: /rb.api.RobotInfoService/GetRobotInfo
[07/28/26 14:25:41.794585] [debug] [03:26:07.924749] [Service::RobotInfoService::GetRobotInfo] Requested: request_header { request_timestamp { seconds: 1785216288 nanos: 428822913 } }
[07/28/26 14:25:41.795483] [debug] [03:26:07.925644] [Service] Server method called: /rb.api.RobotStateService/GetRobotState
[07/28/26 14:25:41.795500] [debug] [03:26:07.925664] [Service::RobotStateService::GetRobotState] Requested: request_header { request_timestamp { seconds: 1785216288 nanos: 429738723 } }
[07/28/26 14:25:41.796465] [debug] [03:26:07.926630] [Service] Server method called: /rb.api.RobotStateService/GetControlManagerState
[07/28/26 14:25:41.796475] [debug] [03:26:07.926640] [Service::RobotStateService::GetControlManagerState] Requested: request_header { request_timestamp { seconds: 1785216288 nanos: 430722262 } }
[07/28/26 14:25:41.797183] [debug] [03:26:07.927340] [Service] Server method called: /rb.api.RobotInfoService/GetRobotInfo
[07/28/26 14:25:41.797198] [debug] [03:26:07.927363] [Service::RobotInfoService::GetRobotInfo] Requested: request_header { request_timestamp { seconds: 1785216288 nanos: 431369022 } }
[07/28/26 14:25:41.798159] [debug] [03:26:07.928320] [Service] Server method called: /rb.api.RobotStateService/GetRobotState
[07/28/26 14:25:41.798175] [debug] [03:26:07.928340] [Service::RobotStateService::GetRobotState] Requested: request_header { request_timestamp { seconds: 1785216288 nanos: 432378964 } }
[07/28/26 14:25:41.798819] [debug] [03:26:07.928981] [Service] Server method called: /rb.api.RobotStateService/GetRobotState
[07/28/26 14:25:41.798832] [debug] [03:26:07.928997] [Service::RobotStateService::GetRobotState] Requested: request_header { request_timestamp { seconds: 1785216288 nanos: 433115799 } }
[07/28/26 14:25:41.799495] [debug] [03:26:07.929656] [Service] Server method called: /rb.api.RobotInfoService/GetRobotInfo
[07/28/26 14:25:41.799510] [debug] [03:26:07.929675] [Service::RobotInfoService::GetRobotInfo] Requested: request_header { request_timestamp { seconds: 1785216288 nanos: 433787450 } }
[07/28/26 14:25:41.800350] [debug] [03:26:07.930516] [Service] Server method called: /rb.api.ControlManagerService/ControlManagerCommand
[07/28/26 14:25:41.800363] [debug] [03:26:07.930528] [Service::ControlManagerService::ControlManagerCommand] Requested: request_header { request_timestamp { seconds: 1785216288 nanos: 434652482 } } command: COMMAND_ENABLE unlimited_mode_enabled { }
[07/28/26 14:25:41.800366] [info] [03:26:07.930531] [ControlManager::Enable] Enable request received. Starting the enabling process...
[07/28/26 14:25:41.800852] [info] [03:26:07.931017] [ControlManager::Enable] Control Manager successfully enabled
[07/28/26 14:25:41.801749] [debug] [03:26:07.931911] [Service] Server method called: /rb.api.ParameterService/SetParameter
[07/28/26 14:25:41.801768] [debug] [03:26:07.931932] [Service::ParameterService::SetParameter] Requested: request_header { request_timestamp { seconds: 1785216288 nanos: 435875286 } } name: "cartesian_command.cutoff_frequency" parameter: "{\"value\":5,\"write_db\":true}"
[07/28/26 14:25:41.812280] [debug] [03:26:07.942441] [Service] Server method called: /rb.api.ParameterService/SetParameter
[07/28/26 14:25:41.812296] [debug] [03:26:07.942461] [Service::ParameterService::SetParameter] Requested: request_header { request_timestamp { seconds: 1785216288 nanos: 446489348 } } name: "default.acceleration_limit_scaling" parameter: "{\"value\":1.0,\"write_db\":true}"
[07/28/26 14:25:41.818264] [debug] [03:26:07.948424] [Service] Server method called: /rb.api.ParameterService/SetParameter
[07/28/26 14:25:41.818283] [debug] [03:26:07.948447] [Service::ParameterService::SetParameter] Requested: request_header { request_timestamp { seconds: 1785216288 nanos: 452486872 } } name: "default.angular_acceleration_limit" parameter: "{\"value\":10,\"write_db\":true}"
[07/28/26 14:25:41.824376] [debug] [03:26:07.954537] [Service] Server method called: /rb.api.ParameterService/SetParameter
[07/28/26 14:25:41.824393] [debug] [03:26:07.954557] [Service::ParameterService::SetParameter] Requested: request_header { request_timestamp { seconds: 1785216288 nanos: 458594563 } } name: "default.linear_acceleration_limit" parameter: "{\"value\":20,\"write_db\":true}"
[07/28/26 14:25:41.830314] [debug] [03:26:07.960475] [Service] Server method called: /rb.api.ParameterService/SetParameter
[07/28/26 14:25:41.830332] [debug] [03:26:07.960496] [Service::ParameterService::SetParameter] Requested: request_header { request_timestamp { seconds: 1785216288 nanos: 464533391 } } name: "joint_position_command.cutoff_frequency" parameter: "{\"value\":5,\"write_db\":true}"
[07/28/26 14:25:41.836262] [debug] [03:26:07.966423] [Service] Server method called: /rb.api.RobotCommandService/RobotCommand
[07/28/26 14:25:41.836332] [debug] [03:26:07.966495] [Service::RobotCommandService::RobotCommand] Requested: robot_command { component_based_command { body_command { joint_position_command { command_header { control_hold_time { seconds: 1 } } minimum_time { nanos: 500000000 } position: -9.1127571557562845e-05 position: 0.97081998962419935 position: -1.4129026211428262 position: 0.78071268742653033 position: 0.00050120164356659569 position: -0.00036071330408201963 position: -0.75572095092686864 position: -0.10747357970570068 position: -0.1190467812935111... [truncated]
[07/28/26 14:25:41.836336] [debug] [03:26:07.966501] [Service::RobotCommandService::RobotCommand]   Peer: ipv4:192.168.30.230:40896
[07/28/26 14:25:41.836489] [debug] [03:26:07.966652] [Service::RobotCommandService::RobotCommand]   IP: 192.168.30.230, Family: ipv4
[07/28/26 14:25:41.840881] [info] [03:26:07.971044] [ControlManager] Control started: {"type":"RobotCommand","control":{"type":"ComponentBasedCommand","components":{"mobility":null,"body":{"type":"BodyCommand","control":{"type":"JointPositionCommand","control":{"type":"JointPositionControl"}}},"head":{"type":"HeadCommand","control":{"type":"JointPositionCommand","control":{"type":"JointPositionControl"}}}}}} (priority: 1)
[07/28/26 14:25:43.598880] [debug] [03:26:09.729040] [ControlManager] Control finished: {"type":"RobotCommand","control":{"type":"ComponentBasedCommand","components":{"mobility":null,"body":{"type":"BodyCommand","control":{"type":"JointPositionCommand","control":{"type":"JointPositionControl"}}},"head":{"type":"HeadCommand","control":{"type":"JointPositionCommand","control":{"type":"JointPositionControl"}}}}}}
[07/28/26 14:25:43.598951] [info] [03:26:09.729111] [ControlInterface] Control completed successfully.
[07/28/26 14:25:43.598960] [debug] [03:26:09.729120] [ControlInterface::ExecutionStats] Average Control Time: 0.001 ms (max: 0.029 ms, min: 0.001 ms, sigma: 0.001 ms, count: 880)
[07/28/26 14:25:43.600074] [debug] [03:26:09.730235] [Service] Server method called: /rb.api.PowerService/ToolFlangePowerCommand
[07/28/26 14:25:43.600114] [debug] [03:26:09.730278] [Service::PowerService::ToolFlangePowerCommand] Requested: request_header { request_timestamp { seconds: 1785216290 nanos: 234233891 } } name: "right" command: COMMAND_POWER_12V
[07/28/26 14:25:43.600118] [debug] [03:26:09.730283] [Service::PowerService::ToolFlangePowerCommand] Result: Success
[07/28/26 14:25:43.600713] [debug] [03:26:09.730874] [Service] Server method called: /rb.api.PowerService/ToolFlangePowerCommand
[07/28/26 14:25:43.600736] [debug] [03:26:09.730900] [Service::PowerService::ToolFlangePowerCommand] Requested: request_header { request_timestamp { seconds: 1785216290 nanos: 234943200 } } name: "left" command: COMMAND_POWER_12V
[07/28/26 14:25:43.600741] [debug] [03:26:09.730906] [Service::PowerService::ToolFlangePowerCommand] Result: Success
[07/28/26 14:25:44.744617] [debug] [03:26:10.874771] [Service] Server method called: /rb.api.RobotCommandService/RobotCommand
[07/28/26 14:25:44.744685] [debug] [03:26:10.874847] [Service::RobotCommandService::RobotCommand] Requested: robot_command { component_based_command { body_command { joint_position_command { command_header { control_hold_time { seconds: 1 } } minimum_time { seconds: 4 } position: 0 position: 0.78539816339744828 position: -1.3962634015954636 position: 0.78539816339744828 position: 0 position: 0 position: 0 position: -0.26179938779914941 position: 0 position: -2.0943951023931953 position: 0 position: 0.52359877559829882 position: 0 position: 0 position: 0... [truncated]
[07/28/26 14:25:44.744689] [debug] [03:26:10.874854] [Service::RobotCommandService::RobotCommand]   Peer: ipv4:192.168.30.230:40896
[07/28/26 14:25:44.744837] [debug] [03:26:10.875000] [Service::RobotCommandService::RobotCommand]   IP: 192.168.30.230, Family: ipv4
[07/28/26 14:25:44.750868] [info] [03:26:10.881028] [ControlManager] Control started: {"type":"RobotCommand","control":{"type":"ComponentBasedCommand","components":{"mobility":null,"body":{"type":"BodyCommand","control":{"type":"JointPositionCommand","control":{"type":"JointPositionControl"}}},"head":{"type":"HeadCommand","control":{"type":"JointPositionCommand","control":{"type":"JointPositionControl"}}}}}} (priority: 1)
[07/28/26 14:25:45.431847] [debug] [03:26:11.562003] [Hardware] Hardware Loop Stat (avg: 2.000 ms, min: 1.999 ms, max: 2.001 ms, count: 15000)
[07/28/26 14:25:45.584840] [debug] [03:26:11.715002] [ControlManager] Control Manager Loop Stat (avg: 2.000 ms, min: 1.996 ms, max: 2.003 ms, count: 15000)
[07/28/26 14:25:50.008883] [debug] [03:26:16.139039] [ControlManager] Control finished: {"type":"RobotCommand","control":{"type":"ComponentBasedCommand","components":{"mobility":null,"body":{"type":"BodyCommand","control":{"type":"JointPositionCommand","control":{"type":"JointPositionControl"}}},"head":{"type":"HeadCommand","control":{"type":"JointPositionCommand","control":{"type":"JointPositionControl"}}}}}}
[07/28/26 14:25:50.008945] [info] [03:26:16.139104] [ControlInterface] Control completed successfully.
[07/28/26 14:25:50.008956] [debug] [03:26:16.139114] [ControlInterface::ExecutionStats] Average Control Time: 0.001 ms (max: 0.020 ms, min: 0.001 ms, sigma: 0.000 ms, count: 2630)
[07/28/26 14:25:50.009836] [debug] [03:26:16.139996] [Service] Server method called: /rb.api.RobotCommandService/RobotCommandStream
[07/28/26 14:25:50.009849] [debug] [03:26:16.140013] [Service::RobotCommandService::RobotCommandStream] Stream is created
[07/28/26 14:25:50.030386] [debug] [03:26:16.160545] [Service::RobotCommandService::RobotCommandStream] Requested: robot_command { component_based_command { mobility_command { se2_velocity_command { command_header { control_hold_time { seconds: 1 } } minimum_time { nanos: 101000003 } velocity { linear { } } acceleration_limit { linear { x: 1 y: 1 } angular: 1 } } } body_command { cartesian_impedance_control_command { command_header { control_hold_time { seconds: 1 } } minimum_time { nanos: 101000003 } targets { ref_link_name: "base" link_name: "link_right_arm... [truncated]
[07/28/26 14:25:50.030393] [debug] [03:26:16.160558] [Service::RobotCommandService::RobotCommandStream]   Peer: ipv4:192.168.30.230:40896
[07/28/26 14:25:50.030540] [debug] [03:26:16.160705] [Service::RobotCommandService::RobotCommandStream]   IP: 192.168.30.230, Family: ipv4
[07/28/26 14:25:50.034868] [info] [03:26:16.165031] [ControlManager] Control started: {"type":"RobotCommand","control":{"type":"ComponentBasedCommand","components":{"mobility":{"type":"MobilityCommand","control":{"type":"SE2VelocityCommand","control":{"type":"MobilitySE2VelocityControl"}}},"body":{"type":"BodyCommand","control":{"type":"CartesianImpedanceControlCommand","control":{"type":"CartesianImpedanceControl"}}},"head":{"type":"HeadCommand","control":{"type":"JointPositionCommand","control":{"type":"JointPositionControl"}}}}}} (priority: 1)
[07/28/26 14:26:00.033248] [debug] [03:26:26.163396] [ControlInterface::ExecutionStats] Average Control Time: 0.390 ms (max: 0.743 ms, min: 0.369 ms, sigma: 0.008 ms, count: 5000)
[07/28/26 14:26:06.479514] [debug] [03:26:32.609666] [Service] Server method called: /rb.api.RobotCommandService/RobotCommand
[07/28/26 14:26:06.479581] [debug] [03:26:32.609744] [Service::RobotCommandService::RobotCommand] Requested: robot_command { whole_body_command { stop_command { } } } priority: 99
[07/28/26 14:26:06.479584] [debug] [03:26:32.609749] [Service::RobotCommandService::RobotCommand]   Peer: ipv4:192.168.30.230:40896
[07/28/26 14:26:06.479741] [debug] [03:26:32.609905] [Service::RobotCommandService::RobotCommand]   IP: 192.168.30.230, Family: ipv4
[07/28/26 14:26:06.583375] [debug] [03:26:32.713530] [ControlManager] Control finished: {"type":"RobotCommand","control":{"type":"ComponentBasedCommand","components":{"mobility":{"type":"MobilityCommand","control":{"type":"SE2VelocityCommand","control":{"type":"MobilitySE2VelocityControl"}}},"body":{"type":"BodyCommand","control":{"type":"CartesianImpedanceControlCommand","control":{"type":"CartesianImpedanceControl"}}},"head":{"type":"HeadCommand","control":{"type":"JointPositionCommand","control":{"type":"JointPositionControl"}}}}}}
[07/28/26 14:26:06.583490] [debug] [03:26:32.713649] [Service::RobotCommandService::RobotCommandStream] OnReadDone (write_done: true, read_done: true)
[07/28/26 14:26:06.583510] [debug] [03:26:32.713669] [Service::RobotCommandService::RobotCommandStream] OnCancel
[07/28/26 14:26:06.583599] [info] [03:26:32.713760] [ControlInterface] Control was preempted or canceled by another request.
[07/28/26 14:26:06.583610] [debug] [03:26:32.713769] [ControlInterface::ExecutionStats] Average Control Time: 0.392 ms (max: 0.512 ms, min: 0.372 ms, sigma: 0.010 ms, count: 3275)
[07/28/26 14:26:06.583686] [debug] [03:26:32.713849] [Service::RobotCommandService::RobotCommandStream] OnDone: robot_command { component_based_command { mobility_command { se2_velocity_command { command_header { control_hold_time { seconds: 1 } } minimum_time { nanos: 101000003 } velocity { linear { } angular: -4.9901293095899746e-05 } acceleration_limit { linear { x: 1 y: 1 } angular: 1 } } } body_command { cartesian_impedance_control_command { command_header { control_hold_time { seconds: 1 } } minimum_time { nanos: 101000003 } targets { ref_link_name: ... [truncated]
[07/28/26 14:26:06.584853] [info] [03:26:32.715017] [ControlManager] Control started: {"type":"RobotCommand","control":{"type":"WholeBodyCommand","control":{"type":"StopControl","control":{"type":"JointVelocityControl"}}}} (priority: 99)
[07/28/26 14:26:06.584874] [debug] [03:26:32.715040] [ControlManager] Control finished: {"type":"RobotCommand","control":{"type":"WholeBodyCommand","control":{"type":"StopControl","control":{"type":"JointVelocityControl"}}}}
[07/28/26 14:26:06.584911] [info] [03:26:32.715074] [ControlInterface] Control completed successfully.
[07/28/26 14:26:06.584917] [debug] [03:26:32.715079] [ControlInterface::ExecutionStats] Average Control Time: 0.006 ms (max: 0.006 ms, min: 0.006 ms, sigma: 0.000 ms, count: 1)
[07/28/26 14:26:06.585699] [debug] [03:26:32.715860] [Service] Server method called: /rb.api.ControlManagerService/ControlManagerCommand
[07/28/26 14:26:06.585722] [debug] [03:26:32.715886] [Service::ControlManagerService::ControlManagerCommand] Requested: request_header { request_timestamp { seconds: 1785216313 nanos: 219472489 } } command: COMMAND_DISABLE
[07/28/26 14:26:06.585726] [info] [03:26:32.715892] [ControlManager::Disable] Disable request received. Starting the disabling process...
[07/28/26 14:26:06.586855] [info] [03:26:32.717019] [ControlManager::Disable] Control Manager successfully disabled
[07/28/26 14:26:15.431850] [debug] [03:26:41.562003] [Hardware] Hardware Loop Stat (avg: 2.000 ms, min: 1.997 ms, max: 2.003 ms, count: 15000)
[07/28/26 14:26:15.584843] [debug] [03:26:41.715003] [ControlManager] Control Manager Loop Stat (avg: 2.000 ms, min: 1.999 ms, max: 2.001 ms, count: 15000)
[07/28/26 14:26:45.431851] [debug] [03:27:11.562003] [Hardware] Hardware Loop Stat (avg: 2.000 ms, min: 1.998 ms, max: 2.002 ms, count: 15000)
[07/28/26 14:26:45.584840] [debug] [03:27:11.715002] [ControlManager] Control Manager Loop Stat (avg: 2.000 ms, min: 1.998 ms, max: 2.001 ms, count: 15000)
[07/28/26 14:27:15.431850] [debug] [03:27:41.562003] [Hardware] Hardware Loop Stat (avg: 2.000 ms, min: 1.997 ms, max: 2.002 ms, count: 15000)
[07/28/26 14:27:15.584840] [debug] [03:27:41.715002] [ControlManager] Control Manager Loop Stat (avg: 2.000 ms, min: 1.997 ms, max: 2.003 ms, count: 15000)
[07/28/26 14:27:45.431849] [debug] [03:28:11.562002] [Hardware] Hardware Loop Stat (avg: 2.000 ms, min: 1.998 ms, max: 2.002 ms, count: 15000)
[07/28/26 14:27:45.584840] [debug] [03:28:11.715002] [ControlManager] Control Manager Loop Stat (avg: 2.000 ms, min: 1.997 ms, max: 2.003 ms, count: 15000)
[07/28/26 14:28:15.431850] [debug] [03:28:41.562003] [Hardware] Hardware Loop Stat (avg: 2.000 ms, min: 1.998 ms, max: 2.002 ms, count: 15000)
[07/28/26 14:28:15.584840] [debug] [03:28:41.715002] [ControlManager] Control Manager Loop Stat (avg: 2.000 ms, min: 1.997 ms, max: 2.003 ms, count: 15000)
[07/28/26 14:28:45.431850] [debug] [03:29:11.562002] [Hardware] Hardware Loop Stat (avg: 2.000 ms, min: 1.999 ms, max: 2.001 ms, count: 15000)
[07/28/26 14:28:45.584840] [debug] [03:29:11.715002] [ControlManager] Control Manager Loop Stat (avg: 2.000 ms, min: 1.998 ms, max: 2.002 ms, count: 15000)
[07/28/26 14:29:15.431849] [debug] [03:29:41.562003] [Hardware] Hardware Loop Stat (avg: 2.000 ms, min: 1.998 ms, max: 2.002 ms, count: 15000)
[07/28/26 14:29:15.584840] [debug] [03:29:41.715002] [ControlManager] Control Manager Loop Stat (avg: 2.000 ms, min: 1.998 ms, max: 2.002 ms, count: 15000)
[07/28/26 14:29:45.431849] [debug] [03:30:11.562002] [Hardware] Hardware Loop Stat (avg: 2.000 ms, min: 1.998 ms, max: 2.002 ms, count: 15000)
[07/28/26 14:29:45.584840] [debug] [03:30:11.715002] [ControlManager] Control Manager Loop Stat (avg: 2.000 ms, min: 1.997 ms, max: 2.003 ms, count: 15000)
[07/28/26 14:30:15.431850] [debug] [03:30:41.562002] [Hardware] Hardware Loop Stat (avg: 2.000 ms, min: 1.999 ms, max: 2.001 ms, count: 15000)
[07/28/26 14:30:15.584840] [debug] [03:30:41.715002] [ControlManager] Control Manager Loop Stat (avg: 2.000 ms, min: 1.998 ms, max: 2.002 ms, count: 15000)
[07/28/26 14:30:37.680509] [debug] [03:31:03.810661] [Service] Server method called: /rb.api.RobotInfoService/GetRobotModel
[07/28/26 14:30:37.680546] [debug] [03:31:03.810711] [Service::RobotInfoService::GetRobotModel] Requested: request_header { request_timestamp { seconds: 1785216584 nanos: 308537455 } }
[07/28/26 14:30:37.683919] [debug] [03:31:03.814078] [Service] Server method called: /rb.api.RobotStateService/GetRobotStateStream
[07/28/26 14:30:37.683949] [debug] [03:31:03.814112] [Service::RobotStateService::GetRobotStateStream] Requested: request_header { request_timestamp { seconds: 1785216584 nanos: 312279979 } } update_rate: 100
[07/28/26 14:30:45.419527] [debug] [03:31:11.549679] [Service] Server method called: /rb.api.RobotInfoService/GetRobotInfo
[07/28/26 14:30:45.419562] [debug] [03:31:11.549725] [Service::RobotInfoService::GetRobotInfo] Requested: request_header { request_timestamp { seconds: 1785216592 nanos: 47811255 } }
[07/28/26 14:30:45.420659] [debug] [03:31:11.550820] [Service] Server method called: /rb.api.RobotStateService/GetRobotState
[07/28/26 14:30:45.420679] [debug] [03:31:11.550843] [Service::RobotStateService::GetRobotState] Requested: request_header { request_timestamp { seconds: 1785216592 nanos: 49011622 } }
[07/28/26 14:30:45.421956] [debug] [03:31:11.552118] [Service] Server method called: /rb.api.RobotInfoService/GetRobotInfo
[07/28/26 14:30:45.421970] [debug] [03:31:11.552135] [Service::RobotInfoService::GetRobotInfo] Requested: request_header { request_timestamp { seconds: 1785216592 nanos: 50354858 } }
[07/28/26 14:30:45.423229] [debug] [03:31:11.553386] [Service] Server method called: /rb.api.RobotStateService/GetRobotState
[07/28/26 14:30:45.423251] [debug] [03:31:11.553416] [Service::RobotStateService::GetRobotState] Requested: request_header { request_timestamp { seconds: 1785216592 nanos: 51577893 } }
[07/28/26 14:30:45.424512] [debug] [03:31:11.554673] [Service] Server method called: /rb.api.RobotStateService/GetControlManagerState
[07/28/26 14:30:45.424531] [debug] [03:31:11.554695] [Service::RobotStateService::GetControlManagerState] Requested: request_header { request_timestamp { seconds: 1785216592 nanos: 52855489 } }
[07/28/26 14:30:45.425598] [debug] [03:31:11.555760] [Service] Server method called: /rb.api.RobotInfoService/GetRobotInfo
[07/28/26 14:30:45.425611] [debug] [03:31:11.555776] [Service::RobotInfoService::GetRobotInfo] Requested: request_header { request_timestamp { seconds: 1785216592 nanos: 53986356 } }
[07/28/26 14:30:45.426605] [debug] [03:31:11.556766] [Service] Server method called: /rb.api.RobotStateService/GetRobotState
[07/28/26 14:30:45.426621] [debug] [03:31:11.556786] [Service::RobotStateService::GetRobotState] Requested: request_header { request_timestamp { seconds: 1785216592 nanos: 55063297 } }
[07/28/26 14:30:45.427758] [debug] [03:31:11.557919] [Service] Server method called: /rb.api.RobotStateService/GetRobotState
[07/28/26 14:30:45.427775] [debug] [03:31:11.557940] [Service::RobotStateService::GetRobotState] Requested: request_header { request_timestamp { seconds: 1785216592 nanos: 56216575 } }
[07/28/26 14:30:45.428669] [debug] [03:31:11.558831] [Service] Server method called: /rb.api.RobotInfoService/GetRobotInfo
[07/28/26 14:30:45.428682] [debug] [03:31:11.558846] [Service::RobotInfoService::GetRobotInfo] Requested: request_header { request_timestamp { seconds: 1785216592 nanos: 57136041 } }
[07/28/26 14:30:45.429636] [debug] [03:31:11.559798] [Service] Server method called: /rb.api.ControlManagerService/ControlManagerCommand
[07/28/26 14:30:45.429655] [debug] [03:31:11.559819] [Service::ControlManagerService::ControlManagerCommand] Requested: request_header { request_timestamp { seconds: 1785216592 nanos: 58118055 } } command: COMMAND_ENABLE unlimited_mode_enabled { }
[07/28/26 14:30:45.429658] [info] [03:31:11.559823] [ControlManager::Enable] Enable request received. Starting the enabling process...
[07/28/26 14:30:45.430850] [info] [03:31:11.561015] [ControlManager::Enable] Control Manager successfully enabled
[07/28/26 14:30:45.431507] [debug] [03:31:11.561669] [Service] Server method called: /rb.api.ParameterService/SetParameter
[07/28/26 14:30:45.431527] [debug] [03:31:11.561691] [Service::ParameterService::SetParameter] Requested: request_header { request_timestamp { seconds: 1785216592 nanos: 60005527 } } name: "cartesian_command.cutoff_frequency" parameter: "{\"value\":5,\"write_db\":true}"
[07/28/26 14:30:45.431845] [debug] [03:31:11.562003] [Hardware] Hardware Loop Stat (avg: 2.000 ms, min: 1.998 ms, max: 2.002 ms, count: 15000)
[07/28/26 14:30:45.432845] [error] [03:31:11.563008] [ControlManager] Joint 5 torso_1 TEMPERATURE ERROR
[07/28/26 14:30:45.432858] [info] [03:31:11.563023] [ControlManager] Control Manager state changed to 'MajorFault'.
[07/28/26 14:30:45.432861] [error] [03:31:11.563027] [ControlManager] Major Fault Reaction Started...
[07/28/26 14:30:45.432874] [error] [03:31:11.563040] [ControlManager] Motor Error Occurred
[07/28/26 14:30:45.432883] [info] [03:31:11.563046] [Hardware::ExecutePowerCommand] Started: device name = 48v|.*, command = PowerOff
[07/28/26 14:30:45.441929] [debug] [03:31:11.572092] [Service] Server method called: /rb.api.ParameterService/SetParameter
[07/28/26 14:30:45.441946] [debug] [03:31:11.572111] [Service::ParameterService::SetParameter] Requested: request_header { request_timestamp { seconds: 1785216592 nanos: 70438820 } } name: "default.acceleration_limit_scaling" parameter: "{\"value\":1.0,\"write_db\":true}"
[07/28/26 14:30:45.447971] [debug] [03:31:11.578133] [Service] Server method called: /rb.api.ParameterService/SetParameter
[07/28/26 14:30:45.447988] [debug] [03:31:11.578152] [Service::ParameterService::SetParameter] Requested: request_header { request_timestamp { seconds: 1785216592 nanos: 76442597 } } name: "default.angular_acceleration_limit" parameter: "{\"value\":10,\"write_db\":true}"
[07/28/26 14:30:45.453617] [debug] [03:31:11.583778] [Service] Server method called: /rb.api.ParameterService/SetParameter
[07/28/26 14:30:45.453664] [debug] [03:31:11.583827] [Service::ParameterService::SetParameter] Requested: request_header { request_timestamp { seconds: 1785216592 nanos: 82132439 } } name: "default.linear_acceleration_limit" parameter: "{\"value\":20,\"write_db\":true}"
[07/28/26 14:30:45.459767] [debug] [03:31:11.589927] [Service] Server method called: /rb.api.ParameterService/SetParameter
[07/28/26 14:30:45.459784] [debug] [03:31:11.589948] [Service::ParameterService::SetParameter] Requested: request_header { request_timestamp { seconds: 1785216592 nanos: 88336962 } } name: "joint_position_command.cutoff_frequency" parameter: "{\"value\":5,\"write_db\":true}"
[07/28/26 14:30:45.465876] [debug] [03:31:11.596037] [Service] Server method called: /rb.api.ParameterService/SetParameter
[07/28/26 14:30:45.465893] [debug] [03:31:11.596057] [Service::ParameterService::SetParameter] Requested: request_header { request_timestamp { seconds: 1785216592 nanos: 94415677 } } name: "manipulability_threshold" parameter: "{\"value\":1e4,\"write_db\":true}"
[07/28/26 14:30:45.472215] [debug] [03:31:11.602375] [Service] Server method called: /rb.api.RobotCommandService/RobotCommand
[07/28/26 14:30:45.472286] [debug] [03:31:11.602448] [Service::RobotCommandService::RobotCommand] Requested: robot_command { component_based_command { body_command { joint_position_command { command_header { control_hold_time { seconds: 1 } } minimum_time { nanos: 500000000 } position: 0.001059358019356668 position: 1.2362821995356763 position: -1.5457666204737528 position: 0.80997223186080447 position: 0.0024300685748683427 position: 0.21603309630579565 position: -0.065490348092701836 position: -0.29234484352095808 position: -0.19113248737769162 positi... [truncated]
[07/28/26 14:30:45.472289] [debug] [03:31:11.602455] [Service::RobotCommandService::RobotCommand]   Peer: ipv4:192.168.30.230:44060
[07/28/26 14:30:45.472442] [debug] [03:31:11.602606] [Service::RobotCommandService::RobotCommand]   IP: 192.168.30.230, Family: ipv4
[07/28/26 14:30:45.474845] [error] [03:31:11.605010] [ControlManager::SetControl] Control activation aborted: Control manager is in Fault state. It must be in Enabled state
[07/28/26 14:30:45.476876] [warning] [03:31:11.607039] [ControlInterface] Control was not executed due to a fault in the Control Manager.
[07/28/26 14:30:45.477821] [debug] [03:31:11.607983] [Service] Server method called: /rb.api.ControlManagerService/ControlManagerCommand
[07/28/26 14:30:45.477837] [debug] [03:31:11.608002] [Service::ControlManagerService::ControlManagerCommand] Requested: request_header { request_timestamp { seconds: 1785216592 nanos: 106319617 } } command: COMMAND_DISABLE
[07/28/26 14:30:45.477841] [info] [03:31:11.608006] [ControlManager::Disable] Disable request received. Starting the disabling process...
[07/28/26 14:30:45.478842] [warning] [03:31:11.609007] [ControlManager::Disable] Disable operation aborted: Control manager is not in the 'Enabled' state
[07/28/26 14:30:45.478851] [error] [03:31:11.609016] [ControlManager::Disable] Failed to disable Control Manager
[07/28/26 14:30:45.531629] [debug] [03:31:11.661791] [Service] Server method called: /rb.api.RobotInfoService/GetRobotInfo
[07/28/26 14:30:45.531645] [debug] [03:31:11.661809] [Service::RobotInfoService::GetRobotInfo] Requested: request_header { request_timestamp { seconds: 1785216592 nanos: 160084541 } }
[07/28/26 14:30:45.532245] [debug] [03:31:11.662407] [Service] Server method called: /rb.api.RobotStateService/GetRobotState
[07/28/26 14:30:45.532260] [debug] [03:31:11.662424] [Service::RobotStateService::GetRobotState] Requested: request_header { request_timestamp { seconds: 1785216592 nanos: 160801112 } }
[07/28/26 14:30:45.532944] [debug] [03:31:11.663107] [Service] Server method called: /rb.api.PowerService/PowerCommand
[07/28/26 14:30:45.532961] [debug] [03:31:11.663125] [Service::PowerService::PowerCommand] Requested: request_header { request_timestamp { seconds: 1785216592 nanos: 161488505 } } name: ".*" command: COMMAND_POWER_ON
[07/28/26 14:30:45.584840] [debug] [03:31:11.715002] [ControlManager] Control Manager Loop Stat (avg: 2.000 ms, min: 1.999 ms, max: 2.002 ms, count: 15000)
[07/28/26 14:30:45.684029] [info] [03:31:11.814187] [Hardware::ExecutePowerCommand] Power command succeeded
[07/28/26 14:30:45.684043] [info] [03:31:11.814206] [Hardware::ExecutePowerCommand] Started: device name = .*, command = PowerOn
[07/28/26 14:30:46.835031] [error] [03:31:12.965183] [RobotApp] Robot states have been saved: [logs/fault-2026-07-28_14-30-46-697.csv]
[07/28/26 14:30:46.944020] [error] [03:31:13.074175] [Hardware::ExecutePowerCommand] EMO Error: Please check EMO Switch
[07/28/26 14:30:46.944041] [error] [03:31:13.074198] [Hardware::ExecutePowerCommand] Timeout: Power command failed - unmatched power states: 48v
[07/28/26 14:30:46.944048] [debug] [03:31:13.074213] [Service::PowerService::PowerCommand] Result: Failed
[07/28/26 14:30:53.220603] [debug] [03:31:19.350744] [Service] Server method called: /rb.api.RobotInfoService/GetRobotInfo
[07/28/26 14:30:53.220637] [debug] [03:31:19.350801] [Service::RobotInfoService::GetRobotInfo] Requested: request_header { request_timestamp { seconds: 1785216599 nanos: 848824334 } }
[07/28/26 14:30:53.221320] [debug] [03:31:19.351482] [Service] Server method called: /rb.api.RobotStateService/GetRobotState
[07/28/26 14:30:53.221340] [debug] [03:31:19.351505] [Service::RobotStateService::GetRobotState] Requested: request_header { request_timestamp { seconds: 1785216599 nanos: 849713711 } }
[07/28/26 14:30:53.222220] [debug] [03:31:19.352378] [Service] Server method called: /rb.api.PowerService/PowerCommand
[07/28/26 14:30:53.222282] [debug] [03:31:19.352445] [Service::PowerService::PowerCommand] Requested: request_header { request_timestamp { seconds: 1785216599 nanos: 850334595 } } name: ".*" command: COMMAND_POWER_ON
[07/28/26 14:30:53.222287] [info] [03:31:19.352452] [Hardware::ExecutePowerCommand] Started: device name = .*, command = PowerOn
[07/28/26 14:30:53.678029] [info] [03:31:19.808187] [Hardware::ExecutePowerCommand] Power command succeeded
[07/28/26 14:30:53.678038] [debug] [03:31:19.808202] [Service::PowerService::PowerCommand] Result: Success
[07/28/26 14:30:53.679474] [debug] [03:31:19.809633] [Service] Server method called: /rb.api.RobotInfoService/GetRobotInfo
[07/28/26 14:30:53.679497] [debug] [03:31:19.809662] [Service::RobotInfoService::GetRobotInfo] Requested: request_header { request_timestamp { seconds: 1785216600 nanos: 307609236 } }
[07/28/26 14:30:53.680745] [debug] [03:31:19.810907] [Service] Server method called: /rb.api.RobotStateService/GetRobotState
[07/28/26 14:30:53.680763] [debug] [03:31:19.810927] [Service::RobotStateService::GetRobotState] Requested: request_header { request_timestamp { seconds: 1785216600 nanos: 309009192 } }
[07/28/26 14:30:53.682043] [debug] [03:31:19.812205] [Service] Server method called: /rb.api.PowerService/JointCommand
[07/28/26 14:30:53.682062] [debug] [03:31:19.812226] [Service::PowerService::JointCommand] Requested: request_header { request_timestamp { seconds: 1785216600 nanos: 310275095 } } name: ".*" command: COMMAND_SERVO_ON
[07/28/26 14:30:56.634030] [debug] [03:31:22.764184] [Service::PowerService::JointCommand] Result: Success
[07/28/26 14:30:56.635643] [debug] [03:31:22.765790] [Service] Server method called: /rb.api.RobotStateService/GetControlManagerState
[07/28/26 14:30:56.635677] [debug] [03:31:22.765841] [Service::RobotStateService::GetControlManagerState] Requested: request_header { request_timestamp { seconds: 1785216603 nanos: 263570554 } }
[07/28/26 14:30:56.636699] [debug] [03:31:22.766859] [Service] Server method called: /rb.api.ControlManagerService/ControlManagerCommand
[07/28/26 14:30:56.636725] [debug] [03:31:22.766889] [Service::ControlManagerService::ControlManagerCommand] Requested: request_header { request_timestamp { seconds: 1785216603 nanos: 264795454 } } command: COMMAND_RESET_FAULT
[07/28/26 14:30:56.636729] [info] [03:31:22.766894] [ControlManager::ResetFault] Reset fault request received. Starting the process...
[07/28/26 14:30:56.636849] [info] [03:31:22.767013] [ControlManager::ResetFault] Control Manager successfully reset
[07/28/26 14:30:56.637720] [debug] [03:31:22.767882] [Service] Server method called: /rb.api.RobotInfoService/GetRobotInfo
[07/28/26 14:30:56.637738] [debug] [03:31:22.767903] [Service::RobotInfoService::GetRobotInfo] Requested: request_header { request_timestamp { seconds: 1785216603 nanos: 265927630 } }
[07/28/26 14:30:56.638865] [debug] [03:31:22.769026] [Service] Server method called: /rb.api.RobotStateService/GetRobotState
[07/28/26 14:30:56.638885] [debug] [03:31:22.769050] [Service::RobotStateService::GetRobotState] Requested: request_header { request_timestamp { seconds: 1785216603 nanos: 267056666 } }
[07/28/26 14:30:56.639909] [debug] [03:31:22.770071] [Service] Server method called: /rb.api.RobotStateService/GetRobotState
[07/28/26 14:30:56.639925] [debug] [03:31:22.770089] [Service::RobotStateService::GetRobotState] Requested: request_header { request_timestamp { seconds: 1785216603 nanos: 268135938 } }
[07/28/26 14:30:56.640993] [debug] [03:31:22.771154] [Service] Server method called: /rb.api.RobotInfoService/GetRobotInfo
[07/28/26 14:30:56.641009] [debug] [03:31:22.771174] [Service::RobotInfoService::GetRobotInfo] Requested: request_header { request_timestamp { seconds: 1785216603 nanos: 269215843 } }
[07/28/26 14:30:56.642194] [debug] [03:31:22.772357] [Service] Server method called: /rb.api.ControlManagerService/ControlManagerCommand
[07/28/26 14:30:56.642212] [debug] [03:31:22.772376] [Service::ControlManagerService::ControlManagerCommand] Requested: request_header { request_timestamp { seconds: 1785216603 nanos: 270415483 } } command: COMMAND_ENABLE unlimited_mode_enabled { }
[07/28/26 14:30:56.642215] [info] [03:31:22.772380] [ControlManager::Enable] Enable request received. Starting the enabling process...
[07/28/26 14:30:56.642851] [info] [03:31:22.773016] [ControlManager::Enable] Control Manager successfully enabled
[07/28/26 14:30:56.643784] [debug] [03:31:22.773947] [Service] Server method called: /rb.api.ParameterService/SetParameter
[07/28/26 14:30:56.643802] [debug] [03:31:22.773966] [Service::ParameterService::SetParameter] Requested: request_header { request_timestamp { seconds: 1785216603 nanos: 272006166 } } name: "cartesian_command.cutoff_frequency" parameter: "{\"value\":5,\"write_db\":true}"
[07/28/26 14:30:56.656207] [debug] [03:31:22.786368] [Service] Server method called: /rb.api.ParameterService/SetParameter
[07/28/26 14:30:56.656241] [debug] [03:31:22.786405] [Service::ParameterService::SetParameter] Requested: request_header { request_timestamp { seconds: 1785216603 nanos: 284484738 } } name: "default.acceleration_limit_scaling" parameter: "{\"value\":1.0,\"write_db\":true}"
[07/28/26 14:30:56.661985] [debug] [03:31:22.792145] [Service] Server method called: /rb.api.ParameterService/SetParameter
[07/28/26 14:30:56.662005] [debug] [03:31:22.792169] [Service::ParameterService::SetParameter] Requested: request_header { request_timestamp { seconds: 1785216603 nanos: 290300619 } } name: "default.angular_acceleration_limit" parameter: "{\"value\":10,\"write_db\":true}"
[07/28/26 14:30:56.668467] [debug] [03:31:22.798626] [Service] Server method called: /rb.api.ParameterService/SetParameter
[07/28/26 14:30:56.668485] [debug] [03:31:22.798649] [Service::ParameterService::SetParameter] Requested: request_header { request_timestamp { seconds: 1785216603 nanos: 296744003 } } name: "default.linear_acceleration_limit" parameter: "{\"value\":20,\"write_db\":true}"
[07/28/26 14:30:56.674208] [debug] [03:31:22.804369] [Service] Server method called: /rb.api.ParameterService/SetParameter
[07/28/26 14:30:56.674228] [debug] [03:31:22.804392] [Service::ParameterService::SetParameter] Requested: request_header { request_timestamp { seconds: 1785216603 nanos: 302488457 } } name: "joint_position_command.cutoff_frequency" parameter: "{\"value\":5,\"write_db\":true}"
[07/28/26 14:30:56.680155] [debug] [03:31:22.810315] [Service] Server method called: /rb.api.ParameterService/SetParameter
[07/28/26 14:30:56.680173] [debug] [03:31:22.810338] [Service::ParameterService::SetParameter] Requested: request_header { request_timestamp { seconds: 1785216603 nanos: 308437250 } } name: "manipulability_threshold" parameter: "{\"value\":1e4,\"write_db\":true}"
[07/28/26 14:30:56.686209] [debug] [03:31:22.816368] [Service] Server method called: /rb.api.RobotCommandService/RobotCommand
[07/28/26 14:30:56.686283] [debug] [03:31:22.816446] [Service::RobotCommandService::RobotCommand] Requested: robot_command { component_based_command { body_command { joint_position_command { command_header { control_hold_time { seconds: 1 } } minimum_time { nanos: 500000000 } position: 0.0055132180792325522 position: 1.2612853269817828 position: -1.5526391581620522 position: 0.82932165288819359 position: 0.005695473222347678 position: 0.21744937064708611 position: -0.058416570350546017 position: -0.29157025916271878 position: -0.1868077247108556 positio... [truncated]
[07/28/26 14:30:56.686287] [debug] [03:31:22.816452] [Service::RobotCommandService::RobotCommand]   Peer: ipv4:192.168.30.230:44060
[07/28/26 14:30:56.686441] [debug] [03:31:22.816605] [Service::RobotCommandService::RobotCommand]   IP: 192.168.30.230, Family: ipv4
[07/28/26 14:30:56.690884] [info] [03:31:22.821045] [ControlManager] Control started: {"type":"RobotCommand","control":{"type":"ComponentBasedCommand","components":{"mobility":null,"body":{"type":"BodyCommand","control":{"type":"JointPositionCommand","control":{"type":"JointPositionControl"}}},"head":{"type":"HeadCommand","control":{"type":"JointPositionCommand","control":{"type":"JointPositionControl"}}}}}} (priority: 1)
[07/28/26 14:30:58.448882] [debug] [03:31:24.579039] [ControlManager] Control finished: {"type":"RobotCommand","control":{"type":"ComponentBasedCommand","components":{"mobility":null,"body":{"type":"BodyCommand","control":{"type":"JointPositionCommand","control":{"type":"JointPositionControl"}}},"head":{"type":"HeadCommand","control":{"type":"JointPositionCommand","control":{"type":"JointPositionControl"}}}}}}
[07/28/26 14:30:58.448940] [info] [03:31:24.579099] [ControlInterface] Control completed successfully.
[07/28/26 14:30:58.448951] [debug] [03:31:24.579109] [ControlInterface::ExecutionStats] Average Control Time: 0.001 ms (max: 0.030 ms, min: 0.001 ms, sigma: 0.001 ms, count: 880)
[07/28/26 14:30:58.450423] [debug] [03:31:24.580582] [Service] Server method called: /rb.api.PowerService/ToolFlangePowerCommand
[07/28/26 14:30:58.450456] [debug] [03:31:24.580620] [Service::PowerService::ToolFlangePowerCommand] Requested: request_header { request_timestamp { seconds: 1785216605 nanos: 78316752 } } name: "right" command: COMMAND_POWER_12V
[07/28/26 14:30:58.450461] [debug] [03:31:24.580626] [Service::PowerService::ToolFlangePowerCommand] Result: Success
[07/28/26 14:30:58.451333] [debug] [03:31:24.581496] [Service] Server method called: /rb.api.PowerService/ToolFlangePowerCommand
[07/28/26 14:30:58.451349] [debug] [03:31:24.581513] [Service::PowerService::ToolFlangePowerCommand] Requested: request_header { request_timestamp { seconds: 1785216605 nanos: 79497179 } } name: "left" command: COMMAND_POWER_12V
[07/28/26 14:30:58.451353] [debug] [03:31:24.581518] [Service::PowerService::ToolFlangePowerCommand] Result: Success
[07/28/26 14:31:09.637688] [debug] [03:31:35.767840] [Service] Server method called: /rb.api.RobotCommandService/RobotCommand
[07/28/26 14:31:09.637760] [debug] [03:31:35.767922] [Service::RobotCommandService::RobotCommand] Requested: robot_command { component_based_command { body_command { joint_position_command { command_header { control_hold_time { seconds: 1 } } minimum_time { seconds: 4 } position: 0 position: 0.78539816339744828 position: -1.3962634015954636 position: 0.78539816339744828 position: 0 position: 0 position: 0 position: -0.26179938779914941 position: 0 position: -2.0943951023931953 position: 0 position: 0.52359877559829882 position: 0 position: 0 position: 0... [truncated]
[07/28/26 14:31:09.637764] [debug] [03:31:35.767929] [Service::RobotCommandService::RobotCommand]   Peer: ipv4:192.168.30.230:44060
[07/28/26 14:31:09.637950] [debug] [03:31:35.768113] [Service::RobotCommandService::RobotCommand]   IP: 192.168.30.230, Family: ipv4
[07/28/26 14:31:09.642874] [info] [03:31:35.773033] [ControlManager] Control started: {"type":"RobotCommand","control":{"type":"ComponentBasedCommand","components":{"mobility":null,"body":{"type":"BodyCommand","control":{"type":"JointPositionCommand","control":{"type":"JointPositionControl"}}},"head":{"type":"HeadCommand","control":{"type":"JointPositionCommand","control":{"type":"JointPositionControl"}}}}}} (priority: 1)
[07/28/26 14:31:14.900882] [debug] [03:31:41.031038] [ControlManager] Control finished: {"type":"RobotCommand","control":{"type":"ComponentBasedCommand","components":{"mobility":null,"body":{"type":"BodyCommand","control":{"type":"JointPositionCommand","control":{"type":"JointPositionControl"}}},"head":{"type":"HeadCommand","control":{"type":"JointPositionCommand","control":{"type":"JointPositionControl"}}}}}}
[07/28/26 14:31:14.900943] [info] [03:31:41.031101] [ControlInterface] Control completed successfully.
[07/28/26 14:31:14.900952] [debug] [03:31:41.031112] [ControlInterface::ExecutionStats] Average Control Time: 0.001 ms (max: 0.025 ms, min: 0.001 ms, sigma: 0.000 ms, count: 2630)
[07/28/26 14:31:14.901678] [debug] [03:31:41.031837] [Service] Server method called: /rb.api.RobotCommandService/RobotCommandStream
[07/28/26 14:31:14.901692] [debug] [03:31:41.031856] [Service::RobotCommandService::RobotCommandStream] Stream is created
[07/28/26 14:31:14.932910] [debug] [03:31:41.063068] [Service::RobotCommandService::RobotCommandStream] Requested: robot_command { component_based_command { mobility_command { se2_velocity_command { command_header { control_hold_time { seconds: 1 } } minimum_time { nanos: 10100000 } velocity { linear { } } acceleration_limit { linear { x: 1 y: 1 } angular: 1 } } } body_command { body_component_based_command { right_arm_command { joint_impedance_control_command { command_header { control_hold_time { seconds: 1 } } minimum_time { nanos: 10100000 } position: 9.4... [truncated]
[07/28/26 14:31:14.932917] [debug] [03:31:41.063082] [Service::RobotCommandService::RobotCommandStream]   Peer: ipv4:192.168.30.230:44060
[07/28/26 14:31:14.933081] [debug] [03:31:41.063245] [Service::RobotCommandService::RobotCommandStream]   IP: 192.168.30.230, Family: ipv4
[07/28/26 14:31:14.938893] [info] [03:31:41.069054] [ControlManager] Control started: {"type":"RobotCommand","control":{"type":"ComponentBasedCommand","components":{"mobility":{"type":"MobilityCommand","control":{"type":"SE2VelocityCommand","control":{"type":"MobilitySE2VelocityControl"}}},"body":{"type":"BodyCommand","control":{"type":"BodyComponentBasedCommand","components":{"torso":{"type":"TorsoCommand","control":{"type":"JointImpedanceControlCommand","control":{"type":"JointImpedanceControl"}}},"right_arm":{"type":"ArmCommand","control":{"type":"JointImpedanceControlCommand","control":{"type":"JointImpedanceControl"}}},"left_arm":{"type":"ArmCommand","control":{"type":"JointImpedanceControlCommand","control":{"type":"JointImpedanceControl"}}}}}},"head":{"type":"HeadCommand","control":{"type":"JointPositionCommand","control":{"type":"JointPositionControl"}}}}}} (priority: 1)
[07/28/26 14:31:15.431851] [debug] [03:31:41.562003] [Hardware] Hardware Loop Stat (avg: 2.000 ms, min: 1.998 ms, max: 2.002 ms, count: 15000)
[07/28/26 14:31:15.584844] [debug] [03:31:41.715002] [ControlManager] Control Manager Loop Stat (avg: 2.000 ms, min: 1.997 ms, max: 2.003 ms, count: 15000)
[07/28/26 14:31:24.937222] [debug] [03:31:51.067369] [ControlInterface::ExecutionStats] Average Control Time: 0.349 ms (max: 0.479 ms, min: 0.326 ms, sigma: 0.009 ms, count: 5000)
[07/28/26 14:31:34.937227] [debug] [03:32:01.067377] [ControlInterface::ExecutionStats] Average Control Time: 0.352 ms (max: 0.396 ms, min: 0.328 ms, sigma: 0.009 ms, count: 5000)
[07/28/26 14:31:44.937233] [debug] [03:32:11.067383] [ControlInterface::ExecutionStats] Average Control Time: 0.351 ms (max: 0.388 ms, min: 0.325 ms, sigma: 0.010 ms, count: 5000)
[07/28/26 14:31:45.431846] [debug] [03:32:11.562002] [Hardware] Hardware Loop Stat (avg: 2.000 ms, min: 1.999 ms, max: 2.001 ms, count: 15000)
[07/28/26 14:31:45.584844] [debug] [03:32:11.715003] [ControlManager] Control Manager Loop Stat (avg: 2.000 ms, min: 1.998 ms, max: 2.002 ms, count: 15000)
[07/28/26 14:31:46.106105] [debug] [03:32:12.236255] [Service] Server method called: /rb.api.RobotCommandService/RobotCommand
[07/28/26 14:31:46.106137] [debug] [03:32:12.236301] [Service::RobotCommandService::RobotCommand] Requested: robot_command { whole_body_command { stop_command { } } } priority: 99
[07/28/26 14:31:46.106141] [debug] [03:32:12.236307] [Service::RobotCommandService::RobotCommand]   Peer: ipv4:192.168.30.230:44060
[07/28/26 14:31:46.106308] [debug] [03:32:12.236471] [Service::RobotCommandService::RobotCommand]   IP: 192.168.30.230, Family: ipv4
[07/28/26 14:31:46.209265] [debug] [03:32:12.339419] [ControlManager] Control finished: {"type":"RobotCommand","control":{"type":"ComponentBasedCommand","components":{"mobility":{"type":"MobilityCommand","control":{"type":"SE2VelocityCommand","control":{"type":"MobilitySE2VelocityControl"}}},"body":{"type":"BodyCommand","control":{"type":"BodyComponentBasedCommand","components":{"torso":{"type":"TorsoCommand","control":{"type":"JointImpedanceControlCommand","control":{"type":"JointImpedanceControl"}}},"right_arm":{"type":"ArmCommand","control":{"type":"JointImpedanceControlCommand","control":{"type":"JointImpedanceControl"}}},"left_arm":{"type":"ArmCommand","control":{"type":"JointImpedanceControlCommand","control":{"type":"JointImpedanceControl"}}}}}},"head":{"type":"HeadCommand","control":{"type":"JointPositionCommand","control":{"type":"JointPositionControl"}}}}}}
[07/28/26 14:31:46.209369] [debug] [03:32:12.339527] [Service::RobotCommandService::RobotCommandStream] OnReadDone (write_done: true, read_done: true)
[07/28/26 14:31:46.209387] [debug] [03:32:12.339546] [Service::RobotCommandService::RobotCommandStream] OnCancel
[07/28/26 14:31:46.209471] [info] [03:32:12.339632] [ControlInterface] Control was preempted or canceled by another request.
[07/28/26 14:31:46.209481] [debug] [03:32:12.339640] [ControlInterface::ExecutionStats] Average Control Time: 0.345 ms (max: 0.377 ms, min: 0.322 ms, sigma: 0.009 ms, count: 636)
[07/28/26 14:31:46.209532] [debug] [03:32:12.339696] [Service::RobotCommandService::RobotCommandStream] OnDone: robot_command { component_based_command { mobility_command { se2_velocity_command { command_header { control_hold_time { seconds: 1 } } minimum_time { nanos: 10100000 } velocity { linear { } } acceleration_limit { linear { x: 1 y: 1 } angular: 1 } } } body_command { body_component_based_command { right_arm_command { joint_impedance_control_command { command_header { control_hold_time { seconds: 1 } } minimum_time { nanos: 10100000 } position: 0.0... [truncated]
[07/28/26 14:31:46.210853] [info] [03:32:12.341017] [ControlManager] Control started: {"type":"RobotCommand","control":{"type":"WholeBodyCommand","control":{"type":"StopControl","control":{"type":"JointVelocityControl"}}}} (priority: 99)
[07/28/26 14:31:46.210872] [debug] [03:32:12.341038] [ControlManager] Control finished: {"type":"RobotCommand","control":{"type":"WholeBodyCommand","control":{"type":"StopControl","control":{"type":"JointVelocityControl"}}}}
[07/28/26 14:31:46.210910] [info] [03:32:12.341074] [ControlInterface] Control completed successfully.
[07/28/26 14:31:46.210916] [debug] [03:32:12.341078] [ControlInterface::ExecutionStats] Average Control Time: 0.006 ms (max: 0.006 ms, min: 0.006 ms, sigma: 0.000 ms, count: 1)
[07/28/26 14:31:46.212658] [debug] [03:32:12.342819] [Service] Server method called: /rb.api.ControlManagerService/ControlManagerCommand
[07/28/26 14:31:46.212840] [debug] [03:32:12.343003] [Service::ControlManagerService::ControlManagerCommand] Requested: request_header { request_timestamp { seconds: 1785216652 nanos: 839704660 } } command: COMMAND_DISABLE
[07/28/26 14:31:46.213006] [info] [03:32:12.343170] [ControlManager::Disable] Disable request received. Starting the disabling process...
[07/28/26 14:31:46.214856] [info] [03:32:12.345019] [ControlManager::Disable] Control Manager successfully disabled
[07/28/26 14:32:10.201250] [debug] [03:32:36.331393] [Service] Server method called: /rb.api.RobotInfoService/GetRobotModel
[07/28/26 14:32:10.201288] [debug] [03:32:36.331451] [Service::RobotInfoService::GetRobotModel] Requested: request_header { request_timestamp { seconds: 1785216676 nanos: 827569602 } }
[07/28/26 14:32:10.204554] [debug] [03:32:36.334714] [Service] Server method called: /rb.api.RobotStateService/GetRobotStateStream
[07/28/26 14:32:10.204585] [debug] [03:32:36.334747] [Service::RobotStateService::GetRobotStateStream] Requested: request_header { request_timestamp { seconds: 1785216676 nanos: 831143589 } } update_rate: 100
[07/28/26 14:32:14.018149] [debug] [03:32:40.148300] [Service] Server method called: /rb.api.RobotInfoService/GetRobotInfo
[07/28/26 14:32:14.018182] [debug] [03:32:40.148347] [Service::RobotInfoService::GetRobotInfo] Requested: request_header { request_timestamp { seconds: 1785216680 nanos: 644676089 } }
[07/28/26 14:32:14.019233] [debug] [03:32:40.149392] [Service] Server method called: /rb.api.RobotStateService/GetRobotState
[07/28/26 14:32:14.019254] [debug] [03:32:40.149418] [Service::RobotStateService::GetRobotState] Requested: request_header { request_timestamp { seconds: 1785216680 nanos: 645915359 } }
[07/28/26 14:32:14.020248] [debug] [03:32:40.150408] [Service] Server method called: /rb.api.RobotInfoService/GetRobotInfo
[07/28/26 14:32:14.020262] [debug] [03:32:40.150428] [Service::RobotInfoService::GetRobotInfo] Requested: request_header { request_timestamp { seconds: 1785216680 nanos: 646990810 } }
[07/28/26 14:32:14.021042] [debug] [03:32:40.151207] [Service] Server method called: /rb.api.RobotStateService/GetRobotState
[07/28/26 14:32:14.021052] [debug] [03:32:40.151218] [Service::RobotStateService::GetRobotState] Requested: request_header { request_timestamp { seconds: 1785216680 nanos: 647831036 } }
[07/28/26 14:32:14.021906] [debug] [03:32:40.152066] [Service] Server method called: /rb.api.RobotStateService/GetControlManagerState
[07/28/26 14:32:14.021923] [debug] [03:32:40.152087] [Service::RobotStateService::GetControlManagerState] Requested: request_header { request_timestamp { seconds: 1785216680 nanos: 648659513 } }
[07/28/26 14:32:14.022557] [debug] [03:32:40.152718] [Service] Server method called: /rb.api.RobotInfoService/GetRobotInfo
[07/28/26 14:32:14.022571] [debug] [03:32:40.152735] [Service::RobotInfoService::GetRobotInfo] Requested: request_header { request_timestamp { seconds: 1785216680 nanos: 649303885 } }
[07/28/26 14:32:14.023328] [debug] [03:32:40.153491] [Service] Server method called: /rb.api.RobotStateService/GetRobotState
[07/28/26 14:32:14.023341] [debug] [03:32:40.153505] [Service::RobotStateService::GetRobotState] Requested: request_header { request_timestamp { seconds: 1785216680 nanos: 650130168 } }
[07/28/26 14:32:14.023934] [debug] [03:32:40.154099] [Service] Server method called: /rb.api.RobotStateService/GetRobotState
[07/28/26 14:32:14.023942] [debug] [03:32:40.154107] [Service::RobotStateService::GetRobotState] Requested: request_header { request_timestamp { seconds: 1785216680 nanos: 650778667 } }
[07/28/26 14:32:14.024547] [debug] [03:32:40.154708] [Service] Server method called: /rb.api.RobotInfoService/GetRobotInfo
[07/28/26 14:32:14.024563] [debug] [03:32:40.154727] [Service::RobotInfoService::GetRobotInfo] Requested: request_header { request_timestamp { seconds: 1785216680 nanos: 651345246 } }
[07/28/26 14:32:14.025205] [debug] [03:32:40.155368] [Service] Server method called: /rb.api.ControlManagerService/ControlManagerCommand
[07/28/26 14:32:14.025223] [debug] [03:32:40.155387] [Service::ControlManagerService::ControlManagerCommand] Requested: request_header { request_timestamp { seconds: 1785216680 nanos: 652027593 } } command: COMMAND_ENABLE unlimited_mode_enabled { }
[07/28/26 14:32:14.025226] [info] [03:32:40.155391] [ControlManager::Enable] Enable request received. Starting the enabling process...
[07/28/26 14:32:14.026851] [info] [03:32:40.157016] [ControlManager::Enable] Control Manager successfully enabled
[07/28/26 14:32:14.027311] [debug] [03:32:40.157474] [Service] Server method called: /rb.api.ParameterService/SetParameter
[07/28/26 14:32:14.027329] [debug] [03:32:40.157493] [Service::ParameterService::SetParameter] Requested: request_header { request_timestamp { seconds: 1785216680 nanos: 654143709 } } name: "cartesian_command.cutoff_frequency" parameter: "{\"value\":5,\"write_db\":true}"
[07/28/26 14:32:14.036612] [debug] [03:32:40.166772] [Service] Server method called: /rb.api.ParameterService/SetParameter
[07/28/26 14:32:14.036631] [debug] [03:32:40.166795] [Service::ParameterService::SetParameter] Requested: request_header { request_timestamp { seconds: 1785216680 nanos: 663371055 } } name: "default.acceleration_limit_scaling" parameter: "{\"value\":1.0,\"write_db\":true}"
[07/28/26 14:32:14.041483] [debug] [03:32:40.171644] [Service] Server method called: /rb.api.ParameterService/SetParameter
[07/28/26 14:32:14.041499] [debug] [03:32:40.171664] [Service::ParameterService::SetParameter] Requested: request_header { request_timestamp { seconds: 1785216680 nanos: 668254331 } } name: "default.angular_acceleration_limit" parameter: "{\"value\":10,\"write_db\":true}"
[07/28/26 14:32:14.045250] [debug] [03:32:40.175411] [Service] Server method called: /rb.api.ParameterService/SetParameter
[07/28/26 14:32:14.045266] [debug] [03:32:40.175431] [Service::ParameterService::SetParameter] Requested: request_header { request_timestamp { seconds: 1785216680 nanos: 672031143 } } name: "default.linear_acceleration_limit" parameter: "{\"value\":20,\"write_db\":true}"
[07/28/26 14:32:14.049258] [debug] [03:32:40.179418] [Service] Server method called: /rb.api.ParameterService/SetParameter
[07/28/26 14:32:14.049275] [debug] [03:32:40.179439] [Service::ParameterService::SetParameter] Requested: request_header { request_timestamp { seconds: 1785216680 nanos: 676070298 } } name: "joint_position_command.cutoff_frequency" parameter: "{\"value\":5,\"write_db\":true}"
[07/28/26 14:32:14.052948] [debug] [03:32:40.183108] [Service] Server method called: /rb.api.ParameterService/SetParameter
[07/28/26 14:32:14.052966] [debug] [03:32:40.183130] [Service::ParameterService::SetParameter] Requested: request_header { request_timestamp { seconds: 1785216680 nanos: 679773033 } } name: "manipulability_threshold" parameter: "{\"value\":1e4,\"write_db\":true}"
[07/28/26 14:32:14.056522] [debug] [03:32:40.186682] [Service] Server method called: /rb.api.RobotCommandService/RobotCommand
[07/28/26 14:32:14.056592] [debug] [03:32:40.186755] [Service::RobotCommandService::RobotCommand] Requested: robot_command { component_based_command { body_command { joint_position_command { command_header { control_hold_time { seconds: 1 } } minimum_time { nanos: 500000000 } position: -0.0012340191981753301 position: 0.78473369152150774 position: -1.4049631314708735 position: 0.784638766967802 position: 0.00037590123267494674 position: 3.7969821482317854e-05 position: 0.047299006620523353 position: -0.32513178437093954 position: 0.1150257771985337 posi... [truncated]
[07/28/26 14:32:14.056596] [debug] [03:32:40.186761] [Service::RobotCommandService::RobotCommand]   Peer: ipv4:192.168.30.230:36564
[07/28/26 14:32:14.056749] [debug] [03:32:40.186913] [Service::RobotCommandService::RobotCommand]   IP: 192.168.30.230, Family: ipv4
[07/28/26 14:32:14.060878] [info] [03:32:40.191040] [ControlManager] Control started: {"type":"RobotCommand","control":{"type":"ComponentBasedCommand","components":{"mobility":null,"body":{"type":"BodyCommand","control":{"type":"JointPositionCommand","control":{"type":"JointPositionControl"}}},"head":{"type":"HeadCommand","control":{"type":"JointPositionCommand","control":{"type":"JointPositionControl"}}}}}} (priority: 1)
[07/28/26 14:32:15.431848] [debug] [03:32:41.562002] [Hardware] Hardware Loop Stat (avg: 2.000 ms, min: 1.998 ms, max: 2.001 ms, count: 15000)
[07/28/26 14:32:15.584841] [debug] [03:32:41.715002] [ControlManager] Control Manager Loop Stat (avg: 2.000 ms, min: 1.997 ms, max: 2.003 ms, count: 15000)
[07/28/26 14:32:15.818875] [debug] [03:32:41.949038] [ControlManager] Control finished: {"type":"RobotCommand","control":{"type":"ComponentBasedCommand","components":{"mobility":null,"body":{"type":"BodyCommand","control":{"type":"JointPositionCommand","control":{"type":"JointPositionControl"}}},"head":{"type":"HeadCommand","control":{"type":"JointPositionCommand","control":{"type":"JointPositionControl"}}}}}}
[07/28/26 14:32:15.818973] [info] [03:32:41.949133] [ControlInterface] Control completed successfully.
[07/28/26 14:32:15.818980] [debug] [03:32:41.949142] [ControlInterface::ExecutionStats] Average Control Time: 0.001 ms (max: 0.028 ms, min: 0.001 ms, sigma: 0.001 ms, count: 880)
[07/28/26 14:32:15.820481] [debug] [03:32:41.950641] [Service] Server method called: /rb.api.PowerService/ToolFlangePowerCommand
[07/28/26 14:32:15.820510] [debug] [03:32:41.950675] [Service::PowerService::ToolFlangePowerCommand] Requested: request_header { request_timestamp { seconds: 1785216682 nanos: 446979094 } } name: "right" command: COMMAND_POWER_12V
[07/28/26 14:32:15.820515] [debug] [03:32:41.950681] [Service::PowerService::ToolFlangePowerCommand] Result: Success
[07/28/26 14:32:15.821659] [debug] [03:32:41.951821] [Service] Server method called: /rb.api.PowerService/ToolFlangePowerCommand
[07/28/26 14:32:15.821683] [debug] [03:32:41.951848] [Service::PowerService::ToolFlangePowerCommand] Requested: request_header { request_timestamp { seconds: 1785216682 nanos: 448218104 } } name: "left" command: COMMAND_POWER_12V
[07/28/26 14:32:15.821687] [debug] [03:32:41.951853] [Service::PowerService::ToolFlangePowerCommand] Result: Success
[07/28/26 14:32:16.979419] [debug] [03:32:43.109573] [Service] Server method called: /rb.api.RobotCommandService/RobotCommand
[07/28/26 14:32:16.979489] [debug] [03:32:43.109651] [Service::RobotCommandService::RobotCommand] Requested: robot_command { component_based_command { body_command { joint_position_command { command_header { control_hold_time { seconds: 1 } } minimum_time { seconds: 4 } position: 0 position: 0.78539816339744828 position: -1.3962634015954636 position: 0.78539816339744828 position: 0 position: 0 position: 0 position: -0.26179938779914941 position: 0 position: -2.0943951023931953 position: 0 position: 0.52359877559829882 position: 0 position: 0 position: 0... [truncated]
[07/28/26 14:32:16.979493] [debug] [03:32:43.109658] [Service::RobotCommandService::RobotCommand]   Peer: ipv4:192.168.30.230:36564
[07/28/26 14:32:16.979645] [debug] [03:32:43.109809] [Service::RobotCommandService::RobotCommand]   IP: 192.168.30.230, Family: ipv4
[07/28/26 14:32:16.984867] [info] [03:32:43.115027] [ControlManager] Control started: {"type":"RobotCommand","control":{"type":"ComponentBasedCommand","components":{"mobility":null,"body":{"type":"BodyCommand","control":{"type":"JointPositionCommand","control":{"type":"JointPositionControl"}}},"head":{"type":"HeadCommand","control":{"type":"JointPositionCommand","control":{"type":"JointPositionControl"}}}}}} (priority: 1)
[07/28/26 14:32:22.242883] [debug] [03:32:48.373040] [ControlManager] Control finished: {"type":"RobotCommand","control":{"type":"ComponentBasedCommand","components":{"mobility":null,"body":{"type":"BodyCommand","control":{"type":"JointPositionCommand","control":{"type":"JointPositionControl"}}},"head":{"type":"HeadCommand","control":{"type":"JointPositionCommand","control":{"type":"JointPositionControl"}}}}}}
[07/28/26 14:32:22.242942] [info] [03:32:48.373101] [ControlInterface] Control completed successfully.
[07/28/26 14:32:22.242952] [debug] [03:32:48.373110] [ControlInterface::ExecutionStats] Average Control Time: 0.001 ms (max: 0.019 ms, min: 0.001 ms, sigma: 0.000 ms, count: 2630)
[07/28/26 14:32:22.243639] [debug] [03:32:48.373801] [Service] Server method called: /rb.api.RobotCommandService/RobotCommandStream
[07/28/26 14:32:22.243651] [debug] [03:32:48.373816] [Service::RobotCommandService::RobotCommandStream] Stream is created
[07/28/26 14:32:22.274708] [debug] [03:32:48.404852] [Service::RobotCommandService::RobotCommandStream] Requested: robot_command { component_based_command { mobility_command { se2_velocity_command { command_header { control_hold_time { seconds: 1 } } minimum_time { nanos: 10100000 } velocity { linear { } } acceleration_limit { linear { x: 1 y: 1 } angular: 1 } } } body_command { body_component_based_command { right_arm_command { joint_impedance_control_command { command_header { control_hold_time { seconds: 1 } } minimum_time { nanos: 10100000 } position: -2.... [truncated]
[07/28/26 14:32:22.274715] [debug] [03:32:48.404880] [Service::RobotCommandService::RobotCommandStream]   Peer: ipv4:192.168.30.230:36564
[07/28/26 14:32:22.274876] [debug] [03:32:48.405040] [Service::RobotCommandService::RobotCommandStream]   IP: 192.168.30.230, Family: ipv4
[07/28/26 14:32:22.280899] [info] [03:32:48.411059] [ControlManager] Control started: {"type":"RobotCommand","control":{"type":"ComponentBasedCommand","components":{"mobility":{"type":"MobilityCommand","control":{"type":"SE2VelocityCommand","control":{"type":"MobilitySE2VelocityControl"}}},"body":{"type":"BodyCommand","control":{"type":"BodyComponentBasedCommand","components":{"torso":{"type":"TorsoCommand","control":{"type":"JointImpedanceControlCommand","control":{"type":"JointImpedanceControl"}}},"right_arm":{"type":"ArmCommand","control":{"type":"JointImpedanceControlCommand","control":{"type":"JointImpedanceControl"}}},"left_arm":{"type":"ArmCommand","control":{"type":"JointImpedanceControlCommand","control":{"type":"JointImpedanceControl"}}}}}},"head":{"type":"HeadCommand","control":{"type":"JointPositionCommand","control":{"type":"JointPositionControl"}}}}}} (priority: 1)
[07/28/26 14:32:32.279216] [debug] [03:32:58.409365] [ControlInterface::ExecutionStats] Average Control Time: 0.349 ms (max: 0.468 ms, min: 0.328 ms, sigma: 0.009 ms, count: 5000)
[07/28/26 14:32:42.279212] [debug] [03:33:08.409363] [ControlInterface::ExecutionStats] Average Control Time: 0.349 ms (max: 0.383 ms, min: 0.329 ms, sigma: 0.009 ms, count: 5000)
[07/28/26 14:32:44.125805] [debug] [03:33:10.255958] [Service] Server method called: /rb.api.RobotCommandService/RobotCommand
[07/28/26 14:32:44.126086] [debug] [03:33:10.256248] [Service::RobotCommandService::RobotCommand] Requested: robot_command { whole_body_command { stop_command { } } } priority: 99
[07/28/26 14:32:44.126263] [debug] [03:33:10.256426] [Service::RobotCommandService::RobotCommand]   Peer: ipv4:192.168.30.230:36564
[07/28/26 14:32:44.126573] [debug] [03:33:10.256736] [Service::RobotCommandService::RobotCommand]   IP: 192.168.30.230, Family: ipv4
[07/28/26 14:32:44.229264] [debug] [03:33:10.359420] [ControlManager] Control finished: {"type":"RobotCommand","control":{"type":"ComponentBasedCommand","components":{"mobility":{"type":"MobilityCommand","control":{"type":"SE2VelocityCommand","control":{"type":"MobilitySE2VelocityControl"}}},"body":{"type":"BodyCommand","control":{"type":"BodyComponentBasedCommand","components":{"torso":{"type":"TorsoCommand","control":{"type":"JointImpedanceControlCommand","control":{"type":"JointImpedanceControl"}}},"right_arm":{"type":"ArmCommand","control":{"type":"JointImpedanceControlCommand","control":{"type":"JointImpedanceControl"}}},"left_arm":{"type":"ArmCommand","control":{"type":"JointImpedanceControlCommand","control":{"type":"JointImpedanceControl"}}}}}},"head":{"type":"HeadCommand","control":{"type":"JointPositionCommand","control":{"type":"JointPositionControl"}}}}}}
[07/28/26 14:32:44.229387] [debug] [03:33:10.359546] [Service::RobotCommandService::RobotCommandStream] OnReadDone (write_done: true, read_done: true)
[07/28/26 14:32:44.229405] [debug] [03:33:10.359565] [Service::RobotCommandService::RobotCommandStream] OnCancel
[07/28/26 14:32:44.229489] [info] [03:33:10.359649] [ControlInterface] Control was preempted or canceled by another request.
[07/28/26 14:32:44.229509] [debug] [03:33:10.359659] [ControlInterface::ExecutionStats] Average Control Time: 0.344 ms (max: 0.376 ms, min: 0.328 ms, sigma: 0.008 ms, count: 975)
[07/28/26 14:32:44.229564] [debug] [03:33:10.359723] [Service::RobotCommandService::RobotCommandStream] OnDone: robot_command { component_based_command { mobility_command { se2_velocity_command { command_header { control_hold_time { seconds: 1 } } minimum_time { nanos: 10100000 } velocity { linear { } } acceleration_limit { linear { x: 1 y: 1 } angular: 1 } } } body_command { body_component_based_command { right_arm_command { joint_impedance_control_command { command_header { control_hold_time { seconds: 1 } } minimum_time { nanos: 10100000 } position: 0.2... [truncated]
[07/28/26 14:32:44.230854] [info] [03:33:10.361018] [ControlManager] Control started: {"type":"RobotCommand","control":{"type":"WholeBodyCommand","control":{"type":"StopControl","control":{"type":"JointVelocityControl"}}}} (priority: 99)
[07/28/26 14:32:44.230874] [debug] [03:33:10.361040] [ControlManager] Control finished: {"type":"RobotCommand","control":{"type":"WholeBodyCommand","control":{"type":"StopControl","control":{"type":"JointVelocityControl"}}}}
[07/28/26 14:32:44.230908] [info] [03:33:10.361071] [ControlInterface] Control completed successfully.
[07/28/26 14:32:44.230914] [debug] [03:33:10.361076] [ControlInterface::ExecutionStats] Average Control Time: 0.006 ms (max: 0.006 ms, min: 0.006 ms, sigma: 0.000 ms, count: 1)
[07/28/26 14:32:44.232112] [debug] [03:33:10.362275] [Service] Server method called: /rb.api.ControlManagerService/ControlManagerCommand
[07/28/26 14:32:44.232142] [debug] [03:33:10.362306] [Service::ControlManagerService::ControlManagerCommand] Requested: request_header { request_timestamp { seconds: 1785216710 nanos: 858238056 } } command: COMMAND_DISABLE
[07/28/26 14:32:44.232145] [info] [03:33:10.362310] [ControlManager::Disable] Disable request received. Starting the disabling process...
[07/28/26 14:32:44.232855] [info] [03:33:10.363020] [ControlManager::Disable] Control Manager successfully disabled
[07/28/26 14:32:45.431850] [debug] [03:33:11.562003] [Hardware] Hardware Loop Stat (avg: 2.000 ms, min: 1.999 ms, max: 2.001 ms, count: 15000)
[07/28/26 14:32:45.584841] [debug] [03:33:11.715002] [ControlManager] Control Manager Loop Stat (avg: 2.000 ms, min: 1.999 ms, max: 2.001 ms, count: 15000)
[07/28/26 14:33:15.431850] [debug] [03:33:41.562003] [Hardware] Hardware Loop Stat (avg: 2.000 ms, min: 1.997 ms, max: 2.003 ms, count: 15000)
[07/28/26 14:33:15.584840] [debug] [03:33:41.715003] [ControlManager] Control Manager Loop Stat (avg: 2.000 ms, min: 1.997 ms, max: 2.003 ms, count: 15000)
[07/28/26 14:33:45.431850] [debug] [03:34:11.562003] [Hardware] Hardware Loop Stat (avg: 2.000 ms, min: 1.997 ms, max: 2.003 ms, count: 15000)
[07/28/26 14:33:45.584840] [debug] [03:34:11.715002] [ControlManager] Control Manager Loop Stat (avg: 2.000 ms, min: 1.996 ms, max: 2.003 ms, count: 15000)
[07/28/26 14:34:15.431850] [debug] [03:34:41.562002] [Hardware] Hardware Loop Stat (avg: 2.000 ms, min: 1.997 ms, max: 2.003 ms, count: 15000)
[07/28/26 14:34:15.584839] [debug] [03:34:41.715002] [ControlManager] Control Manager Loop Stat (avg: 2.000 ms, min: 1.997 ms, max: 2.003 ms, count: 15000)
[07/28/26 14:34:20.147479] [debug] [03:34:46.277633] [Service] Server method called: /rb.api.RobotInfoService/GetRobotModel
[07/28/26 14:34:20.147519] [debug] [03:34:46.277683] [Service::RobotInfoService::GetRobotModel] Requested: request_header { request_timestamp { seconds: 1785216806 nanos: 771561947 } }
[07/28/26 14:34:20.150902] [debug] [03:34:46.281062] [Service] Server method called: /rb.api.RobotStateService/GetRobotStateStream
[07/28/26 14:34:20.150937] [debug] [03:34:46.281100] [Service::RobotStateService::GetRobotStateStream] Requested: request_header { request_timestamp { seconds: 1785216806 nanos: 775145291 } } update_rate: 100
[07/28/26 14:34:27.365326] [debug] [03:34:53.495478] [Service] Server method called: /rb.api.RobotInfoService/GetRobotInfo
[07/28/26 14:34:27.365360] [debug] [03:34:53.495524] [Service::RobotInfoService::GetRobotInfo] Requested: request_header { request_timestamp { seconds: 1785216813 nanos: 989700829 } }
[07/28/26 14:34:27.366073] [debug] [03:34:53.496236] [Service] Server method called: /rb.api.RobotStateService/GetRobotState
[07/28/26 14:34:27.366093] [debug] [03:34:53.496257] [Service::RobotStateService::GetRobotState] Requested: request_header { request_timestamp { seconds: 1785216813 nanos: 990607802 } }
[07/28/26 14:34:27.366924] [debug] [03:34:53.497081] [Service] Server method called: /rb.api.RobotInfoService/GetRobotInfo
[07/28/26 14:34:27.366946] [debug] [03:34:53.497110] [Service::RobotInfoService::GetRobotInfo] Requested: request_header { request_timestamp { seconds: 1785216813 nanos: 991443954 } }
[07/28/26 14:34:27.367507] [debug] [03:34:53.497668] [Service] Server method called: /rb.api.RobotStateService/GetRobotState
[07/28/26 14:34:27.367526] [debug] [03:34:53.497690] [Service::RobotStateService::GetRobotState] Requested: request_header { request_timestamp { seconds: 1785216813 nanos: 992067295 } }
[07/28/26 14:34:27.368298] [debug] [03:34:53.498459] [Service] Server method called: /rb.api.RobotStateService/GetControlManagerState
[07/28/26 14:34:27.368314] [debug] [03:34:53.498479] [Service::RobotStateService::GetControlManagerState] Requested: request_header { request_timestamp { seconds: 1785216813 nanos: 992840278 } }
[07/28/26 14:34:27.368844] [debug] [03:34:53.499006] [Service] Server method called: /rb.api.RobotInfoService/GetRobotInfo
[07/28/26 14:34:27.368858] [debug] [03:34:53.499023] [Service::RobotInfoService::GetRobotInfo] Requested: request_header { request_timestamp { seconds: 1785216813 nanos: 993363324 } }
[07/28/26 14:34:27.369566] [debug] [03:34:53.499726] [Service] Server method called: /rb.api.RobotStateService/GetRobotState
[07/28/26 14:34:27.369582] [debug] [03:34:53.499747] [Service::RobotStateService::GetRobotState] Requested: request_header { request_timestamp { seconds: 1785216813 nanos: 994099422 } }
[07/28/26 14:34:27.370051] [debug] [03:34:53.500212] [Service] Server method called: /rb.api.RobotStateService/GetRobotState
[07/28/26 14:34:27.370067] [debug] [03:34:53.500232] [Service::RobotStateService::GetRobotState] Requested: request_header { request_timestamp { seconds: 1785216813 nanos: 994615576 } }
[07/28/26 14:34:27.370796] [debug] [03:34:53.500958] [Service] Server method called: /rb.api.RobotInfoService/GetRobotInfo
[07/28/26 14:34:27.370811] [debug] [03:34:53.500976] [Service::RobotInfoService::GetRobotInfo] Requested: request_header { request_timestamp { seconds: 1785216813 nanos: 995344038 } }
[07/28/26 14:34:27.371617] [debug] [03:34:53.501778] [Service] Server method called: /rb.api.ControlManagerService/ControlManagerCommand
[07/28/26 14:34:27.371635] [debug] [03:34:53.501799] [Service::ControlManagerService::ControlManagerCommand] Requested: request_header { request_timestamp { seconds: 1785216813 nanos: 996148286 } } command: COMMAND_ENABLE unlimited_mode_enabled { }
[07/28/26 14:34:27.371638] [info] [03:34:53.501803] [ControlManager::Enable] Enable request received. Starting the enabling process...
[07/28/26 14:34:27.372851] [info] [03:34:53.503015] [ControlManager::Enable] Control Manager successfully enabled
[07/28/26 14:34:27.373631] [debug] [03:34:53.503789] [Service] Server method called: /rb.api.ParameterService/SetParameter
[07/28/26 14:34:27.373653] [debug] [03:34:53.503818] [Service::ParameterService::SetParameter] Requested: request_header { request_timestamp { seconds: 1785216813 nanos: 998093025 } } name: "cartesian_command.cutoff_frequency" parameter: "{\"value\":5,\"write_db\":true}"
[07/28/26 14:34:27.484197] [debug] [03:34:53.614357] [Service] Server method called: /rb.api.ParameterService/SetParameter
[07/28/26 14:34:27.484224] [debug] [03:34:53.614388] [Service::ParameterService::SetParameter] Requested: request_header { request_timestamp { seconds: 1785216814 nanos: 108673148 } } name: "default.acceleration_limit_scaling" parameter: "{\"value\":1.0,\"write_db\":true}"
[07/28/26 14:34:27.490509] [debug] [03:34:53.620669] [Service] Server method called: /rb.api.ParameterService/SetParameter
[07/28/26 14:34:27.490528] [debug] [03:34:53.620692] [Service::ParameterService::SetParameter] Requested: request_header { request_timestamp { seconds: 1785216814 nanos: 114933245 } } name: "default.angular_acceleration_limit" parameter: "{\"value\":10,\"write_db\":true}"
[07/28/26 14:34:27.496825] [debug] [03:34:53.626986] [Service] Server method called: /rb.api.ParameterService/SetParameter
[07/28/26 14:34:27.496841] [debug] [03:34:53.627005] [Service::ParameterService::SetParameter] Requested: request_header { request_timestamp { seconds: 1785216814 nanos: 121127874 } } name: "default.linear_acceleration_limit" parameter: "{\"value\":20,\"write_db\":true}"
[07/28/26 14:34:27.504607] [debug] [03:34:53.634767] [Service] Server method called: /rb.api.ParameterService/SetParameter
[07/28/26 14:34:27.504625] [debug] [03:34:53.634789] [Service::ParameterService::SetParameter] Requested: request_header { request_timestamp { seconds: 1785216814 nanos: 128985327 } } name: "joint_position_command.cutoff_frequency" parameter: "{\"value\":5,\"write_db\":true}"
[07/28/26 14:34:27.510615] [debug] [03:34:53.640776] [Service] Server method called: /rb.api.ParameterService/SetParameter
[07/28/26 14:34:27.510632] [debug] [03:34:53.640796] [Service::ParameterService::SetParameter] Requested: request_header { request_timestamp { seconds: 1785216814 nanos: 135000646 } } name: "manipulability_threshold" parameter: "{\"value\":1e4,\"write_db\":true}"
[07/28/26 14:34:27.516824] [debug] [03:34:53.646984] [Service] Server method called: /rb.api.RobotCommandService/RobotCommand
[07/28/26 14:34:27.516892] [debug] [03:34:53.647055] [Service::RobotCommandService::RobotCommand] Requested: robot_command { component_based_command { body_command { joint_position_command { command_header { control_hold_time { seconds: 1 } } minimum_time { nanos: 500000000 } position: -0.0005163895721595228 position: 0.78496151045040163 position: -1.4054377542394023 position: 0.78438816614601869 position: 0.00055815637579007243 position: -9.8721535854026413e-05 position: 0.22667983424943758 position: -0.29008563914276014 position: 0.026768724145034086 ... [truncated]
[07/28/26 14:34:27.516896] [debug] [03:34:53.647061] [Service::RobotCommandService::RobotCommand]   Peer: ipv4:192.168.30.230:37416
[07/28/26 14:34:27.517044] [debug] [03:34:53.647208] [Service::RobotCommandService::RobotCommand]   IP: 192.168.30.230, Family: ipv4
[07/28/26 14:34:27.522879] [info] [03:34:53.653041] [ControlManager] Control started: {"type":"RobotCommand","control":{"type":"ComponentBasedCommand","components":{"mobility":null,"body":{"type":"BodyCommand","control":{"type":"JointPositionCommand","control":{"type":"JointPositionControl"}}},"head":{"type":"HeadCommand","control":{"type":"JointPositionCommand","control":{"type":"JointPositionControl"}}}}}} (priority: 1)
[07/28/26 14:34:29.280877] [debug] [03:34:55.411035] [ControlManager] Control finished: {"type":"RobotCommand","control":{"type":"ComponentBasedCommand","components":{"mobility":null,"body":{"type":"BodyCommand","control":{"type":"JointPositionCommand","control":{"type":"JointPositionControl"}}},"head":{"type":"HeadCommand","control":{"type":"JointPositionCommand","control":{"type":"JointPositionControl"}}}}}}
[07/28/26 14:34:29.280934] [info] [03:34:55.411094] [ControlInterface] Control completed successfully.
[07/28/26 14:34:29.280943] [debug] [03:34:55.411103] [ControlInterface::ExecutionStats] Average Control Time: 0.001 ms (max: 0.027 ms, min: 0.001 ms, sigma: 0.001 ms, count: 880)
[07/28/26 14:34:29.281813] [debug] [03:34:55.411973] [Service] Server method called: /rb.api.PowerService/ToolFlangePowerCommand
[07/28/26 14:34:29.281847] [debug] [03:34:55.412011] [Service::PowerService::ToolFlangePowerCommand] Requested: request_header { request_timestamp { seconds: 1785216815 nanos: 906236252 } } name: "right" command: COMMAND_POWER_12V
[07/28/26 14:34:29.281852] [debug] [03:34:55.412017] [Service::PowerService::ToolFlangePowerCommand] Result: Success
[07/28/26 14:34:29.282307] [debug] [03:34:55.412468] [Service] Server method called: /rb.api.PowerService/ToolFlangePowerCommand
[07/28/26 14:34:29.282331] [debug] [03:34:55.412495] [Service::PowerService::ToolFlangePowerCommand] Requested: request_header { request_timestamp { seconds: 1785216815 nanos: 906822127 } } name: "left" command: COMMAND_POWER_12V
[07/28/26 14:34:29.282335] [debug] [03:34:55.412500] [Service::PowerService::ToolFlangePowerCommand] Result: Success
[07/28/26 14:34:30.459934] [debug] [03:34:56.590089] [Service] Server method called: /rb.api.RobotCommandService/RobotCommand
[07/28/26 14:34:30.460001] [debug] [03:34:56.590163] [Service::RobotCommandService::RobotCommand] Requested: robot_command { component_based_command { body_command { joint_position_command { command_header { control_hold_time { seconds: 1 } } minimum_time { seconds: 4 } position: 0 position: 0.78539816339744828 position: -1.3962634015954636 position: 0.78539816339744828 position: 0 position: 0 position: 0 position: -0.26179938779914941 position: 0 position: -2.0943951023931953 position: 0 position: 0.52359877559829882 position: 0 position: 0 position: 0... [truncated]
[07/28/26 14:34:30.460005] [debug] [03:34:56.590170] [Service::RobotCommandService::RobotCommand]   Peer: ipv4:192.168.30.230:37416
[07/28/26 14:34:30.460187] [debug] [03:34:56.590350] [Service::RobotCommandService::RobotCommand]   IP: 192.168.30.230, Family: ipv4
[07/28/26 14:34:30.464870] [info] [03:34:56.595030] [ControlManager] Control started: {"type":"RobotCommand","control":{"type":"ComponentBasedCommand","components":{"mobility":null,"body":{"type":"BodyCommand","control":{"type":"JointPositionCommand","control":{"type":"JointPositionControl"}}},"head":{"type":"HeadCommand","control":{"type":"JointPositionCommand","control":{"type":"JointPositionControl"}}}}}} (priority: 1)
[07/28/26 14:34:35.722879] [debug] [03:35:01.853038] [ControlManager] Control finished: {"type":"RobotCommand","control":{"type":"ComponentBasedCommand","components":{"mobility":null,"body":{"type":"BodyCommand","control":{"type":"JointPositionCommand","control":{"type":"JointPositionControl"}}},"head":{"type":"HeadCommand","control":{"type":"JointPositionCommand","control":{"type":"JointPositionControl"}}}}}}
[07/28/26 14:34:35.723769] [info] [03:35:01.853773] [ControlInterface] Control completed successfully.
[07/28/26 14:34:35.724001] [debug] [03:35:01.854003] [ControlInterface::ExecutionStats] Average Control Time: 0.001 ms (max: 0.021 ms, min: 0.001 ms, sigma: 0.000 ms, count: 2630)
[07/28/26 14:34:35.726562] [debug] [03:35:01.856722] [Service] Server method called: /rb.api.RobotCommandService/RobotCommandStream
[07/28/26 14:34:35.726573] [debug] [03:35:01.856738] [Service::RobotCommandService::RobotCommandStream] Stream is created
[07/28/26 14:34:35.768402] [debug] [03:35:01.898560] [Service::RobotCommandService::RobotCommandStream] Requested: robot_command { component_based_command { mobility_command { se2_velocity_command { command_header { control_hold_time { seconds: 1 } } minimum_time { nanos: 10100000 } velocity { linear { } } acceleration_limit { linear { x: 1 y: 1 } angular: 1 } } } body_command { body_component_based_command { right_arm_command { joint_impedance_control_command { command_header { control_hold_time { seconds: 1 } } minimum_time { nanos: 10100000 } position: -2.... [truncated]
[07/28/26 14:34:35.768409] [debug] [03:35:01.898574] [Service::RobotCommandService::RobotCommandStream]   Peer: ipv4:192.168.30.230:37416
[07/28/26 14:34:35.768567] [debug] [03:35:01.898731] [Service::RobotCommandService::RobotCommandStream]   IP: 192.168.30.230, Family: ipv4
[07/28/26 14:34:35.772899] [info] [03:35:01.903060] [ControlManager] Control started: {"type":"RobotCommand","control":{"type":"ComponentBasedCommand","components":{"mobility":{"type":"MobilityCommand","control":{"type":"SE2VelocityCommand","control":{"type":"MobilitySE2VelocityControl"}}},"body":{"type":"BodyCommand","control":{"type":"BodyComponentBasedCommand","components":{"torso":{"type":"TorsoCommand","control":{"type":"JointImpedanceControlCommand","control":{"type":"JointImpedanceControl"}}},"right_arm":{"type":"ArmCommand","control":{"type":"JointImpedanceControlCommand","control":{"type":"JointImpedanceControl"}}},"left_arm":{"type":"ArmCommand","control":{"type":"JointImpedanceControlCommand","control":{"type":"JointImpedanceControl"}}}}}},"head":{"type":"HeadCommand","control":{"type":"JointPositionCommand","control":{"type":"JointPositionControl"}}}}}} (priority: 1)
[07/28/26 14:34:45.431851] [debug] [03:35:11.562003] [Hardware] Hardware Loop Stat (avg: 2.000 ms, min: 1.997 ms, max: 2.003 ms, count: 15000)
[07/28/26 14:34:45.584844] [debug] [03:35:11.715002] [ControlManager] Control Manager Loop Stat (avg: 2.000 ms, min: 1.997 ms, max: 2.003 ms, count: 15000)
[07/28/26 14:34:45.771209] [debug] [03:35:11.901367] [ControlInterface::ExecutionStats] Average Control Time: 0.350 ms (max: 0.461 ms, min: 0.325 ms, sigma: 0.010 ms, count: 5000)
[07/28/26 14:34:52.826545] [debug] [03:35:18.956697] [Service] Server method called: /rb.api.RobotCommandService/RobotCommand
[07/28/26 14:34:52.826580] [debug] [03:35:18.956744] [Service::RobotCommandService::RobotCommand] Requested: robot_command { whole_body_command { stop_command { } } } priority: 99
[07/28/26 14:34:52.826631] [debug] [03:35:18.956749] [Service::RobotCommandService::RobotCommand]   Peer: ipv4:192.168.30.230:37416
[07/28/26 14:34:52.826809] [debug] [03:35:18.956973] [Service::RobotCommandService::RobotCommand]   IP: 192.168.30.230, Family: ipv4
[07/28/26 14:34:52.929299] [debug] [03:35:19.059450] [ControlManager] Control finished: {"type":"RobotCommand","control":{"type":"ComponentBasedCommand","components":{"mobility":{"type":"MobilityCommand","control":{"type":"SE2VelocityCommand","control":{"type":"MobilitySE2VelocityControl"}}},"body":{"type":"BodyCommand","control":{"type":"BodyComponentBasedCommand","components":{"torso":{"type":"TorsoCommand","control":{"type":"JointImpedanceControlCommand","control":{"type":"JointImpedanceControl"}}},"right_arm":{"type":"ArmCommand","control":{"type":"JointImpedanceControlCommand","control":{"type":"JointImpedanceControl"}}},"left_arm":{"type":"ArmCommand","control":{"type":"JointImpedanceControlCommand","control":{"type":"JointImpedanceControl"}}}}}},"head":{"type":"HeadCommand","control":{"type":"JointPositionCommand","control":{"type":"JointPositionControl"}}}}}}
[07/28/26 14:34:52.929405] [debug] [03:35:19.059563] [Service::RobotCommandService::RobotCommandStream] OnReadDone (write_done: true, read_done: true)
[07/28/26 14:34:52.929420] [debug] [03:35:19.059581] [Service::RobotCommandService::RobotCommandStream] OnCancel
[07/28/26 14:34:52.929498] [info] [03:35:19.059659] [ControlInterface] Control was preempted or canceled by another request.
[07/28/26 14:34:52.929508] [debug] [03:35:19.059667] [ControlInterface::ExecutionStats] Average Control Time: 0.353 ms (max: 0.395 ms, min: 0.327 ms, sigma: 0.009 ms, count: 3579)
[07/28/26 14:34:52.929565] [debug] [03:35:19.059727] [Service::RobotCommandService::RobotCommandStream] OnDone: robot_command { component_based_command { mobility_command { se2_velocity_command { command_header { control_hold_time { seconds: 1 } } minimum_time { nanos: 10100000 } velocity { linear { } } acceleration_limit { linear { x: 1 y: 1 } angular: 1 } } } body_command { body_component_based_command { right_arm_command { joint_impedance_control_command { command_header { control_hold_time { seconds: 1 } } minimum_time { nanos: 10100000 } position: -0.... [truncated]
[07/28/26 14:34:52.930854] [info] [03:35:19.061018] [ControlManager] Control started: {"type":"RobotCommand","control":{"type":"WholeBodyCommand","control":{"type":"StopControl","control":{"type":"JointVelocityControl"}}}} (priority: 99)
[07/28/26 14:34:52.930873] [debug] [03:35:19.061039] [ControlManager] Control finished: {"type":"RobotCommand","control":{"type":"WholeBodyCommand","control":{"type":"StopControl","control":{"type":"JointVelocityControl"}}}}
[07/28/26 14:34:52.932864] [info] [03:35:19.063025] [ControlInterface] Control completed successfully.
[07/28/26 14:34:52.932874] [debug] [03:35:19.063035] [ControlInterface::ExecutionStats] Average Control Time: 0.006 ms (max: 0.006 ms, min: 0.006 ms, sigma: 0.000 ms, count: 1)
[07/28/26 14:34:52.934314] [debug] [03:35:19.064465] [Service] Server method called: /rb.api.ControlManagerService/ControlManagerCommand
[07/28/26 14:34:52.934474] [debug] [03:35:19.064637] [Service::ControlManagerService::ControlManagerCommand] Requested: request_header { request_timestamp { seconds: 1785216839 nanos: 558322432 } } command: COMMAND_DISABLE
[07/28/26 14:34:52.934616] [info] [03:35:19.064780] [ControlManager::Disable] Disable request received. Starting the disabling process...
[07/28/26 14:34:52.934857] [info] [03:35:19.065021] [ControlManager::Disable] Control Manager successfully disabled
[07/28/26 14:35:15.431850] [debug] [03:35:41.562003] [Hardware] Hardware Loop Stat (avg: 2.000 ms, min: 1.998 ms, max: 2.002 ms, count: 15000)
[07/28/26 14:35:15.584842] [debug] [03:35:41.715003] [ControlManager] Control Manager Loop Stat (avg: 2.000 ms, min: 1.996 ms, max: 2.004 ms, count: 15000)
[07/28/26 14:35:24.169543] [debug] [03:35:50.299695] [Service] Server method called: /rb.api.RobotInfoService/GetRobotModel
[07/28/26 14:35:24.169583] [debug] [03:35:50.299746] [Service::RobotInfoService::GetRobotModel] Requested: request_header { request_timestamp { seconds: 1785216870 nanos: 792941313 } }
[07/28/26 14:35:24.172903] [debug] [03:35:50.303063] [Service] Server method called: /rb.api.RobotStateService/GetRobotStateStream
[07/28/26 14:35:24.172932] [debug] [03:35:50.303095] [Service::RobotStateService::GetRobotStateStream] Requested: request_header { request_timestamp { seconds: 1785216870 nanos: 796586761 } } update_rate: 100
[07/28/26 14:35:29.242658] [debug] [03:35:55.372801] [Service] Server method called: /rb.api.RobotInfoService/GetRobotInfo
[07/28/26 14:35:29.242693] [debug] [03:35:55.372856] [Service::RobotInfoService::GetRobotInfo] Requested: request_header { request_timestamp { seconds: 1785216875 nanos: 866369291 } }
[07/28/26 14:35:29.243369] [debug] [03:35:55.373531] [Service] Server method called: /rb.api.RobotStateService/GetRobotState
[07/28/26 14:35:29.243387] [debug] [03:35:55.373551] [Service::RobotStateService::GetRobotState] Requested: request_header { request_timestamp { seconds: 1785216875 nanos: 867299007 } }
[07/28/26 14:35:29.243910] [debug] [03:35:55.374072] [Service] Server method called: /rb.api.RobotInfoService/GetRobotInfo
[07/28/26 14:35:29.243925] [debug] [03:35:55.374090] [Service::RobotInfoService::GetRobotInfo] Requested: request_header { request_timestamp { seconds: 1785216875 nanos: 867870522 } }
[07/28/26 14:35:29.244434] [debug] [03:35:55.374591] [Service] Server method called: /rb.api.RobotStateService/GetRobotState
[07/28/26 14:35:29.244456] [debug] [03:35:55.374621] [Service::RobotStateService::GetRobotState] Requested: request_header { request_timestamp { seconds: 1785216875 nanos: 868356440 } }
[07/28/26 14:35:29.244947] [debug] [03:35:55.375108] [Service] Server method called: /rb.api.RobotStateService/GetControlManagerState
[07/28/26 14:35:29.245100] [debug] [03:35:55.375264] [Service::RobotStateService::GetControlManagerState] Requested: request_header { request_timestamp { seconds: 1785216875 nanos: 868901220 } }
[07/28/26 14:35:29.245601] [debug] [03:35:55.375763] [Service] Server method called: /rb.api.RobotInfoService/GetRobotInfo
[07/28/26 14:35:29.245615] [debug] [03:35:55.375779] [Service::RobotInfoService::GetRobotInfo] Requested: request_header { request_timestamp { seconds: 1785216875 nanos: 869572133 } }
[07/28/26 14:35:29.246060] [debug] [03:35:55.376221] [Service] Server method called: /rb.api.RobotStateService/GetRobotState
[07/28/26 14:35:29.246096] [debug] [03:35:55.376259] [Service::RobotStateService::GetRobotState] Requested: request_header { request_timestamp { seconds: 1785216875 nanos: 870001440 } }
[07/28/26 14:35:29.246550] [debug] [03:35:55.376712] [Service] Server method called: /rb.api.RobotStateService/GetRobotState
[07/28/26 14:35:29.246563] [debug] [03:35:55.376728] [Service::RobotStateService::GetRobotState] Requested: request_header { request_timestamp { seconds: 1785216875 nanos: 870522510 } }
[07/28/26 14:35:29.246928] [debug] [03:35:55.377092] [Service] Server method called: /rb.api.RobotInfoService/GetRobotInfo
[07/28/26 14:35:29.246939] [debug] [03:35:55.377104] [Service::RobotInfoService::GetRobotInfo] Requested: request_header { request_timestamp { seconds: 1785216875 nanos: 870916593 } }
[07/28/26 14:35:29.247350] [debug] [03:35:55.377512] [Service] Server method called: /rb.api.ControlManagerService/ControlManagerCommand
[07/28/26 14:35:29.247367] [debug] [03:35:55.377532] [Service::ControlManagerService::ControlManagerCommand] Requested: request_header { request_timestamp { seconds: 1785216875 nanos: 871319244 } } command: COMMAND_ENABLE unlimited_mode_enabled { }
[07/28/26 14:35:29.247371] [info] [03:35:55.377536] [ControlManager::Enable] Enable request received. Starting the enabling process...
[07/28/26 14:35:29.248851] [info] [03:35:55.379016] [ControlManager::Enable] Control Manager successfully enabled
[07/28/26 14:35:29.249198] [debug] [03:35:55.379359] [Service] Server method called: /rb.api.ParameterService/SetParameter
[07/28/26 14:35:29.249268] [debug] [03:35:55.379432] [Service::ParameterService::SetParameter] Requested: request_header { request_timestamp { seconds: 1785216875 nanos: 873150878 } } name: "cartesian_command.cutoff_frequency" parameter: "{\"value\":5,\"write_db\":true}"
[07/28/26 14:35:29.259652] [debug] [03:35:55.389814] [Service] Server method called: /rb.api.ParameterService/SetParameter
[07/28/26 14:35:29.259668] [debug] [03:35:55.389832] [Service::ParameterService::SetParameter] Requested: request_header { request_timestamp { seconds: 1785216875 nanos: 883572595 } } name: "default.acceleration_limit_scaling" parameter: "{\"value\":1.0,\"write_db\":true}"
[07/28/26 14:35:29.265893] [debug] [03:35:55.396053] [Service] Server method called: /rb.api.ParameterService/SetParameter
[07/28/26 14:35:29.265935] [debug] [03:35:55.396098] [Service::ParameterService::SetParameter] Requested: request_header { request_timestamp { seconds: 1785216875 nanos: 889734245 } } name: "default.angular_acceleration_limit" parameter: "{\"value\":10,\"write_db\":true}"
[07/28/26 14:35:29.272038] [debug] [03:35:55.402198] [Service] Server method called: /rb.api.ParameterService/SetParameter
[07/28/26 14:35:29.272055] [debug] [03:35:55.402219] [Service::ParameterService::SetParameter] Requested: request_header { request_timestamp { seconds: 1785216875 nanos: 895852491 } } name: "default.linear_acceleration_limit" parameter: "{\"value\":20,\"write_db\":true}"
[07/28/26 14:35:29.277804] [debug] [03:35:55.407965] [Service] Server method called: /rb.api.ParameterService/SetParameter
[07/28/26 14:35:29.277820] [debug] [03:35:55.407985] [Service::ParameterService::SetParameter] Requested: request_header { request_timestamp { seconds: 1785216875 nanos: 901664401 } } name: "joint_position_command.cutoff_frequency" parameter: "{\"value\":5,\"write_db\":true}"
[07/28/26 14:35:29.284120] [debug] [03:35:55.414280] [Service] Server method called: /rb.api.RobotCommandService/RobotCommand
[07/28/26 14:35:29.284201] [debug] [03:35:55.414364] [Service::RobotCommandService::RobotCommand] Requested: robot_command { component_based_command { body_command { joint_position_command { command_header { control_hold_time { seconds: 1 } } minimum_time { nanos: 500000000 } position: -0.00087710287624154237 position: 0.784114783431346 position: -1.4087487226726605 position: 0.78186317301744457 position: 0.0009074787334273967 position: -0.00026578875037622495 position: -0.23305496727631875 position: -0.2361533047092759 position: -0.092836213524267144 p... [truncated]
[07/28/26 14:35:29.284205] [debug] [03:35:55.414370] [Service::RobotCommandService::RobotCommand]   Peer: ipv4:192.168.30.230:49636
[07/28/26 14:35:29.284354] [debug] [03:35:55.414518] [Service::RobotCommandService::RobotCommand]   IP: 192.168.30.230, Family: ipv4
[07/28/26 14:35:29.288880] [info] [03:35:55.419042] [ControlManager] Control started: {"type":"RobotCommand","control":{"type":"ComponentBasedCommand","components":{"mobility":null,"body":{"type":"BodyCommand","control":{"type":"JointPositionCommand","control":{"type":"JointPositionControl"}}},"head":{"type":"HeadCommand","control":{"type":"JointPositionCommand","control":{"type":"JointPositionControl"}}}}}} (priority: 1)
[07/28/26 14:35:31.046879] [debug] [03:35:57.177037] [ControlManager] Control finished: {"type":"RobotCommand","control":{"type":"ComponentBasedCommand","components":{"mobility":null,"body":{"type":"BodyCommand","control":{"type":"JointPositionCommand","control":{"type":"JointPositionControl"}}},"head":{"type":"HeadCommand","control":{"type":"JointPositionCommand","control":{"type":"JointPositionControl"}}}}}}
[07/28/26 14:35:31.046935] [info] [03:35:57.177096] [ControlInterface] Control completed successfully.
[07/28/26 14:35:31.046945] [debug] [03:35:57.177104] [ControlInterface::ExecutionStats] Average Control Time: 0.001 ms (max: 0.028 ms, min: 0.001 ms, sigma: 0.001 ms, count: 880)
[07/28/26 14:35:31.048541] [debug] [03:35:57.178705] [Service] Server method called: /rb.api.PowerService/ToolFlangePowerCommand
[07/28/26 14:35:31.048568] [debug] [03:35:57.178733] [Service::PowerService::ToolFlangePowerCommand] Requested: request_header { request_timestamp { seconds: 1785216877 nanos: 672147548 } } name: "right" command: COMMAND_POWER_12V
[07/28/26 14:35:31.048571] [debug] [03:35:57.178737] [Service::PowerService::ToolFlangePowerCommand] Result: Success
[07/28/26 14:35:31.049420] [debug] [03:35:57.179581] [Service] Server method called: /rb.api.PowerService/ToolFlangePowerCommand
[07/28/26 14:35:31.049464] [debug] [03:35:57.179627] [Service::PowerService::ToolFlangePowerCommand] Requested: request_header { request_timestamp { seconds: 1785216877 nanos: 673215962 } } name: "left" command: COMMAND_POWER_12V
[07/28/26 14:35:31.049469] [debug] [03:35:57.179634] [Service::PowerService::ToolFlangePowerCommand] Result: Success
[07/28/26 14:35:32.219995] [debug] [03:35:58.350152] [Service] Server method called: /rb.api.RobotCommandService/RobotCommand
[07/28/26 14:35:32.220061] [debug] [03:35:58.350223] [Service::RobotCommandService::RobotCommand] Requested: robot_command { component_based_command { body_command { joint_position_command { command_header { control_hold_time { seconds: 1 } } minimum_time { seconds: 4 } position: 0 position: 0.78539816339744828 position: -1.3962634015954636 position: 0.78539816339744828 position: 0 position: 0 position: 0 position: -0.26179938779914941 position: 0 position: -2.0943951023931953 position: 0 position: 0.52359877559829882 position: 0 position: 0 position: 0... [truncated]
[07/28/26 14:35:32.220065] [debug] [03:35:58.350230] [Service::RobotCommandService::RobotCommand]   Peer: ipv4:192.168.30.230:49636
[07/28/26 14:35:32.220255] [debug] [03:35:58.350418] [Service::RobotCommandService::RobotCommand]   IP: 192.168.30.230, Family: ipv4
[07/28/26 14:35:32.224867] [info] [03:35:58.355028] [ControlManager] Control started: {"type":"RobotCommand","control":{"type":"ComponentBasedCommand","components":{"mobility":null,"body":{"type":"BodyCommand","control":{"type":"JointPositionCommand","control":{"type":"JointPositionControl"}}},"head":{"type":"HeadCommand","control":{"type":"JointPositionCommand","control":{"type":"JointPositionControl"}}}}}} (priority: 1)
[07/28/26 14:35:37.482882] [debug] [03:36:03.613038] [ControlManager] Control finished: {"type":"RobotCommand","control":{"type":"ComponentBasedCommand","components":{"mobility":null,"body":{"type":"BodyCommand","control":{"type":"JointPositionCommand","control":{"type":"JointPositionControl"}}},"head":{"type":"HeadCommand","control":{"type":"JointPositionCommand","control":{"type":"JointPositionControl"}}}}}}
[07/28/26 14:35:37.482940] [info] [03:36:03.613099] [ControlInterface] Control completed successfully.
[07/28/26 14:35:37.482950] [debug] [03:36:03.613109] [ControlInterface::ExecutionStats] Average Control Time: 0.001 ms (max: 0.020 ms, min: 0.001 ms, sigma: 0.000 ms, count: 2630)
[07/28/26 14:35:37.483436] [debug] [03:36:03.613598] [Service] Server method called: /rb.api.RobotCommandService/RobotCommandStream
[07/28/26 14:35:37.483447] [debug] [03:36:03.613612] [Service::RobotCommandService::RobotCommandStream] Stream is created
[07/28/26 14:35:37.505190] [debug] [03:36:03.635348] [Service::RobotCommandService::RobotCommandStream] Requested: robot_command { component_based_command { mobility_command { se2_velocity_command { command_header { control_hold_time { seconds: 1 } } minimum_time { nanos: 10100000 } velocity { linear { } } acceleration_limit { linear { x: 1 y: 1 } angular: 1 } } } body_command { joint_impedance_control_command { command_header { control_hold_time { seconds: 1 } } minimum_time { nanos: 10100000 } position: -0.00012151210768453997 position: 0.78513841841116472 ... [truncated]
[07/28/26 14:35:37.505196] [debug] [03:36:03.635361] [Service::RobotCommandService::RobotCommandStream]   Peer: ipv4:192.168.30.230:49636
[07/28/26 14:35:37.505334] [debug] [03:36:03.635499] [Service::RobotCommandService::RobotCommandStream]   IP: 192.168.30.230, Family: ipv4
[07/28/26 14:35:37.510865] [info] [03:36:03.641028] [ControlManager] Control started: {"type":"RobotCommand","control":{"type":"ComponentBasedCommand","components":{"mobility":{"type":"MobilityCommand","control":{"type":"SE2VelocityCommand","control":{"type":"MobilitySE2VelocityControl"}}},"body":{"type":"BodyCommand","control":{"type":"JointImpedanceControlCommand","control":{"type":"JointImpedanceControl"}}},"head":{"type":"HeadCommand","control":{"type":"JointPositionCommand","control":{"type":"JointPositionControl"}}}}}} (priority: 1)
[07/28/26 14:35:45.431851] [debug] [03:36:11.562003] [Hardware] Hardware Loop Stat (avg: 2.000 ms, min: 1.998 ms, max: 2.002 ms, count: 15000)
[07/28/26 14:35:45.584844] [debug] [03:36:11.715002] [ControlManager] Control Manager Loop Stat (avg: 2.000 ms, min: 1.997 ms, max: 2.003 ms, count: 15000)
[07/28/26 14:35:47.508993] [debug] [03:36:13.639143] [ControlInterface::ExecutionStats] Average Control Time: 0.121 ms (max: 0.198 ms, min: 0.111 ms, sigma: 0.005 ms, count: 5000)
[07/28/26 14:35:57.508986] [debug] [03:36:23.639135] [ControlInterface::ExecutionStats] Average Control Time: 0.121 ms (max: 0.138 ms, min: 0.111 ms, sigma: 0.005 ms, count: 5000)
[07/28/26 14:36:07.508979] [debug] [03:36:33.639131] [ControlInterface::ExecutionStats] Average Control Time: 0.121 ms (max: 0.140 ms, min: 0.110 ms, sigma: 0.005 ms, count: 5000)
[07/28/26 14:36:15.431854] [debug] [03:36:41.562003] [Hardware] Hardware Loop Stat (avg: 2.000 ms, min: 1.999 ms, max: 2.001 ms, count: 15000)
[07/28/26 14:36:15.584844] [debug] [03:36:41.715002] [ControlManager] Control Manager Loop Stat (avg: 2.000 ms, min: 1.997 ms, max: 2.004 ms, count: 15000)
[07/28/26 14:36:17.508979] [debug] [03:36:43.639131] [ControlInterface::ExecutionStats] Average Control Time: 0.121 ms (max: 0.142 ms, min: 0.110 ms, sigma: 0.005 ms, count: 5000)
[07/28/26 14:36:18.278289] [debug] [03:36:44.408443] [Service] Server method called: /rb.api.RobotCommandService/RobotCommand
[07/28/26 14:36:18.278322] [debug] [03:36:44.408486] [Service::RobotCommandService::RobotCommand] Requested: robot_command { whole_body_command { stop_command { } } } priority: 99
[07/28/26 14:36:18.278325] [debug] [03:36:44.408491] [Service::RobotCommandService::RobotCommand]   Peer: ipv4:192.168.30.230:49636
[07/28/26 14:36:18.278479] [debug] [03:36:44.408644] [Service::RobotCommandService::RobotCommand]   IP: 192.168.30.230, Family: ipv4
[07/28/26 14:36:18.381019] [debug] [03:36:44.511177] [ControlManager] Control finished: {"type":"RobotCommand","control":{"type":"ComponentBasedCommand","components":{"mobility":{"type":"MobilityCommand","control":{"type":"SE2VelocityCommand","control":{"type":"MobilitySE2VelocityControl"}}},"body":{"type":"BodyCommand","control":{"type":"JointImpedanceControlCommand","control":{"type":"JointImpedanceControl"}}},"head":{"type":"HeadCommand","control":{"type":"JointPositionCommand","control":{"type":"JointPositionControl"}}}}}}
[07/28/26 14:36:18.381125] [debug] [03:36:44.511281] [Service::RobotCommandService::RobotCommandStream] OnReadDone (write_done: true, read_done: true)
[07/28/26 14:36:18.381158] [debug] [03:36:44.511318] [Service::RobotCommandService::RobotCommandStream] OnCancel
[07/28/26 14:36:18.381297] [debug] [03:36:44.511458] [Service::RobotCommandService::RobotCommandStream] OnDone: robot_command { component_based_command { mobility_command { se2_velocity_command { command_header { control_hold_time { seconds: 1 } } minimum_time { nanos: 10100000 } velocity { linear { } } acceleration_limit { linear { x: 1 y: 1 } angular: 1 } } } body_command { joint_impedance_control_command { command_header { control_hold_time { seconds: 1 } } minimum_time { nanos: 10100000 } position: 0.05 position: 1.2999991453942323 position: -1.9320671... [truncated]
[07/28/26 14:36:18.381302] [info] [03:36:44.511467] [ControlManager::CancelControl] Control cancel request received
[07/28/26 14:36:18.382852] [info] [03:36:44.513015] [ControlManager] Control started: {"type":"RobotCommand","control":{"type":"WholeBodyCommand","control":{"type":"StopControl","control":{"type":"JointVelocityControl"}}}} (priority: 99)
[07/28/26 14:36:18.382872] [debug] [03:36:44.513038] [ControlManager] Control finished: {"type":"RobotCommand","control":{"type":"WholeBodyCommand","control":{"type":"StopControl","control":{"type":"JointVelocityControl"}}}}
[07/28/26 14:36:18.382883] [warning] [03:36:44.513049] [ControlManager::CancelControl] Target control is not currently running
[07/28/26 14:36:18.382893] [error] [03:36:44.513056] [ControlManager::CancelControl] Failed to start control canceling process
[07/28/26 14:36:18.382904] [info] [03:36:44.513067] [ControlInterface] Control completed successfully.
[07/28/26 14:36:18.382912] [debug] [03:36:44.513072] [ControlInterface::ExecutionStats] Average Control Time: 0.006 ms (max: 0.006 ms, min: 0.006 ms, sigma: 0.000 ms, count: 1)
[07/28/26 14:36:18.382927] [info] [03:36:44.513091] [ControlInterface] Control was preempted or canceled by another request.
[07/28/26 14:36:18.382932] [debug] [03:36:44.513095] [ControlInterface::ExecutionStats] Average Control Time: 0.122 ms (max: 0.140 ms, min: 0.113 ms, sigma: 0.005 ms, count: 436)
[07/28/26 14:36:18.384337] [debug] [03:36:44.514496] [Service] Server method called: /rb.api.ControlManagerService/ControlManagerCommand
[07/28/26 14:36:18.384392] [debug] [03:36:44.514556] [Service::ControlManagerService::ControlManagerCommand] Requested: request_header { request_timestamp { seconds: 1785216925 nanos: 7555629 } } command: COMMAND_DISABLE
[07/28/26 14:36:18.384396] [info] [03:36:44.514562] [ControlManager::Disable] Disable request received. Starting the disabling process...
[07/28/26 14:36:18.384856] [info] [03:36:44.515021] [ControlManager::Disable] Control Manager successfully disabled
[07/28/26 14:36:45.431850] [debug] [03:37:11.562003] [Hardware] Hardware Loop Stat (avg: 2.000 ms, min: 1.996 ms, max: 2.004 ms, count: 15000)
[07/28/26 14:36:45.584840] [debug] [03:37:11.715003] [ControlManager] Control Manager Loop Stat (avg: 2.000 ms, min: 1.997 ms, max: 2.003 ms, count: 15000)
[07/28/26 14:37:07.344669] [debug] [03:37:33.474822] [Service] Server method called: /rb.api.RobotInfoService/GetRobotModel
[07/28/26 14:37:07.344707] [debug] [03:37:33.474872] [Service::RobotInfoService::GetRobotModel] Requested: request_header { request_timestamp { seconds: 1785216973 nanos: 966933333 } }
[07/28/26 14:37:07.348273] [debug] [03:37:33.478437] [Service] Server method called: /rb.api.RobotStateService/GetRobotStateStream
[07/28/26 14:37:07.348296] [debug] [03:37:33.478462] [Service::RobotStateService::GetRobotStateStream] Requested: request_header { request_timestamp { seconds: 1785216973 nanos: 970828087 } } update_rate: 100
[07/28/26 14:37:15.431851] [debug] [03:37:41.562003] [Hardware] Hardware Loop Stat (avg: 2.000 ms, min: 1.998 ms, max: 2.002 ms, count: 15000)
[07/28/26 14:37:15.584841] [debug] [03:37:41.715003] [ControlManager] Control Manager Loop Stat (avg: 2.000 ms, min: 1.996 ms, max: 2.004 ms, count: 15000)
[07/28/26 14:37:30.024044] [debug] [03:37:56.154197] [Service] Server method called: /rb.api.RobotInfoService/GetRobotModel
[07/28/26 14:37:30.024083] [debug] [03:37:56.154246] [Service::RobotInfoService::GetRobotModel] Requested: request_header { request_timestamp { seconds: 1785216996 nanos: 646023531 } }
[07/28/26 14:37:30.027426] [debug] [03:37:56.157587] [Service] Server method called: /rb.api.RobotStateService/GetRobotStateStream
[07/28/26 14:37:30.027455] [debug] [03:37:56.157619] [Service::RobotStateService::GetRobotStateStream] Requested: request_header { request_timestamp { seconds: 1785216996 nanos: 649701407 } } update_rate: 100
[07/28/26 14:37:44.437643] [debug] [03:38:10.567797] [Service] Server method called: /rb.api.RobotInfoService/GetRobotModel
[07/28/26 14:37:44.437681] [debug] [03:38:10.567846] [Service::RobotInfoService::GetRobotModel] Requested: request_header { request_timestamp { seconds: 1785217011 nanos: 59436699 } }
[07/28/26 14:37:44.440919] [debug] [03:38:10.571079] [Service] Server method called: /rb.api.RobotStateService/GetRobotStateStream
[07/28/26 14:37:44.440947] [debug] [03:38:10.571111] [Service::RobotStateService::GetRobotStateStream] Requested: request_header { request_timestamp { seconds: 1785217011 nanos: 63023941 } } update_rate: 100
[07/28/26 14:37:45.431848] [debug] [03:38:11.562002] [Hardware] Hardware Loop Stat (avg: 2.000 ms, min: 1.998 ms, max: 2.002 ms, count: 15000)
[07/28/26 14:37:45.584840] [debug] [03:38:11.715003] [ControlManager] Control Manager Loop Stat (avg: 2.000 ms, min: 1.997 ms, max: 2.003 ms, count: 15000)
[07/28/26 14:37:47.835816] [debug] [03:38:13.965957] [Service] Server method called: /rb.api.RobotInfoService/GetRobotInfo
[07/28/26 14:37:47.835849] [debug] [03:38:13.966012] [Service::RobotInfoService::GetRobotInfo] Requested: request_header { request_timestamp { seconds: 1785217014 nanos: 457907854 } }
[07/28/26 14:37:47.836715] [debug] [03:38:13.966872] [Service] Server method called: /rb.api.RobotStateService/GetRobotState
[07/28/26 14:37:47.836740] [debug] [03:38:13.966905] [Service::RobotStateService::GetRobotState] Requested: request_header { request_timestamp { seconds: 1785217014 nanos: 458990924 } }
[07/28/26 14:37:47.837805] [debug] [03:38:13.967966] [Service] Server method called: /rb.api.RobotInfoService/GetRobotInfo
[07/28/26 14:37:47.837821] [debug] [03:38:13.967986] [Service::RobotInfoService::GetRobotInfo] Requested: request_header { request_timestamp { seconds: 1785217014 nanos: 460099263 } }
[07/28/26 14:37:47.838635] [debug] [03:38:13.968796] [Service] Server method called: /rb.api.RobotStateService/GetRobotState
[07/28/26 14:37:47.838651] [debug] [03:38:13.968815] [Service::RobotStateService::GetRobotState] Requested: request_header { request_timestamp { seconds: 1785217014 nanos: 460944457 } }
[07/28/26 14:37:47.839439] [debug] [03:38:13.969600] [Service] Server method called: /rb.api.RobotStateService/GetControlManagerState
[07/28/26 14:37:47.839455] [debug] [03:38:13.969619] [Service::RobotStateService::GetControlManagerState] Requested: request_header { request_timestamp { seconds: 1785217014 nanos: 461790606 } }
[07/28/26 14:37:47.839963] [debug] [03:38:13.970124] [Service] Server method called: /rb.api.RobotInfoService/GetRobotInfo
[07/28/26 14:37:47.839978] [debug] [03:38:13.970142] [Service::RobotInfoService::GetRobotInfo] Requested: request_header { request_timestamp { seconds: 1785217014 nanos: 462313413 } }
[07/28/26 14:37:47.840657] [debug] [03:38:13.970822] [Service] Server method called: /rb.api.RobotStateService/GetRobotState
[07/28/26 14:37:47.840666] [debug] [03:38:13.970831] [Service::RobotStateService::GetRobotState] Requested: request_header { request_timestamp { seconds: 1785217014 nanos: 463039663 } }
[07/28/26 14:37:47.841114] [debug] [03:38:13.971275] [Service] Server method called: /rb.api.RobotStateService/GetRobotState
[07/28/26 14:37:47.841129] [debug] [03:38:13.971293] [Service::RobotStateService::GetRobotState] Requested: request_header { request_timestamp { seconds: 1785217014 nanos: 463514872 } }
[07/28/26 14:37:47.841496] [debug] [03:38:13.971658] [Service] Server method called: /rb.api.RobotInfoService/GetRobotInfo
[07/28/26 14:37:47.841510] [debug] [03:38:13.971675] [Service::RobotInfoService::GetRobotInfo] Requested: request_header { request_timestamp { seconds: 1785217014 nanos: 463903668 } }
[07/28/26 14:37:47.841984] [debug] [03:38:13.972149] [Service] Server method called: /rb.api.ControlManagerService/ControlManagerCommand
[07/28/26 14:37:47.841997] [debug] [03:38:13.972163] [Service::ControlManagerService::ControlManagerCommand] Requested: request_header { request_timestamp { seconds: 1785217014 nanos: 464393589 } } command: COMMAND_ENABLE unlimited_mode_enabled { }
[07/28/26 14:37:47.842000] [info] [03:38:13.972166] [ControlManager::Enable] Enable request received. Starting the enabling process...
[07/28/26 14:37:47.842849] [info] [03:38:13.973015] [ControlManager::Enable] Control Manager successfully enabled
[07/28/26 14:37:47.843223] [debug] [03:38:13.973386] [Service] Server method called: /rb.api.ParameterService/SetParameter
[07/28/26 14:37:47.843242] [debug] [03:38:13.973406] [Service::ParameterService::SetParameter] Requested: request_header { request_timestamp { seconds: 1785217014 nanos: 465616103 } } name: "cartesian_command.cutoff_frequency" parameter: "{\"value\":5,\"write_db\":true}"
[07/28/26 14:37:47.852315] [debug] [03:38:13.982475] [Service] Server method called: /rb.api.ParameterService/SetParameter
[07/28/26 14:37:47.852332] [debug] [03:38:13.982496] [Service::ParameterService::SetParameter] Requested: request_header { request_timestamp { seconds: 1785217014 nanos: 474630718 } } name: "default.acceleration_limit_scaling" parameter: "{\"value\":1.0,\"write_db\":true}"
[07/28/26 14:37:47.857335] [debug] [03:38:13.987500] [Service] Server method called: /rb.api.ParameterService/SetParameter
[07/28/26 14:37:47.857347] [debug] [03:38:13.987513] [Service::ParameterService::SetParameter] Requested: request_header { request_timestamp { seconds: 1785217014 nanos: 479695867 } } name: "default.angular_acceleration_limit" parameter: "{\"value\":10,\"write_db\":true}"
[07/28/26 14:37:47.860637] [debug] [03:38:13.990797] [Service] Server method called: /rb.api.ParameterService/SetParameter
[07/28/26 14:37:47.860681] [debug] [03:38:13.990844] [Service::ParameterService::SetParameter] Requested: request_header { request_timestamp { seconds: 1785217014 nanos: 483001185 } } name: "default.linear_acceleration_limit" parameter: "{\"value\":20,\"write_db\":true}"
[07/28/26 14:37:47.864333] [debug] [03:38:13.994493] [Service] Server method called: /rb.api.ParameterService/SetParameter
[07/28/26 14:37:47.864349] [debug] [03:38:13.994513] [Service::ParameterService::SetParameter] Requested: request_header { request_timestamp { seconds: 1785217014 nanos: 486652878 } } name: "joint_position_command.cutoff_frequency" parameter: "{\"value\":5,\"write_db\":true}"
[07/28/26 14:37:47.868230] [debug] [03:38:13.998389] [Service] Server method called: /rb.api.RobotCommandService/RobotCommand
[07/28/26 14:37:47.868337] [debug] [03:38:13.998499] [Service::RobotCommandService::RobotCommand] Requested: robot_command { component_based_command { body_command { joint_position_command { command_header { control_hold_time { seconds: 1 } } minimum_time { nanos: 500000000 } position: 0.035171445639071028 position: 1.28139034745667 position: -1.9804603247319204 position: 1.3134140948948569 position: 0.0457991986719718 position: 0.60913086113008419 position: 0.10832410370690461 position: -0.97516753418392477 position: -0.89366910935427768 position: -0.8... [truncated]
[07/28/26 14:37:47.868340] [debug] [03:38:13.998506] [Service::RobotCommandService::RobotCommand]   Peer: ipv4:192.168.30.230:46046
[07/28/26 14:37:47.868554] [debug] [03:38:13.998717] [Service::RobotCommandService::RobotCommand]   IP: 192.168.30.230, Family: ipv4
[07/28/26 14:37:47.872880] [info] [03:38:14.003042] [ControlManager] Control started: {"type":"RobotCommand","control":{"type":"ComponentBasedCommand","components":{"mobility":null,"body":{"type":"BodyCommand","control":{"type":"JointPositionCommand","control":{"type":"JointPositionControl"}}},"head":{"type":"HeadCommand","control":{"type":"JointPositionCommand","control":{"type":"JointPositionControl"}}}}}} (priority: 1)
[07/28/26 14:37:49.630881] [debug] [03:38:15.761039] [ControlManager] Control finished: {"type":"RobotCommand","control":{"type":"ComponentBasedCommand","components":{"mobility":null,"body":{"type":"BodyCommand","control":{"type":"JointPositionCommand","control":{"type":"JointPositionControl"}}},"head":{"type":"HeadCommand","control":{"type":"JointPositionCommand","control":{"type":"JointPositionControl"}}}}}}
[07/28/26 14:37:49.630998] [info] [03:38:15.761157] [ControlInterface] Control completed successfully.
[07/28/26 14:37:49.631007] [debug] [03:38:15.761166] [ControlInterface::ExecutionStats] Average Control Time: 0.001 ms (max: 0.029 ms, min: 0.001 ms, sigma: 0.001 ms, count: 880)
[07/28/26 14:37:49.632304] [debug] [03:38:15.762465] [Service] Server method called: /rb.api.PowerService/ToolFlangePowerCommand
[07/28/26 14:37:49.632335] [debug] [03:38:15.762499] [Service::PowerService::ToolFlangePowerCommand] Requested: request_header { request_timestamp { seconds: 1785217016 nanos: 254423617 } } name: "right" command: COMMAND_POWER_12V
[07/28/26 14:37:49.632339] [debug] [03:38:15.762505] [Service::PowerService::ToolFlangePowerCommand] Result: Success
[07/28/26 14:37:49.633075] [debug] [03:38:15.763236] [Service] Server method called: /rb.api.PowerService/ToolFlangePowerCommand
[07/28/26 14:37:49.633099] [debug] [03:38:15.763263] [Service::PowerService::ToolFlangePowerCommand] Requested: request_header { request_timestamp { seconds: 1785217016 nanos: 255296618 } } name: "left" command: COMMAND_POWER_12V
[07/28/26 14:37:49.633103] [debug] [03:38:15.763268] [Service::PowerService::ToolFlangePowerCommand] Result: Success
[07/28/26 14:37:50.800087] [debug] [03:38:16.930242] [Service] Server method called: /rb.api.RobotCommandService/RobotCommand
[07/28/26 14:37:50.800192] [debug] [03:38:16.930353] [Service::RobotCommandService::RobotCommand] Requested: robot_command { component_based_command { body_command { joint_position_command { command_header { control_hold_time { seconds: 1 } } minimum_time { seconds: 4 } position: 0 position: 0.78539816339744828 position: -1.3962634015954636 position: 0.78539816339744828 position: 0 position: 0 position: 0 position: -0.26179938779914941 position: 0 position: -2.0943951023931953 position: 0 position: 0.52359877559829882 position: 0 position: 0 position: 0... [truncated]
[07/28/26 14:37:50.800249] [debug] [03:38:16.930362] [Service::RobotCommandService::RobotCommand]   Peer: ipv4:192.168.30.230:46046
[07/28/26 14:37:50.800486] [debug] [03:38:16.930649] [Service::RobotCommandService::RobotCommand]   IP: 192.168.30.230, Family: ipv4
[07/28/26 14:37:50.804866] [info] [03:38:16.935026] [ControlManager] Control started: {"type":"RobotCommand","control":{"type":"ComponentBasedCommand","components":{"mobility":null,"body":{"type":"BodyCommand","control":{"type":"JointPositionCommand","control":{"type":"JointPositionControl"}}},"head":{"type":"HeadCommand","control":{"type":"JointPositionCommand","control":{"type":"JointPositionControl"}}}}}} (priority: 1)
[07/28/26 14:37:56.062881] [debug] [03:38:22.193038] [ControlManager] Control finished: {"type":"RobotCommand","control":{"type":"ComponentBasedCommand","components":{"mobility":null,"body":{"type":"BodyCommand","control":{"type":"JointPositionCommand","control":{"type":"JointPositionControl"}}},"head":{"type":"HeadCommand","control":{"type":"JointPositionCommand","control":{"type":"JointPositionControl"}}}}}}
[07/28/26 14:37:56.062942] [info] [03:38:22.193101] [ControlInterface] Control completed successfully.
[07/28/26 14:37:56.062952] [debug] [03:38:22.193111] [ControlInterface::ExecutionStats] Average Control Time: 0.001 ms (max: 0.021 ms, min: 0.001 ms, sigma: 0.000 ms, count: 2630)
[07/28/26 14:37:56.063696] [debug] [03:38:22.193856] [Service] Server method called: /rb.api.RobotCommandService/RobotCommandStream
[07/28/26 14:37:56.063709] [debug] [03:38:22.193873] [Service::RobotCommandService::RobotCommandStream] Stream is created
[07/28/26 14:37:56.105796] [debug] [03:38:22.235955] [Service::RobotCommandService::RobotCommandStream] Requested: robot_command { component_based_command { mobility_command { se2_velocity_command { command_header { control_hold_time { seconds: 1 } } minimum_time { nanos: 10100000 } velocity { linear { } } acceleration_limit { linear { x: 1 y: 1 } angular: 1 } } } body_command { joint_impedance_control_command { command_header { control_hold_time { seconds: 1 } } minimum_time { nanos: 10100000 } position: -0.00015576502102601837 position: 0.78507975957530163 ... [truncated]
[07/28/26 14:37:56.105803] [debug] [03:38:22.235968] [Service::RobotCommandService::RobotCommandStream]   Peer: ipv4:192.168.30.230:46046
[07/28/26 14:37:56.105970] [debug] [03:38:22.236134] [Service::RobotCommandService::RobotCommandStream]   IP: 192.168.30.230, Family: ipv4
[07/28/26 14:37:56.110868] [info] [03:38:22.241031] [ControlManager] Control started: {"type":"RobotCommand","control":{"type":"ComponentBasedCommand","components":{"mobility":{"type":"MobilityCommand","control":{"type":"SE2VelocityCommand","control":{"type":"MobilitySE2VelocityControl"}}},"body":{"type":"BodyCommand","control":{"type":"JointImpedanceControlCommand","control":{"type":"JointImpedanceControl"}}},"head":{"type":"HeadCommand","control":{"type":"JointPositionCommand","control":{"type":"JointPositionControl"}}}}}} (priority: 1)
[07/28/26 14:38:06.108983] [debug] [03:38:32.239128] [ControlInterface::ExecutionStats] Average Control Time: 0.120 ms (max: 0.208 ms, min: 0.109 ms, sigma: 0.005 ms, count: 5000)
[07/28/26 14:38:15.431852] [debug] [03:38:41.562003] [Hardware] Hardware Loop Stat (avg: 2.000 ms, min: 1.998 ms, max: 2.002 ms, count: 15000)
[07/28/26 14:38:15.584844] [debug] [03:38:41.715002] [ControlManager] Control Manager Loop Stat (avg: 2.000 ms, min: 1.997 ms, max: 2.004 ms, count: 15000)
[07/28/26 14:38:16.108992] [debug] [03:38:42.239147] [ControlInterface::ExecutionStats] Average Control Time: 0.123 ms (max: 0.145 ms, min: 0.111 ms, sigma: 0.005 ms, count: 5000)
[07/28/26 14:38:26.109013] [debug] [03:38:52.239162] [ControlInterface::ExecutionStats] Average Control Time: 0.120 ms (max: 0.139 ms, min: 0.110 ms, sigma: 0.005 ms, count: 5000)
[07/28/26 14:38:36.108982] [debug] [03:39:02.239130] [ControlInterface::ExecutionStats] Average Control Time: 0.122 ms (max: 0.140 ms, min: 0.112 ms, sigma: 0.005 ms, count: 5000)
[07/28/26 14:38:45.431851] [debug] [03:39:11.562003] [Hardware] Hardware Loop Stat (avg: 2.000 ms, min: 1.999 ms, max: 2.001 ms, count: 15000)
[07/28/26 14:38:45.584843] [debug] [03:39:11.715003] [ControlManager] Control Manager Loop Stat (avg: 2.000 ms, min: 1.999 ms, max: 2.001 ms, count: 15000)
[07/28/26 14:38:46.108990] [debug] [03:39:12.239145] [ControlInterface::ExecutionStats] Average Control Time: 0.123 ms (max: 0.145 ms, min: 0.110 ms, sigma: 0.005 ms, count: 5000)
[07/28/26 14:38:48.304052] [debug] [03:39:14.434206] [Service] Server method called: /rb.api.RobotCommandService/RobotCommand
[07/28/26 14:38:48.304086] [debug] [03:39:14.434249] [Service::RobotCommandService::RobotCommand] Requested: robot_command { whole_body_command { stop_command { } } } priority: 99
[07/28/26 14:38:48.304089] [debug] [03:39:14.434255] [Service::RobotCommandService::RobotCommand]   Peer: ipv4:192.168.30.230:46046
[07/28/26 14:38:48.304256] [debug] [03:39:14.434419] [Service::RobotCommandService::RobotCommand]   IP: 192.168.30.230, Family: ipv4
[07/28/26 14:38:48.407021] [debug] [03:39:14.537178] [ControlManager] Control finished: {"type":"RobotCommand","control":{"type":"ComponentBasedCommand","components":{"mobility":{"type":"MobilityCommand","control":{"type":"SE2VelocityCommand","control":{"type":"MobilitySE2VelocityControl"}}},"body":{"type":"BodyCommand","control":{"type":"JointImpedanceControlCommand","control":{"type":"JointImpedanceControl"}}},"head":{"type":"HeadCommand","control":{"type":"JointPositionCommand","control":{"type":"JointPositionControl"}}}}}}
[07/28/26 14:38:48.407172] [debug] [03:39:14.537332] [Service::RobotCommandService::RobotCommandStream] OnReadDone (write_done: true, read_done: true)
[07/28/26 14:38:48.407185] [debug] [03:39:14.537346] [Service::RobotCommandService::RobotCommandStream] OnCancel
[07/28/26 14:38:48.407229] [info] [03:39:14.537389] [ControlInterface] Control was preempted or canceled by another request.
[07/28/26 14:38:48.407239] [debug] [03:39:14.537398] [ControlInterface::ExecutionStats] Average Control Time: 0.122 ms (max: 0.144 ms, min: 0.112 ms, sigma: 0.005 ms, count: 1149)
[07/28/26 14:38:48.407326] [debug] [03:39:14.537488] [Service::RobotCommandService::RobotCommandStream] OnDone: robot_command { component_based_command { mobility_command { se2_velocity_command { command_header { control_hold_time { seconds: 1 } } minimum_time { nanos: 10100000 } velocity { linear { } } acceleration_limit { linear { x: 1 y: 1 } angular: 1 } } } body_command { joint_impedance_control_command { command_header { control_hold_time { seconds: 1 } } minimum_time { nanos: 10100000 } position: 0.032202156208886577 position: 1.0699740461621265 posi... [truncated]
[07/28/26 14:38:48.408855] [info] [03:39:14.539019] [ControlManager] Control started: {"type":"RobotCommand","control":{"type":"WholeBodyCommand","control":{"type":"StopControl","control":{"type":"JointVelocityControl"}}}} (priority: 99)
[07/28/26 14:38:48.408875] [debug] [03:39:14.539041] [ControlManager] Control finished: {"type":"RobotCommand","control":{"type":"WholeBodyCommand","control":{"type":"StopControl","control":{"type":"JointVelocityControl"}}}}
[07/28/26 14:38:48.408910] [info] [03:39:14.539073] [ControlInterface] Control completed successfully.
[07/28/26 14:38:48.408917] [debug] [03:39:14.539078] [ControlInterface::ExecutionStats] Average Control Time: 0.006 ms (max: 0.006 ms, min: 0.006 ms, sigma: 0.000 ms, count: 1)
[07/28/26 14:38:48.410019] [debug] [03:39:14.540180] [Service] Server method called: /rb.api.ControlManagerService/ControlManagerCommand
[07/28/26 14:38:48.410045] [debug] [03:39:14.540209] [Service::ControlManagerService::ControlManagerCommand] Requested: request_header { request_timestamp { seconds: 1785217075 nanos: 31534389 } } command: COMMAND_DISABLE
[07/28/26 14:38:48.410049] [info] [03:39:14.540214] [ControlManager::Disable] Disable request received. Starting the disabling process...
[07/28/26 14:38:48.410856] [info] [03:39:14.541020] [ControlManager::Disable] Control Manager successfully disabled
[07/28/26 14:39:15.431850] [debug] [03:39:41.562003] [Hardware] Hardware Loop Stat (avg: 2.000 ms, min: 1.998 ms, max: 2.002 ms, count: 15000)
[07/28/26 14:39:15.584841] [debug] [03:39:41.715003] [ControlManager] Control Manager Loop Stat (avg: 2.000 ms, min: 1.998 ms, max: 2.002 ms, count: 15000)
[07/28/26 14:39:45.431849] [debug] [03:40:11.562002] [Hardware] Hardware Loop Stat (avg: 2.000 ms, min: 1.998 ms, max: 2.002 ms, count: 15000)
[07/28/26 14:39:45.584840] [debug] [03:40:11.715002] [ControlManager] Control Manager Loop Stat (avg: 2.000 ms, min: 1.997 ms, max: 2.003 ms, count: 15000)
[07/28/26 14:40:15.431852] [debug] [03:40:41.562003] [Hardware] Hardware Loop Stat (avg: 2.000 ms, min: 1.998 ms, max: 2.002 ms, count: 15000)
[07/28/26 14:40:15.584841] [debug] [03:40:41.715003] [ControlManager] Control Manager Loop Stat (avg: 2.000 ms, min: 1.998 ms, max: 2.002 ms, count: 15000)
[07/28/26 14:40:45.431849] [debug] [03:41:11.562003] [Hardware] Hardware Loop Stat (avg: 2.000 ms, min: 1.998 ms, max: 2.002 ms, count: 15000)
[07/28/26 14:40:45.584840] [debug] [03:41:11.715002] [ControlManager] Control Manager Loop Stat (avg: 2.000 ms, min: 1.999 ms, max: 2.001 ms, count: 15000)
[07/28/26 14:41:15.431849] [debug] [03:41:41.562003] [Hardware] Hardware Loop Stat (avg: 2.000 ms, min: 1.998 ms, max: 2.002 ms, count: 15000)
[07/28/26 14:41:15.584840] [debug] [03:41:41.715003] [ControlManager] Control Manager Loop Stat (avg: 2.000 ms, min: 1.998 ms, max: 2.002 ms, count: 15000)
[07/28/26 14:41:45.431849] [debug] [03:42:11.562002] [Hardware] Hardware Loop Stat (avg: 2.000 ms, min: 1.999 ms, max: 2.001 ms, count: 15000)
[07/28/26 14:41:45.584839] [debug] [03:42:11.715002] [ControlManager] Control Manager Loop Stat (avg: 2.000 ms, min: 1.997 ms, max: 2.002 ms, count: 15000)
[07/28/26 14:42:15.431850] [debug] [03:42:41.562003] [Hardware] Hardware Loop Stat (avg: 2.000 ms, min: 1.999 ms, max: 2.001 ms, count: 15000)
[07/28/26 14:42:15.584840] [debug] [03:42:41.715002] [ControlManager] Control Manager Loop Stat (avg: 2.000 ms, min: 1.997 ms, max: 2.003 ms, count: 15000)
[07/28/26 14:42:45.431848] [debug] [03:43:11.562003] [Hardware] Hardware Loop Stat (avg: 2.000 ms, min: 1.997 ms, max: 2.003 ms, count: 15000)
[07/28/26 14:42:45.584840] [debug] [03:43:11.715002] [ControlManager] Control Manager Loop Stat (avg: 2.000 ms, min: 1.999 ms, max: 2.001 ms, count: 15000)
[07/28/26 14:43:15.431849] [debug] [03:43:41.562003] [Hardware] Hardware Loop Stat (avg: 2.000 ms, min: 1.999 ms, max: 2.001 ms, count: 15000)
[07/28/26 14:43:15.584840] [debug] [03:43:41.715002] [ControlManager] Control Manager Loop Stat (avg: 2.000 ms, min: 1.998 ms, max: 2.002 ms, count: 15000)
[07/28/26 14:43:31.176562] [debug] [03:43:57.306714] [Service] Server method called: /rb.api.RobotInfoService/GetRobotModel
[07/28/26 14:43:31.176602] [debug] [03:43:57.306765] [Service::RobotInfoService::GetRobotModel] Requested: request_header { request_timestamp { seconds: 1785217357 nanos: 793664675 } }
[07/28/26 14:43:31.179928] [debug] [03:43:57.310087] [Service] Server method called: /rb.api.RobotStateService/GetRobotStateStream
[07/28/26 14:43:31.179963] [debug] [03:43:57.310125] [Service::RobotStateService::GetRobotStateStream] Requested: request_header { request_timestamp { seconds: 1785217357 nanos: 797277829 } } update_rate: 100
[07/28/26 14:43:45.431849] [debug] [03:44:11.562003] [Hardware] Hardware Loop Stat (avg: 2.000 ms, min: 1.999 ms, max: 2.001 ms, count: 15000)
[07/28/26 14:43:45.584840] [debug] [03:44:11.715003] [ControlManager] Control Manager Loop Stat (avg: 2.000 ms, min: 1.998 ms, max: 2.002 ms, count: 15000)
[07/28/26 14:44:15.431848] [debug] [03:44:41.562002] [Hardware] Hardware Loop Stat (avg: 2.000 ms, min: 1.998 ms, max: 2.003 ms, count: 15000)
[07/28/26 14:44:15.584841] [debug] [03:44:41.715002] [ControlManager] Control Manager Loop Stat (avg: 2.000 ms, min: 1.999 ms, max: 2.001 ms, count: 15000)
[07/28/26 14:44:45.431850] [debug] [03:45:11.562003] [Hardware] Hardware Loop Stat (avg: 2.000 ms, min: 1.999 ms, max: 2.001 ms, count: 15000)
[07/28/26 14:44:45.584840] [debug] [03:45:11.715003] [ControlManager] Control Manager Loop Stat (avg: 2.000 ms, min: 1.998 ms, max: 2.002 ms, count: 15000)
[07/28/26 14:45:15.431849] [debug] [03:45:41.562003] [Hardware] Hardware Loop Stat (avg: 2.000 ms, min: 1.998 ms, max: 2.001 ms, count: 15000)
[07/28/26 14:45:15.584840] [debug] [03:45:41.715002] [ControlManager] Control Manager Loop Stat (avg: 2.000 ms, min: 1.999 ms, max: 2.001 ms, count: 15000)
[07/28/26 14:45:45.431849] [debug] [03:46:11.562003] [Hardware] Hardware Loop Stat (avg: 2.000 ms, min: 1.998 ms, max: 2.002 ms, count: 15000)
[07/28/26 14:45:45.584841] [debug] [03:46:11.715003] [ControlManager] Control Manager Loop Stat (avg: 2.000 ms, min: 1.998 ms, max: 2.002 ms, count: 15000)
[07/28/26 14:46:15.431849] [debug] [03:46:41.562003] [Hardware] Hardware Loop Stat (avg: 2.000 ms, min: 1.999 ms, max: 2.001 ms, count: 15000)
[07/28/26 14:46:15.584840] [debug] [03:46:41.715003] [ControlManager] Control Manager Loop Stat (avg: 2.000 ms, min: 1.998 ms, max: 2.002 ms, count: 15000)
[07/28/26 14:46:22.095910] [debug] [03:46:48.226063] [Service] Server method called: /rb.api.RobotInfoService/GetRobotModel
[07/28/26 14:46:22.095949] [debug] [03:46:48.226113] [Service::RobotInfoService::GetRobotModel] Requested: request_header { request_timestamp { seconds: 1785217528 nanos: 710387231 } }
[07/28/26 14:46:22.099325] [debug] [03:46:48.229483] [Service] Server method called: /rb.api.RobotStateService/GetRobotStateStream
[07/28/26 14:46:22.099358] [debug] [03:46:48.229522] [Service::RobotStateService::GetRobotStateStream] Requested: request_header { request_timestamp { seconds: 1785217528 nanos: 714040926 } } update_rate: 100
[07/28/26 14:46:40.682064] [debug] [03:47:06.812218] [Service] Server method called: /rb.api.RobotInfoService/GetRobotInfo
[07/28/26 14:46:40.682097] [debug] [03:47:06.812261] [Service::RobotInfoService::GetRobotInfo] Requested: request_header { request_timestamp { seconds: 1785217547 nanos: 296688948 } }
[07/28/26 14:46:40.682871] [debug] [03:47:06.813030] [Service] Server method called: /rb.api.RobotStateService/GetRobotState
[07/28/26 14:46:40.682896] [debug] [03:47:06.813059] [Service::RobotStateService::GetRobotState] Requested: request_header { request_timestamp { seconds: 1785217547 nanos: 297584600 } }
[07/28/26 14:46:40.683719] [debug] [03:47:06.813880] [Service] Server method called: /rb.api.RobotInfoService/GetRobotInfo
[07/28/26 14:46:40.683738] [debug] [03:47:06.813902] [Service::RobotInfoService::GetRobotInfo] Requested: request_header { request_timestamp { seconds: 1785217547 nanos: 298418078 } }
[07/28/26 14:46:40.684315] [debug] [03:47:06.814476] [Service] Server method called: /rb.api.RobotStateService/GetRobotState
[07/28/26 14:46:40.684334] [debug] [03:47:06.814498] [Service::RobotStateService::GetRobotState] Requested: request_header { request_timestamp { seconds: 1785217547 nanos: 299076576 } }
[07/28/26 14:46:40.685036] [debug] [03:47:06.815198] [Service] Server method called: /rb.api.RobotStateService/GetControlManagerState
[07/28/26 14:46:40.685054] [debug] [03:47:06.815218] [Service::RobotStateService::GetControlManagerState] Requested: request_header { request_timestamp { seconds: 1785217547 nanos: 299768014 } }
[07/28/26 14:46:40.685559] [debug] [03:47:06.815721] [Service] Server method called: /rb.api.RobotInfoService/GetRobotInfo
[07/28/26 14:46:40.685576] [debug] [03:47:06.815740] [Service::RobotInfoService::GetRobotInfo] Requested: request_header { request_timestamp { seconds: 1785217547 nanos: 300283164 } }
[07/28/26 14:46:40.686225] [debug] [03:47:06.816387] [Service] Server method called: /rb.api.RobotStateService/GetRobotState
[07/28/26 14:46:40.686240] [debug] [03:47:06.816404] [Service::RobotStateService::GetRobotState] Requested: request_header { request_timestamp { seconds: 1785217547 nanos: 300972063 } }
[07/28/26 14:46:40.686754] [debug] [03:47:06.816915] [Service] Server method called: /rb.api.RobotStateService/GetRobotState
[07/28/26 14:46:40.686769] [debug] [03:47:06.816934] [Service::RobotStateService::GetRobotState] Requested: request_header { request_timestamp { seconds: 1785217547 nanos: 301524250 } }
[07/28/26 14:46:40.687291] [debug] [03:47:06.817453] [Service] Server method called: /rb.api.RobotInfoService/GetRobotInfo
[07/28/26 14:46:40.687304] [debug] [03:47:06.817469] [Service::RobotInfoService::GetRobotInfo] Requested: request_header { request_timestamp { seconds: 1785217547 nanos: 302101154 } }
[07/28/26 14:46:40.687855] [debug] [03:47:06.818018] [Service] Server method called: /rb.api.ControlManagerService/ControlManagerCommand
[07/28/26 14:46:40.687873] [debug] [03:47:06.818037] [Service::ControlManagerService::ControlManagerCommand] Requested: request_header { request_timestamp { seconds: 1785217547 nanos: 302632937 } } command: COMMAND_ENABLE unlimited_mode_enabled { }
[07/28/26 14:46:40.687877] [info] [03:47:06.818042] [ControlManager::Enable] Enable request received. Starting the enabling process...
[07/28/26 14:46:40.688851] [info] [03:47:06.819015] [ControlManager::Enable] Control Manager successfully enabled
[07/28/26 14:46:40.689353] [debug] [03:47:06.819513] [Service] Server method called: /rb.api.ParameterService/SetParameter
[07/28/26 14:46:40.689373] [debug] [03:47:06.819537] [Service::ParameterService::SetParameter] Requested: request_header { request_timestamp { seconds: 1785217547 nanos: 304142826 } } name: "cartesian_command.cutoff_frequency" parameter: "{\"value\":5,\"write_db\":true}"
[07/28/26 14:46:40.809844] [debug] [03:47:06.940004] [Service] Server method called: /rb.api.ParameterService/SetParameter
[07/28/26 14:46:40.809865] [debug] [03:47:06.940029] [Service::ParameterService::SetParameter] Requested: request_header { request_timestamp { seconds: 1785217547 nanos: 424283446 } } name: "default.acceleration_limit_scaling" parameter: "{\"value\":1.0,\"write_db\":true}"
[07/28/26 14:46:40.817778] [debug] [03:47:06.947936] [Service] Server method called: /rb.api.ParameterService/SetParameter
[07/28/26 14:46:40.817800] [debug] [03:47:06.947965] [Service::ParameterService::SetParameter] Requested: request_header { request_timestamp { seconds: 1785217547 nanos: 432287780 } } name: "default.angular_acceleration_limit" parameter: "{\"value\":10,\"write_db\":true}"
[07/28/26 14:46:40.825356] [debug] [03:47:06.955517] [Service] Server method called: /rb.api.ParameterService/SetParameter
[07/28/26 14:46:40.825374] [debug] [03:47:06.955537] [Service::ParameterService::SetParameter] Requested: request_header { request_timestamp { seconds: 1785217547 nanos: 439958136 } } name: "default.linear_acceleration_limit" parameter: "{\"value\":20,\"write_db\":true}"
[07/28/26 14:46:40.830936] [debug] [03:47:06.961097] [Service] Server method called: /rb.api.ParameterService/SetParameter
[07/28/26 14:46:40.830955] [debug] [03:47:06.961119] [Service::ParameterService::SetParameter] Requested: request_header { request_timestamp { seconds: 1785217547 nanos: 445595724 } } name: "joint_position_command.cutoff_frequency" parameter: "{\"value\":5,\"write_db\":true}"
[07/28/26 14:46:40.836833] [debug] [03:47:06.966993] [Service] Server method called: /rb.api.ParameterService/SetParameter
[07/28/26 14:46:40.836849] [debug] [03:47:06.967013] [Service::ParameterService::SetParameter] Requested: request_header { request_timestamp { seconds: 1785217547 nanos: 451572528 } } name: "manipulability_threshold" parameter: "{\"value\":1e4,\"write_db\":true}"
[07/28/26 14:46:40.844729] [debug] [03:47:06.974890] [Service] Server method called: /rb.api.RobotCommandService/RobotCommand
[07/28/26 14:46:40.844797] [debug] [03:47:06.974960] [Service::RobotCommandService::RobotCommand] Requested: robot_command { component_based_command { body_command { joint_position_command { command_header { control_hold_time { seconds: 1 } } minimum_time { nanos: 500000000 } position: 0.04159973641602744 position: 1.0962039341231093 position: -1.8944017243422471 position: 0.730972221284694 position: 0.048950693855004175 position: 0.258582078258881 position: 0.02112261169061342 position: -0.44951712256486459 position: -0.38947164687272712 position: -1.6... [truncated]
[07/28/26 14:46:40.844801] [debug] [03:47:06.974966] [Service::RobotCommandService::RobotCommand]   Peer: ipv4:192.168.30.230:44982
[07/28/26 14:46:40.844948] [debug] [03:47:06.975113] [Service::RobotCommandService::RobotCommand]   IP: 192.168.30.230, Family: ipv4
[07/28/26 14:46:40.850882] [info] [03:47:06.981045] [ControlManager] Control started: {"type":"RobotCommand","control":{"type":"ComponentBasedCommand","components":{"mobility":null,"body":{"type":"BodyCommand","control":{"type":"JointPositionCommand","control":{"type":"JointPositionControl"}}},"head":{"type":"HeadCommand","control":{"type":"JointPositionCommand","control":{"type":"JointPositionControl"}}}}}} (priority: 1)
[07/28/26 14:46:42.608882] [debug] [03:47:08.739038] [ControlManager] Control finished: {"type":"RobotCommand","control":{"type":"ComponentBasedCommand","components":{"mobility":null,"body":{"type":"BodyCommand","control":{"type":"JointPositionCommand","control":{"type":"JointPositionControl"}}},"head":{"type":"HeadCommand","control":{"type":"JointPositionCommand","control":{"type":"JointPositionControl"}}}}}}
[07/28/26 14:46:42.608942] [info] [03:47:08.739101] [ControlInterface] Control completed successfully.
[07/28/26 14:46:42.608950] [debug] [03:47:08.739110] [ControlInterface::ExecutionStats] Average Control Time: 0.001 ms (max: 0.029 ms, min: 0.001 ms, sigma: 0.001 ms, count: 880)
[07/28/26 14:46:42.609792] [debug] [03:47:08.739952] [Service] Server method called: /rb.api.PowerService/ToolFlangePowerCommand
[07/28/26 14:46:42.609825] [debug] [03:47:08.739989] [Service::PowerService::ToolFlangePowerCommand] Requested: request_header { request_timestamp { seconds: 1785217549 nanos: 224418620 } } name: "right" command: COMMAND_POWER_12V
[07/28/26 14:46:42.609829] [debug] [03:47:08.739995] [Service::PowerService::ToolFlangePowerCommand] Result: Success
[07/28/26 14:46:42.610145] [debug] [03:47:08.740307] [Service] Server method called: /rb.api.PowerService/ToolFlangePowerCommand
[07/28/26 14:46:42.610160] [debug] [03:47:08.740324] [Service::PowerService::ToolFlangePowerCommand] Requested: request_header { request_timestamp { seconds: 1785217549 nanos: 224905225 } } name: "left" command: COMMAND_POWER_12V
[07/28/26 14:46:42.610164] [debug] [03:47:08.740329] [Service::PowerService::ToolFlangePowerCommand] Result: Success
[07/28/26 14:46:43.758709] [debug] [03:47:09.888853] [Service] Server method called: /rb.api.RobotCommandService/RobotCommand
[07/28/26 14:46:43.758802] [debug] [03:47:09.888940] [Service::RobotCommandService::RobotCommand] Requested: robot_command { component_based_command { body_command { joint_position_command { command_header { control_hold_time { seconds: 1 } } minimum_time { seconds: 4 } position: 0 position: 0.78539816339744828 position: -1.3962634015954636 position: 0.78539816339744828 position: 0 position: 0 position: 0 position: -0.26179938779914941 position: 0 position: -2.0943951023931953 position: 0 position: 0.52359877559829882 position: 0 position: 0 position: 0... [truncated]
[07/28/26 14:46:43.758807] [debug] [03:47:09.888972] [Service::RobotCommandService::RobotCommand]   Peer: ipv4:192.168.30.230:44982
[07/28/26 14:46:43.758973] [debug] [03:47:09.889137] [Service::RobotCommandService::RobotCommand]   IP: 192.168.30.230, Family: ipv4
[07/28/26 14:46:43.764869] [info] [03:47:09.895029] [ControlManager] Control started: {"type":"RobotCommand","control":{"type":"ComponentBasedCommand","components":{"mobility":null,"body":{"type":"BodyCommand","control":{"type":"JointPositionCommand","control":{"type":"JointPositionControl"}}},"head":{"type":"HeadCommand","control":{"type":"JointPositionCommand","control":{"type":"JointPositionControl"}}}}}} (priority: 1)
[07/28/26 14:46:45.431849] [debug] [03:47:11.562003] [Hardware] Hardware Loop Stat (avg: 2.000 ms, min: 1.999 ms, max: 2.001 ms, count: 15000)
[07/28/26 14:46:45.584841] [debug] [03:47:11.715002] [ControlManager] Control Manager Loop Stat (avg: 2.000 ms, min: 1.998 ms, max: 2.002 ms, count: 15000)
[07/28/26 14:46:49.022880] [debug] [03:47:15.153038] [ControlManager] Control finished: {"type":"RobotCommand","control":{"type":"ComponentBasedCommand","components":{"mobility":null,"body":{"type":"BodyCommand","control":{"type":"JointPositionCommand","control":{"type":"JointPositionControl"}}},"head":{"type":"HeadCommand","control":{"type":"JointPositionCommand","control":{"type":"JointPositionControl"}}}}}}
[07/28/26 14:46:49.022939] [info] [03:47:15.153099] [ControlInterface] Control completed successfully.
[07/28/26 14:46:49.022948] [debug] [03:47:15.153107] [ControlInterface::ExecutionStats] Average Control Time: 0.001 ms (max: 0.021 ms, min: 0.001 ms, sigma: 0.000 ms, count: 2630)
[07/28/26 14:46:49.024891] [debug] [03:47:15.155049] [Service] Server method called: /rb.api.RobotCommandService/RobotCommandStream
[07/28/26 14:46:49.024903] [debug] [03:47:15.155067] [Service::RobotCommandService::RobotCommandStream] Stream is created
[07/28/26 14:46:49.036823] [debug] [03:47:15.166982] [Service::RobotCommandService::RobotCommandStream] Requested: robot_command { component_based_command { mobility_command { se2_velocity_command { command_header { control_hold_time { seconds: 1 } } minimum_time { nanos: 10100000 } velocity { linear { } } acceleration_limit { linear { x: 1 y: 1 } angular: 1 } } } body_command { body_component_based_command { right_arm_command { joint_impedance_control_command { command_header { control_hold_time { seconds: 1 } } minimum_time { nanos: 10100000 } position: -8.... [truncated]
[07/28/26 14:46:49.036830] [debug] [03:47:15.166995] [Service::RobotCommandService::RobotCommandStream]   Peer: ipv4:192.168.30.230:44982
[07/28/26 14:46:49.036979] [debug] [03:47:15.167143] [Service::RobotCommandService::RobotCommandStream]   IP: 192.168.30.230, Family: ipv4
[07/28/26 14:46:49.042895] [info] [03:47:15.173056] [ControlManager] Control started: {"type":"RobotCommand","control":{"type":"ComponentBasedCommand","components":{"mobility":{"type":"MobilityCommand","control":{"type":"SE2VelocityCommand","control":{"type":"MobilitySE2VelocityControl"}}},"body":{"type":"BodyCommand","control":{"type":"BodyComponentBasedCommand","components":{"torso":{"type":"TorsoCommand","control":{"type":"JointImpedanceControlCommand","control":{"type":"JointImpedanceControl"}}},"right_arm":{"type":"ArmCommand","control":{"type":"JointImpedanceControlCommand","control":{"type":"JointImpedanceControl"}}},"left_arm":{"type":"ArmCommand","control":{"type":"JointImpedanceControlCommand","control":{"type":"JointImpedanceControl"}}}}}},"head":{"type":"HeadCommand","control":{"type":"JointPositionCommand","control":{"type":"JointPositionControl"}}}}}} (priority: 1)
[07/28/26 14:46:57.953323] [debug] [03:47:24.083474] [Service] Server method called: /rb.api.RobotCommandService/RobotCommand
[07/28/26 14:46:57.953358] [debug] [03:47:24.083522] [Service::RobotCommandService::RobotCommand] Requested: robot_command { whole_body_command { stop_command { } } } priority: 99
[07/28/26 14:46:57.953362] [debug] [03:47:24.083527] [Service::RobotCommandService::RobotCommand]   Peer: ipv4:192.168.30.230:44982
[07/28/26 14:46:57.953517] [debug] [03:47:24.083681] [Service::RobotCommandService::RobotCommand]   IP: 192.168.30.230, Family: ipv4
[07/28/26 14:46:58.057273] [debug] [03:47:24.187428] [ControlManager] Control finished: {"type":"RobotCommand","control":{"type":"ComponentBasedCommand","components":{"mobility":{"type":"MobilityCommand","control":{"type":"SE2VelocityCommand","control":{"type":"MobilitySE2VelocityControl"}}},"body":{"type":"BodyCommand","control":{"type":"BodyComponentBasedCommand","components":{"torso":{"type":"TorsoCommand","control":{"type":"JointImpedanceControlCommand","control":{"type":"JointImpedanceControl"}}},"right_arm":{"type":"ArmCommand","control":{"type":"JointImpedanceControlCommand","control":{"type":"JointImpedanceControl"}}},"left_arm":{"type":"ArmCommand","control":{"type":"JointImpedanceControlCommand","control":{"type":"JointImpedanceControl"}}}}}},"head":{"type":"HeadCommand","control":{"type":"JointPositionCommand","control":{"type":"JointPositionControl"}}}}}}
[07/28/26 14:46:58.057376] [debug] [03:47:24.187534] [Service::RobotCommandService::RobotCommandStream] OnReadDone (write_done: true, read_done: true)
[07/28/26 14:46:58.057395] [debug] [03:47:24.187556] [Service::RobotCommandService::RobotCommandStream] OnCancel
[07/28/26 14:46:58.057482] [info] [03:47:24.187643] [ControlInterface] Control was preempted or canceled by another request.
[07/28/26 14:46:58.057492] [debug] [03:47:24.187651] [ControlInterface::ExecutionStats] Average Control Time: 0.348 ms (max: 0.462 ms, min: 0.329 ms, sigma: 0.009 ms, count: 4508)
[07/28/26 14:46:58.057556] [debug] [03:47:24.187716] [Service::RobotCommandService::RobotCommandStream] OnDone: robot_command { component_based_command { mobility_command { se2_velocity_command { command_header { control_hold_time { seconds: 1 } } minimum_time { nanos: 10100000 } velocity { linear { } } acceleration_limit { linear { x: 1 y: 1 } angular: 1 } } } body_command { body_component_based_command { right_arm_command { joint_impedance_control_command { command_header { control_hold_time { seconds: 1 } } minimum_time { nanos: 10100000 } position: -0.... [truncated]
[07/28/26 14:46:58.058852] [info] [03:47:24.189017] [ControlManager] Control started: {"type":"RobotCommand","control":{"type":"WholeBodyCommand","control":{"type":"StopControl","control":{"type":"JointVelocityControl"}}}} (priority: 99)
[07/28/26 14:46:58.058873] [debug] [03:47:24.189038] [ControlManager] Control finished: {"type":"RobotCommand","control":{"type":"WholeBodyCommand","control":{"type":"StopControl","control":{"type":"JointVelocityControl"}}}}
[07/28/26 14:46:58.058910] [info] [03:47:24.189073] [ControlInterface] Control completed successfully.
[07/28/26 14:46:58.058915] [debug] [03:47:24.189077] [ControlInterface::ExecutionStats] Average Control Time: 0.006 ms (max: 0.006 ms, min: 0.006 ms, sigma: 0.000 ms, count: 1)
[07/28/26 14:46:58.059600] [debug] [03:47:24.189762] [Service] Server method called: /rb.api.ControlManagerService/ControlManagerCommand
[07/28/26 14:46:58.059623] [debug] [03:47:24.189787] [Service::ControlManagerService::ControlManagerCommand] Requested: request_header { request_timestamp { seconds: 1785217564 nanos: 674054952 } } command: COMMAND_DISABLE
[07/28/26 14:46:58.059627] [info] [03:47:24.189792] [ControlManager::Disable] Disable request received. Starting the disabling process...
[07/28/26 14:46:58.060856] [info] [03:47:24.191021] [ControlManager::Disable] Control Manager successfully disabled
[07/28/26 14:47:15.431851] [debug] [03:47:41.562002] [Hardware] Hardware Loop Stat (avg: 2.000 ms, min: 1.998 ms, max: 2.002 ms, count: 15000)
[07/28/26 14:47:15.584842] [debug] [03:47:41.715003] [ControlManager] Control Manager Loop Stat (avg: 2.000 ms, min: 1.998 ms, max: 2.002 ms, count: 15000)
[07/28/26 14:47:41.709647] [debug] [03:48:07.839799] [Service] Server method called: /rb.api.RobotInfoService/GetRobotModel
[07/28/26 14:47:41.709685] [debug] [03:48:07.839849] [Service::RobotInfoService::GetRobotModel] Requested: request_header { request_timestamp { seconds: 1785217608 nanos: 322741990 } }
[07/28/26 14:47:41.713564] [debug] [03:48:07.843721] [Service] Server method called: /rb.api.RobotStateService/GetRobotStateStream
[07/28/26 14:47:41.713625] [debug] [03:48:07.843788] [Service::RobotStateService::GetRobotStateStream] Requested: request_header { request_timestamp { seconds: 1785217608 nanos: 327023048 } } update_rate: 100
[07/28/26 14:47:45.431848] [debug] [03:48:11.562002] [Hardware] Hardware Loop Stat (avg: 2.000 ms, min: 1.998 ms, max: 2.002 ms, count: 15000)
[07/28/26 14:47:45.584840] [debug] [03:48:11.715002] [ControlManager] Control Manager Loop Stat (avg: 2.000 ms, min: 1.998 ms, max: 2.002 ms, count: 15000)
[07/28/26 14:47:56.469887] [debug] [03:48:22.600030] [Service] Server method called: /rb.api.RobotInfoService/GetRobotInfo
[07/28/26 14:47:56.469922] [debug] [03:48:22.600085] [Service::RobotInfoService::GetRobotInfo] Requested: request_header { request_timestamp { seconds: 1785217623 nanos: 83106434 } }
[07/28/26 14:47:56.471063] [debug] [03:48:22.601219] [Service] Server method called: /rb.api.RobotStateService/GetRobotState
[07/28/26 14:47:56.471089] [debug] [03:48:22.601254] [Service::RobotStateService::GetRobotState] Requested: request_header { request_timestamp { seconds: 1785217623 nanos: 84468398 } }
[07/28/26 14:47:56.472171] [debug] [03:48:22.602331] [Service] Server method called: /rb.api.RobotInfoService/GetRobotInfo
[07/28/26 14:47:56.472250] [debug] [03:48:22.602353] [Service::RobotInfoService::GetRobotInfo] Requested: request_header { request_timestamp { seconds: 1785217623 nanos: 85650540 } }
[07/28/26 14:47:56.473382] [debug] [03:48:22.603543] [Service] Server method called: /rb.api.RobotStateService/GetRobotState
[07/28/26 14:47:56.473398] [debug] [03:48:22.603562] [Service::RobotStateService::GetRobotState] Requested: request_header { request_timestamp { seconds: 1785217623 nanos: 86852322 } }
[07/28/26 14:47:56.474458] [debug] [03:48:22.604619] [Service] Server method called: /rb.api.RobotStateService/GetControlManagerState
[07/28/26 14:47:56.474477] [debug] [03:48:22.604642] [Service::RobotStateService::GetControlManagerState] Requested: request_header { request_timestamp { seconds: 1785217623 nanos: 87892386 } }
[07/28/26 14:47:56.475376] [debug] [03:48:22.605536] [Service] Server method called: /rb.api.RobotInfoService/GetRobotInfo
[07/28/26 14:47:56.475397] [debug] [03:48:22.605562] [Service::RobotInfoService::GetRobotInfo] Requested: request_header { request_timestamp { seconds: 1785217623 nanos: 88821844 } }
[07/28/26 14:47:56.476361] [debug] [03:48:22.606523] [Service] Server method called: /rb.api.RobotStateService/GetRobotState
[07/28/26 14:47:56.476375] [debug] [03:48:22.606540] [Service::RobotStateService::GetRobotState] Requested: request_header { request_timestamp { seconds: 1785217623 nanos: 89851600 } }
[07/28/26 14:47:56.477212] [debug] [03:48:22.607372] [Service] Server method called: /rb.api.RobotStateService/GetRobotState
[07/28/26 14:47:56.477228] [debug] [03:48:22.607392] [Service::RobotStateService::GetRobotState] Requested: request_header { request_timestamp { seconds: 1785217623 nanos: 90710844 } }
[07/28/26 14:47:56.478187] [debug] [03:48:22.608350] [Service] Server method called: /rb.api.RobotInfoService/GetRobotInfo
[07/28/26 14:47:56.478199] [debug] [03:48:22.608364] [Service::RobotInfoService::GetRobotInfo] Requested: request_header { request_timestamp { seconds: 1785217623 nanos: 91699864 } }
[07/28/26 14:47:56.478851] [debug] [03:48:22.609013] [Service] Server method called: /rb.api.ControlManagerService/ControlManagerCommand
[07/28/26 14:47:56.478869] [debug] [03:48:22.609033] [Service::ControlManagerService::ControlManagerCommand] Requested: request_header { request_timestamp { seconds: 1785217623 nanos: 92422700 } } command: COMMAND_ENABLE unlimited_mode_enabled { }
[07/28/26 14:47:56.478872] [info] [03:48:22.609037] [ControlManager::Enable] Enable request received. Starting the enabling process...
[07/28/26 14:47:56.480850] [info] [03:48:22.611015] [ControlManager::Enable] Control Manager successfully enabled
[07/28/26 14:47:56.481379] [debug] [03:48:22.611541] [Service] Server method called: /rb.api.ParameterService/SetParameter
[07/28/26 14:47:56.481397] [debug] [03:48:22.611561] [Service::ParameterService::SetParameter] Requested: request_header { request_timestamp { seconds: 1785217623 nanos: 94947500 } } name: "cartesian_command.cutoff_frequency" parameter: "{\"value\":5,\"write_db\":true}"
[07/28/26 14:47:56.491279] [debug] [03:48:22.621440] [Service] Server method called: /rb.api.ParameterService/SetParameter
[07/28/26 14:47:56.491297] [debug] [03:48:22.621461] [Service::ParameterService::SetParameter] Requested: request_header { request_timestamp { seconds: 1785217623 nanos: 104746372 } } name: "default.acceleration_limit_scaling" parameter: "{\"value\":1.0,\"write_db\":true}"
[07/28/26 14:47:56.499941] [debug] [03:48:22.630100] [Service] Server method called: /rb.api.ParameterService/SetParameter
[07/28/26 14:47:56.499960] [debug] [03:48:22.630124] [Service::ParameterService::SetParameter] Requested: request_header { request_timestamp { seconds: 1785217623 nanos: 113510726 } } name: "default.angular_acceleration_limit" parameter: "{\"value\":10,\"write_db\":true}"
[07/28/26 14:47:56.503370] [debug] [03:48:22.633531] [Service] Server method called: /rb.api.ParameterService/SetParameter
[07/28/26 14:47:56.503388] [debug] [03:48:22.633552] [Service::ParameterService::SetParameter] Requested: request_header { request_timestamp { seconds: 1785217623 nanos: 116963158 } } name: "default.linear_acceleration_limit" parameter: "{\"value\":20,\"write_db\":true}"
[07/28/26 14:47:56.507278] [debug] [03:48:22.637442] [Service] Server method called: /rb.api.ParameterService/SetParameter
[07/28/26 14:47:56.507291] [debug] [03:48:22.637457] [Service::ParameterService::SetParameter] Requested: request_header { request_timestamp { seconds: 1785217623 nanos: 120883769 } } name: "joint_position_command.cutoff_frequency" parameter: "{\"value\":5,\"write_db\":true}"
[07/28/26 14:47:56.519265] [debug] [03:48:22.649426] [Service] Server method called: /rb.api.RobotCommandService/RobotCommand
[07/28/26 14:47:56.519336] [debug] [03:48:22.649499] [Service::RobotCommandService::RobotCommand] Requested: robot_command { component_based_command { body_command { joint_position_command { command_header { control_hold_time { seconds: 1 } } minimum_time { nanos: 500000000 } position: 8.7330589409331067e-05 position: 0.78553865173693294 position: -1.4028975731822353 position: 0.78250106601834746 position: 0.00017845816096689391 position: -5.3157750075245e-05 position: -0.19366127748841397 position: -0.41931212957568076 position: 0.095019478259500426 po... [truncated]
[07/28/26 14:47:56.519340] [debug] [03:48:22.649505] [Service::RobotCommandService::RobotCommand]   Peer: ipv4:192.168.30.230:59004
[07/28/26 14:47:56.519488] [debug] [03:48:22.649651] [Service::RobotCommandService::RobotCommand]   IP: 192.168.30.230, Family: ipv4
[07/28/26 14:47:56.524879] [info] [03:48:22.655042] [ControlManager] Control started: {"type":"RobotCommand","control":{"type":"ComponentBasedCommand","components":{"mobility":null,"body":{"type":"BodyCommand","control":{"type":"JointPositionCommand","control":{"type":"JointPositionControl"}}},"head":{"type":"HeadCommand","control":{"type":"JointPositionCommand","control":{"type":"JointPositionControl"}}}}}} (priority: 1)
[07/28/26 14:47:58.282881] [debug] [03:48:24.413039] [ControlManager] Control finished: {"type":"RobotCommand","control":{"type":"ComponentBasedCommand","components":{"mobility":null,"body":{"type":"BodyCommand","control":{"type":"JointPositionCommand","control":{"type":"JointPositionControl"}}},"head":{"type":"HeadCommand","control":{"type":"JointPositionCommand","control":{"type":"JointPositionControl"}}}}}}
[07/28/26 14:47:58.282939] [info] [03:48:24.413099] [ControlInterface] Control completed successfully.
[07/28/26 14:47:58.282947] [debug] [03:48:24.413107] [ControlInterface::ExecutionStats] Average Control Time: 0.001 ms (max: 0.027 ms, min: 0.001 ms, sigma: 0.001 ms, count: 880)
[07/28/26 14:47:58.285047] [debug] [03:48:24.415208] [Service] Server method called: /rb.api.PowerService/ToolFlangePowerCommand
[07/28/26 14:47:58.285079] [debug] [03:48:24.415243] [Service::PowerService::ToolFlangePowerCommand] Requested: request_header { request_timestamp { seconds: 1785217624 nanos: 898272167 } } name: "right" command: COMMAND_POWER_12V
[07/28/26 14:47:58.285084] [debug] [03:48:24.415249] [Service::PowerService::ToolFlangePowerCommand] Result: Success
[07/28/26 14:47:58.286198] [debug] [03:48:24.416358] [Service] Server method called: /rb.api.PowerService/ToolFlangePowerCommand
[07/28/26 14:47:58.286234] [debug] [03:48:24.416397] [Service::PowerService::ToolFlangePowerCommand] Requested: request_header { request_timestamp { seconds: 1785217624 nanos: 899561758 } } name: "left" command: COMMAND_POWER_12V
[07/28/26 14:47:58.286238] [debug] [03:48:24.416403] [Service::PowerService::ToolFlangePowerCommand] Result: Success
[07/28/26 14:47:59.422189] [debug] [03:48:25.552345] [Service] Server method called: /rb.api.RobotCommandService/RobotCommand
[07/28/26 14:47:59.422262] [debug] [03:48:25.552424] [Service::RobotCommandService::RobotCommand] Requested: robot_command { component_based_command { body_command { joint_position_command { command_header { control_hold_time { seconds: 1 } } minimum_time { seconds: 4 } position: 0 position: 0.78539816339744828 position: -1.3962634015954636 position: 0.78539816339744828 position: 0 position: 0 position: 0 position: -0.26179938779914941 position: 0 position: -2.0943951023931953 position: 0 position: 0.52359877559829882 position: 0 position: 0 position: 0... [truncated]
[07/28/26 14:47:59.422266] [debug] [03:48:25.552431] [Service::RobotCommandService::RobotCommand]   Peer: ipv4:192.168.30.230:59004
[07/28/26 14:47:59.422423] [debug] [03:48:25.552587] [Service::RobotCommandService::RobotCommand]   IP: 192.168.30.230, Family: ipv4
[07/28/26 14:47:59.426868] [info] [03:48:25.557029] [ControlManager] Control started: {"type":"RobotCommand","control":{"type":"ComponentBasedCommand","components":{"mobility":null,"body":{"type":"BodyCommand","control":{"type":"JointPositionCommand","control":{"type":"JointPositionControl"}}},"head":{"type":"HeadCommand","control":{"type":"JointPositionCommand","control":{"type":"JointPositionControl"}}}}}} (priority: 1)
[07/28/26 14:48:04.684879] [debug] [03:48:30.815037] [ControlManager] Control finished: {"type":"RobotCommand","control":{"type":"ComponentBasedCommand","components":{"mobility":null,"body":{"type":"BodyCommand","control":{"type":"JointPositionCommand","control":{"type":"JointPositionControl"}}},"head":{"type":"HeadCommand","control":{"type":"JointPositionCommand","control":{"type":"JointPositionControl"}}}}}}
[07/28/26 14:48:04.684940] [info] [03:48:30.815100] [ControlInterface] Control completed successfully.
[07/28/26 14:48:04.684949] [debug] [03:48:30.815108] [ControlInterface::ExecutionStats] Average Control Time: 0.001 ms (max: 0.020 ms, min: 0.001 ms, sigma: 0.000 ms, count: 2630)
[07/28/26 14:48:04.685567] [debug] [03:48:30.815727] [Service] Server method called: /rb.api.RobotCommandService/RobotCommandStream
[07/28/26 14:48:04.685580] [debug] [03:48:30.815744] [Service::RobotCommandService::RobotCommandStream] Stream is created
[07/28/26 14:48:04.720440] [debug] [03:48:30.850599] [Service::RobotCommandService::RobotCommandStream] Requested: robot_command { component_based_command { mobility_command { se2_velocity_command { command_header { control_hold_time { seconds: 1 } } minimum_time { nanos: 10100000 } velocity { linear { } } acceleration_limit { linear { x: 1 y: 1 } angular: 1 } } } body_command { joint_impedance_control_command { command_header { control_hold_time { seconds: 1 } } minimum_time { nanos: 10100000 } position: -0.00011390186374977633 position: 0.78515053783040223 ... [truncated]
[07/28/26 14:48:04.720447] [debug] [03:48:30.850611] [Service::RobotCommandService::RobotCommandStream]   Peer: ipv4:192.168.30.230:59004
[07/28/26 14:48:04.720593] [debug] [03:48:30.850757] [Service::RobotCommandService::RobotCommandStream]   IP: 192.168.30.230, Family: ipv4
[07/28/26 14:48:04.724868] [info] [03:48:30.855032] [ControlManager] Control started: {"type":"RobotCommand","control":{"type":"ComponentBasedCommand","components":{"mobility":{"type":"MobilityCommand","control":{"type":"SE2VelocityCommand","control":{"type":"MobilitySE2VelocityControl"}}},"body":{"type":"BodyCommand","control":{"type":"JointImpedanceControlCommand","control":{"type":"JointImpedanceControl"}}},"head":{"type":"HeadCommand","control":{"type":"JointPositionCommand","control":{"type":"JointPositionControl"}}}}}} (priority: 1)
[07/28/26 14:48:14.722999] [debug] [03:48:40.853146] [ControlInterface::ExecutionStats] Average Control Time: 0.120 ms (max: 0.197 ms, min: 0.109 ms, sigma: 0.005 ms, count: 5000)
[07/28/26 14:48:15.431848] [debug] [03:48:41.562003] [Hardware] Hardware Loop Stat (avg: 2.000 ms, min: 1.999 ms, max: 2.001 ms, count: 15000)
[07/28/26 14:48:15.584843] [debug] [03:48:41.715003] [ControlManager] Control Manager Loop Stat (avg: 2.000 ms, min: 1.998 ms, max: 2.002 ms, count: 15000)
[07/28/26 14:48:24.722989] [debug] [03:48:50.853140] [ControlInterface::ExecutionStats] Average Control Time: 0.122 ms (max: 0.141 ms, min: 0.110 ms, sigma: 0.005 ms, count: 5000)
[07/28/26 14:48:34.722987] [debug] [03:49:00.853139] [ControlInterface::ExecutionStats] Average Control Time: 0.123 ms (max: 0.147 ms, min: 0.111 ms, sigma: 0.005 ms, count: 5000)
[07/28/26 14:48:41.988768] [debug] [03:49:08.118921] [Service] Server method called: /rb.api.RobotCommandService/RobotCommand
[07/28/26 14:48:41.988801] [debug] [03:49:08.118965] [Service::RobotCommandService::RobotCommand] Requested: robot_command { whole_body_command { stop_command { } } } priority: 99
[07/28/26 14:48:41.988804] [debug] [03:49:08.118970] [Service::RobotCommandService::RobotCommand]   Peer: ipv4:192.168.30.230:59004
[07/28/26 14:48:41.988965] [debug] [03:49:08.119129] [Service::RobotCommandService::RobotCommand]   IP: 192.168.30.230, Family: ipv4
[07/28/26 14:48:42.093018] [debug] [03:49:08.223176] [ControlManager] Control finished: {"type":"RobotCommand","control":{"type":"ComponentBasedCommand","components":{"mobility":{"type":"MobilityCommand","control":{"type":"SE2VelocityCommand","control":{"type":"MobilitySE2VelocityControl"}}},"body":{"type":"BodyCommand","control":{"type":"JointImpedanceControlCommand","control":{"type":"JointImpedanceControl"}}},"head":{"type":"HeadCommand","control":{"type":"JointPositionCommand","control":{"type":"JointPositionControl"}}}}}}
[07/28/26 14:48:42.093125] [debug] [03:49:08.223284] [Service::RobotCommandService::RobotCommandStream] OnReadDone (write_done: true, read_done: true)
[07/28/26 14:48:42.093182] [debug] [03:49:08.223341] [Service::RobotCommandService::RobotCommandStream] OnCancel
[07/28/26 14:48:42.093221] [info] [03:49:08.223381] [ControlInterface] Control was preempted or canceled by another request.
[07/28/26 14:48:42.093232] [debug] [03:49:08.223391] [ControlInterface::ExecutionStats] Average Control Time: 0.122 ms (max: 0.142 ms, min: 0.112 ms, sigma: 0.005 ms, count: 3685)
[07/28/26 14:48:42.093305] [debug] [03:49:08.223468] [Service::RobotCommandService::RobotCommandStream] OnDone: robot_command { component_based_command { mobility_command { se2_velocity_command { command_header { control_hold_time { seconds: 1 } } minimum_time { nanos: 10100000 } velocity { linear { } } acceleration_limit { linear { x: 1 y: 1 } angular: 1 } } } body_command { joint_impedance_control_command { command_header { control_hold_time { seconds: 1 } } minimum_time { nanos: 10100000 } position: -0.05 position: 1.1613912160922353 position: -2.184234... [truncated]
[07/28/26 14:48:42.094855] [info] [03:49:08.225018] [ControlManager] Control started: {"type":"RobotCommand","control":{"type":"WholeBodyCommand","control":{"type":"StopControl","control":{"type":"JointVelocityControl"}}}} (priority: 99)
[07/28/26 14:48:42.094877] [debug] [03:49:08.225042] [ControlManager] Control finished: {"type":"RobotCommand","control":{"type":"WholeBodyCommand","control":{"type":"StopControl","control":{"type":"JointVelocityControl"}}}}
[07/28/26 14:48:42.094916] [info] [03:49:08.225077] [ControlInterface] Control completed successfully.
[07/28/26 14:48:42.094923] [debug] [03:49:08.225084] [ControlInterface::ExecutionStats] Average Control Time: 0.006 ms (max: 0.006 ms, min: 0.006 ms, sigma: 0.000 ms, count: 1)
[07/28/26 14:48:42.101677] [debug] [03:49:08.231838] [Service] Server method called: /rb.api.ControlManagerService/ControlManagerCommand
[07/28/26 14:48:42.101700] [debug] [03:49:08.231865] [Service::ControlManagerService::ControlManagerCommand] Requested: request_header { request_timestamp { seconds: 1785217668 nanos: 714467841 } } command: COMMAND_DISABLE
[07/28/26 14:48:42.101704] [info] [03:49:08.231869] [ControlManager::Disable] Disable request received. Starting the disabling process...
[07/28/26 14:48:42.102856] [info] [03:49:08.233020] [ControlManager::Disable] Control Manager successfully disabled
[07/28/26 14:48:45.431851] [debug] [03:49:11.562003] [Hardware] Hardware Loop Stat (avg: 2.000 ms, min: 1.999 ms, max: 2.001 ms, count: 15000)
[07/28/26 14:48:45.584841] [debug] [03:49:11.715003] [ControlManager] Control Manager Loop Stat (avg: 2.000 ms, min: 1.998 ms, max: 2.002 ms, count: 15000)
[07/28/26 14:49:15.431850] [debug] [03:49:41.562003] [Hardware] Hardware Loop Stat (avg: 2.000 ms, min: 1.998 ms, max: 2.002 ms, count: 15000)
[07/28/26 14:49:15.584840] [debug] [03:49:41.715002] [ControlManager] Control Manager Loop Stat (avg: 2.000 ms, min: 1.997 ms, max: 2.002 ms, count: 15000)
[07/28/26 14:49:45.431848] [debug] [03:50:11.562002] [Hardware] Hardware Loop Stat (avg: 2.000 ms, min: 1.998 ms, max: 2.002 ms, count: 15000)
[07/28/26 14:49:45.584839] [debug] [03:50:11.715002] [ControlManager] Control Manager Loop Stat (avg: 2.000 ms, min: 1.998 ms, max: 2.002 ms, count: 15000)
[07/28/26 14:50:15.431848] [debug] [03:50:41.562003] [Hardware] Hardware Loop Stat (avg: 2.000 ms, min: 1.998 ms, max: 2.002 ms, count: 15000)
[07/28/26 14:50:15.584839] [debug] [03:50:41.715002] [ControlManager] Control Manager Loop Stat (avg: 2.000 ms, min: 1.998 ms, max: 2.001 ms, count: 15000)
[07/28/26 14:50:45.431849] [debug] [03:51:11.562003] [Hardware] Hardware Loop Stat (avg: 2.000 ms, min: 1.999 ms, max: 2.001 ms, count: 15000)
[07/28/26 14:50:45.584840] [debug] [03:51:11.715003] [ControlManager] Control Manager Loop Stat (avg: 2.000 ms, min: 1.998 ms, max: 2.002 ms, count: 15000)
[07/28/26 14:51:15.431850] [debug] [03:51:41.562003] [Hardware] Hardware Loop Stat (avg: 2.000 ms, min: 1.998 ms, max: 2.002 ms, count: 15000)
[07/28/26 14:51:15.584840] [debug] [03:51:41.715002] [ControlManager] Control Manager Loop Stat (avg: 2.000 ms, min: 1.999 ms, max: 2.001 ms, count: 15000)
[07/28/26 14:51:45.431850] [debug] [03:52:11.562003] [Hardware] Hardware Loop Stat (avg: 2.000 ms, min: 1.998 ms, max: 2.002 ms, count: 15000)
[07/28/26 14:51:45.584839] [debug] [03:52:11.715002] [ControlManager] Control Manager Loop Stat (avg: 2.000 ms, min: 1.998 ms, max: 2.002 ms, count: 15000)
[07/28/26 14:52:15.431851] [debug] [03:52:41.562003] [Hardware] Hardware Loop Stat (avg: 2.000 ms, min: 1.999 ms, max: 2.001 ms, count: 15000)
[07/28/26 14:52:15.584840] [debug] [03:52:41.715002] [ControlManager] Control Manager Loop Stat (avg: 2.000 ms, min: 1.998 ms, max: 2.002 ms, count: 15000)
[07/28/26 14:52:45.431850] [debug] [03:53:11.562003] [Hardware] Hardware Loop Stat (avg: 2.000 ms, min: 1.998 ms, max: 2.002 ms, count: 15000)
[07/28/26 14:52:45.584840] [debug] [03:53:11.715002] [ControlManager] Control Manager Loop Stat (avg: 2.000 ms, min: 1.998 ms, max: 2.003 ms, count: 15000)
[07/28/26 14:53:15.431849] [debug] [03:53:41.562002] [Hardware] Hardware Loop Stat (avg: 2.000 ms, min: 1.998 ms, max: 2.002 ms, count: 15000)
[07/28/26 14:53:15.584839] [debug] [03:53:41.715002] [ControlManager] Control Manager Loop Stat (avg: 2.000 ms, min: 1.998 ms, max: 2.002 ms, count: 15000)
[07/28/26 14:53:45.431851] [debug] [03:54:11.562002] [Hardware] Hardware Loop Stat (avg: 2.000 ms, min: 1.999 ms, max: 2.001 ms, count: 15000)
[07/28/26 14:53:45.584839] [debug] [03:54:11.715002] [ControlManager] Control Manager Loop Stat (avg: 2.000 ms, min: 1.998 ms, max: 2.002 ms, count: 15000)
[07/28/26 14:54:15.431850] [debug] [03:54:41.562003] [Hardware] Hardware Loop Stat (avg: 2.000 ms, min: 1.998 ms, max: 2.002 ms, count: 15000)
[07/28/26 14:54:15.584840] [debug] [03:54:41.715002] [ControlManager] Control Manager Loop Stat (avg: 2.000 ms, min: 1.999 ms, max: 2.001 ms, count: 15000)
[07/28/26 14:54:45.431850] [debug] [03:55:11.562003] [Hardware] Hardware Loop Stat (avg: 2.000 ms, min: 1.998 ms, max: 2.002 ms, count: 15000)
[07/28/26 14:54:45.584840] [debug] [03:55:11.715002] [ControlManager] Control Manager Loop Stat (avg: 2.000 ms, min: 1.999 ms, max: 2.001 ms, count: 15000)
[07/28/26 14:55:15.431852] [debug] [03:55:41.562003] [Hardware] Hardware Loop Stat (avg: 2.000 ms, min: 1.998 ms, max: 2.002 ms, count: 15000)
[07/28/26 14:55:15.584839] [debug] [03:55:41.715002] [ControlManager] Control Manager Loop Stat (avg: 2.000 ms, min: 1.998 ms, max: 2.002 ms, count: 15000)
[07/28/26 14:55:45.431849] [debug] [03:56:11.562003] [Hardware] Hardware Loop Stat (avg: 2.000 ms, min: 1.998 ms, max: 2.002 ms, count: 15000)
[07/28/26 14:55:45.584840] [debug] [03:56:11.715002] [ControlManager] Control Manager Loop Stat (avg: 2.000 ms, min: 1.998 ms, max: 2.002 ms, count: 15000)
[07/28/26 14:56:15.431851] [debug] [03:56:41.562003] [Hardware] Hardware Loop Stat (avg: 2.000 ms, min: 1.998 ms, max: 2.002 ms, count: 15000)
[07/28/26 14:56:15.584840] [debug] [03:56:41.715002] [ControlManager] Control Manager Loop Stat (avg: 2.000 ms, min: 1.998 ms, max: 2.002 ms, count: 15000)
[07/28/26 14:56:45.431851] [debug] [03:57:11.562003] [Hardware] Hardware Loop Stat (avg: 2.000 ms, min: 1.998 ms, max: 2.002 ms, count: 15000)
[07/28/26 14:56:45.584839] [debug] [03:57:11.715002] [ControlManager] Control Manager Loop Stat (avg: 2.000 ms, min: 1.997 ms, max: 2.002 ms, count: 15000)
[07/28/26 14:56:46.490145] [debug] [03:57:12.620297] [Service] Server method called: /rb.api.RobotInfoService/GetRobotModel
[07/28/26 14:56:46.490184] [debug] [03:57:12.620348] [Service::RobotInfoService::GetRobotModel] Requested: request_header { request_timestamp { seconds: 1785218153 nanos: 94326091 } }
[07/28/26 14:56:46.493507] [debug] [03:57:12.623667] [Service] Server method called: /rb.api.RobotStateService/GetRobotStateStream
[07/28/26 14:56:46.493539] [debug] [03:57:12.623703] [Service::RobotStateService::GetRobotStateStream] Requested: request_header { request_timestamp { seconds: 1785218153 nanos: 97985742 } } update_rate: 100
[07/28/26 14:56:53.076872] [debug] [03:57:19.207023] [Service] Server method called: /rb.api.RobotInfoService/GetRobotInfo
[07/28/26 14:56:53.076921] [debug] [03:57:19.207070] [Service::RobotInfoService::GetRobotInfo] Requested: request_header { request_timestamp { seconds: 1785218159 nanos: 681404177 } }
[07/28/26 14:56:53.077667] [debug] [03:57:19.207828] [Service] Server method called: /rb.api.RobotStateService/GetRobotState
[07/28/26 14:56:53.077686] [debug] [03:57:19.207851] [Service::RobotStateService::GetRobotState] Requested: request_header { request_timestamp { seconds: 1785218159 nanos: 682307338 } }
[07/28/26 14:56:53.078481] [debug] [03:57:19.208643] [Service] Server method called: /rb.api.RobotInfoService/GetRobotInfo
[07/28/26 14:56:53.078497] [debug] [03:57:19.208660] [Service::RobotInfoService::GetRobotInfo] Requested: request_header { request_timestamp { seconds: 1785218159 nanos: 683150844 } }
[07/28/26 14:56:53.079148] [debug] [03:57:19.209310] [Service] Server method called: /rb.api.RobotStateService/GetRobotState
[07/28/26 14:56:53.079169] [debug] [03:57:19.209334] [Service::RobotStateService::GetRobotState] Requested: request_header { request_timestamp { seconds: 1785218159 nanos: 683801062 } }
[07/28/26 14:56:53.079805] [debug] [03:57:19.209963] [Service] Server method called: /rb.api.RobotStateService/GetControlManagerState
[07/28/26 14:56:53.079829] [debug] [03:57:19.209993] [Service::RobotStateService::GetControlManagerState] Requested: request_header { request_timestamp { seconds: 1785218159 nanos: 684468668 } }
[07/28/26 14:56:53.080190] [debug] [03:57:19.210350] [Service] Server method called: /rb.api.RobotInfoService/GetRobotInfo
[07/28/26 14:56:53.080209] [debug] [03:57:19.210373] [Service::RobotInfoService::GetRobotInfo] Requested: request_header { request_timestamp { seconds: 1785218159 nanos: 684859855 } }
[07/28/26 14:56:53.080741] [debug] [03:57:19.210904] [Service] Server method called: /rb.api.RobotStateService/GetRobotState
[07/28/26 14:56:53.080755] [debug] [03:57:19.210919] [Service::RobotStateService::GetRobotState] Requested: request_header { request_timestamp { seconds: 1785218159 nanos: 685409622 } }
[07/28/26 14:56:53.081213] [debug] [03:57:19.211376] [Service] Server method called: /rb.api.RobotStateService/GetRobotState
[07/28/26 14:56:53.081229] [debug] [03:57:19.211393] [Service::RobotStateService::GetRobotState] Requested: request_header { request_timestamp { seconds: 1785218159 nanos: 685913764 } }
[07/28/26 14:56:53.081696] [debug] [03:57:19.211857] [Service] Server method called: /rb.api.RobotInfoService/GetRobotInfo
[07/28/26 14:56:53.081713] [debug] [03:57:19.211878] [Service::RobotInfoService::GetRobotInfo] Requested: request_header { request_timestamp { seconds: 1785218159 nanos: 686390618 } }
[07/28/26 14:56:53.082408] [debug] [03:57:19.212569] [Service] Server method called: /rb.api.ControlManagerService/ControlManagerCommand
[07/28/26 14:56:53.082428] [debug] [03:57:19.212592] [Service::ControlManagerService::ControlManagerCommand] Requested: request_header { request_timestamp { seconds: 1785218159 nanos: 687070070 } } command: COMMAND_ENABLE unlimited_mode_enabled { }
[07/28/26 14:56:53.082431] [info] [03:57:19.212596] [ControlManager::Enable] Enable request received. Starting the enabling process...
[07/28/26 14:56:53.082851] [info] [03:57:19.213016] [ControlManager::Enable] Control Manager successfully enabled
[07/28/26 14:56:53.083372] [debug] [03:57:19.213535] [Service] Server method called: /rb.api.ParameterService/SetParameter
[07/28/26 14:56:53.083390] [debug] [03:57:19.213554] [Service::ParameterService::SetParameter] Requested: request_header { request_timestamp { seconds: 1785218159 nanos: 688043202 } } name: "cartesian_command.cutoff_frequency" parameter: "{\"value\":5,\"write_db\":true}"
[07/28/26 14:56:53.096028] [debug] [03:57:19.226188] [Service] Server method called: /rb.api.ParameterService/SetParameter
[07/28/26 14:56:53.096078] [debug] [03:57:19.226241] [Service::ParameterService::SetParameter] Requested: request_header { request_timestamp { seconds: 1785218159 nanos: 700572980 } } name: "default.acceleration_limit_scaling" parameter: "{\"value\":1.0,\"write_db\":true}"
[07/28/26 14:56:53.103872] [debug] [03:57:19.234033] [Service] Server method called: /rb.api.ParameterService/SetParameter
[07/28/26 14:56:53.103889] [debug] [03:57:19.234053] [Service::ParameterService::SetParameter] Requested: request_header { request_timestamp { seconds: 1785218159 nanos: 708397868 } } name: "default.angular_acceleration_limit" parameter: "{\"value\":10,\"write_db\":true}"
[07/28/26 14:56:53.110203] [debug] [03:57:19.240363] [Service] Server method called: /rb.api.ParameterService/SetParameter
[07/28/26 14:56:53.110221] [debug] [03:57:19.240386] [Service::ParameterService::SetParameter] Requested: request_header { request_timestamp { seconds: 1785218159 nanos: 714655422 } } name: "default.linear_acceleration_limit" parameter: "{\"value\":20,\"write_db\":true}"
[07/28/26 14:56:53.117839] [debug] [03:57:19.247998] [Service] Server method called: /rb.api.ParameterService/SetParameter
[07/28/26 14:56:53.117855] [debug] [03:57:19.248020] [Service::ParameterService::SetParameter] Requested: request_header { request_timestamp { seconds: 1785218159 nanos: 722279323 } } name: "joint_position_command.cutoff_frequency" parameter: "{\"value\":5,\"write_db\":true}"
[07/28/26 14:56:53.123611] [debug] [03:57:19.253771] [Service] Server method called: /rb.api.RobotCommandService/RobotCommand
[07/28/26 14:56:53.123681] [debug] [03:57:19.253843] [Service::RobotCommandService::RobotCommand] Requested: robot_command { component_based_command { body_command { joint_position_command { command_header { control_hold_time { seconds: 1 } } minimum_time { nanos: 500000000 } position: -0.03647760749806276 position: 1.1437117747617855 position: -2.1706283786439613 position: 1.1417373440447049 position: -0.045434688385741544 position: -0.17979090170092327 position: 0.13696474005101697 position: -0.63918017785119052 position: -0.30424458557351647 position... [truncated]
[07/28/26 14:56:53.123684] [debug] [03:57:19.253849] [Service::RobotCommandService::RobotCommand]   Peer: ipv4:192.168.30.230:44848
[07/28/26 14:56:53.123839] [debug] [03:57:19.254003] [Service::RobotCommandService::RobotCommand]   IP: 192.168.30.230, Family: ipv4
[07/28/26 14:56:53.128882] [info] [03:57:19.259044] [ControlManager] Control started: {"type":"RobotCommand","control":{"type":"ComponentBasedCommand","components":{"mobility":null,"body":{"type":"BodyCommand","control":{"type":"JointPositionCommand","control":{"type":"JointPositionControl"}}},"head":{"type":"HeadCommand","control":{"type":"JointPositionCommand","control":{"type":"JointPositionControl"}}}}}} (priority: 1)
[07/28/26 14:56:54.886887] [debug] [03:57:21.017042] [ControlManager] Control finished: {"type":"RobotCommand","control":{"type":"ComponentBasedCommand","components":{"mobility":null,"body":{"type":"BodyCommand","control":{"type":"JointPositionCommand","control":{"type":"JointPositionControl"}}},"head":{"type":"HeadCommand","control":{"type":"JointPositionCommand","control":{"type":"JointPositionControl"}}}}}}
[07/28/26 14:56:54.886949] [info] [03:57:21.017108] [ControlInterface] Control completed successfully.
[07/28/26 14:56:54.886959] [debug] [03:57:21.017118] [ControlInterface::ExecutionStats] Average Control Time: 0.001 ms (max: 0.030 ms, min: 0.001 ms, sigma: 0.001 ms, count: 880)
[07/28/26 14:56:54.888123] [debug] [03:57:21.018284] [Service] Server method called: /rb.api.PowerService/ToolFlangePowerCommand
[07/28/26 14:56:54.888158] [debug] [03:57:21.018322] [Service::PowerService::ToolFlangePowerCommand] Requested: request_header { request_timestamp { seconds: 1785218161 nanos: 492575647 } } name: "right" command: COMMAND_POWER_12V
[07/28/26 14:56:54.888164] [debug] [03:57:21.018329] [Service::PowerService::ToolFlangePowerCommand] Result: Success
[07/28/26 14:56:54.888689] [debug] [03:57:21.018849] [Service] Server method called: /rb.api.PowerService/ToolFlangePowerCommand
[07/28/26 14:56:54.888713] [debug] [03:57:21.018877] [Service::PowerService::ToolFlangePowerCommand] Requested: request_header { request_timestamp { seconds: 1785218161 nanos: 493253106 } } name: "left" command: COMMAND_POWER_12V
[07/28/26 14:56:54.888717] [debug] [03:57:21.018883] [Service::PowerService::ToolFlangePowerCommand] Result: Success
[07/28/26 14:56:56.050449] [debug] [03:57:22.180605] [Service] Server method called: /rb.api.RobotCommandService/RobotCommand
[07/28/26 14:56:56.050517] [debug] [03:57:22.180680] [Service::RobotCommandService::RobotCommand] Requested: robot_command { component_based_command { body_command { joint_position_command { command_header { control_hold_time { seconds: 1 } } minimum_time { seconds: 4 } position: 0 position: 0.78539816339744828 position: -1.3962634015954636 position: 0.78539816339744828 position: 0 position: 0 position: 0 position: -0.26179938779914941 position: 0 position: -2.0943951023931953 position: 0 position: 0.52359877559829882 position: 0 position: 0 position: 0... [truncated]
[07/28/26 14:56:56.050521] [debug] [03:57:22.180686] [Service::RobotCommandService::RobotCommand]   Peer: ipv4:192.168.30.230:44848
[07/28/26 14:56:56.050673] [debug] [03:57:22.180837] [Service::RobotCommandService::RobotCommand]   IP: 192.168.30.230, Family: ipv4
[07/28/26 14:56:56.054867] [info] [03:57:22.185027] [ControlManager] Control started: {"type":"RobotCommand","control":{"type":"ComponentBasedCommand","components":{"mobility":null,"body":{"type":"BodyCommand","control":{"type":"JointPositionCommand","control":{"type":"JointPositionControl"}}},"head":{"type":"HeadCommand","control":{"type":"JointPositionCommand","control":{"type":"JointPositionControl"}}}}}} (priority: 1)
[07/28/26 14:57:01.312881] [debug] [03:57:27.443039] [ControlManager] Control finished: {"type":"RobotCommand","control":{"type":"ComponentBasedCommand","components":{"mobility":null,"body":{"type":"BodyCommand","control":{"type":"JointPositionCommand","control":{"type":"JointPositionControl"}}},"head":{"type":"HeadCommand","control":{"type":"JointPositionCommand","control":{"type":"JointPositionControl"}}}}}}
[07/28/26 14:57:01.312939] [info] [03:57:27.443098] [ControlInterface] Control completed successfully.
[07/28/26 14:57:01.312949] [debug] [03:57:27.443108] [ControlInterface::ExecutionStats] Average Control Time: 0.001 ms (max: 0.020 ms, min: 0.001 ms, sigma: 0.000 ms, count: 2630)
[07/28/26 14:57:01.314074] [debug] [03:57:27.444235] [Service] Server method called: /rb.api.RobotCommandService/RobotCommandStream
[07/28/26 14:57:01.314088] [debug] [03:57:27.444252] [Service::RobotCommandService::RobotCommandStream] Stream is created
[07/28/26 14:57:01.336460] [debug] [03:57:27.466620] [Service::RobotCommandService::RobotCommandStream] Requested: robot_command { component_based_command { mobility_command { se2_velocity_command { command_header { control_hold_time { seconds: 1 } } minimum_time { nanos: 10100000 } velocity { linear { } } acceleration_limit { linear { x: 1 y: 1 } angular: 1 } } } body_command { joint_impedance_control_command { command_header { control_hold_time { seconds: 1 } } minimum_time { nanos: 10100000 } position: -9.8863034351681566e-05 position: 0.7851114268157392 p... [truncated]
[07/28/26 14:57:01.336467] [debug] [03:57:27.466632] [Service::RobotCommandService::RobotCommandStream]   Peer: ipv4:192.168.30.230:44848
[07/28/26 14:57:01.336653] [debug] [03:57:27.466816] [Service::RobotCommandService::RobotCommandStream]   IP: 192.168.30.230, Family: ipv4
[07/28/26 14:57:01.340868] [info] [03:57:27.471031] [ControlManager] Control started: {"type":"RobotCommand","control":{"type":"ComponentBasedCommand","components":{"mobility":{"type":"MobilityCommand","control":{"type":"SE2VelocityCommand","control":{"type":"MobilitySE2VelocityControl"}}},"body":{"type":"BodyCommand","control":{"type":"JointImpedanceControlCommand","control":{"type":"JointImpedanceControl"}}},"head":{"type":"HeadCommand","control":{"type":"JointPositionCommand","control":{"type":"JointPositionControl"}}}}}} (priority: 1)
[07/28/26 14:57:11.338984] [debug] [03:57:37.469133] [ControlInterface::ExecutionStats] Average Control Time: 0.121 ms (max: 0.204 ms, min: 0.110 ms, sigma: 0.005 ms, count: 5000)
[07/28/26 14:57:12.162611] [debug] [03:57:38.292764] [Service] Server method called: /rb.api.RobotCommandService/RobotCommand
[07/28/26 14:57:12.162646] [debug] [03:57:38.292809] [Service::RobotCommandService::RobotCommand] Requested: robot_command { whole_body_command { stop_command { } } } priority: 99
[07/28/26 14:57:12.162649] [debug] [03:57:38.292815] [Service::RobotCommandService::RobotCommand]   Peer: ipv4:192.168.30.230:44848
[07/28/26 14:57:12.162824] [debug] [03:57:38.292988] [Service::RobotCommandService::RobotCommand]   IP: 192.168.30.230, Family: ipv4
[07/28/26 14:57:12.265020] [debug] [03:57:38.395179] [ControlManager] Control finished: {"type":"RobotCommand","control":{"type":"ComponentBasedCommand","components":{"mobility":{"type":"MobilityCommand","control":{"type":"SE2VelocityCommand","control":{"type":"MobilitySE2VelocityControl"}}},"body":{"type":"BodyCommand","control":{"type":"JointImpedanceControlCommand","control":{"type":"JointImpedanceControl"}}},"head":{"type":"HeadCommand","control":{"type":"JointPositionCommand","control":{"type":"JointPositionControl"}}}}}}
[07/28/26 14:57:12.265273] [debug] [03:57:38.395432] [Service::RobotCommandService::RobotCommandStream] OnReadDone (write_done: true, read_done: true)
[07/28/26 14:57:12.265299] [debug] [03:57:38.395460] [Service::RobotCommandService::RobotCommandStream] OnCancel
[07/28/26 14:57:12.265378] [info] [03:57:38.395540] [ControlInterface] Control was preempted or canceled by another request.
[07/28/26 14:57:12.265387] [debug] [03:57:38.395547] [ControlInterface::ExecutionStats] Average Control Time: 0.120 ms (max: 0.134 ms, min: 0.112 ms, sigma: 0.004 ms, count: 463)
[07/28/26 14:57:12.265441] [debug] [03:57:38.395601] [Service::RobotCommandService::RobotCommandStream] OnDone: robot_command { component_based_command { mobility_command { se2_velocity_command { command_header { control_hold_time { seconds: 1 } } minimum_time { nanos: 10100000 } velocity { linear { } } acceleration_limit { linear { x: 1 y: 1 } angular: 1 } } } body_command { joint_impedance_control_command { command_header { control_hold_time { seconds: 1 } } minimum_time { nanos: 10100000 } position: 0.045706639911863106 position: 0.92356482378111493 pos... [truncated]
[07/28/26 14:57:12.266857] [info] [03:57:38.397021] [ControlManager] Control started: {"type":"RobotCommand","control":{"type":"WholeBodyCommand","control":{"type":"StopControl","control":{"type":"JointVelocityControl"}}}} (priority: 99)
[07/28/26 14:57:12.266877] [debug] [03:57:38.397042] [ControlManager] Control finished: {"type":"RobotCommand","control":{"type":"WholeBodyCommand","control":{"type":"StopControl","control":{"type":"JointVelocityControl"}}}}
[07/28/26 14:57:12.268860] [info] [03:57:38.399024] [ControlInterface] Control completed successfully.
[07/28/26 14:57:12.268868] [debug] [03:57:38.399030] [ControlInterface::ExecutionStats] Average Control Time: 0.005 ms (max: 0.005 ms, min: 0.005 ms, sigma: 0.000 ms, count: 1)
[07/28/26 14:57:12.270212] [debug] [03:57:38.400373] [Service] Server method called: /rb.api.ControlManagerService/ControlManagerCommand
[07/28/26 14:57:12.270237] [debug] [03:57:38.400401] [Service::ControlManagerService::ControlManagerCommand] Requested: request_header { request_timestamp { seconds: 1785218178 nanos: 874327244 } } command: COMMAND_DISABLE
[07/28/26 14:57:12.270240] [info] [03:57:38.400406] [ControlManager::Disable] Disable request received. Starting the disabling process...
[07/28/26 14:57:12.270855] [info] [03:57:38.401020] [ControlManager::Disable] Control Manager successfully disabled
[07/28/26 14:57:15.431851] [debug] [03:57:41.562003] [Hardware] Hardware Loop Stat (avg: 2.000 ms, min: 1.998 ms, max: 2.002 ms, count: 15000)
[07/28/26 14:57:15.584842] [debug] [03:57:41.715003] [ControlManager] Control Manager Loop Stat (avg: 2.000 ms, min: 1.999 ms, max: 2.001 ms, count: 15000)
[07/28/26 14:57:45.431849] [debug] [03:58:11.562002] [Hardware] Hardware Loop Stat (avg: 2.000 ms, min: 1.997 ms, max: 2.002 ms, count: 15000)
[07/28/26 14:57:45.584840] [debug] [03:58:11.715003] [ControlManager] Control Manager Loop Stat (avg: 2.000 ms, min: 1.998 ms, max: 2.001 ms, count: 15000)
[07/28/26 14:58:15.431851] [debug] [03:58:41.562002] [Hardware] Hardware Loop Stat (avg: 2.000 ms, min: 1.999 ms, max: 2.002 ms, count: 15000)
[07/28/26 14:58:15.584839] [debug] [03:58:41.715002] [ControlManager] Control Manager Loop Stat (avg: 2.000 ms, min: 1.998 ms, max: 2.002 ms, count: 15000)
[07/28/26 14:58:45.431849] [debug] [03:59:11.562003] [Hardware] Hardware Loop Stat (avg: 2.000 ms, min: 1.998 ms, max: 2.002 ms, count: 15000)
[07/28/26 14:58:45.584840] [debug] [03:59:11.715002] [ControlManager] Control Manager Loop Stat (avg: 2.000 ms, min: 1.998 ms, max: 2.002 ms, count: 15000)
[07/28/26 14:59:15.431850] [debug] [03:59:41.562003] [Hardware] Hardware Loop Stat (avg: 2.000 ms, min: 1.998 ms, max: 2.002 ms, count: 15000)
[07/28/26 14:59:15.584839] [debug] [03:59:41.715002] [ControlManager] Control Manager Loop Stat (avg: 2.000 ms, min: 1.998 ms, max: 2.002 ms, count: 15000)
[07/28/26 14:59:45.431848] [debug] [04:00:11.562002] [Hardware] Hardware Loop Stat (avg: 2.000 ms, min: 1.998 ms, max: 2.002 ms, count: 15000)
[07/28/26 14:59:45.584840] [debug] [04:00:11.715002] [ControlManager] Control Manager Loop Stat (avg: 2.000 ms, min: 1.998 ms, max: 2.002 ms, count: 15000)
[07/28/26 15:00:15.431850] [debug] [04:00:41.562003] [Hardware] Hardware Loop Stat (avg: 2.000 ms, min: 1.998 ms, max: 2.002 ms, count: 15000)
[07/28/26 15:00:15.584840] [debug] [04:00:41.715002] [ControlManager] Control Manager Loop Stat (avg: 2.000 ms, min: 1.998 ms, max: 2.002 ms, count: 15000)
[07/28/26 15:00:45.431849] [debug] [04:01:11.562002] [Hardware] Hardware Loop Stat (avg: 2.000 ms, min: 1.998 ms, max: 2.002 ms, count: 15000)
[07/28/26 15:00:45.584840] [debug] [04:01:11.715002] [ControlManager] Control Manager Loop Stat (avg: 2.000 ms, min: 1.997 ms, max: 2.002 ms, count: 15000)
[07/28/26 15:01:15.431849] [debug] [04:01:41.562002] [Hardware] Hardware Loop Stat (avg: 2.000 ms, min: 1.998 ms, max: 2.002 ms, count: 15000)
[07/28/26 15:01:15.584840] [debug] [04:01:41.715002] [ControlManager] Control Manager Loop Stat (avg: 2.000 ms, min: 1.998 ms, max: 2.002 ms, count: 15000)
[07/28/26 15:01:45.431849] [debug] [04:02:11.562002] [Hardware] Hardware Loop Stat (avg: 2.000 ms, min: 1.998 ms, max: 2.002 ms, count: 15000)
[07/28/26 15:01:45.584839] [debug] [04:02:11.715002] [ControlManager] Control Manager Loop Stat (avg: 2.000 ms, min: 1.999 ms, max: 2.001 ms, count: 15000)
[07/28/26 15:02:15.431850] [debug] [04:02:41.562002] [Hardware] Hardware Loop Stat (avg: 2.000 ms, min: 1.998 ms, max: 2.002 ms, count: 15000)
[07/28/26 15:02:15.584840] [debug] [04:02:41.715002] [ControlManager] Control Manager Loop Stat (avg: 2.000 ms, min: 1.998 ms, max: 2.002 ms, count: 15000)
[07/28/26 15:02:45.431849] [debug] [04:03:11.562002] [Hardware] Hardware Loop Stat (avg: 2.000 ms, min: 1.999 ms, max: 2.001 ms, count: 15000)
[07/28/26 15:02:45.584840] [debug] [04:03:11.715002] [ControlManager] Control Manager Loop Stat (avg: 2.000 ms, min: 1.998 ms, max: 2.003 ms, count: 15000)
[07/28/26 15:03:15.431851] [debug] [04:03:41.562003] [Hardware] Hardware Loop Stat (avg: 2.000 ms, min: 1.998 ms, max: 2.002 ms, count: 15000)
[07/28/26 15:03:15.584840] [debug] [04:03:41.715002] [ControlManager] Control Manager Loop Stat (avg: 2.000 ms, min: 1.998 ms, max: 2.002 ms, count: 15000)
[07/28/26 15:03:45.431849] [debug] [04:04:11.562003] [Hardware] Hardware Loop Stat (avg: 2.000 ms, min: 1.998 ms, max: 2.002 ms, count: 15000)
[07/28/26 15:03:45.584840] [debug] [04:04:11.715002] [ControlManager] Control Manager Loop Stat (avg: 2.000 ms, min: 1.998 ms, max: 2.002 ms, count: 15000)
[07/28/26 15:04:15.431849] [debug] [04:04:41.562002] [Hardware] Hardware Loop Stat (avg: 2.000 ms, min: 1.998 ms, max: 2.002 ms, count: 15000)
[07/28/26 15:04:15.584840] [debug] [04:04:41.715002] [ControlManager] Control Manager Loop Stat (avg: 2.000 ms, min: 1.998 ms, max: 2.002 ms, count: 15000)
[07/28/26 15:04:45.431851] [debug] [04:05:11.562003] [Hardware] Hardware Loop Stat (avg: 2.000 ms, min: 1.998 ms, max: 2.002 ms, count: 15000)
[07/28/26 15:04:45.584840] [debug] [04:05:11.715002] [ControlManager] Control Manager Loop Stat (avg: 2.000 ms, min: 1.999 ms, max: 2.002 ms, count: 15000)
[07/28/26 15:05:11.411985] [debug] [04:05:37.542138] [Service] Server method called: /rb.api.RobotInfoService/GetRobotInfo
[07/28/26 15:05:11.412020] [debug] [04:05:37.542184] [Service::RobotInfoService::GetRobotInfo] Requested: request_header { request_timestamp { seconds: 1785218658 nanos: 7737227 } }
[07/28/26 15:05:11.413146] [debug] [04:05:37.543303] [Service] Server method called: /rb.api.RobotStateService/GetRobotState
[07/28/26 15:05:11.413170] [debug] [04:05:37.543335] [Service::RobotStateService::GetRobotState] Requested: request_header { request_timestamp { seconds: 1785218658 nanos: 9062671 } }
[07/28/26 15:05:11.414217] [debug] [04:05:37.544379] [Service] Server method called: /rb.api.RobotInfoService/GetRobotInfo
[07/28/26 15:05:11.414232] [debug] [04:05:37.544397] [Service::RobotInfoService::GetRobotInfo] Requested: request_header { request_timestamp { seconds: 1785218658 nanos: 10181213 } }
[07/28/26 15:05:11.415161] [debug] [04:05:37.545322] [Service] Server method called: /rb.api.RobotStateService/GetRobotState
[07/28/26 15:05:11.415178] [debug] [04:05:37.545342] [Service::RobotStateService::GetRobotState] Requested: request_header { request_timestamp { seconds: 1785218658 nanos: 11133408 } }
[07/28/26 15:05:11.416080] [debug] [04:05:37.546244] [Service] Server method called: /rb.api.RobotStateService/GetControlManagerState
[07/28/26 15:05:11.416091] [debug] [04:05:37.546257] [Service::RobotStateService::GetControlManagerState] Requested: request_header { request_timestamp { seconds: 1785218658 nanos: 12076170 } }
[07/28/26 15:05:11.416730] [debug] [04:05:37.546891] [Service] Server method called: /rb.api.RobotInfoService/GetRobotInfo
[07/28/26 15:05:11.416745] [debug] [04:05:37.546909] [Service::RobotInfoService::GetRobotInfo] Requested: request_header { request_timestamp { seconds: 1785218658 nanos: 12703881 } }
[07/28/26 15:05:11.417389] [debug] [04:05:37.547551] [Service] Server method called: /rb.api.RobotStateService/GetRobotState
[07/28/26 15:05:11.417403] [debug] [04:05:37.547567] [Service::RobotStateService::GetRobotState] Requested: request_header { request_timestamp { seconds: 1785218658 nanos: 13466143 } }
[07/28/26 15:05:11.418082] [debug] [04:05:37.548247] [Service] Server method called: /rb.api.RobotStateService/GetRobotState
[07/28/26 15:05:11.418092] [debug] [04:05:37.548258] [Service::RobotStateService::GetRobotState] Requested: request_header { request_timestamp { seconds: 1785218658 nanos: 14159471 } }
[07/28/26 15:05:11.418598] [debug] [04:05:37.548764] [Service] Server method called: /rb.api.RobotInfoService/GetRobotInfo
[07/28/26 15:05:11.418606] [debug] [04:05:37.548772] [Service::RobotInfoService::GetRobotInfo] Requested: request_header { request_timestamp { seconds: 1785218658 nanos: 14720702 } }
[07/28/26 15:05:11.419208] [debug] [04:05:37.549369] [Service] Server method called: /rb.api.ControlManagerService/ControlManagerCommand
[07/28/26 15:05:11.419226] [debug] [04:05:37.549390] [Service::ControlManagerService::ControlManagerCommand] Requested: request_header { request_timestamp { seconds: 1785218658 nanos: 15298696 } } command: COMMAND_ENABLE unlimited_mode_enabled { }
[07/28/26 15:05:11.419230] [info] [04:05:37.549395] [ControlManager::Enable] Enable request received. Starting the enabling process...
[07/28/26 15:05:11.420850] [info] [04:05:37.551015] [ControlManager::Enable] Control Manager successfully enabled
[07/28/26 15:05:11.421355] [debug] [04:05:37.551517] [Service] Server method called: /rb.api.ParameterService/SetParameter
[07/28/26 15:05:11.421373] [debug] [04:05:37.551537] [Service::ParameterService::SetParameter] Requested: request_header { request_timestamp { seconds: 1785218658 nanos: 17444199 } } name: "cartesian_command.cutoff_frequency" parameter: "{\"value\":5,\"write_db\":true}"
[07/28/26 15:05:11.430748] [debug] [04:05:37.560909] [Service] Server method called: /rb.api.ParameterService/SetParameter
[07/28/26 15:05:11.430765] [debug] [04:05:37.560930] [Service::ParameterService::SetParameter] Requested: request_header { request_timestamp { seconds: 1785218658 nanos: 26727693 } } name: "default.acceleration_limit_scaling" parameter: "{\"value\":1.0,\"write_db\":true}"
[07/28/26 15:05:11.434989] [debug] [04:05:37.565150] [Service] Server method called: /rb.api.ParameterService/SetParameter
[07/28/26 15:05:11.435005] [debug] [04:05:37.565170] [Service::ParameterService::SetParameter] Requested: request_header { request_timestamp { seconds: 1785218658 nanos: 30937106 } } name: "default.angular_acceleration_limit" parameter: "{\"value\":10,\"write_db\":true}"
[07/28/26 15:05:11.438820] [debug] [04:05:37.568982] [Service] Server method called: /rb.api.ParameterService/SetParameter
[07/28/26 15:05:11.438842] [debug] [04:05:37.568999] [Service::ParameterService::SetParameter] Requested: request_header { request_timestamp { seconds: 1785218658 nanos: 34813043 } } name: "default.linear_acceleration_limit" parameter: "{\"value\":20,\"write_db\":true}"
[07/28/26 15:05:11.442574] [debug] [04:05:37.572735] [Service] Server method called: /rb.api.ParameterService/SetParameter
[07/28/26 15:05:11.442591] [debug] [04:05:37.572755] [Service::ParameterService::SetParameter] Requested: request_header { request_timestamp { seconds: 1785218658 nanos: 38577982 } } name: "joint_position_command.cutoff_frequency" parameter: "{\"value\":5,\"write_db\":true}"
[07/28/26 15:05:11.446193] [debug] [04:05:37.576354] [Service] Server method called: /rb.api.RobotCommandService/RobotCommand
[07/28/26 15:05:11.446258] [debug] [04:05:37.576422] [Service::RobotCommandService::RobotCommand] Requested: robot_command { component_based_command { body_command { joint_position_command { command_header { control_hold_time { seconds: 1 } } minimum_time { nanos: 500000000 } position: 0.03968985439546685 position: 0.94371713105012089 position: -1.6258108011406269 position: 0.73648164238177827 position: -0.0014504471806245419 position: 0.034594304352539795 position: -0.098581047514541845 position: -0.37496717506648175 position: -0.082208460491366389 pos... [truncated]
[07/28/26 15:05:11.446260] [debug] [04:05:37.576426] [Service::RobotCommandService::RobotCommand]   Peer: ipv4:192.168.30.230:44848
[07/28/26 15:05:11.446398] [debug] [04:05:37.576564] [Service::RobotCommandService::RobotCommand]   IP: 192.168.30.230, Family: ipv4
[07/28/26 15:05:11.450876] [info] [04:05:37.581038] [ControlManager] Control started: {"type":"RobotCommand","control":{"type":"ComponentBasedCommand","components":{"mobility":null,"body":{"type":"BodyCommand","control":{"type":"JointPositionCommand","control":{"type":"JointPositionControl"}}},"head":{"type":"HeadCommand","control":{"type":"JointPositionCommand","control":{"type":"JointPositionControl"}}}}}} (priority: 1)
[07/28/26 15:05:13.208880] [debug] [04:05:39.339038] [ControlManager] Control finished: {"type":"RobotCommand","control":{"type":"ComponentBasedCommand","components":{"mobility":null,"body":{"type":"BodyCommand","control":{"type":"JointPositionCommand","control":{"type":"JointPositionControl"}}},"head":{"type":"HeadCommand","control":{"type":"JointPositionCommand","control":{"type":"JointPositionControl"}}}}}}
[07/28/26 15:05:13.208941] [info] [04:05:39.339101] [ControlInterface] Control completed successfully.
[07/28/26 15:05:13.208950] [debug] [04:05:39.339110] [ControlInterface::ExecutionStats] Average Control Time: 0.001 ms (max: 0.029 ms, min: 0.001 ms, sigma: 0.001 ms, count: 880)
[07/28/26 15:05:13.209622] [debug] [04:05:39.339785] [Service] Server method called: /rb.api.PowerService/ToolFlangePowerCommand
[07/28/26 15:05:13.209652] [debug] [04:05:39.339817] [Service::PowerService::ToolFlangePowerCommand] Requested: request_header { request_timestamp { seconds: 1785218659 nanos: 805615000 } } name: "right" command: COMMAND_POWER_12V
[07/28/26 15:05:13.209657] [debug] [04:05:39.339822] [Service::PowerService::ToolFlangePowerCommand] Result: Success
[07/28/26 15:05:13.210146] [debug] [04:05:39.340307] [Service] Server method called: /rb.api.PowerService/ToolFlangePowerCommand
[07/28/26 15:05:13.210172] [debug] [04:05:39.340337] [Service::PowerService::ToolFlangePowerCommand] Requested: request_header { request_timestamp { seconds: 1785218659 nanos: 806171104 } } name: "left" command: COMMAND_POWER_12V
[07/28/26 15:05:13.210176] [debug] [04:05:39.340342] [Service::PowerService::ToolFlangePowerCommand] Result: Success
[07/28/26 15:05:14.388051] [debug] [04:05:40.518208] [Service] Server method called: /rb.api.RobotCommandService/RobotCommand
[07/28/26 15:05:14.388114] [debug] [04:05:40.518278] [Service::RobotCommandService::RobotCommand] Requested: robot_command { component_based_command { body_command { joint_position_command { command_header { control_hold_time { seconds: 1 } } minimum_time { seconds: 4 } position: 0 position: 0.78539816339744828 position: -1.3962634015954636 position: 0.78539816339744828 position: 0 position: 0 position: 0 position: -0.26179938779914941 position: 0 position: -2.0943951023931953 position: 0 position: 0.52359877559829882 position: 0 position: 0 position: 0... [truncated]
[07/28/26 15:05:14.388116] [debug] [04:05:40.518282] [Service::RobotCommandService::RobotCommand]   Peer: ipv4:192.168.30.230:44848
[07/28/26 15:05:14.388249] [debug] [04:05:40.518415] [Service::RobotCommandService::RobotCommand]   IP: 192.168.30.230, Family: ipv4
[07/28/26 15:05:14.392861] [info] [04:05:40.523024] [ControlManager] Control started: {"type":"RobotCommand","control":{"type":"ComponentBasedCommand","components":{"mobility":null,"body":{"type":"BodyCommand","control":{"type":"JointPositionCommand","control":{"type":"JointPositionControl"}}},"head":{"type":"HeadCommand","control":{"type":"JointPositionCommand","control":{"type":"JointPositionControl"}}}}}} (priority: 1)
[07/28/26 15:05:15.431847] [debug] [04:05:41.562003] [Hardware] Hardware Loop Stat (avg: 2.000 ms, min: 1.998 ms, max: 2.002 ms, count: 15000)
[07/28/26 15:05:15.584840] [debug] [04:05:41.715003] [ControlManager] Control Manager Loop Stat (avg: 2.000 ms, min: 1.999 ms, max: 2.001 ms, count: 15000)
[07/28/26 15:05:19.650882] [debug] [04:05:45.781039] [ControlManager] Control finished: {"type":"RobotCommand","control":{"type":"ComponentBasedCommand","components":{"mobility":null,"body":{"type":"BodyCommand","control":{"type":"JointPositionCommand","control":{"type":"JointPositionControl"}}},"head":{"type":"HeadCommand","control":{"type":"JointPositionCommand","control":{"type":"JointPositionControl"}}}}}}
[07/28/26 15:05:19.650939] [info] [04:05:45.781098] [ControlInterface] Control completed successfully.
[07/28/26 15:05:19.650949] [debug] [04:05:45.781108] [ControlInterface::ExecutionStats] Average Control Time: 0.001 ms (max: 0.020 ms, min: 0.001 ms, sigma: 0.000 ms, count: 2630)
[07/28/26 15:05:19.651574] [debug] [04:05:45.781733] [Service] Server method called: /rb.api.RobotCommandService/RobotCommandStream
[07/28/26 15:05:19.651586] [debug] [04:05:45.781751] [Service::RobotCommandService::RobotCommandStream] Stream is created
[07/28/26 15:05:19.693686] [debug] [04:05:45.823846] [Service::RobotCommandService::RobotCommandStream] Requested: robot_command { component_based_command { mobility_command { se2_velocity_command { command_header { control_hold_time { seconds: 1 } } minimum_time { nanos: 10100000 } velocity { linear { } } acceleration_limit { linear { x: 1 y: 1 } angular: 1 } } } body_command { joint_impedance_control_command { command_header { control_hold_time { seconds: 1 } } minimum_time { nanos: 10100000 } position: -0.00014025130431288054 position: 0.78511108811921548 ... [truncated]
[07/28/26 15:05:19.693693] [debug] [04:05:45.823858] [Service::RobotCommandService::RobotCommandStream]   Peer: ipv4:192.168.30.230:44848
[07/28/26 15:05:19.693960] [debug] [04:05:45.824123] [Service::RobotCommandService::RobotCommandStream]   IP: 192.168.30.230, Family: ipv4
[07/28/26 15:05:19.698869] [info] [04:05:45.829032] [ControlManager] Control started: {"type":"RobotCommand","control":{"type":"ComponentBasedCommand","components":{"mobility":{"type":"MobilityCommand","control":{"type":"SE2VelocityCommand","control":{"type":"MobilitySE2VelocityControl"}}},"body":{"type":"BodyCommand","control":{"type":"JointImpedanceControlCommand","control":{"type":"JointImpedanceControl"}}},"head":{"type":"HeadCommand","control":{"type":"JointPositionCommand","control":{"type":"JointPositionControl"}}}}}} (priority: 1)
[07/28/26 15:05:25.266808] [debug] [04:05:51.396960] [Service] Server method called: /rb.api.RobotCommandService/RobotCommand
[07/28/26 15:05:25.266842] [debug] [04:05:51.397006] [Service::RobotCommandService::RobotCommand] Requested: robot_command { whole_body_command { stop_command { } } } priority: 99
[07/28/26 15:05:25.266846] [debug] [04:05:51.397012] [Service::RobotCommandService::RobotCommand]   Peer: ipv4:192.168.30.230:44848
[07/28/26 15:05:25.267006] [debug] [04:05:51.397170] [Service::RobotCommandService::RobotCommand]   IP: 192.168.30.230, Family: ipv4
[07/28/26 15:05:25.371020] [debug] [04:05:51.501176] [ControlManager] Control finished: {"type":"RobotCommand","control":{"type":"ComponentBasedCommand","components":{"mobility":{"type":"MobilityCommand","control":{"type":"SE2VelocityCommand","control":{"type":"MobilitySE2VelocityControl"}}},"body":{"type":"BodyCommand","control":{"type":"JointImpedanceControlCommand","control":{"type":"JointImpedanceControl"}}},"head":{"type":"HeadCommand","control":{"type":"JointPositionCommand","control":{"type":"JointPositionControl"}}}}}}
[07/28/26 15:05:25.371129] [debug] [04:05:51.501288] [Service::RobotCommandService::RobotCommandStream] OnReadDone (write_done: true, read_done: true)
[07/28/26 15:05:25.371140] [debug] [04:05:51.501304] [Service::RobotCommandService::RobotCommandStream] OnCancel
[07/28/26 15:05:25.371198] [info] [04:05:51.501358] [ControlInterface] Control was preempted or canceled by another request.
[07/28/26 15:05:25.371212] [debug] [04:05:51.501368] [ControlInterface::ExecutionStats] Average Control Time: 0.120 ms (max: 0.203 ms, min: 0.111 ms, sigma: 0.005 ms, count: 2837)
[07/28/26 15:05:25.371290] [debug] [04:05:51.501452] [Service::RobotCommandService::RobotCommandStream] OnDone: robot_command { component_based_command { mobility_command { se2_velocity_command { command_header { control_hold_time { seconds: 1 } } minimum_time { nanos: 10100000 } velocity { linear { } } acceleration_limit { linear { x: 1 y: 1 } angular: 1 } } } body_command { joint_impedance_control_command { command_header { control_hold_time { seconds: 1 } } minimum_time { nanos: 10100000 } position: 0.038344580925998843 position: 0.867906166837084 posit... [truncated]
[07/28/26 15:05:25.372853] [info] [04:05:51.503018] [ControlManager] Control started: {"type":"RobotCommand","control":{"type":"WholeBodyCommand","control":{"type":"StopControl","control":{"type":"JointVelocityControl"}}}} (priority: 99)
[07/28/26 15:05:25.372873] [debug] [04:05:51.503038] [ControlManager] Control finished: {"type":"RobotCommand","control":{"type":"WholeBodyCommand","control":{"type":"StopControl","control":{"type":"JointVelocityControl"}}}}
[07/28/26 15:05:25.372908] [info] [04:05:51.503070] [ControlInterface] Control completed successfully.
[07/28/26 15:05:25.372914] [debug] [04:05:51.503076] [ControlInterface::ExecutionStats] Average Control Time: 0.005 ms (max: 0.005 ms, min: 0.005 ms, sigma: 0.000 ms, count: 1)
[07/28/26 15:05:25.373616] [debug] [04:05:51.503777] [Service] Server method called: /rb.api.ControlManagerService/ControlManagerCommand
[07/28/26 15:05:25.373640] [debug] [04:05:51.503804] [Service::ControlManagerService::ControlManagerCommand] Requested: request_header { request_timestamp { seconds: 1785218671 nanos: 969355322 } } command: COMMAND_DISABLE
[07/28/26 15:05:25.373644] [info] [04:05:51.503809] [ControlManager::Disable] Disable request received. Starting the disabling process...
[07/28/26 15:05:25.374856] [info] [04:05:51.505019] [ControlManager::Disable] Control Manager successfully disabled
[07/28/26 15:05:45.431850] [debug] [04:06:11.562003] [Hardware] Hardware Loop Stat (avg: 2.000 ms, min: 1.999 ms, max: 2.001 ms, count: 15000)
[07/28/26 15:05:45.584841] [debug] [04:06:11.715003] [ControlManager] Control Manager Loop Stat (avg: 2.000 ms, min: 1.998 ms, max: 2.002 ms, count: 15000)
[07/28/26 15:06:15.431850] [debug] [04:06:41.562003] [Hardware] Hardware Loop Stat (avg: 2.000 ms, min: 1.998 ms, max: 2.003 ms, count: 15000)
[07/28/26 15:06:15.453304] [debug] [04:06:41.583463] [Service] Server method called: /rb.api.RobotInfoService/GetRobotInfo
[07/28/26 15:06:15.453337] [debug] [04:06:41.583501] [Service::RobotInfoService::GetRobotInfo] Requested: request_header { request_timestamp { seconds: 1785218722 nanos: 48105800 } }
[07/28/26 15:06:15.454125] [debug] [04:06:41.584285] [Service] Server method called: /rb.api.RobotStateService/GetRobotState
[07/28/26 15:06:15.454174] [debug] [04:06:41.584337] [Service::RobotStateService::GetRobotState] Requested: request_header { request_timestamp { seconds: 1785218722 nanos: 49013488 } }
[07/28/26 15:06:15.454832] [debug] [04:06:41.584993] [Service] Server method called: /rb.api.RobotInfoService/GetRobotInfo
[07/28/26 15:06:15.454852] [debug] [04:06:41.585016] [Service::RobotInfoService::GetRobotInfo] Requested: request_header { request_timestamp { seconds: 1785218722 nanos: 49757731 } }
[07/28/26 15:06:15.455622] [debug] [04:06:41.585780] [Service] Server method called: /rb.api.RobotStateService/GetRobotState
[07/28/26 15:06:15.455644] [debug] [04:06:41.585809] [Service::RobotStateService::GetRobotState] Requested: request_header { request_timestamp { seconds: 1785218722 nanos: 50530280 } }
[07/28/26 15:06:15.456356] [debug] [04:06:41.586517] [Service] Server method called: /rb.api.RobotStateService/GetControlManagerState
[07/28/26 15:06:15.456374] [debug] [04:06:41.586538] [Service::RobotStateService::GetControlManagerState] Requested: request_header { request_timestamp { seconds: 1785218722 nanos: 51274744 } }
[07/28/26 15:06:15.456851] [debug] [04:06:41.587014] [Service] Server method called: /rb.api.RobotInfoService/GetRobotInfo
[07/28/26 15:06:15.456865] [debug] [04:06:41.587030] [Service::RobotInfoService::GetRobotInfo] Requested: request_header { request_timestamp { seconds: 1785218722 nanos: 51772074 } }
[07/28/26 15:06:15.457358] [debug] [04:06:41.587520] [Service] Server method called: /rb.api.RobotStateService/GetRobotState
[07/28/26 15:06:15.457373] [debug] [04:06:41.587537] [Service::RobotStateService::GetRobotState] Requested: request_header { request_timestamp { seconds: 1785218722 nanos: 52314583 } }
[07/28/26 15:06:15.457836] [debug] [04:06:41.587997] [Service] Server method called: /rb.api.RobotStateService/GetRobotState
[07/28/26 15:06:15.457853] [debug] [04:06:41.588017] [Service::RobotStateService::GetRobotState] Requested: request_header { request_timestamp { seconds: 1785218722 nanos: 52802748 } }
[07/28/26 15:06:15.458261] [debug] [04:06:41.588425] [Service] Server method called: /rb.api.RobotInfoService/GetRobotInfo
[07/28/26 15:06:15.458271] [debug] [04:06:41.588436] [Service::RobotInfoService::GetRobotInfo] Requested: request_header { request_timestamp { seconds: 1785218722 nanos: 53271143 } }
[07/28/26 15:06:15.458834] [debug] [04:06:41.588996] [Service] Server method called: /rb.api.ControlManagerService/ControlManagerCommand
[07/28/26 15:06:15.458853] [debug] [04:06:41.589017] [Service::ControlManagerService::ControlManagerCommand] Requested: request_header { request_timestamp { seconds: 1785218722 nanos: 53786592 } } command: COMMAND_ENABLE unlimited_mode_enabled { }
[07/28/26 15:06:15.458857] [info] [04:06:41.589022] [ControlManager::Enable] Enable request received. Starting the enabling process...
[07/28/26 15:06:15.460851] [info] [04:06:41.591015] [ControlManager::Enable] Control Manager successfully enabled
[07/28/26 15:06:15.461335] [debug] [04:06:41.591498] [Service] Server method called: /rb.api.ParameterService/SetParameter
[07/28/26 15:06:15.461354] [debug] [04:06:41.591519] [Service::ParameterService::SetParameter] Requested: request_header { request_timestamp { seconds: 1785218722 nanos: 56302288 } } name: "cartesian_command.cutoff_frequency" parameter: "{\"value\":5,\"write_db\":true}"
[07/28/26 15:06:15.471809] [debug] [04:06:41.601970] [Service] Server method called: /rb.api.ParameterService/SetParameter
[07/28/26 15:06:15.471827] [debug] [04:06:41.601992] [Service::ParameterService::SetParameter] Requested: request_header { request_timestamp { seconds: 1785218722 nanos: 66737086 } } name: "default.acceleration_limit_scaling" parameter: "{\"value\":1.0,\"write_db\":true}"
[07/28/26 15:06:15.477904] [debug] [04:06:41.608066] [Service] Server method called: /rb.api.ParameterService/SetParameter
[07/28/26 15:06:15.477918] [debug] [04:06:41.608084] [Service::ParameterService::SetParameter] Requested: request_header { request_timestamp { seconds: 1785218722 nanos: 72806232 } } name: "default.angular_acceleration_limit" parameter: "{\"value\":10,\"write_db\":true}"
[07/28/26 15:06:15.483998] [debug] [04:06:41.614159] [Service] Server method called: /rb.api.ParameterService/SetParameter
[07/28/26 15:06:15.484010] [debug] [04:06:41.614175] [Service::ParameterService::SetParameter] Requested: request_header { request_timestamp { seconds: 1785218722 nanos: 78876006 } } name: "default.linear_acceleration_limit" parameter: "{\"value\":20,\"write_db\":true}"
[07/28/26 15:06:15.490142] [debug] [04:06:41.620303] [Service] Server method called: /rb.api.ParameterService/SetParameter
[07/28/26 15:06:15.490159] [debug] [04:06:41.620323] [Service::ParameterService::SetParameter] Requested: request_header { request_timestamp { seconds: 1785218722 nanos: 84932949 } } name: "joint_position_command.cutoff_frequency" parameter: "{\"value\":5,\"write_db\":true}"
[07/28/26 15:06:15.497815] [debug] [04:06:41.627976] [Service] Server method called: /rb.api.RobotCommandService/RobotCommand
[07/28/26 15:06:15.497890] [debug] [04:06:41.628054] [Service::RobotCommandService::RobotCommand] Requested: robot_command { component_based_command { body_command { joint_position_command { command_header { control_hold_time { seconds: 1 } } minimum_time { nanos: 500000000 } position: 0.034066523833935575 position: 0.85896469251943919 position: -1.4539593891116565 position: 0.51243691374321354 position: -0.039374704877163616 position: -0.012492071267682574 position: -0.566748946391521 position: -0.45466203337571864 position: -0.42233832434782148 positi... [truncated]
[07/28/26 15:06:15.497893] [debug] [04:06:41.628059] [Service::RobotCommandService::RobotCommand]   Peer: ipv4:192.168.30.230:44848
[07/28/26 15:06:15.498027] [debug] [04:06:41.628192] [Service::RobotCommandService::RobotCommand]   IP: 192.168.30.230, Family: ipv4
[07/28/26 15:06:15.502874] [info] [04:06:41.633036] [ControlManager] Control started: {"type":"RobotCommand","control":{"type":"ComponentBasedCommand","components":{"mobility":null,"body":{"type":"BodyCommand","control":{"type":"JointPositionCommand","control":{"type":"JointPositionControl"}}},"head":{"type":"HeadCommand","control":{"type":"JointPositionCommand","control":{"type":"JointPositionControl"}}}}}} (priority: 1)
[07/28/26 15:06:15.584840] [debug] [04:06:41.715002] [ControlManager] Control Manager Loop Stat (avg: 2.000 ms, min: 1.998 ms, max: 2.002 ms, count: 15000)
[07/28/26 15:06:17.260881] [debug] [04:06:43.391039] [ControlManager] Control finished: {"type":"RobotCommand","control":{"type":"ComponentBasedCommand","components":{"mobility":null,"body":{"type":"BodyCommand","control":{"type":"JointPositionCommand","control":{"type":"JointPositionControl"}}},"head":{"type":"HeadCommand","control":{"type":"JointPositionCommand","control":{"type":"JointPositionControl"}}}}}}
[07/28/26 15:06:17.260937] [info] [04:06:43.391099] [ControlInterface] Control completed successfully.
[07/28/26 15:06:17.260946] [debug] [04:06:43.391105] [ControlInterface::ExecutionStats] Average Control Time: 0.001 ms (max: 0.027 ms, min: 0.001 ms, sigma: 0.001 ms, count: 880)
[07/28/26 15:06:17.261780] [debug] [04:06:43.391940] [Service] Server method called: /rb.api.PowerService/ToolFlangePowerCommand
[07/28/26 15:06:17.261810] [debug] [04:06:43.391974] [Service::PowerService::ToolFlangePowerCommand] Requested: request_header { request_timestamp { seconds: 1785218723 nanos: 856604640 } } name: "right" command: COMMAND_POWER_12V
[07/28/26 15:06:17.261815] [debug] [04:06:43.391980] [Service::PowerService::ToolFlangePowerCommand] Result: Success
[07/28/26 15:06:17.262360] [debug] [04:06:43.392521] [Service] Server method called: /rb.api.PowerService/ToolFlangePowerCommand
[07/28/26 15:06:17.262377] [debug] [04:06:43.392541] [Service::PowerService::ToolFlangePowerCommand] Requested: request_header { request_timestamp { seconds: 1785218723 nanos: 857274202 } } name: "left" command: COMMAND_POWER_12V
[07/28/26 15:06:17.262380] [debug] [04:06:43.392546] [Service::PowerService::ToolFlangePowerCommand] Result: Success
[07/28/26 15:06:18.405140] [debug] [04:06:44.535294] [Service] Server method called: /rb.api.RobotCommandService/RobotCommand
[07/28/26 15:06:18.405207] [debug] [04:06:44.535369] [Service::RobotCommandService::RobotCommand] Requested: robot_command { component_based_command { body_command { joint_position_command { command_header { control_hold_time { seconds: 1 } } minimum_time { seconds: 4 } position: 0 position: 0.78539816339744828 position: -1.3962634015954636 position: 0.78539816339744828 position: 0 position: 0 position: 0 position: -0.26179938779914941 position: 0 position: -2.0943951023931953 position: 0 position: 0.52359877559829882 position: 0 position: 0 position: 0... [truncated]
[07/28/26 15:06:18.405211] [debug] [04:06:44.535376] [Service::RobotCommandService::RobotCommand]   Peer: ipv4:192.168.30.230:44848
[07/28/26 15:06:18.405363] [debug] [04:06:44.535527] [Service::RobotCommandService::RobotCommand]   IP: 192.168.30.230, Family: ipv4
[07/28/26 15:06:18.410866] [info] [04:06:44.541027] [ControlManager] Control started: {"type":"RobotCommand","control":{"type":"ComponentBasedCommand","components":{"mobility":null,"body":{"type":"BodyCommand","control":{"type":"JointPositionCommand","control":{"type":"JointPositionControl"}}},"head":{"type":"HeadCommand","control":{"type":"JointPositionCommand","control":{"type":"JointPositionControl"}}}}}} (priority: 1)
[07/28/26 15:06:23.668880] [debug] [04:06:49.799037] [ControlManager] Control finished: {"type":"RobotCommand","control":{"type":"ComponentBasedCommand","components":{"mobility":null,"body":{"type":"BodyCommand","control":{"type":"JointPositionCommand","control":{"type":"JointPositionControl"}}},"head":{"type":"HeadCommand","control":{"type":"JointPositionCommand","control":{"type":"JointPositionControl"}}}}}}
[07/28/26 15:06:23.668951] [info] [04:06:49.799111] [ControlInterface] Control completed successfully.
[07/28/26 15:06:23.668961] [debug] [04:06:49.799120] [ControlInterface::ExecutionStats] Average Control Time: 0.001 ms (max: 0.020 ms, min: 0.001 ms, sigma: 0.000 ms, count: 2630)
[07/28/26 15:06:23.670496] [debug] [04:06:49.800655] [Service] Server method called: /rb.api.RobotCommandService/RobotCommandStream
[07/28/26 15:06:23.670509] [debug] [04:06:49.800673] [Service::RobotCommandService::RobotCommandStream] Stream is created
[07/28/26 15:06:23.683948] [debug] [04:06:49.814106] [Service::RobotCommandService::RobotCommandStream] Requested: robot_command { component_based_command { mobility_command { se2_velocity_command { command_header { control_hold_time { seconds: 1 } } minimum_time { nanos: 10100000 } velocity { linear { } } acceleration_limit { linear { x: 1 y: 1 } angular: 1 } } } body_command { joint_impedance_control_command { command_header { control_hold_time { seconds: 1 } } minimum_time { nanos: 10100000 } position: -0.0001177546897629687 position: 0.78511632507374829 p... [truncated]
[07/28/26 15:06:23.683954] [debug] [04:06:49.814120] [Service::RobotCommandService::RobotCommandStream]   Peer: ipv4:192.168.30.230:44848
[07/28/26 15:06:23.684089] [debug] [04:06:49.814254] [Service::RobotCommandService::RobotCommandStream]   IP: 192.168.30.230, Family: ipv4
[07/28/26 15:06:23.688866] [info] [04:06:49.819029] [ControlManager] Control started: {"type":"RobotCommand","control":{"type":"ComponentBasedCommand","components":{"mobility":{"type":"MobilityCommand","control":{"type":"SE2VelocityCommand","control":{"type":"MobilitySE2VelocityControl"}}},"body":{"type":"BodyCommand","control":{"type":"JointImpedanceControlCommand","control":{"type":"JointImpedanceControl"}}},"head":{"type":"HeadCommand","control":{"type":"JointPositionCommand","control":{"type":"JointPositionControl"}}}}}} (priority: 1)
[07/28/26 15:06:29.053810] [debug] [04:06:55.183962] [Service] Server method called: /rb.api.RobotCommandService/RobotCommand
[07/28/26 15:06:29.053843] [debug] [04:06:55.184007] [Service::RobotCommandService::RobotCommand] Requested: robot_command { whole_body_command { stop_command { } } } priority: 99
[07/28/26 15:06:29.053847] [debug] [04:06:55.184012] [Service::RobotCommandService::RobotCommand]   Peer: ipv4:192.168.30.230:44848
[07/28/26 15:06:29.054448] [debug] [04:06:55.184611] [Service::RobotCommandService::RobotCommand]   IP: 192.168.30.230, Family: ipv4
[07/28/26 15:06:29.157014] [debug] [04:06:55.287171] [ControlManager] Control finished: {"type":"RobotCommand","control":{"type":"ComponentBasedCommand","components":{"mobility":{"type":"MobilityCommand","control":{"type":"SE2VelocityCommand","control":{"type":"MobilitySE2VelocityControl"}}},"body":{"type":"BodyCommand","control":{"type":"JointImpedanceControlCommand","control":{"type":"JointImpedanceControl"}}},"head":{"type":"HeadCommand","control":{"type":"JointPositionCommand","control":{"type":"JointPositionControl"}}}}}}
[07/28/26 15:06:29.157125] [debug] [04:06:55.287283] [Service::RobotCommandService::RobotCommandStream] OnReadDone (write_done: true, read_done: true)
[07/28/26 15:06:29.157175] [debug] [04:06:55.287338] [Service::RobotCommandService::RobotCommandStream] OnCancel
[07/28/26 15:06:29.157259] [info] [04:06:55.287422] [ControlInterface] Control was preempted or canceled by another request.
[07/28/26 15:06:29.157269] [debug] [04:06:55.287428] [ControlInterface::ExecutionStats] Average Control Time: 0.120 ms (max: 0.195 ms, min: 0.111 ms, sigma: 0.005 ms, count: 2735)
[07/28/26 15:06:29.157320] [debug] [04:06:55.287479] [Service::RobotCommandService::RobotCommandStream] OnDone: robot_command { component_based_command { mobility_command { se2_velocity_command { command_header { control_hold_time { seconds: 1 } } minimum_time { nanos: 10100000 } velocity { linear { } } acceleration_limit { linear { x: 1 y: 1 } angular: 1 } } } body_command { joint_impedance_control_command { command_header { control_hold_time { seconds: 1 } } minimum_time { nanos: 10100000 } position: 0.04025718695771071 position: 0.86874546233936367 posi... [truncated]
[07/28/26 15:06:29.158853] [info] [04:06:55.289017] [ControlManager] Control started: {"type":"RobotCommand","control":{"type":"WholeBodyCommand","control":{"type":"StopControl","control":{"type":"JointVelocityControl"}}}} (priority: 99)
[07/28/26 15:06:29.158872] [debug] [04:06:55.289038] [ControlManager] Control finished: {"type":"RobotCommand","control":{"type":"WholeBodyCommand","control":{"type":"StopControl","control":{"type":"JointVelocityControl"}}}}
[07/28/26 15:06:29.158912] [info] [04:06:55.289073] [ControlInterface] Control completed successfully.
[07/28/26 15:06:29.158919] [debug] [04:06:55.289080] [ControlInterface::ExecutionStats] Average Control Time: 0.005 ms (max: 0.005 ms, min: 0.005 ms, sigma: 0.000 ms, count: 1)
[07/28/26 15:06:29.159796] [debug] [04:06:55.289958] [Service] Server method called: /rb.api.ControlManagerService/ControlManagerCommand
[07/28/26 15:06:29.159818] [debug] [04:06:55.289982] [Service::ControlManagerService::ControlManagerCommand] Requested: request_header { request_timestamp { seconds: 1785218735 nanos: 754363749 } } command: COMMAND_DISABLE
[07/28/26 15:06:29.159822] [info] [04:06:55.289988] [ControlManager::Disable] Disable request received. Starting the disabling process...
[07/28/26 15:06:29.160854] [info] [04:06:55.291019] [ControlManager::Disable] Control Manager successfully disabled
[07/28/26 15:06:44.464638] [debug] [04:07:10.594790] [Service] Server method called: /rb.api.RobotInfoService/GetRobotInfo
[07/28/26 15:06:44.464673] [debug] [04:07:10.594837] [Service::RobotInfoService::GetRobotInfo] Requested: request_header { request_timestamp { seconds: 1785218751 nanos: 58950922 } }
[07/28/26 15:06:44.465314] [debug] [04:07:10.595475] [Service] Server method called: /rb.api.RobotStateService/GetRobotState
[07/28/26 15:06:44.465335] [debug] [04:07:10.595499] [Service::RobotStateService::GetRobotState] Requested: request_header { request_timestamp { seconds: 1785218751 nanos: 59731188 } }
[07/28/26 15:06:44.466017] [debug] [04:07:10.596176] [Service] Server method called: /rb.api.RobotInfoService/GetRobotInfo
[07/28/26 15:06:44.466039] [debug] [04:07:10.596203] [Service::RobotInfoService::GetRobotInfo] Requested: request_header { request_timestamp { seconds: 1785218751 nanos: 60414790 } }
[07/28/26 15:06:44.466651] [debug] [04:07:10.596811] [Service] Server method called: /rb.api.RobotStateService/GetRobotState
[07/28/26 15:06:44.466671] [debug] [04:07:10.596836] [Service::RobotStateService::GetRobotState] Requested: request_header { request_timestamp { seconds: 1785218751 nanos: 61089578 } }
[07/28/26 15:06:44.467294] [debug] [04:07:10.597456] [Service] Server method called: /rb.api.RobotStateService/GetControlManagerState
[07/28/26 15:06:44.467312] [debug] [04:07:10.597476] [Service::RobotStateService::GetControlManagerState] Requested: request_header { request_timestamp { seconds: 1785218751 nanos: 61747419 } }
[07/28/26 15:06:44.467624] [debug] [04:07:10.597782] [Service] Server method called: /rb.api.RobotInfoService/GetRobotInfo
[07/28/26 15:06:44.467642] [debug] [04:07:10.597807] [Service::RobotInfoService::GetRobotInfo] Requested: request_header { request_timestamp { seconds: 1785218751 nanos: 62060444 } }
[07/28/26 15:06:44.468179] [debug] [04:07:10.598340] [Service] Server method called: /rb.api.RobotStateService/GetRobotState
[07/28/26 15:06:44.468195] [debug] [04:07:10.598359] [Service::RobotStateService::GetRobotState] Requested: request_header { request_timestamp { seconds: 1785218751 nanos: 62638174 } }
[07/28/26 15:06:44.468773] [debug] [04:07:10.598936] [Service] Server method called: /rb.api.RobotStateService/GetRobotState
[07/28/26 15:06:44.468788] [debug] [04:07:10.598952] [Service::RobotStateService::GetRobotState] Requested: request_header { request_timestamp { seconds: 1785218751 nanos: 63239807 } }
[07/28/26 15:06:44.469291] [debug] [04:07:10.599452] [Service] Server method called: /rb.api.RobotInfoService/GetRobotInfo
[07/28/26 15:06:44.469305] [debug] [04:07:10.599469] [Service::RobotInfoService::GetRobotInfo] Requested: request_header { request_timestamp { seconds: 1785218751 nanos: 63757175 } }
[07/28/26 15:06:44.469978] [debug] [04:07:10.600139] [Service] Server method called: /rb.api.ControlManagerService/ControlManagerCommand
[07/28/26 15:06:44.470025] [debug] [04:07:10.600188] [Service::ControlManagerService::ControlManagerCommand] Requested: request_header { request_timestamp { seconds: 1785218751 nanos: 64418618 } } command: COMMAND_ENABLE unlimited_mode_enabled { }
[07/28/26 15:06:44.470029] [info] [04:07:10.600194] [ControlManager::Enable] Enable request received. Starting the enabling process...
[07/28/26 15:06:44.470855] [info] [04:07:10.601018] [ControlManager::Enable] Control Manager successfully enabled
[07/28/26 15:06:44.471266] [debug] [04:07:10.601428] [Service] Server method called: /rb.api.ParameterService/SetParameter
[07/28/26 15:06:44.471284] [debug] [04:07:10.601448] [Service::ParameterService::SetParameter] Requested: request_header { request_timestamp { seconds: 1785218751 nanos: 65725031 } } name: "cartesian_command.cutoff_frequency" parameter: "{\"value\":5,\"write_db\":true}"
[07/28/26 15:06:44.481746] [debug] [04:07:10.611907] [Service] Server method called: /rb.api.ParameterService/SetParameter
[07/28/26 15:06:44.481764] [debug] [04:07:10.611928] [Service::ParameterService::SetParameter] Requested: request_header { request_timestamp { seconds: 1785218751 nanos: 76190116 } } name: "default.acceleration_limit_scaling" parameter: "{\"value\":1.0,\"write_db\":true}"
[07/28/26 15:06:44.487636] [debug] [04:07:10.617796] [Service] Server method called: /rb.api.ParameterService/SetParameter
[07/28/26 15:06:44.487681] [debug] [04:07:10.617844] [Service::ParameterService::SetParameter] Requested: request_header { request_timestamp { seconds: 1785218751 nanos: 82058686 } } name: "default.angular_acceleration_limit" parameter: "{\"value\":10,\"write_db\":true}"
[07/28/26 15:06:44.493671] [debug] [04:07:10.623832] [Service] Server method called: /rb.api.ParameterService/SetParameter
[07/28/26 15:06:44.493688] [debug] [04:07:10.623852] [Service::ParameterService::SetParameter] Requested: request_header { request_timestamp { seconds: 1785218751 nanos: 88070293 } } name: "default.linear_acceleration_limit" parameter: "{\"value\":20,\"write_db\":true}"
[07/28/26 15:06:44.499886] [debug] [04:07:10.630048] [Service] Server method called: /rb.api.ParameterService/SetParameter
[07/28/26 15:06:44.499902] [debug] [04:07:10.630067] [Service::ParameterService::SetParameter] Requested: request_header { request_timestamp { seconds: 1785218751 nanos: 94223826 } } name: "joint_position_command.cutoff_frequency" parameter: "{\"value\":5,\"write_db\":true}"
[07/28/26 15:06:44.506139] [debug] [04:07:10.636300] [Service] Server method called: /rb.api.RobotCommandService/RobotCommand
[07/28/26 15:06:44.506207] [debug] [04:07:10.636370] [Service::RobotCommandService::RobotCommand] Requested: robot_command { component_based_command { body_command { joint_position_command { command_header { control_hold_time { seconds: 1 } } minimum_time { nanos: 500000000 } position: 0.033155248118359952 position: 0.85926845109129768 position: -1.45457450021967 position: 0.51224326765365369 position: -0.040020191842363016 position: -0.0085470068156697481 position: -0.55963340184573462 position: -0.46495185499742681 position: -0.42047020913089145 posit... [truncated]
[07/28/26 15:06:44.506211] [debug] [04:07:10.636376] [Service::RobotCommandService::RobotCommand]   Peer: ipv4:192.168.30.230:44848
[07/28/26 15:06:44.506372] [debug] [04:07:10.636536] [Service::RobotCommandService::RobotCommand]   IP: 192.168.30.230, Family: ipv4
[07/28/26 15:06:44.510880] [info] [04:07:10.641042] [ControlManager] Control started: {"type":"RobotCommand","control":{"type":"ComponentBasedCommand","components":{"mobility":null,"body":{"type":"BodyCommand","control":{"type":"JointPositionCommand","control":{"type":"JointPositionControl"}}},"head":{"type":"HeadCommand","control":{"type":"JointPositionCommand","control":{"type":"JointPositionControl"}}}}}} (priority: 1)
[07/28/26 15:06:45.431849] [debug] [04:07:11.562002] [Hardware] Hardware Loop Stat (avg: 2.000 ms, min: 1.999 ms, max: 2.001 ms, count: 15000)
[07/28/26 15:06:45.584841] [debug] [04:07:11.715003] [ControlManager] Control Manager Loop Stat (avg: 2.000 ms, min: 1.998 ms, max: 2.002 ms, count: 15000)
[07/28/26 15:06:46.268878] [debug] [04:07:12.399039] [ControlManager] Control finished: {"type":"RobotCommand","control":{"type":"ComponentBasedCommand","components":{"mobility":null,"body":{"type":"BodyCommand","control":{"type":"JointPositionCommand","control":{"type":"JointPositionControl"}}},"head":{"type":"HeadCommand","control":{"type":"JointPositionCommand","control":{"type":"JointPositionControl"}}}}}}
[07/28/26 15:06:46.268936] [info] [04:07:12.399096] [ControlInterface] Control completed successfully.
[07/28/26 15:06:46.268944] [debug] [04:07:12.399104] [ControlInterface::ExecutionStats] Average Control Time: 0.001 ms (max: 0.028 ms, min: 0.001 ms, sigma: 0.001 ms, count: 880)
[07/28/26 15:06:46.269670] [debug] [04:07:12.399831] [Service] Server method called: /rb.api.PowerService/ToolFlangePowerCommand
[07/28/26 15:06:46.269700] [debug] [04:07:12.399865] [Service::PowerService::ToolFlangePowerCommand] Requested: request_header { request_timestamp { seconds: 1785218752 nanos: 863992902 } } name: "right" command: COMMAND_POWER_12V
[07/28/26 15:06:46.269705] [debug] [04:07:12.399870] [Service::PowerService::ToolFlangePowerCommand] Result: Success
[07/28/26 15:06:46.270297] [debug] [04:07:12.400458] [Service] Server method called: /rb.api.PowerService/ToolFlangePowerCommand
[07/28/26 15:06:46.270315] [debug] [04:07:12.400479] [Service::PowerService::ToolFlangePowerCommand] Requested: request_header { request_timestamp { seconds: 1785218752 nanos: 864684446 } } name: "left" command: COMMAND_POWER_12V
[07/28/26 15:06:46.270319] [debug] [04:07:12.400484] [Service::PowerService::ToolFlangePowerCommand] Result: Success
[07/28/26 15:06:47.409454] [debug] [04:07:13.539608] [Service] Server method called: /rb.api.RobotCommandService/RobotCommand
[07/28/26 15:06:47.409524] [debug] [04:07:13.539687] [Service::RobotCommandService::RobotCommand] Requested: robot_command { component_based_command { body_command { joint_position_command { command_header { control_hold_time { seconds: 1 } } minimum_time { seconds: 4 } position: 0 position: 0.78539816339744828 position: -1.3962634015954636 position: 0.78539816339744828 position: 0 position: 0 position: 0 position: -0.26179938779914941 position: 0 position: -2.0943951023931953 position: 0 position: 0.52359877559829882 position: 0 position: 0 position: 0... [truncated]
[07/28/26 15:06:47.409526] [debug] [04:07:13.539692] [Service::RobotCommandService::RobotCommand]   Peer: ipv4:192.168.30.230:44848
[07/28/26 15:06:47.409667] [debug] [04:07:13.539833] [Service::RobotCommandService::RobotCommand]   IP: 192.168.30.230, Family: ipv4
[07/28/26 15:06:47.414862] [info] [04:07:13.545025] [ControlManager] Control started: {"type":"RobotCommand","control":{"type":"ComponentBasedCommand","components":{"mobility":null,"body":{"type":"BodyCommand","control":{"type":"JointPositionCommand","control":{"type":"JointPositionControl"}}},"head":{"type":"HeadCommand","control":{"type":"JointPositionCommand","control":{"type":"JointPositionControl"}}}}}} (priority: 1)
[07/28/26 15:06:52.672883] [debug] [04:07:18.803040] [ControlManager] Control finished: {"type":"RobotCommand","control":{"type":"ComponentBasedCommand","components":{"mobility":null,"body":{"type":"BodyCommand","control":{"type":"JointPositionCommand","control":{"type":"JointPositionControl"}}},"head":{"type":"HeadCommand","control":{"type":"JointPositionCommand","control":{"type":"JointPositionControl"}}}}}}
[07/28/26 15:06:52.672949] [info] [04:07:18.803107] [ControlInterface] Control completed successfully.
[07/28/26 15:06:52.672961] [debug] [04:07:18.803118] [ControlInterface::ExecutionStats] Average Control Time: 0.001 ms (max: 0.020 ms, min: 0.001 ms, sigma: 0.000 ms, count: 2630)
[07/28/26 15:06:52.673803] [debug] [04:07:18.803963] [Service] Server method called: /rb.api.RobotCommandService/RobotCommandStream
[07/28/26 15:06:52.673825] [debug] [04:07:18.803981] [Service::RobotCommandService::RobotCommandStream] Stream is created
[07/28/26 15:06:52.686759] [debug] [04:07:18.816919] [Service::RobotCommandService::RobotCommandStream] Requested: robot_command { component_based_command { mobility_command { se2_velocity_command { command_header { control_hold_time { seconds: 1 } } minimum_time { nanos: 10100000 } velocity { linear { } } acceleration_limit { linear { x: 1 y: 1 } angular: 1 } } } body_command { joint_impedance_control_command { command_header { control_hold_time { seconds: 1 } } minimum_time { nanos: 10100000 } position: -0.00011112560283424333 position: 0.78511437165500542 ... [truncated]
[07/28/26 15:06:52.686766] [debug] [04:07:18.816931] [Service::RobotCommandService::RobotCommandStream]   Peer: ipv4:192.168.30.230:44848
[07/28/26 15:06:52.686922] [debug] [04:07:18.817086] [Service::RobotCommandService::RobotCommandStream]   IP: 192.168.30.230, Family: ipv4
[07/28/26 15:06:52.692867] [info] [04:07:18.823031] [ControlManager] Control started: {"type":"RobotCommand","control":{"type":"ComponentBasedCommand","components":{"mobility":{"type":"MobilityCommand","control":{"type":"SE2VelocityCommand","control":{"type":"MobilitySE2VelocityControl"}}},"body":{"type":"BodyCommand","control":{"type":"JointImpedanceControlCommand","control":{"type":"JointImpedanceControl"}}},"head":{"type":"HeadCommand","control":{"type":"JointPositionCommand","control":{"type":"JointPositionControl"}}}}}} (priority: 1)
[07/28/26 15:06:58.050967] [debug] [04:07:24.181120] [Service] Server method called: /rb.api.RobotCommandService/RobotCommand
[07/28/26 15:06:58.050999] [debug] [04:07:24.181164] [Service::RobotCommandService::RobotCommand] Requested: robot_command { whole_body_command { stop_command { } } } priority: 99
[07/28/26 15:06:58.051002] [debug] [04:07:24.181168] [Service::RobotCommandService::RobotCommand]   Peer: ipv4:192.168.30.230:44848
[07/28/26 15:06:58.051163] [debug] [04:07:24.181327] [Service::RobotCommandService::RobotCommand]   IP: 192.168.30.230, Family: ipv4
[07/28/26 15:06:58.155027] [debug] [04:07:24.285185] [ControlManager] Control finished: {"type":"RobotCommand","control":{"type":"ComponentBasedCommand","components":{"mobility":{"type":"MobilityCommand","control":{"type":"SE2VelocityCommand","control":{"type":"MobilitySE2VelocityControl"}}},"body":{"type":"BodyCommand","control":{"type":"JointImpedanceControlCommand","control":{"type":"JointImpedanceControl"}}},"head":{"type":"HeadCommand","control":{"type":"JointPositionCommand","control":{"type":"JointPositionControl"}}}}}}
[07/28/26 15:06:58.155136] [debug] [04:07:24.285294] [Service::RobotCommandService::RobotCommandStream] OnReadDone (write_done: true, read_done: true)
[07/28/26 15:06:58.155193] [debug] [04:07:24.285357] [Service::RobotCommandService::RobotCommandStream] OnCancel
[07/28/26 15:06:58.155226] [info] [04:07:24.285386] [ControlInterface] Control was preempted or canceled by another request.
[07/28/26 15:06:58.155236] [debug] [04:07:24.285395] [ControlInterface::ExecutionStats] Average Control Time: 0.120 ms (max: 0.201 ms, min: 0.110 ms, sigma: 0.005 ms, count: 2732)
[07/28/26 15:06:58.155316] [debug] [04:07:24.285479] [Service::RobotCommandService::RobotCommandStream] OnDone: robot_command { component_based_command { mobility_command { se2_velocity_command { command_header { control_hold_time { seconds: 1 } } minimum_time { nanos: 10100000 } velocity { linear { } } acceleration_limit { linear { x: 1 y: 1 } angular: 1 } } } body_command { joint_impedance_control_command { command_header { control_hold_time { seconds: 1 } } minimum_time { nanos: 10100000 } position: 0.044261765706980739 position: 0.86956993550754991 pos... [truncated]
[07/28/26 15:06:58.156853] [info] [04:07:24.287017] [ControlManager] Control started: {"type":"RobotCommand","control":{"type":"WholeBodyCommand","control":{"type":"StopControl","control":{"type":"JointVelocityControl"}}}} (priority: 99)
[07/28/26 15:06:58.156873] [debug] [04:07:24.287038] [ControlManager] Control finished: {"type":"RobotCommand","control":{"type":"WholeBodyCommand","control":{"type":"StopControl","control":{"type":"JointVelocityControl"}}}}
[07/28/26 15:06:58.156907] [info] [04:07:24.287070] [ControlInterface] Control completed successfully.
[07/28/26 15:06:58.156913] [debug] [04:07:24.287075] [ControlInterface::ExecutionStats] Average Control Time: 0.006 ms (max: 0.006 ms, min: 0.006 ms, sigma: 0.000 ms, count: 1)
[07/28/26 15:06:58.158238] [debug] [04:07:24.288399] [Service] Server method called: /rb.api.ControlManagerService/ControlManagerCommand
[07/28/26 15:06:58.158263] [debug] [04:07:24.288427] [Service::ControlManagerService::ControlManagerCommand] Requested: request_header { request_timestamp { seconds: 1785218764 nanos: 752248169 } } command: COMMAND_DISABLE
[07/28/26 15:06:58.158266] [info] [04:07:24.288431] [ControlManager::Disable] Disable request received. Starting the disabling process...
[07/28/26 15:06:58.158856] [info] [04:07:24.289021] [ControlManager::Disable] Control Manager successfully disabled
[07/28/26 15:07:15.431849] [debug] [04:07:41.562002] [Hardware] Hardware Loop Stat (avg: 2.000 ms, min: 1.999 ms, max: 2.001 ms, count: 15000)
[07/28/26 15:07:15.584841] [debug] [04:07:41.715003] [ControlManager] Control Manager Loop Stat (avg: 2.000 ms, min: 1.998 ms, max: 2.002 ms, count: 15000)
[07/28/26 15:07:17.177404] [debug] [04:07:43.307557] [Service] Server method called: /rb.api.RobotInfoService/GetRobotInfo
[07/28/26 15:07:17.177439] [debug] [04:07:43.307603] [Service::RobotInfoService::GetRobotInfo] Requested: request_header { request_timestamp { seconds: 1785218783 nanos: 771136560 } }
[07/28/26 15:07:17.178306] [debug] [04:07:43.308466] [Service] Server method called: /rb.api.RobotStateService/GetRobotState
[07/28/26 15:07:17.178327] [debug] [04:07:43.308492] [Service::RobotStateService::GetRobotState] Requested: request_header { request_timestamp { seconds: 1785218783 nanos: 772148532 } }
[07/28/26 15:07:17.178965] [debug] [04:07:43.309127] [Service] Server method called: /rb.api.RobotInfoService/GetRobotInfo
[07/28/26 15:07:17.178982] [debug] [04:07:43.309146] [Service::RobotInfoService::GetRobotInfo] Requested: request_header { request_timestamp { seconds: 1785218783 nanos: 772837760 } }
[07/28/26 15:07:17.179561] [debug] [04:07:43.309719] [Service] Server method called: /rb.api.RobotStateService/GetRobotState
[07/28/26 15:07:17.179583] [debug] [04:07:43.309748] [Service::RobotStateService::GetRobotState] Requested: request_header { request_timestamp { seconds: 1785218783 nanos: 773424697 } }
[07/28/26 15:07:17.180042] [debug] [04:07:43.310202] [Service] Server method called: /rb.api.RobotStateService/GetControlManagerState
[07/28/26 15:07:17.180060] [debug] [04:07:43.310224] [Service::RobotStateService::GetControlManagerState] Requested: request_header { request_timestamp { seconds: 1785218783 nanos: 773917528 } }
[07/28/26 15:07:17.180373] [debug] [04:07:43.310533] [Service] Server method called: /rb.api.RobotInfoService/GetRobotInfo
[07/28/26 15:07:17.180390] [debug] [04:07:43.310554] [Service::RobotInfoService::GetRobotInfo] Requested: request_header { request_timestamp { seconds: 1785218783 nanos: 774232284 } }
[07/28/26 15:07:17.180990] [debug] [04:07:43.311152] [Service] Server method called: /rb.api.RobotStateService/GetRobotState
[07/28/26 15:07:17.181005] [debug] [04:07:43.311170] [Service::RobotStateService::GetRobotState] Requested: request_header { request_timestamp { seconds: 1785218783 nanos: 774835071 } }
[07/28/26 15:07:17.181442] [debug] [04:07:43.311604] [Service] Server method called: /rb.api.RobotStateService/GetRobotState
[07/28/26 15:07:17.181457] [debug] [04:07:43.311621] [Service::RobotStateService::GetRobotState] Requested: request_header { request_timestamp { seconds: 1785218783 nanos: 775316071 } }
[07/28/26 15:07:17.181883] [debug] [04:07:43.312045] [Service] Server method called: /rb.api.RobotInfoService/GetRobotInfo
[07/28/26 15:07:17.181897] [debug] [04:07:43.312062] [Service::RobotInfoService::GetRobotInfo] Requested: request_header { request_timestamp { seconds: 1785218783 nanos: 775767454 } }
[07/28/26 15:07:17.182512] [debug] [04:07:43.312674] [Service] Server method called: /rb.api.ControlManagerService/ControlManagerCommand
[07/28/26 15:07:17.182532] [debug] [04:07:43.312696] [Service::ControlManagerService::ControlManagerCommand] Requested: request_header { request_timestamp { seconds: 1785218783 nanos: 776376158 } } command: COMMAND_ENABLE unlimited_mode_enabled { }
[07/28/26 15:07:17.182535] [info] [04:07:43.312701] [ControlManager::Enable] Enable request received. Starting the enabling process...
[07/28/26 15:07:17.182851] [info] [04:07:43.313016] [ControlManager::Enable] Control Manager successfully enabled
[07/28/26 15:07:17.183229] [debug] [04:07:43.313390] [Service] Server method called: /rb.api.ParameterService/SetParameter
[07/28/26 15:07:17.183257] [debug] [04:07:43.313421] [Service::ParameterService::SetParameter] Requested: request_header { request_timestamp { seconds: 1785218783 nanos: 777104568 } } name: "cartesian_command.cutoff_frequency" parameter: "{\"value\":5,\"write_db\":true}"
[07/28/26 15:07:17.193295] [debug] [04:07:43.323456] [Service] Server method called: /rb.api.ParameterService/SetParameter
[07/28/26 15:07:17.193313] [debug] [04:07:43.323477] [Service::ParameterService::SetParameter] Requested: request_header { request_timestamp { seconds: 1785218783 nanos: 787140480 } } name: "default.acceleration_limit_scaling" parameter: "{\"value\":1.0,\"write_db\":true}"
[07/28/26 15:07:17.199385] [debug] [04:07:43.329546] [Service] Server method called: /rb.api.ParameterService/SetParameter
[07/28/26 15:07:17.199401] [debug] [04:07:43.329565] [Service::ParameterService::SetParameter] Requested: request_header { request_timestamp { seconds: 1785218783 nanos: 793187267 } } name: "default.angular_acceleration_limit" parameter: "{\"value\":10,\"write_db\":true}"
[07/28/26 15:07:17.205657] [debug] [04:07:43.335817] [Service] Server method called: /rb.api.ParameterService/SetParameter
[07/28/26 15:07:17.205704] [debug] [04:07:43.335867] [Service::ParameterService::SetParameter] Requested: request_header { request_timestamp { seconds: 1785218783 nanos: 799356669 } } name: "default.linear_acceleration_limit" parameter: "{\"value\":20,\"write_db\":true}"
[07/28/26 15:07:17.211581] [debug] [04:07:43.341740] [Service] Server method called: /rb.api.ParameterService/SetParameter
[07/28/26 15:07:17.211599] [debug] [04:07:43.341763] [Service::ParameterService::SetParameter] Requested: request_header { request_timestamp { seconds: 1785218783 nanos: 805284583 } } name: "joint_position_command.cutoff_frequency" parameter: "{\"value\":5,\"write_db\":true}"
[07/28/26 15:07:17.217477] [debug] [04:07:43.347638] [Service] Server method called: /rb.api.RobotCommandService/RobotCommand
[07/28/26 15:07:17.217546] [debug] [04:07:43.347708] [Service::RobotCommandService::RobotCommand] Requested: robot_command { component_based_command { body_command { joint_position_command { command_header { control_hold_time { seconds: 1 } } minimum_time { nanos: 500000000 } position: 0.028674809183446441 position: 0.86017972680687338 position: -1.4570387416338724 position: 0.50776662570088837 position: -0.040563160289560161 position: -0.0096898984422875162 position: -0.56429989290591143 position: -0.46088528711667054 position: -0.43019807739466126 pos... [truncated]
[07/28/26 15:07:17.217549] [debug] [04:07:43.347714] [Service::RobotCommandService::RobotCommand]   Peer: ipv4:192.168.30.230:44848
[07/28/26 15:07:17.217695] [debug] [04:07:43.347859] [Service::RobotCommandService::RobotCommand]   IP: 192.168.30.230, Family: ipv4
[07/28/26 15:07:17.222880] [info] [04:07:43.353042] [ControlManager] Control started: {"type":"RobotCommand","control":{"type":"ComponentBasedCommand","components":{"mobility":null,"body":{"type":"BodyCommand","control":{"type":"JointPositionCommand","control":{"type":"JointPositionControl"}}},"head":{"type":"HeadCommand","control":{"type":"JointPositionCommand","control":{"type":"JointPositionControl"}}}}}} (priority: 1)
[07/28/26 15:07:18.980878] [debug] [04:07:45.111037] [ControlManager] Control finished: {"type":"RobotCommand","control":{"type":"ComponentBasedCommand","components":{"mobility":null,"body":{"type":"BodyCommand","control":{"type":"JointPositionCommand","control":{"type":"JointPositionControl"}}},"head":{"type":"HeadCommand","control":{"type":"JointPositionCommand","control":{"type":"JointPositionControl"}}}}}}
[07/28/26 15:07:18.980937] [info] [04:07:45.111098] [ControlInterface] Control completed successfully.
[07/28/26 15:07:18.980946] [debug] [04:07:45.111105] [ControlInterface::ExecutionStats] Average Control Time: 0.001 ms (max: 0.027 ms, min: 0.001 ms, sigma: 0.001 ms, count: 880)
[07/28/26 15:07:18.981718] [debug] [04:07:45.111878] [Service] Server method called: /rb.api.PowerService/ToolFlangePowerCommand
[07/28/26 15:07:18.981750] [debug] [04:07:45.111914] [Service::PowerService::ToolFlangePowerCommand] Requested: request_header { request_timestamp { seconds: 1785218785 nanos: 575416706 } } name: "right" command: COMMAND_POWER_12V
[07/28/26 15:07:18.981754] [debug] [04:07:45.111919] [Service::PowerService::ToolFlangePowerCommand] Result: Success
[07/28/26 15:07:18.982232] [debug] [04:07:45.112394] [Service] Server method called: /rb.api.PowerService/ToolFlangePowerCommand
[07/28/26 15:07:18.982274] [debug] [04:07:45.112438] [Service::PowerService::ToolFlangePowerCommand] Requested: request_header { request_timestamp { seconds: 1785218785 nanos: 576043463 } } name: "left" command: COMMAND_POWER_12V
[07/28/26 15:07:18.982279] [debug] [04:07:45.112444] [Service::PowerService::ToolFlangePowerCommand] Result: Success
[07/28/26 15:07:20.164807] [debug] [04:07:46.294962] [Service] Server method called: /rb.api.RobotCommandService/RobotCommand
[07/28/26 15:07:20.164877] [debug] [04:07:46.295039] [Service::RobotCommandService::RobotCommand] Requested: robot_command { component_based_command { body_command { joint_position_command { command_header { control_hold_time { seconds: 1 } } minimum_time { seconds: 4 } position: 0 position: 0.78539816339744828 position: -1.3962634015954636 position: 0.78539816339744828 position: 0 position: 0 position: 0 position: -0.26179938779914941 position: 0 position: -2.0943951023931953 position: 0 position: 0.52359877559829882 position: 0 position: 0 position: 0... [truncated]
[07/28/26 15:07:20.164881] [debug] [04:07:46.295046] [Service::RobotCommandService::RobotCommand]   Peer: ipv4:192.168.30.230:44848
[07/28/26 15:07:20.165040] [debug] [04:07:46.295204] [Service::RobotCommandService::RobotCommand]   IP: 192.168.30.230, Family: ipv4
[07/28/26 15:07:20.170868] [info] [04:07:46.301029] [ControlManager] Control started: {"type":"RobotCommand","control":{"type":"ComponentBasedCommand","components":{"mobility":null,"body":{"type":"BodyCommand","control":{"type":"JointPositionCommand","control":{"type":"JointPositionControl"}}},"head":{"type":"HeadCommand","control":{"type":"JointPositionCommand","control":{"type":"JointPositionControl"}}}}}} (priority: 1)
[07/28/26 15:07:25.428882] [debug] [04:07:51.559039] [ControlManager] Control finished: {"type":"RobotCommand","control":{"type":"ComponentBasedCommand","components":{"mobility":null,"body":{"type":"BodyCommand","control":{"type":"JointPositionCommand","control":{"type":"JointPositionControl"}}},"head":{"type":"HeadCommand","control":{"type":"JointPositionCommand","control":{"type":"JointPositionControl"}}}}}}
[07/28/26 15:07:25.428944] [info] [04:07:51.559104] [ControlInterface] Control completed successfully.
[07/28/26 15:07:25.428953] [debug] [04:07:51.559113] [ControlInterface::ExecutionStats] Average Control Time: 0.001 ms (max: 0.021 ms, min: 0.001 ms, sigma: 0.000 ms, count: 2630)
[07/28/26 15:07:25.429871] [debug] [04:07:51.560032] [Service] Server method called: /rb.api.RobotCommandService/RobotCommandStream
[07/28/26 15:07:25.429884] [debug] [04:07:51.560049] [Service::RobotCommandService::RobotCommandStream] Stream is created
[07/28/26 15:07:25.441392] [debug] [04:07:51.571552] [Service::RobotCommandService::RobotCommandStream] Requested: robot_command { component_based_command { mobility_command { se2_velocity_command { command_header { control_hold_time { seconds: 1 } } minimum_time { nanos: 10100000 } velocity { linear { } } acceleration_limit { linear { x: 1 y: 1 } angular: 1 } } } body_command { joint_impedance_control_command { command_header { control_hold_time { seconds: 1 } } minimum_time { nanos: 10100000 } position: -0.00010787074847061724 position: 0.78511123826529272 ... [truncated]
[07/28/26 15:07:25.441399] [debug] [04:07:51.571564] [Service::RobotCommandService::RobotCommandStream]   Peer: ipv4:192.168.30.230:44848
[07/28/26 15:07:25.441559] [debug] [04:07:51.571723] [Service::RobotCommandService::RobotCommandStream]   IP: 192.168.30.230, Family: ipv4
[07/28/26 15:07:25.446868] [info] [04:07:51.577031] [ControlManager] Control started: {"type":"RobotCommand","control":{"type":"ComponentBasedCommand","components":{"mobility":{"type":"MobilityCommand","control":{"type":"SE2VelocityCommand","control":{"type":"MobilitySE2VelocityControl"}}},"body":{"type":"BodyCommand","control":{"type":"JointImpedanceControlCommand","control":{"type":"JointImpedanceControl"}}},"head":{"type":"HeadCommand","control":{"type":"JointPositionCommand","control":{"type":"JointPositionControl"}}}}}} (priority: 1)
[07/28/26 15:07:30.801443] [debug] [04:07:56.931596] [Service] Server method called: /rb.api.RobotCommandService/RobotCommand
[07/28/26 15:07:30.801476] [debug] [04:07:56.931639] [Service::RobotCommandService::RobotCommand] Requested: robot_command { whole_body_command { stop_command { } } } priority: 99
[07/28/26 15:07:30.801480] [debug] [04:07:56.931645] [Service::RobotCommandService::RobotCommand]   Peer: ipv4:192.168.30.230:44848
[07/28/26 15:07:30.801639] [debug] [04:07:56.931803] [Service::RobotCommandService::RobotCommand]   IP: 192.168.30.230, Family: ipv4
[07/28/26 15:07:30.905012] [debug] [04:07:57.035170] [ControlManager] Control finished: {"type":"RobotCommand","control":{"type":"ComponentBasedCommand","components":{"mobility":{"type":"MobilityCommand","control":{"type":"SE2VelocityCommand","control":{"type":"MobilitySE2VelocityControl"}}},"body":{"type":"BodyCommand","control":{"type":"JointImpedanceControlCommand","control":{"type":"JointImpedanceControl"}}},"head":{"type":"HeadCommand","control":{"type":"JointPositionCommand","control":{"type":"JointPositionControl"}}}}}}
[07/28/26 15:07:30.905120] [debug] [04:07:57.035278] [Service::RobotCommandService::RobotCommandStream] OnReadDone (write_done: true, read_done: true)
[07/28/26 15:07:30.905137] [debug] [04:07:57.035298] [Service::RobotCommandService::RobotCommandStream] OnCancel
[07/28/26 15:07:30.905213] [info] [04:07:57.035373] [ControlInterface] Control was preempted or canceled by another request.
[07/28/26 15:07:30.905224] [debug] [04:07:57.035382] [ControlInterface::ExecutionStats] Average Control Time: 0.120 ms (max: 0.210 ms, min: 0.111 ms, sigma: 0.005 ms, count: 2730)
[07/28/26 15:07:30.905279] [debug] [04:07:57.035436] [Service::RobotCommandService::RobotCommandStream] OnDone: robot_command { component_based_command { mobility_command { se2_velocity_command { command_header { control_hold_time { seconds: 1 } } minimum_time { nanos: 10100000 } velocity { linear { } } acceleration_limit { linear { x: 1 y: 1 } angular: 1 } } } body_command { joint_impedance_control_command { command_header { control_hold_time { seconds: 1 } } minimum_time { nanos: 10100000 } position: 0.046513822897605278 position: 0.86758758117114587 pos... [truncated]
[07/28/26 15:07:30.906852] [info] [04:07:57.037017] [ControlManager] Control started: {"type":"RobotCommand","control":{"type":"WholeBodyCommand","control":{"type":"StopControl","control":{"type":"JointVelocityControl"}}}} (priority: 99)
[07/28/26 15:07:30.906873] [debug] [04:07:57.037038] [ControlManager] Control finished: {"type":"RobotCommand","control":{"type":"WholeBodyCommand","control":{"type":"StopControl","control":{"type":"JointVelocityControl"}}}}
[07/28/26 15:07:30.906908] [info] [04:07:57.037071] [ControlInterface] Control completed successfully.
[07/28/26 15:07:30.906916] [debug] [04:07:57.037076] [ControlInterface::ExecutionStats] Average Control Time: 0.006 ms (max: 0.006 ms, min: 0.006 ms, sigma: 0.000 ms, count: 1)
[07/28/26 15:07:30.907547] [debug] [04:07:57.037707] [Service] Server method called: /rb.api.ControlManagerService/ControlManagerCommand
[07/28/26 15:07:30.907571] [debug] [04:07:57.037734] [Service::ControlManagerService::ControlManagerCommand] Requested: request_header { request_timestamp { seconds: 1785218797 nanos: 501123153 } } command: COMMAND_DISABLE
[07/28/26 15:07:30.907574] [info] [04:07:57.037740] [ControlManager::Disable] Disable request received. Starting the disabling process...
[07/28/26 15:07:30.908856] [info] [04:07:57.039019] [ControlManager::Disable] Control Manager successfully disabled
[07/28/26 15:07:45.431851] [debug] [04:08:11.562003] [Hardware] Hardware Loop Stat (avg: 2.000 ms, min: 1.998 ms, max: 2.002 ms, count: 15000)
[07/28/26 15:07:45.584841] [debug] [04:08:11.715003] [ControlManager] Control Manager Loop Stat (avg: 2.000 ms, min: 1.999 ms, max: 2.001 ms, count: 15000)
[07/28/26 15:08:15.431848] [debug] [04:08:41.562002] [Hardware] Hardware Loop Stat (avg: 2.000 ms, min: 1.998 ms, max: 2.002 ms, count: 15000)
[07/28/26 15:08:15.584840] [debug] [04:08:41.715002] [ControlManager] Control Manager Loop Stat (avg: 2.000 ms, min: 1.998 ms, max: 2.002 ms, count: 15000)
[07/28/26 15:08:45.431851] [debug] [04:09:11.562002] [Hardware] Hardware Loop Stat (avg: 2.000 ms, min: 1.998 ms, max: 2.002 ms, count: 15000)
[07/28/26 15:08:45.584840] [debug] [04:09:11.715002] [ControlManager] Control Manager Loop Stat (avg: 2.000 ms, min: 1.998 ms, max: 2.003 ms, count: 15000)
[07/28/26 15:09:15.431849] [debug] [04:09:41.562002] [Hardware] Hardware Loop Stat (avg: 2.000 ms, min: 1.998 ms, max: 2.002 ms, count: 15000)
[07/28/26 15:09:15.584839] [debug] [04:09:41.715002] [ControlManager] Control Manager Loop Stat (avg: 2.000 ms, min: 1.998 ms, max: 2.002 ms, count: 15000)
[07/28/26 15:09:45.431851] [debug] [04:10:11.562002] [Hardware] Hardware Loop Stat (avg: 2.000 ms, min: 1.998 ms, max: 2.002 ms, count: 15000)
[07/28/26 15:09:45.584840] [debug] [04:10:11.715002] [ControlManager] Control Manager Loop Stat (avg: 2.000 ms, min: 1.998 ms, max: 2.002 ms, count: 15000)
[07/28/26 15:10:15.431849] [debug] [04:10:41.562003] [Hardware] Hardware Loop Stat (avg: 2.000 ms, min: 1.999 ms, max: 2.001 ms, count: 15000)
[07/28/26 15:10:15.584840] [debug] [04:10:41.715002] [ControlManager] Control Manager Loop Stat (avg: 2.000 ms, min: 1.998 ms, max: 2.002 ms, count: 15000)
[07/28/26 15:10:45.431849] [debug] [04:11:11.562002] [Hardware] Hardware Loop Stat (avg: 2.000 ms, min: 1.998 ms, max: 2.002 ms, count: 15000)
[07/28/26 15:10:45.584840] [debug] [04:11:11.715002] [ControlManager] Control Manager Loop Stat (avg: 2.000 ms, min: 1.999 ms, max: 2.001 ms, count: 15000)
[07/28/26 15:11:15.431848] [debug] [04:11:41.562002] [Hardware] Hardware Loop Stat (avg: 2.000 ms, min: 1.998 ms, max: 2.002 ms, count: 15000)
[07/28/26 15:11:15.584840] [debug] [04:11:41.715002] [ControlManager] Control Manager Loop Stat (avg: 2.000 ms, min: 1.997 ms, max: 2.003 ms, count: 15000)
[07/28/26 15:11:45.431849] [debug] [04:12:11.562002] [Hardware] Hardware Loop Stat (avg: 2.000 ms, min: 1.998 ms, max: 2.001 ms, count: 15000)
[07/28/26 15:11:45.584840] [debug] [04:12:11.715002] [ControlManager] Control Manager Loop Stat (avg: 2.000 ms, min: 1.998 ms, max: 2.002 ms, count: 15000)
[07/28/26 15:12:15.431850] [debug] [04:12:41.562003] [Hardware] Hardware Loop Stat (avg: 2.000 ms, min: 1.998 ms, max: 2.002 ms, count: 15000)
[07/28/26 15:12:15.584840] [debug] [04:12:41.715002] [ControlManager] Control Manager Loop Stat (avg: 2.000 ms, min: 1.998 ms, max: 2.002 ms, count: 15000)
[07/28/26 15:12:45.431851] [debug] [04:13:11.562002] [Hardware] Hardware Loop Stat (avg: 2.000 ms, min: 1.997 ms, max: 2.002 ms, count: 15000)
[07/28/26 15:12:45.584840] [debug] [04:13:11.715002] [ControlManager] Control Manager Loop Stat (avg: 2.000 ms, min: 1.998 ms, max: 2.002 ms, count: 15000)
[07/28/26 15:13:15.431849] [debug] [04:13:41.562002] [Hardware] Hardware Loop Stat (avg: 2.000 ms, min: 1.998 ms, max: 2.002 ms, count: 15000)
[07/28/26 15:13:15.584839] [debug] [04:13:41.715002] [ControlManager] Control Manager Loop Stat (avg: 2.000 ms, min: 1.998 ms, max: 2.002 ms, count: 15000)
[07/28/26 15:13:45.431850] [debug] [04:14:11.562002] [Hardware] Hardware Loop Stat (avg: 2.000 ms, min: 1.998 ms, max: 2.002 ms, count: 15000)
[07/28/26 15:13:45.584839] [debug] [04:14:11.715002] [ControlManager] Control Manager Loop Stat (avg: 2.000 ms, min: 1.999 ms, max: 2.001 ms, count: 15000)
[07/28/26 15:14:15.431850] [debug] [04:14:41.562003] [Hardware] Hardware Loop Stat (avg: 2.000 ms, min: 1.998 ms, max: 2.002 ms, count: 15000)
[07/28/26 15:14:15.584839] [debug] [04:14:41.715002] [ControlManager] Control Manager Loop Stat (avg: 2.000 ms, min: 1.998 ms, max: 2.002 ms, count: 15000)
[07/28/26 15:14:45.431849] [debug] [04:15:11.562002] [Hardware] Hardware Loop Stat (avg: 2.000 ms, min: 1.999 ms, max: 2.002 ms, count: 15000)
[07/28/26 15:14:45.584839] [debug] [04:15:11.715002] [ControlManager] Control Manager Loop Stat (avg: 2.000 ms, min: 1.998 ms, max: 2.002 ms, count: 15000)
[07/28/26 15:15:15.431849] [debug] [04:15:41.562002] [Hardware] Hardware Loop Stat (avg: 2.000 ms, min: 1.998 ms, max: 2.002 ms, count: 15000)
[07/28/26 15:15:15.584840] [debug] [04:15:41.715002] [ControlManager] Control Manager Loop Stat (avg: 2.000 ms, min: 1.999 ms, max: 2.001 ms, count: 15000)
[07/28/26 15:15:45.431850] [debug] [04:16:11.562002] [Hardware] Hardware Loop Stat (avg: 2.000 ms, min: 1.999 ms, max: 2.001 ms, count: 15000)
[07/28/26 15:15:45.584839] [debug] [04:16:11.715002] [ControlManager] Control Manager Loop Stat (avg: 2.000 ms, min: 1.999 ms, max: 2.001 ms, count: 15000)
[07/28/26 15:16:15.431848] [debug] [04:16:41.562003] [Hardware] Hardware Loop Stat (avg: 2.000 ms, min: 1.998 ms, max: 2.003 ms, count: 15000)
[07/28/26 15:16:15.584840] [debug] [04:16:41.715002] [ControlManager] Control Manager Loop Stat (avg: 2.000 ms, min: 1.997 ms, max: 2.003 ms, count: 15000)
[07/28/26 15:16:45.431849] [debug] [04:17:11.562002] [Hardware] Hardware Loop Stat (avg: 2.000 ms, min: 1.998 ms, max: 2.002 ms, count: 15000)
[07/28/26 15:16:45.584839] [debug] [04:17:11.715002] [ControlManager] Control Manager Loop Stat (avg: 2.000 ms, min: 1.998 ms, max: 2.002 ms, count: 15000)
[07/28/26 15:17:15.431849] [debug] [04:17:41.562003] [Hardware] Hardware Loop Stat (avg: 2.000 ms, min: 1.998 ms, max: 2.002 ms, count: 15000)
[07/28/26 15:17:15.584839] [debug] [04:17:41.715002] [ControlManager] Control Manager Loop Stat (avg: 2.000 ms, min: 1.998 ms, max: 2.002 ms, count: 15000)
[07/28/26 15:17:45.431849] [debug] [04:18:11.562003] [Hardware] Hardware Loop Stat (avg: 2.000 ms, min: 1.998 ms, max: 2.002 ms, count: 15000)
[07/28/26 15:17:45.584840] [debug] [04:18:11.715002] [ControlManager] Control Manager Loop Stat (avg: 2.000 ms, min: 1.998 ms, max: 2.002 ms, count: 15000)
[07/28/26 15:18:15.431848] [debug] [04:18:41.562002] [Hardware] Hardware Loop Stat (avg: 2.000 ms, min: 1.999 ms, max: 2.001 ms, count: 15000)
[07/28/26 15:18:15.584840] [debug] [04:18:41.715002] [ControlManager] Control Manager Loop Stat (avg: 2.000 ms, min: 1.999 ms, max: 2.001 ms, count: 15000)
[07/28/26 15:18:45.431849] [debug] [04:19:11.562003] [Hardware] Hardware Loop Stat (avg: 2.000 ms, min: 1.997 ms, max: 2.003 ms, count: 15000)
[07/28/26 15:18:45.584840] [debug] [04:19:11.715002] [ControlManager] Control Manager Loop Stat (avg: 2.000 ms, min: 1.996 ms, max: 2.004 ms, count: 15000)
[07/28/26 15:19:15.431847] [debug] [04:19:41.562002] [Hardware] Hardware Loop Stat (avg: 2.000 ms, min: 1.998 ms, max: 2.002 ms, count: 15000)
[07/28/26 15:19:15.584840] [debug] [04:19:41.715002] [ControlManager] Control Manager Loop Stat (avg: 2.000 ms, min: 1.998 ms, max: 2.002 ms, count: 15000)
[07/28/26 15:19:45.431848] [debug] [04:20:11.562002] [Hardware] Hardware Loop Stat (avg: 2.000 ms, min: 1.998 ms, max: 2.002 ms, count: 15000)
[07/28/26 15:19:45.584839] [debug] [04:20:11.715002] [ControlManager] Control Manager Loop Stat (avg: 2.000 ms, min: 1.998 ms, max: 2.002 ms, count: 15000)
[07/28/26 15:20:15.431850] [debug] [04:20:41.562003] [Hardware] Hardware Loop Stat (avg: 2.000 ms, min: 1.997 ms, max: 2.003 ms, count: 15000)
[07/28/26 15:20:15.584839] [debug] [04:20:41.715002] [ControlManager] Control Manager Loop Stat (avg: 2.000 ms, min: 1.998 ms, max: 2.002 ms, count: 15000)
[07/28/26 15:20:45.431849] [debug] [04:21:11.562002] [Hardware] Hardware Loop Stat (avg: 2.000 ms, min: 1.998 ms, max: 2.002 ms, count: 15000)
[07/28/26 15:20:45.584840] [debug] [04:21:11.715003] [ControlManager] Control Manager Loop Stat (avg: 2.000 ms, min: 1.998 ms, max: 2.002 ms, count: 15000)
[07/28/26 15:21:15.431848] [debug] [04:21:41.562003] [Hardware] Hardware Loop Stat (avg: 2.000 ms, min: 1.998 ms, max: 2.002 ms, count: 15000)
[07/28/26 15:21:15.584840] [debug] [04:21:41.715002] [ControlManager] Control Manager Loop Stat (avg: 2.000 ms, min: 1.998 ms, max: 2.002 ms, count: 15000)
[07/28/26 15:21:45.431848] [debug] [04:22:11.562003] [Hardware] Hardware Loop Stat (avg: 2.000 ms, min: 1.999 ms, max: 2.001 ms, count: 15000)
[07/28/26 15:21:45.584840] [debug] [04:22:11.715002] [ControlManager] Control Manager Loop Stat (avg: 2.000 ms, min: 1.997 ms, max: 2.003 ms, count: 15000)
[07/28/26 15:22:15.431850] [debug] [04:22:41.562002] [Hardware] Hardware Loop Stat (avg: 2.000 ms, min: 1.998 ms, max: 2.002 ms, count: 15000)
[07/28/26 15:22:15.584840] [debug] [04:22:41.715002] [ControlManager] Control Manager Loop Stat (avg: 2.000 ms, min: 1.998 ms, max: 2.002 ms, count: 15000)
[07/28/26 15:22:45.431848] [debug] [04:23:11.562003] [Hardware] Hardware Loop Stat (avg: 2.000 ms, min: 1.998 ms, max: 2.002 ms, count: 15000)
[07/28/26 15:22:45.584840] [debug] [04:23:11.715002] [ControlManager] Control Manager Loop Stat (avg: 2.000 ms, min: 1.997 ms, max: 2.003 ms, count: 15000)
[07/28/26 15:23:15.431850] [debug] [04:23:41.562003] [Hardware] Hardware Loop Stat (avg: 2.000 ms, min: 1.997 ms, max: 2.003 ms, count: 15000)
[07/28/26 15:23:15.584840] [debug] [04:23:41.715002] [ControlManager] Control Manager Loop Stat (avg: 2.000 ms, min: 1.997 ms, max: 2.003 ms, count: 15000)
[07/28/26 15:23:45.431850] [debug] [04:24:11.562002] [Hardware] Hardware Loop Stat (avg: 2.000 ms, min: 1.998 ms, max: 2.002 ms, count: 15000)
[07/28/26 15:23:45.584840] [debug] [04:24:11.715002] [ControlManager] Control Manager Loop Stat (avg: 2.000 ms, min: 1.997 ms, max: 2.002 ms, count: 15000)
[07/28/26 15:24:15.431847] [debug] [04:24:41.562002] [Hardware] Hardware Loop Stat (avg: 2.000 ms, min: 1.998 ms, max: 2.002 ms, count: 15000)
[07/28/26 15:24:15.584839] [debug] [04:24:41.715002] [ControlManager] Control Manager Loop Stat (avg: 2.000 ms, min: 1.997 ms, max: 2.003 ms, count: 15000)
[07/28/26 15:24:45.431849] [debug] [04:25:11.562003] [Hardware] Hardware Loop Stat (avg: 2.000 ms, min: 1.998 ms, max: 2.002 ms, count: 15000)
[07/28/26 15:24:45.584839] [debug] [04:25:11.715002] [ControlManager] Control Manager Loop Stat (avg: 2.000 ms, min: 1.998 ms, max: 2.002 ms, count: 15000)
[07/28/26 15:25:15.431848] [debug] [04:25:41.562003] [Hardware] Hardware Loop Stat (avg: 2.000 ms, min: 1.998 ms, max: 2.002 ms, count: 15000)
[07/28/26 15:25:15.584839] [debug] [04:25:41.715002] [ControlManager] Control Manager Loop Stat (avg: 2.000 ms, min: 1.998 ms, max: 2.002 ms, count: 15000)
[07/28/26 15:25:45.431850] [debug] [04:26:11.562003] [Hardware] Hardware Loop Stat (avg: 2.000 ms, min: 1.998 ms, max: 2.002 ms, count: 15000)
[07/28/26 15:25:45.584839] [debug] [04:26:11.715002] [ControlManager] Control Manager Loop Stat (avg: 2.000 ms, min: 1.997 ms, max: 2.004 ms, count: 15000)
[07/28/26 15:26:15.431848] [debug] [04:26:41.562003] [Hardware] Hardware Loop Stat (avg: 2.000 ms, min: 1.997 ms, max: 2.003 ms, count: 15000)
[07/28/26 15:26:15.584839] [debug] [04:26:41.715002] [ControlManager] Control Manager Loop Stat (avg: 2.000 ms, min: 1.998 ms, max: 2.002 ms, count: 15000)
[07/28/26 15:26:45.431849] [debug] [04:27:11.562002] [Hardware] Hardware Loop Stat (avg: 2.000 ms, min: 1.998 ms, max: 2.002 ms, count: 15000)
[07/28/26 15:26:45.584839] [debug] [04:27:11.715002] [ControlManager] Control Manager Loop Stat (avg: 2.000 ms, min: 1.998 ms, max: 2.002 ms, count: 15000)
[07/28/26 15:27:15.431848] [debug] [04:27:41.562003] [Hardware] Hardware Loop Stat (avg: 2.000 ms, min: 1.998 ms, max: 2.002 ms, count: 15000)
[07/28/26 15:27:15.584840] [debug] [04:27:41.715002] [ControlManager] Control Manager Loop Stat (avg: 2.000 ms, min: 1.997 ms, max: 2.003 ms, count: 15000)
[07/28/26 15:27:45.431850] [debug] [04:28:11.562002] [Hardware] Hardware Loop Stat (avg: 2.000 ms, min: 1.998 ms, max: 2.002 ms, count: 15000)
[07/28/26 15:27:45.584839] [debug] [04:28:11.715002] [ControlManager] Control Manager Loop Stat (avg: 2.000 ms, min: 1.996 ms, max: 2.004 ms, count: 15000)
[07/28/26 15:28:15.431848] [debug] [04:28:41.562003] [Hardware] Hardware Loop Stat (avg: 2.000 ms, min: 1.999 ms, max: 2.002 ms, count: 15000)
[07/28/26 15:28:15.584840] [debug] [04:28:41.715002] [ControlManager] Control Manager Loop Stat (avg: 2.000 ms, min: 1.998 ms, max: 2.002 ms, count: 15000)
[07/28/26 15:28:45.431849] [debug] [04:29:11.562002] [Hardware] Hardware Loop Stat (avg: 2.000 ms, min: 1.998 ms, max: 2.002 ms, count: 15000)
[07/28/26 15:28:45.584840] [debug] [04:29:11.715002] [ControlManager] Control Manager Loop Stat (avg: 2.000 ms, min: 1.999 ms, max: 2.001 ms, count: 15000)
[07/28/26 15:29:15.431848] [debug] [04:29:41.562002] [Hardware] Hardware Loop Stat (avg: 2.000 ms, min: 1.999 ms, max: 2.001 ms, count: 15000)
[07/28/26 15:29:15.584839] [debug] [04:29:41.715002] [ControlManager] Control Manager Loop Stat (avg: 2.000 ms, min: 1.998 ms, max: 2.002 ms, count: 15000)
[07/28/26 15:29:45.431852] [debug] [04:30:11.562003] [Hardware] Hardware Loop Stat (avg: 2.000 ms, min: 1.998 ms, max: 2.002 ms, count: 15000)
[07/28/26 15:29:45.584840] [debug] [04:30:11.715002] [ControlManager] Control Manager Loop Stat (avg: 2.000 ms, min: 1.997 ms, max: 2.004 ms, count: 15000)
[07/28/26 15:30:15.431849] [debug] [04:30:41.562003] [Hardware] Hardware Loop Stat (avg: 2.000 ms, min: 1.998 ms, max: 2.002 ms, count: 15000)
[07/28/26 15:30:15.584840] [debug] [04:30:41.715002] [ControlManager] Control Manager Loop Stat (avg: 2.000 ms, min: 1.997 ms, max: 2.003 ms, count: 15000)
[07/28/26 15:30:45.431850] [debug] [04:31:11.562003] [Hardware] Hardware Loop Stat (avg: 2.000 ms, min: 1.998 ms, max: 2.002 ms, count: 15000)
[07/28/26 15:30:45.584840] [debug] [04:31:11.715002] [ControlManager] Control Manager Loop Stat (avg: 2.000 ms, min: 1.997 ms, max: 2.003 ms, count: 15000)
[07/28/26 15:31:15.431849] [debug] [04:31:41.562003] [Hardware] Hardware Loop Stat (avg: 2.000 ms, min: 1.998 ms, max: 2.002 ms, count: 15000)
[07/28/26 15:31:15.584839] [debug] [04:31:41.715002] [ControlManager] Control Manager Loop Stat (avg: 2.000 ms, min: 1.997 ms, max: 2.003 ms, count: 15000)
[07/28/26 15:31:45.431849] [debug] [04:32:11.562002] [Hardware] Hardware Loop Stat (avg: 2.000 ms, min: 1.998 ms, max: 2.002 ms, count: 15000)
[07/28/26 15:31:45.584840] [debug] [04:32:11.715002] [ControlManager] Control Manager Loop Stat (avg: 2.000 ms, min: 1.998 ms, max: 2.002 ms, count: 15000)
[07/28/26 15:32:15.431847] [debug] [04:32:41.562002] [Hardware] Hardware Loop Stat (avg: 2.000 ms, min: 1.998 ms, max: 2.002 ms, count: 15000)
[07/28/26 15:32:15.584839] [debug] [04:32:41.715002] [ControlManager] Control Manager Loop Stat (avg: 2.000 ms, min: 1.998 ms, max: 2.002 ms, count: 15000)
[07/28/26 15:32:45.431849] [debug] [04:33:11.562003] [Hardware] Hardware Loop Stat (avg: 2.000 ms, min: 1.997 ms, max: 2.002 ms, count: 15000)
[07/28/26 15:32:45.584839] [debug] [04:33:11.715002] [ControlManager] Control Manager Loop Stat (avg: 2.000 ms, min: 1.997 ms, max: 2.003 ms, count: 15000)
[07/28/26 15:33:15.431848] [debug] [04:33:41.562003] [Hardware] Hardware Loop Stat (avg: 2.000 ms, min: 1.997 ms, max: 2.003 ms, count: 15000)
[07/28/26 15:33:15.584839] [debug] [04:33:41.715002] [ControlManager] Control Manager Loop Stat (avg: 2.000 ms, min: 1.997 ms, max: 2.003 ms, count: 15000)
[07/28/26 15:33:45.431849] [debug] [04:34:11.562003] [Hardware] Hardware Loop Stat (avg: 2.000 ms, min: 1.998 ms, max: 2.001 ms, count: 15000)
[07/28/26 15:33:45.584839] [debug] [04:34:11.715002] [ControlManager] Control Manager Loop Stat (avg: 2.000 ms, min: 1.997 ms, max: 2.003 ms, count: 15000)
[07/28/26 15:34:15.431848] [debug] [04:34:41.562002] [Hardware] Hardware Loop Stat (avg: 2.000 ms, min: 1.999 ms, max: 2.001 ms, count: 15000)
[07/28/26 15:34:15.584839] [debug] [04:34:41.715002] [ControlManager] Control Manager Loop Stat (avg: 2.000 ms, min: 1.998 ms, max: 2.002 ms, count: 15000)
[07/28/26 15:34:45.431850] [debug] [04:35:11.562003] [Hardware] Hardware Loop Stat (avg: 2.000 ms, min: 1.998 ms, max: 2.002 ms, count: 15000)
[07/28/26 15:34:45.584839] [debug] [04:35:11.715002] [ControlManager] Control Manager Loop Stat (avg: 2.000 ms, min: 1.997 ms, max: 2.003 ms, count: 15000)
[07/28/26 15:35:15.431848] [debug] [04:35:41.562003] [Hardware] Hardware Loop Stat (avg: 2.000 ms, min: 1.998 ms, max: 2.002 ms, count: 15000)
[07/28/26 15:35:15.584839] [debug] [04:35:41.715002] [ControlManager] Control Manager Loop Stat (avg: 2.000 ms, min: 1.998 ms, max: 2.002 ms, count: 15000)
[07/28/26 15:35:45.431850] [debug] [04:36:11.562003] [Hardware] Hardware Loop Stat (avg: 2.000 ms, min: 1.998 ms, max: 2.002 ms, count: 15000)
[07/28/26 15:35:45.584839] [debug] [04:36:11.715002] [ControlManager] Control Manager Loop Stat (avg: 2.000 ms, min: 1.998 ms, max: 2.002 ms, count: 15000)
[07/28/26 15:36:15.431850] [debug] [04:36:41.562003] [Hardware] Hardware Loop Stat (avg: 2.000 ms, min: 1.998 ms, max: 2.002 ms, count: 15000)
[07/28/26 15:36:15.584839] [debug] [04:36:41.715002] [ControlManager] Control Manager Loop Stat (avg: 2.000 ms, min: 1.997 ms, max: 2.003 ms, count: 15000)
[07/28/26 15:36:45.431849] [debug] [04:37:11.562003] [Hardware] Hardware Loop Stat (avg: 2.000 ms, min: 1.999 ms, max: 2.001 ms, count: 15000)
[07/28/26 15:36:45.584840] [debug] [04:37:11.715002] [ControlManager] Control Manager Loop Stat (avg: 2.000 ms, min: 1.998 ms, max: 2.002 ms, count: 15000)
[07/28/26 15:37:15.431849] [debug] [04:37:41.562002] [Hardware] Hardware Loop Stat (avg: 2.000 ms, min: 1.999 ms, max: 2.001 ms, count: 15000)
[07/28/26 15:37:15.584839] [debug] [04:37:41.715002] [ControlManager] Control Manager Loop Stat (avg: 2.000 ms, min: 1.997 ms, max: 2.003 ms, count: 15000)
[07/28/26 15:37:45.431849] [debug] [04:38:11.562003] [Hardware] Hardware Loop Stat (avg: 2.000 ms, min: 1.997 ms, max: 2.003 ms, count: 15000)
[07/28/26 15:37:45.584839] [debug] [04:38:11.715002] [ControlManager] Control Manager Loop Stat (avg: 2.000 ms, min: 1.996 ms, max: 2.004 ms, count: 15000)
[07/28/26 15:38:15.431850] [debug] [04:38:41.562002] [Hardware] Hardware Loop Stat (avg: 2.000 ms, min: 1.998 ms, max: 2.002 ms, count: 15000)
[07/28/26 15:38:15.584839] [debug] [04:38:41.715002] [ControlManager] Control Manager Loop Stat (avg: 2.000 ms, min: 1.997 ms, max: 2.003 ms, count: 15000)
[07/28/26 15:38:45.431850] [debug] [04:39:11.562003] [Hardware] Hardware Loop Stat (avg: 2.000 ms, min: 1.997 ms, max: 2.003 ms, count: 15000)
[07/28/26 15:38:45.584839] [debug] [04:39:11.715002] [ControlManager] Control Manager Loop Stat (avg: 2.000 ms, min: 1.998 ms, max: 2.002 ms, count: 15000)
[07/28/26 15:39:15.431849] [debug] [04:39:41.562003] [Hardware] Hardware Loop Stat (avg: 2.000 ms, min: 1.998 ms, max: 2.002 ms, count: 15000)
[07/28/26 15:39:15.584839] [debug] [04:39:41.715002] [ControlManager] Control Manager Loop Stat (avg: 2.000 ms, min: 1.997 ms, max: 2.004 ms, count: 15000)
[07/28/26 15:39:45.431848] [debug] [04:40:11.562002] [Hardware] Hardware Loop Stat (avg: 2.000 ms, min: 1.998 ms, max: 2.002 ms, count: 15000)
[07/28/26 15:39:45.584839] [debug] [04:40:11.715002] [ControlManager] Control Manager Loop Stat (avg: 2.000 ms, min: 1.997 ms, max: 2.003 ms, count: 15000)
[07/28/26 15:40:15.431849] [debug] [04:40:41.562003] [Hardware] Hardware Loop Stat (avg: 2.000 ms, min: 1.998 ms, max: 2.002 ms, count: 15000)
[07/28/26 15:40:15.584839] [debug] [04:40:41.715002] [ControlManager] Control Manager Loop Stat (avg: 2.000 ms, min: 1.997 ms, max: 2.003 ms, count: 15000)
[07/28/26 15:40:45.431851] [debug] [04:41:11.562002] [Hardware] Hardware Loop Stat (avg: 2.000 ms, min: 1.998 ms, max: 2.002 ms, count: 15000)
[07/28/26 15:40:45.584840] [debug] [04:41:11.715002] [ControlManager] Control Manager Loop Stat (avg: 2.000 ms, min: 1.997 ms, max: 2.003 ms, count: 15000)
[07/28/26 15:41:15.431848] [debug] [04:41:41.562003] [Hardware] Hardware Loop Stat (avg: 2.000 ms, min: 1.998 ms, max: 2.002 ms, count: 15000)
[07/28/26 15:41:15.584839] [debug] [04:41:41.715002] [ControlManager] Control Manager Loop Stat (avg: 2.000 ms, min: 1.997 ms, max: 2.003 ms, count: 15000)
[07/28/26 15:41:45.431848] [debug] [04:42:11.562002] [Hardware] Hardware Loop Stat (avg: 2.000 ms, min: 1.998 ms, max: 2.002 ms, count: 15000)
[07/28/26 15:41:45.584840] [debug] [04:42:11.715002] [ControlManager] Control Manager Loop Stat (avg: 2.000 ms, min: 1.998 ms, max: 2.002 ms, count: 15000)
[07/28/26 15:42:15.431848] [debug] [04:42:41.562002] [Hardware] Hardware Loop Stat (avg: 2.000 ms, min: 1.998 ms, max: 2.002 ms, count: 15000)
[07/28/26 15:42:15.584840] [debug] [04:42:41.715002] [ControlManager] Control Manager Loop Stat (avg: 2.000 ms, min: 1.996 ms, max: 2.004 ms, count: 15000)
[07/28/26 15:42:45.431850] [debug] [04:43:11.562002] [Hardware] Hardware Loop Stat (avg: 2.000 ms, min: 1.998 ms, max: 2.002 ms, count: 15000)
[07/28/26 15:42:45.584839] [debug] [04:43:11.715002] [ControlManager] Control Manager Loop Stat (avg: 2.000 ms, min: 1.998 ms, max: 2.002 ms, count: 15000)
[07/28/26 15:43:15.431849] [debug] [04:43:41.562002] [Hardware] Hardware Loop Stat (avg: 2.000 ms, min: 1.997 ms, max: 2.003 ms, count: 15000)
[07/28/26 15:43:15.584840] [debug] [04:43:41.715002] [ControlManager] Control Manager Loop Stat (avg: 2.000 ms, min: 1.999 ms, max: 2.001 ms, count: 15000)
[07/28/26 15:43:45.431850] [debug] [04:44:11.562003] [Hardware] Hardware Loop Stat (avg: 2.000 ms, min: 1.997 ms, max: 2.003 ms, count: 15000)
[07/28/26 15:43:45.584839] [debug] [04:44:11.715002] [ControlManager] Control Manager Loop Stat (avg: 2.000 ms, min: 1.996 ms, max: 2.004 ms, count: 15000)
[07/28/26 15:44:15.431849] [debug] [04:44:41.562002] [Hardware] Hardware Loop Stat (avg: 2.000 ms, min: 1.999 ms, max: 2.001 ms, count: 15000)
[07/28/26 15:44:15.584840] [debug] [04:44:41.715002] [ControlManager] Control Manager Loop Stat (avg: 2.000 ms, min: 1.998 ms, max: 2.002 ms, count: 15000)
[07/28/26 15:44:26.053020] [debug] [04:44:52.183172] [Service] Server method called: /rb.api.RobotInfoService/GetRobotModel
[07/28/26 15:44:26.053059] [debug] [04:44:52.183222] [Service::RobotInfoService::GetRobotModel] Requested: request_header { request_timestamp { seconds: 1785221017 nanos: 381651282 } }
[07/28/26 15:44:26.056555] [debug] [04:44:52.186714] [Service] Server method called: /rb.api.RobotStateService/GetRobotStateStream
[07/28/26 15:44:26.056588] [debug] [04:44:52.186752] [Service::RobotStateService::GetRobotStateStream] Requested: request_header { request_timestamp { seconds: 1785221017 nanos: 385424656 } } update_rate: 100
[07/28/26 15:44:45.431847] [debug] [04:45:11.562002] [Hardware] Hardware Loop Stat (avg: 2.000 ms, min: 1.998 ms, max: 2.002 ms, count: 15000)
[07/28/26 15:44:45.584839] [debug] [04:45:11.715002] [ControlManager] Control Manager Loop Stat (avg: 2.000 ms, min: 1.998 ms, max: 2.002 ms, count: 15000)
[07/28/26 15:45:15.431850] [debug] [04:45:41.562003] [Hardware] Hardware Loop Stat (avg: 2.000 ms, min: 1.998 ms, max: 2.003 ms, count: 15000)
[07/28/26 15:45:15.584841] [debug] [04:45:41.715002] [ControlManager] Control Manager Loop Stat (avg: 2.000 ms, min: 1.998 ms, max: 2.002 ms, count: 15000)
[07/28/26 15:45:45.431849] [debug] [04:46:11.562003] [Hardware] Hardware Loop Stat (avg: 2.000 ms, min: 1.999 ms, max: 2.001 ms, count: 15000)
[07/28/26 15:45:45.584840] [debug] [04:46:11.715002] [ControlManager] Control Manager Loop Stat (avg: 2.000 ms, min: 1.998 ms, max: 2.003 ms, count: 15000)
[07/28/26 15:46:15.431849] [debug] [04:46:41.562002] [Hardware] Hardware Loop Stat (avg: 2.000 ms, min: 1.998 ms, max: 2.002 ms, count: 15000)
[07/28/26 15:46:15.584840] [debug] [04:46:41.715002] [ControlManager] Control Manager Loop Stat (avg: 2.000 ms, min: 1.999 ms, max: 2.001 ms, count: 15000)
[07/28/26 15:46:45.431849] [debug] [04:47:11.562002] [Hardware] Hardware Loop Stat (avg: 2.000 ms, min: 1.998 ms, max: 2.002 ms, count: 15000)
[07/28/26 15:46:45.584840] [debug] [04:47:11.715002] [ControlManager] Control Manager Loop Stat (avg: 2.000 ms, min: 1.999 ms, max: 2.001 ms, count: 15000)
[07/28/26 15:47:15.431849] [debug] [04:47:41.562002] [Hardware] Hardware Loop Stat (avg: 2.000 ms, min: 1.998 ms, max: 2.002 ms, count: 15000)
[07/28/26 15:47:15.584840] [debug] [04:47:41.715002] [ControlManager] Control Manager Loop Stat (avg: 2.000 ms, min: 1.998 ms, max: 2.002 ms, count: 15000)
[07/28/26 15:47:45.431850] [debug] [04:48:11.562002] [Hardware] Hardware Loop Stat (avg: 2.000 ms, min: 1.998 ms, max: 2.002 ms, count: 15000)
[07/28/26 15:47:45.584840] [debug] [04:48:11.715002] [ControlManager] Control Manager Loop Stat (avg: 2.000 ms, min: 1.997 ms, max: 2.003 ms, count: 15000)
[07/28/26 15:48:15.431852] [debug] [04:48:41.562002] [Hardware] Hardware Loop Stat (avg: 2.000 ms, min: 1.999 ms, max: 2.001 ms, count: 15000)
[07/28/26 15:48:15.584840] [debug] [04:48:41.715002] [ControlManager] Control Manager Loop Stat (avg: 2.000 ms, min: 1.998 ms, max: 2.001 ms, count: 15000)
[07/28/26 15:48:45.431850] [debug] [04:49:11.562003] [Hardware] Hardware Loop Stat (avg: 2.000 ms, min: 1.998 ms, max: 2.002 ms, count: 15000)
[07/28/26 15:48:45.584840] [debug] [04:49:11.715002] [ControlManager] Control Manager Loop Stat (avg: 2.000 ms, min: 1.997 ms, max: 2.003 ms, count: 15000)
[07/28/26 15:49:15.431849] [debug] [04:49:41.562002] [Hardware] Hardware Loop Stat (avg: 2.000 ms, min: 1.997 ms, max: 2.003 ms, count: 15000)
[07/28/26 15:49:15.584840] [debug] [04:49:41.715002] [ControlManager] Control Manager Loop Stat (avg: 2.000 ms, min: 1.997 ms, max: 2.003 ms, count: 15000)
[07/28/26 15:49:45.431849] [debug] [04:50:11.562002] [Hardware] Hardware Loop Stat (avg: 2.000 ms, min: 1.998 ms, max: 2.002 ms, count: 15000)
[07/28/26 15:49:45.584839] [debug] [04:50:11.715002] [ControlManager] Control Manager Loop Stat (avg: 2.000 ms, min: 1.997 ms, max: 2.003 ms, count: 15000)
[07/28/26 15:50:15.431851] [debug] [04:50:41.562003] [Hardware] Hardware Loop Stat (avg: 2.000 ms, min: 1.998 ms, max: 2.002 ms, count: 15000)
[07/28/26 15:50:15.584839] [debug] [04:50:41.715002] [ControlManager] Control Manager Loop Stat (avg: 2.000 ms, min: 1.996 ms, max: 2.004 ms, count: 15000)
[07/28/26 15:50:45.431849] [debug] [04:51:11.562003] [Hardware] Hardware Loop Stat (avg: 2.000 ms, min: 1.997 ms, max: 2.003 ms, count: 15000)
[07/28/26 15:50:45.584839] [debug] [04:51:11.715002] [ControlManager] Control Manager Loop Stat (avg: 2.000 ms, min: 1.997 ms, max: 2.003 ms, count: 15000)
[07/28/26 15:51:15.431849] [debug] [04:51:41.562003] [Hardware] Hardware Loop Stat (avg: 2.000 ms, min: 1.998 ms, max: 2.002 ms, count: 15000)
[07/28/26 15:51:15.584840] [debug] [04:51:41.715003] [ControlManager] Control Manager Loop Stat (avg: 2.000 ms, min: 1.997 ms, max: 2.003 ms, count: 15000)
[07/28/26 15:51:45.431848] [debug] [04:52:11.562003] [Hardware] Hardware Loop Stat (avg: 2.000 ms, min: 1.999 ms, max: 2.001 ms, count: 15000)
[07/28/26 15:51:45.584839] [debug] [04:52:11.715002] [ControlManager] Control Manager Loop Stat (avg: 2.000 ms, min: 1.997 ms, max: 2.003 ms, count: 15000)
[07/28/26 15:52:15.431848] [debug] [04:52:41.562002] [Hardware] Hardware Loop Stat (avg: 2.000 ms, min: 1.998 ms, max: 2.002 ms, count: 15000)
[07/28/26 15:52:15.584840] [debug] [04:52:41.715002] [ControlManager] Control Manager Loop Stat (avg: 2.000 ms, min: 1.998 ms, max: 2.002 ms, count: 15000)
[07/28/26 15:52:45.431848] [debug] [04:53:11.562003] [Hardware] Hardware Loop Stat (avg: 2.000 ms, min: 1.998 ms, max: 2.002 ms, count: 15000)
[07/28/26 15:52:45.584840] [debug] [04:53:11.715002] [ControlManager] Control Manager Loop Stat (avg: 2.000 ms, min: 1.998 ms, max: 2.002 ms, count: 15000)
[07/28/26 15:53:15.431849] [debug] [04:53:41.562003] [Hardware] Hardware Loop Stat (avg: 2.000 ms, min: 1.999 ms, max: 2.001 ms, count: 15000)
[07/28/26 15:53:15.584840] [debug] [04:53:41.715002] [ControlManager] Control Manager Loop Stat (avg: 2.000 ms, min: 1.998 ms, max: 2.002 ms, count: 15000)
[07/28/26 15:53:45.431849] [debug] [04:54:11.562002] [Hardware] Hardware Loop Stat (avg: 2.000 ms, min: 1.998 ms, max: 2.002 ms, count: 15000)
[07/28/26 15:53:45.584840] [debug] [04:54:11.715002] [ControlManager] Control Manager Loop Stat (avg: 2.000 ms, min: 1.998 ms, max: 2.002 ms, count: 15000)
[07/28/26 15:54:15.431850] [debug] [04:54:41.562003] [Hardware] Hardware Loop Stat (avg: 2.000 ms, min: 1.997 ms, max: 2.003 ms, count: 15000)
[07/28/26 15:54:15.584840] [debug] [04:54:41.715002] [ControlManager] Control Manager Loop Stat (avg: 2.000 ms, min: 1.996 ms, max: 2.003 ms, count: 15000)
[07/28/26 15:54:45.431849] [debug] [04:55:11.562003] [Hardware] Hardware Loop Stat (avg: 2.000 ms, min: 1.999 ms, max: 2.001 ms, count: 15000)
[07/28/26 15:54:45.584840] [debug] [04:55:11.715002] [ControlManager] Control Manager Loop Stat (avg: 2.000 ms, min: 1.997 ms, max: 2.003 ms, count: 15000)
[07/28/26 15:55:15.431849] [debug] [04:55:41.562003] [Hardware] Hardware Loop Stat (avg: 2.000 ms, min: 1.998 ms, max: 2.002 ms, count: 15000)
[07/28/26 15:55:15.584840] [debug] [04:55:41.715002] [ControlManager] Control Manager Loop Stat (avg: 2.000 ms, min: 1.998 ms, max: 2.002 ms, count: 15000)
[07/28/26 15:55:45.431848] [debug] [04:56:11.562002] [Hardware] Hardware Loop Stat (avg: 2.000 ms, min: 1.999 ms, max: 2.001 ms, count: 15000)
[07/28/26 15:55:45.584839] [debug] [04:56:11.715002] [ControlManager] Control Manager Loop Stat (avg: 2.000 ms, min: 1.998 ms, max: 2.002 ms, count: 15000)
[07/28/26 15:56:15.431850] [debug] [04:56:41.562002] [Hardware] Hardware Loop Stat (avg: 2.000 ms, min: 1.998 ms, max: 2.002 ms, count: 15000)
[07/28/26 15:56:15.584840] [debug] [04:56:41.715002] [ControlManager] Control Manager Loop Stat (avg: 2.000 ms, min: 1.996 ms, max: 2.004 ms, count: 15000)
[07/28/26 15:56:45.431849] [debug] [04:57:11.562002] [Hardware] Hardware Loop Stat (avg: 2.000 ms, min: 1.998 ms, max: 2.002 ms, count: 15000)
[07/28/26 15:56:45.584840] [debug] [04:57:11.715002] [ControlManager] Control Manager Loop Stat (avg: 2.000 ms, min: 1.998 ms, max: 2.002 ms, count: 15000)
[07/28/26 15:57:15.431849] [debug] [04:57:41.562003] [Hardware] Hardware Loop Stat (avg: 2.000 ms, min: 1.999 ms, max: 2.001 ms, count: 15000)
[07/28/26 15:57:15.584840] [debug] [04:57:41.715002] [ControlManager] Control Manager Loop Stat (avg: 2.000 ms, min: 1.998 ms, max: 2.002 ms, count: 15000)
[07/28/26 15:57:45.431847] [debug] [04:58:11.562002] [Hardware] Hardware Loop Stat (avg: 2.000 ms, min: 1.998 ms, max: 2.002 ms, count: 15000)
[07/28/26 15:57:45.584840] [debug] [04:58:11.715002] [ControlManager] Control Manager Loop Stat (avg: 2.000 ms, min: 1.998 ms, max: 2.002 ms, count: 15000)
[07/28/26 15:58:15.431848] [debug] [04:58:41.562003] [Hardware] Hardware Loop Stat (avg: 2.000 ms, min: 1.986 ms, max: 2.014 ms, count: 15000)
[07/28/26 15:58:15.584840] [debug] [04:58:41.715002] [ControlManager] Control Manager Loop Stat (avg: 2.000 ms, min: 1.997 ms, max: 2.003 ms, count: 15000)
[07/28/26 15:58:45.431849] [debug] [04:59:11.562003] [Hardware] Hardware Loop Stat (avg: 2.000 ms, min: 1.999 ms, max: 2.001 ms, count: 15000)
[07/28/26 15:58:45.584841] [debug] [04:59:11.715002] [ControlManager] Control Manager Loop Stat (avg: 2.000 ms, min: 1.998 ms, max: 2.002 ms, count: 15000)
[07/28/26 15:59:15.431849] [debug] [04:59:41.562002] [Hardware] Hardware Loop Stat (avg: 2.000 ms, min: 1.998 ms, max: 2.002 ms, count: 15000)
[07/28/26 15:59:15.584839] [debug] [04:59:41.715002] [ControlManager] Control Manager Loop Stat (avg: 2.000 ms, min: 1.998 ms, max: 2.002 ms, count: 15000)
[07/28/26 15:59:45.431848] [debug] [05:00:11.562003] [Hardware] Hardware Loop Stat (avg: 2.000 ms, min: 1.998 ms, max: 2.002 ms, count: 15000)
[07/28/26 15:59:45.584840] [debug] [05:00:11.715002] [ControlManager] Control Manager Loop Stat (avg: 2.000 ms, min: 1.998 ms, max: 2.002 ms, count: 15000)
[07/28/26 16:00:15.431849] [debug] [05:00:41.562003] [Hardware] Hardware Loop Stat (avg: 2.000 ms, min: 1.997 ms, max: 2.002 ms, count: 15000)
[07/28/26 16:00:15.584840] [debug] [05:00:41.715003] [ControlManager] Control Manager Loop Stat (avg: 2.000 ms, min: 1.998 ms, max: 2.002 ms, count: 15000)
[07/28/26 16:00:38.108367] [debug] [05:01:04.238519] [Service] Server method called: /rb.api.RobotInfoService/GetRobotModel
[07/28/26 16:00:38.108406] [debug] [05:01:04.238570] [Service::RobotInfoService::GetRobotModel] Requested: request_header { request_timestamp { seconds: 1785221984 nanos: 623574195 } }
[07/28/26 16:00:38.112218] [debug] [05:01:04.242376] [Service] Server method called: /rb.api.RobotStateService/GetRobotStateStream
[07/28/26 16:00:38.112249] [debug] [05:01:04.242413] [Service::RobotStateService::GetRobotStateStream] Requested: request_header { request_timestamp { seconds: 1785221984 nanos: 627693854 } } update_rate: 100
[07/28/26 16:00:45.431848] [debug] [05:01:11.562002] [Hardware] Hardware Loop Stat (avg: 2.000 ms, min: 1.999 ms, max: 2.001 ms, count: 15000)
[07/28/26 16:00:45.584840] [debug] [05:01:11.715002] [ControlManager] Control Manager Loop Stat (avg: 2.000 ms, min: 1.998 ms, max: 2.002 ms, count: 15000)
[07/28/26 16:01:15.431851] [debug] [05:01:41.562003] [Hardware] Hardware Loop Stat (avg: 2.000 ms, min: 1.998 ms, max: 2.002 ms, count: 15000)
[07/28/26 16:01:15.584839] [debug] [05:01:41.715002] [ControlManager] Control Manager Loop Stat (avg: 2.000 ms, min: 1.999 ms, max: 2.001 ms, count: 15000)
[07/28/26 16:01:45.431848] [debug] [05:02:11.562002] [Hardware] Hardware Loop Stat (avg: 2.000 ms, min: 1.999 ms, max: 2.001 ms, count: 15000)
[07/28/26 16:01:45.584840] [debug] [05:02:11.715002] [ControlManager] Control Manager Loop Stat (avg: 2.000 ms, min: 1.998 ms, max: 2.002 ms, count: 15000)
[07/28/26 16:02:15.431850] [debug] [05:02:41.562003] [Hardware] Hardware Loop Stat (avg: 2.000 ms, min: 1.998 ms, max: 2.002 ms, count: 15000)
[07/28/26 16:02:15.584841] [debug] [05:02:41.715002] [ControlManager] Control Manager Loop Stat (avg: 2.000 ms, min: 1.993 ms, max: 2.007 ms, count: 15000)
[07/28/26 16:02:45.431848] [debug] [05:03:11.562002] [Hardware] Hardware Loop Stat (avg: 2.000 ms, min: 1.998 ms, max: 2.002 ms, count: 15000)
[07/28/26 16:02:45.584840] [debug] [05:03:11.715002] [ControlManager] Control Manager Loop Stat (avg: 2.000 ms, min: 1.999 ms, max: 2.001 ms, count: 15000)
[07/28/26 16:02:48.740665] [debug] [05:03:14.870819] [Service] Server method called: /rb.api.RobotInfoService/GetRobotInfo
[07/28/26 16:02:48.740698] [debug] [05:03:14.870862] [Service::RobotInfoService::GetRobotInfo] Requested: request_header { request_timestamp { seconds: 1785222115 nanos: 264796174 } }
[07/28/26 16:02:48.741498] [debug] [05:03:14.871656] [Service] Server method called: /rb.api.RobotStateService/GetRobotState
[07/28/26 16:02:48.741522] [debug] [05:03:14.871687] [Service::RobotStateService::GetRobotState] Requested: request_header { request_timestamp { seconds: 1785222115 nanos: 265724511 } }
[07/28/26 16:02:48.742472] [debug] [05:03:14.872632] [Service] Server method called: /rb.api.RobotInfoService/GetRobotInfo
[07/28/26 16:02:48.742490] [debug] [05:03:14.872654] [Service::RobotInfoService::GetRobotInfo] Requested: request_header { request_timestamp { seconds: 1785222115 nanos: 266730835 } }
[07/28/26 16:02:48.742952] [debug] [05:03:14.873115] [Service] Server method called: /rb.api.RobotStateService/GetRobotState
[07/28/26 16:02:48.742967] [debug] [05:03:14.873131] [Service::RobotStateService::GetRobotState] Requested: request_header { request_timestamp { seconds: 1785222115 nanos: 267276622 } }
[07/28/26 16:02:48.743398] [debug] [05:03:14.873562] [Service] Server method called: /rb.api.RobotStateService/GetControlManagerState
[07/28/26 16:02:48.743409] [debug] [05:03:14.873574] [Service::RobotStateService::GetControlManagerState] Requested: request_header { request_timestamp { seconds: 1785222115 nanos: 267715093 } }
[07/28/26 16:02:48.743841] [debug] [05:03:14.874002] [Service] Server method called: /rb.api.RobotInfoService/GetRobotInfo
[07/28/26 16:02:48.743856] [debug] [05:03:14.874020] [Service::RobotInfoService::GetRobotInfo] Requested: request_header { request_timestamp { seconds: 1785222115 nanos: 268119407 } }
[07/28/26 16:02:48.744420] [debug] [05:03:14.874581] [Service] Server method called: /rb.api.RobotStateService/GetRobotState
[07/28/26 16:02:48.744436] [debug] [05:03:14.874599] [Service::RobotStateService::GetRobotState] Requested: request_header { request_timestamp { seconds: 1785222115 nanos: 268718267 } }
[07/28/26 16:02:48.744920] [debug] [05:03:14.875083] [Service] Server method called: /rb.api.RobotStateService/GetRobotState
[07/28/26 16:02:48.744933] [debug] [05:03:14.875098] [Service::RobotStateService::GetRobotState] Requested: request_header { request_timestamp { seconds: 1785222115 nanos: 269235060 } }
[07/28/26 16:02:48.745357] [debug] [05:03:14.875519] [Service] Server method called: /rb.api.RobotInfoService/GetRobotInfo
[07/28/26 16:02:48.745371] [debug] [05:03:14.875535] [Service::RobotInfoService::GetRobotInfo] Requested: request_header { request_timestamp { seconds: 1785222115 nanos: 269671412 } }
[07/28/26 16:02:48.745856] [debug] [05:03:14.876021] [Service] Server method called: /rb.api.ControlManagerService/ControlManagerCommand
[07/28/26 16:02:48.745870] [debug] [05:03:14.876035] [Service::ControlManagerService::ControlManagerCommand] Requested: request_header { request_timestamp { seconds: 1785222115 nanos: 270167830 } } command: COMMAND_ENABLE unlimited_mode_enabled { }
[07/28/26 16:02:48.745873] [info] [05:03:14.876039] [ControlManager::Enable] Enable request received. Starting the enabling process...
[07/28/26 16:02:48.746849] [info] [05:03:14.877015] [ControlManager::Enable] Control Manager successfully enabled
[07/28/26 16:02:48.747248] [debug] [05:03:14.877410] [Service] Server method called: /rb.api.ParameterService/SetParameter
[07/28/26 16:02:48.747290] [debug] [05:03:14.877453] [Service::ParameterService::SetParameter] Requested: request_header { request_timestamp { seconds: 1785222115 nanos: 271542821 } } name: "cartesian_command.cutoff_frequency" parameter: "{\"value\":5,\"write_db\":true}"
[07/28/26 16:02:48.759347] [debug] [05:03:14.889509] [Service] Server method called: /rb.api.ParameterService/SetParameter
[07/28/26 16:02:48.759360] [debug] [05:03:14.889526] [Service::ParameterService::SetParameter] Requested: request_header { request_timestamp { seconds: 1785222115 nanos: 283660954 } } name: "default.acceleration_limit_scaling" parameter: "{\"value\":1.0,\"write_db\":true}"
[07/28/26 16:02:48.765594] [debug] [05:03:14.895755] [Service] Server method called: /rb.api.ParameterService/SetParameter
[07/28/26 16:02:48.765611] [debug] [05:03:14.895775] [Service::ParameterService::SetParameter] Requested: request_header { request_timestamp { seconds: 1785222115 nanos: 289873890 } } name: "default.angular_acceleration_limit" parameter: "{\"value\":10,\"write_db\":true}"
[07/28/26 16:02:48.773493] [debug] [05:03:14.903655] [Service] Server method called: /rb.api.ParameterService/SetParameter
[07/28/26 16:02:48.773510] [debug] [05:03:14.903674] [Service::ParameterService::SetParameter] Requested: request_header { request_timestamp { seconds: 1785222115 nanos: 297771000 } } name: "default.linear_acceleration_limit" parameter: "{\"value\":20,\"write_db\":true}"
[07/28/26 16:02:48.779276] [debug] [05:03:14.909439] [Service] Server method called: /rb.api.ParameterService/SetParameter
[07/28/26 16:02:48.779291] [debug] [05:03:14.909455] [Service::ParameterService::SetParameter] Requested: request_header { request_timestamp { seconds: 1785222115 nanos: 303586429 } } name: "joint_position_command.cutoff_frequency" parameter: "{\"value\":5,\"write_db\":true}"
[07/28/26 16:02:48.785331] [debug] [05:03:14.915492] [Service] Server method called: /rb.api.RobotCommandService/RobotCommand
[07/28/26 16:02:48.785394] [debug] [05:03:14.915558] [Service::RobotCommandService::RobotCommand] Requested: robot_command { component_based_command { body_command { joint_position_command { command_header { control_hold_time { seconds: 1 } } minimum_time { nanos: 500000000 } position: 0.034286748798533023 position: 0.8567244730519824 position: -1.4547225825234509 position: 0.51660220315982375 position: -0.0402214318962193 position: -0.0086647132622649347 position: -0.56491120703177677 position: -0.46827801135927782 position: -0.422494000615899 position... [truncated]
[07/28/26 16:02:48.785396] [debug] [05:03:14.915562] [Service::RobotCommandService::RobotCommand]   Peer: ipv4:192.168.30.230:50320
[07/28/26 16:02:48.785526] [debug] [05:03:14.915692] [Service::RobotCommandService::RobotCommand]   IP: 192.168.30.230, Family: ipv4
[07/28/26 16:02:48.790875] [info] [05:03:14.921038] [ControlManager] Control started: {"type":"RobotCommand","control":{"type":"ComponentBasedCommand","components":{"mobility":null,"body":{"type":"BodyCommand","control":{"type":"JointPositionCommand","control":{"type":"JointPositionControl"}}},"head":{"type":"HeadCommand","control":{"type":"JointPositionCommand","control":{"type":"JointPositionControl"}}}}}} (priority: 1)
[07/28/26 16:02:50.548878] [debug] [05:03:16.679037] [ControlManager] Control finished: {"type":"RobotCommand","control":{"type":"ComponentBasedCommand","components":{"mobility":null,"body":{"type":"BodyCommand","control":{"type":"JointPositionCommand","control":{"type":"JointPositionControl"}}},"head":{"type":"HeadCommand","control":{"type":"JointPositionCommand","control":{"type":"JointPositionControl"}}}}}}
[07/28/26 16:02:50.548936] [info] [05:03:16.679096] [ControlInterface] Control completed successfully.
[07/28/26 16:02:50.548946] [debug] [05:03:16.679104] [ControlInterface::ExecutionStats] Average Control Time: 0.001 ms (max: 0.028 ms, min: 0.001 ms, sigma: 0.001 ms, count: 880)
[07/28/26 16:02:50.549720] [debug] [05:03:16.679880] [Service] Server method called: /rb.api.PowerService/ToolFlangePowerCommand
[07/28/26 16:02:50.549776] [debug] [05:03:16.679939] [Service::PowerService::ToolFlangePowerCommand] Requested: request_header { request_timestamp { seconds: 1785222117 nanos: 73762203 } } name: "right" command: COMMAND_POWER_12V
[07/28/26 16:02:50.549781] [debug] [05:03:16.679946] [Service::PowerService::ToolFlangePowerCommand] Result: Success
[07/28/26 16:02:50.550272] [debug] [05:03:16.680433] [Service] Server method called: /rb.api.PowerService/ToolFlangePowerCommand
[07/28/26 16:02:50.550293] [debug] [05:03:16.680457] [Service::PowerService::ToolFlangePowerCommand] Requested: request_header { request_timestamp { seconds: 1785222117 nanos: 74432456 } } name: "left" command: COMMAND_POWER_12V
[07/28/26 16:02:50.550297] [debug] [05:03:16.680462] [Service::PowerService::ToolFlangePowerCommand] Result: Success
[07/28/26 16:03:00.990601] [debug] [05:03:27.120753] [Service] Server method called: /rb.api.RobotCommandService/RobotCommand
[07/28/26 16:03:00.990677] [debug] [05:03:27.120838] [Service::RobotCommandService::RobotCommand] Requested: robot_command { component_based_command { body_command { joint_position_command { command_header { control_hold_time { seconds: 1 } } minimum_time { seconds: 4 } position: 0 position: 0.78539816339744828 position: -1.3962634015954636 position: 0.78539816339744828 position: 0 position: 0 position: 0 position: -0.26179938779914941 position: 0 position: -2.0943951023931953 position: 0 position: 0.52359877559829882 position: 0 position: 0 position: 0... [truncated]
[07/28/26 16:03:00.990680] [debug] [05:03:27.120846] [Service::RobotCommandService::RobotCommand]   Peer: ipv4:192.168.30.230:50320
[07/28/26 16:03:00.990829] [debug] [05:03:27.120993] [Service::RobotCommandService::RobotCommand]   IP: 192.168.30.230, Family: ipv4
[07/28/26 16:03:00.996877] [info] [05:03:27.127035] [ControlManager] Control started: {"type":"RobotCommand","control":{"type":"ComponentBasedCommand","components":{"mobility":null,"body":{"type":"BodyCommand","control":{"type":"JointPositionCommand","control":{"type":"JointPositionControl"}}},"head":{"type":"HeadCommand","control":{"type":"JointPositionCommand","control":{"type":"JointPositionControl"}}}}}} (priority: 1)
[07/28/26 16:03:06.254883] [debug] [05:03:32.385039] [ControlManager] Control finished: {"type":"RobotCommand","control":{"type":"ComponentBasedCommand","components":{"mobility":null,"body":{"type":"BodyCommand","control":{"type":"JointPositionCommand","control":{"type":"JointPositionControl"}}},"head":{"type":"HeadCommand","control":{"type":"JointPositionCommand","control":{"type":"JointPositionControl"}}}}}}
[07/28/26 16:03:06.254941] [info] [05:03:32.385101] [ControlInterface] Control completed successfully.
[07/28/26 16:03:06.254950] [debug] [05:03:32.385110] [ControlInterface::ExecutionStats] Average Control Time: 0.001 ms (max: 0.027 ms, min: 0.001 ms, sigma: 0.001 ms, count: 2630)
[07/28/26 16:03:06.255787] [debug] [05:03:32.385946] [Service] Server method called: /rb.api.RobotCommandService/RobotCommandStream
[07/28/26 16:03:06.255800] [debug] [05:03:32.385964] [Service::RobotCommandService::RobotCommandStream] Stream is created
[07/28/26 16:03:06.288115] [debug] [05:03:32.418273] [Service::RobotCommandService::RobotCommandStream] Requested: robot_command { component_based_command { mobility_command { se2_velocity_command { command_header { control_hold_time { seconds: 1 } } minimum_time { nanos: 10100000 } velocity { linear { } } acceleration_limit { linear { x: 1 y: 1 } angular: 1 } } } body_command { joint_impedance_control_command { command_header { control_hold_time { seconds: 1 } } minimum_time { nanos: 10100000 } position: -0.00012867447796402682 position: 0.78511617737423123 ... [truncated]
[07/28/26 16:03:06.288121] [debug] [05:03:32.418286] [Service::RobotCommandService::RobotCommandStream]   Peer: ipv4:192.168.30.230:50320
[07/28/26 16:03:06.288257] [debug] [05:03:32.418422] [Service::RobotCommandService::RobotCommandStream]   IP: 192.168.30.230, Family: ipv4
[07/28/26 16:03:06.292867] [info] [05:03:32.423031] [ControlManager] Control started: {"type":"RobotCommand","control":{"type":"ComponentBasedCommand","components":{"mobility":{"type":"MobilityCommand","control":{"type":"SE2VelocityCommand","control":{"type":"MobilitySE2VelocityControl"}}},"body":{"type":"BodyCommand","control":{"type":"JointImpedanceControlCommand","control":{"type":"JointImpedanceControl"}}},"head":{"type":"HeadCommand","control":{"type":"JointPositionCommand","control":{"type":"JointPositionControl"}}}}}} (priority: 1)
[07/28/26 16:03:12.530530] [debug] [05:03:38.660681] [Service] Server method called: /rb.api.RobotCommandService/RobotCommand
[07/28/26 16:03:12.530619] [debug] [05:03:38.660726] [Service::RobotCommandService::RobotCommand] Requested: robot_command { whole_body_command { stop_command { } } } priority: 99
[07/28/26 16:03:12.530626] [debug] [05:03:38.660789] [Service::RobotCommandService::RobotCommand]   Peer: ipv4:192.168.30.230:50320
[07/28/26 16:03:12.530816] [debug] [05:03:38.660979] [Service::RobotCommandService::RobotCommand]   IP: 192.168.30.230, Family: ipv4
[07/28/26 16:03:12.633020] [debug] [05:03:38.763178] [ControlManager] Control finished: {"type":"RobotCommand","control":{"type":"ComponentBasedCommand","components":{"mobility":{"type":"MobilityCommand","control":{"type":"SE2VelocityCommand","control":{"type":"MobilitySE2VelocityControl"}}},"body":{"type":"BodyCommand","control":{"type":"JointImpedanceControlCommand","control":{"type":"JointImpedanceControl"}}},"head":{"type":"HeadCommand","control":{"type":"JointPositionCommand","control":{"type":"JointPositionControl"}}}}}}
[07/28/26 16:03:12.633118] [debug] [05:03:38.763277] [Service::RobotCommandService::RobotCommandStream] OnReadDone (write_done: true, read_done: true)
[07/28/26 16:03:12.633146] [debug] [05:03:38.763305] [Service::RobotCommandService::RobotCommandStream] OnCancel
[07/28/26 16:03:12.633215] [info] [05:03:38.763377] [ControlInterface] Control was preempted or canceled by another request.
[07/28/26 16:03:12.633225] [debug] [05:03:38.763384] [ControlInterface::ExecutionStats] Average Control Time: 0.121 ms (max: 0.214 ms, min: 0.111 ms, sigma: 0.005 ms, count: 3171)
[07/28/26 16:03:12.633267] [debug] [05:03:38.763429] [Service::RobotCommandService::RobotCommandStream] OnDone: robot_command { component_based_command { mobility_command { se2_velocity_command { command_header { control_hold_time { seconds: 1 } } minimum_time { nanos: 10100000 } velocity { linear { } } acceleration_limit { linear { x: 1 y: 1 } angular: 1 } } } body_command { joint_impedance_control_command { command_header { control_hold_time { seconds: 1 } } minimum_time { nanos: 10100000 } position: 0.033675995344234919 position: 0.91756617258881035 pos... [truncated]
[07/28/26 16:03:12.634854] [info] [05:03:38.765018] [ControlManager] Control started: {"type":"RobotCommand","control":{"type":"WholeBodyCommand","control":{"type":"StopControl","control":{"type":"JointVelocityControl"}}}} (priority: 99)
[07/28/26 16:03:12.634875] [debug] [05:03:38.765041] [ControlManager] Control finished: {"type":"RobotCommand","control":{"type":"WholeBodyCommand","control":{"type":"StopControl","control":{"type":"JointVelocityControl"}}}}
[07/28/26 16:03:12.636862] [info] [05:03:38.767025] [ControlInterface] Control completed successfully.
[07/28/26 16:03:12.636870] [debug] [05:03:38.767032] [ControlInterface::ExecutionStats] Average Control Time: 0.007 ms (max: 0.007 ms, min: 0.007 ms, sigma: 0.000 ms, count: 1)
[07/28/26 16:03:12.637547] [debug] [05:03:38.767709] [Service] Server method called: /rb.api.ControlManagerService/ControlManagerCommand
[07/28/26 16:03:12.637568] [debug] [05:03:38.767732] [Service::ControlManagerService::ControlManagerCommand] Requested: request_header { request_timestamp { seconds: 1785222139 nanos: 161686508 } } command: COMMAND_DISABLE
[07/28/26 16:03:12.637572] [info] [05:03:38.767737] [ControlManager::Disable] Disable request received. Starting the disabling process...
[07/28/26 16:03:12.638855] [info] [05:03:38.769019] [ControlManager::Disable] Control Manager successfully disabled
[07/28/26 16:03:15.431851] [debug] [05:03:41.562002] [Hardware] Hardware Loop Stat (avg: 2.000 ms, min: 1.999 ms, max: 2.001 ms, count: 15000)
[07/28/26 16:03:15.584841] [debug] [05:03:41.715003] [ControlManager] Control Manager Loop Stat (avg: 2.000 ms, min: 1.998 ms, max: 2.002 ms, count: 15000)
[07/28/26 16:03:45.431849] [debug] [05:04:11.562003] [Hardware] Hardware Loop Stat (avg: 2.000 ms, min: 1.999 ms, max: 2.001 ms, count: 15000)
[07/28/26 16:03:45.584841] [debug] [05:04:11.715003] [ControlManager] Control Manager Loop Stat (avg: 2.000 ms, min: 1.998 ms, max: 2.002 ms, count: 15000)
[07/28/26 16:04:06.072997] [debug] [05:04:32.203152] [Service] Server method called: /rb.api.RobotInfoService/GetRobotInfo
[07/28/26 16:04:06.073030] [debug] [05:04:32.203194] [Service::RobotInfoService::GetRobotInfo] Requested: request_header { request_timestamp { seconds: 1785222192 nanos: 603824864 } }
[07/28/26 16:04:06.073745] [debug] [05:04:32.203902] [Service] Server method called: /rb.api.RobotStateService/GetRobotState
[07/28/26 16:04:06.073770] [debug] [05:04:32.203935] [Service::RobotStateService::GetRobotState] Requested: request_header { request_timestamp { seconds: 1785222192 nanos: 604710759 } }
[07/28/26 16:04:06.074526] [debug] [05:04:32.204687] [Service] Server method called: /rb.api.RobotInfoService/GetRobotInfo
[07/28/26 16:04:06.074544] [debug] [05:04:32.204708] [Service::RobotInfoService::GetRobotInfo] Requested: request_header { request_timestamp { seconds: 1785222192 nanos: 605496900 } }
[07/28/26 16:04:06.075089] [debug] [05:04:32.205252] [Service] Server method called: /rb.api.RobotStateService/GetRobotState
[07/28/26 16:04:06.075103] [debug] [05:04:32.205268] [Service::RobotStateService::GetRobotState] Requested: request_header { request_timestamp { seconds: 1785222192 nanos: 606111959 } }
[07/28/26 16:04:06.075738] [debug] [05:04:32.205898] [Service] Server method called: /rb.api.RobotStateService/GetControlManagerState
[07/28/26 16:04:06.075757] [debug] [05:04:32.205921] [Service::RobotStateService::GetControlManagerState] Requested: request_header { request_timestamp { seconds: 1785222192 nanos: 606742316 } }
[07/28/26 16:04:06.076185] [debug] [05:04:32.206347] [Service] Server method called: /rb.api.RobotInfoService/GetRobotInfo
[07/28/26 16:04:06.076200] [debug] [05:04:32.206364] [Service::RobotInfoService::GetRobotInfo] Requested: request_header { request_timestamp { seconds: 1785222192 nanos: 607200484 } }
[07/28/26 16:04:06.076669] [debug] [05:04:32.206834] [Service] Server method called: /rb.api.RobotStateService/GetRobotState
[07/28/26 16:04:06.076677] [debug] [05:04:32.206842] [Service::RobotStateService::GetRobotState] Requested: request_header { request_timestamp { seconds: 1785222192 nanos: 607723970 } }
[07/28/26 16:04:06.077120] [debug] [05:04:32.207282] [Service] Server method called: /rb.api.RobotStateService/GetRobotState
[07/28/26 16:04:06.077132] [debug] [05:04:32.207297] [Service::RobotStateService::GetRobotState] Requested: request_header { request_timestamp { seconds: 1785222192 nanos: 608190314 } }
[07/28/26 16:04:06.077512] [debug] [05:04:32.207675] [Service] Server method called: /rb.api.RobotInfoService/GetRobotInfo
[07/28/26 16:04:06.077525] [debug] [05:04:32.207690] [Service::RobotInfoService::GetRobotInfo] Requested: request_header { request_timestamp { seconds: 1785222192 nanos: 608598986 } }
[07/28/26 16:04:06.077978] [debug] [05:04:32.208143] [Service] Server method called: /rb.api.ControlManagerService/ControlManagerCommand
[07/28/26 16:04:06.077992] [debug] [05:04:32.208157] [Service::ControlManagerService::ControlManagerCommand] Requested: request_header { request_timestamp { seconds: 1785222192 nanos: 609040759 } } command: COMMAND_ENABLE unlimited_mode_enabled { }
[07/28/26 16:04:06.077994] [info] [05:04:32.208160] [ControlManager::Enable] Enable request received. Starting the enabling process...
[07/28/26 16:04:06.078848] [info] [05:04:32.209014] [ControlManager::Enable] Control Manager successfully enabled
[07/28/26 16:04:06.079386] [debug] [05:04:32.209549] [Service] Server method called: /rb.api.ParameterService/SetParameter
[07/28/26 16:04:06.079405] [debug] [05:04:32.209569] [Service::ParameterService::SetParameter] Requested: request_header { request_timestamp { seconds: 1785222192 nanos: 610420066 } } name: "cartesian_command.cutoff_frequency" parameter: "{\"value\":5,\"write_db\":true}"
[07/28/26 16:04:06.089600] [debug] [05:04:32.219668] [Service] Server method called: /rb.api.ParameterService/SetParameter
[07/28/26 16:04:06.089893] [debug] [05:04:32.220026] [Service::ParameterService::SetParameter] Requested: request_header { request_timestamp { seconds: 1785222192 nanos: 619656162 } } name: "default.acceleration_limit_scaling" parameter: "{\"value\":1.0,\"write_db\":true}"
[07/28/26 16:04:06.099781] [debug] [05:04:32.229945] [Service] Server method called: /rb.api.ParameterService/SetParameter
[07/28/26 16:04:06.099792] [debug] [05:04:32.229958] [Service::ParameterService::SetParameter] Requested: request_header { request_timestamp { seconds: 1785222192 nanos: 630816854 } } name: "default.angular_acceleration_limit" parameter: "{\"value\":10,\"write_db\":true}"
[07/28/26 16:04:06.104395] [debug] [05:04:32.234555] [Service] Server method called: /rb.api.ParameterService/SetParameter
[07/28/26 16:04:06.104413] [debug] [05:04:32.234577] [Service::ParameterService::SetParameter] Requested: request_header { request_timestamp { seconds: 1785222192 nanos: 635410473 } } name: "default.linear_acceleration_limit" parameter: "{\"value\":20,\"write_db\":true}"
[07/28/26 16:04:06.108239] [debug] [05:04:32.238400] [Service] Server method called: /rb.api.ParameterService/SetParameter
[07/28/26 16:04:06.108255] [debug] [05:04:32.238420] [Service::ParameterService::SetParameter] Requested: request_header { request_timestamp { seconds: 1785222192 nanos: 639265577 } } name: "joint_position_command.cutoff_frequency" parameter: "{\"value\":5,\"write_db\":true}"
[07/28/26 16:04:06.111669] [debug] [05:04:32.241830] [Service] Server method called: /rb.api.RobotCommandService/RobotCommand
[07/28/26 16:04:06.111738] [debug] [05:04:32.241901] [Service::RobotCommandService::RobotCommand] Requested: robot_command { component_based_command { body_command { joint_position_command { command_header { control_hold_time { seconds: 1 } } minimum_time { nanos: 500000000 } position: 0.02962785170265262 position: 0.9256700748995752 position: -1.6008418465338548 position: 0.78438816614601869 position: 0.037738205571275711 position: 0.013619774965707414 position: -0.008679901190857861 position: -0.33078549078965669 position: -0.27898706032347864 positio... [truncated]
[07/28/26 16:04:06.111742] [debug] [05:04:32.241907] [Service::RobotCommandService::RobotCommand]   Peer: ipv4:192.168.30.230:50320
[07/28/26 16:04:06.111889] [debug] [05:04:32.242053] [Service::RobotCommandService::RobotCommand]   IP: 192.168.30.230, Family: ipv4
[07/28/26 16:04:06.116877] [info] [05:04:32.247040] [ControlManager] Control started: {"type":"RobotCommand","control":{"type":"ComponentBasedCommand","components":{"mobility":null,"body":{"type":"BodyCommand","control":{"type":"JointPositionCommand","control":{"type":"JointPositionControl"}}},"head":{"type":"HeadCommand","control":{"type":"JointPositionCommand","control":{"type":"JointPositionControl"}}}}}} (priority: 1)
[07/28/26 16:04:07.874880] [debug] [05:04:34.005037] [ControlManager] Control finished: {"type":"RobotCommand","control":{"type":"ComponentBasedCommand","components":{"mobility":null,"body":{"type":"BodyCommand","control":{"type":"JointPositionCommand","control":{"type":"JointPositionControl"}}},"head":{"type":"HeadCommand","control":{"type":"JointPositionCommand","control":{"type":"JointPositionControl"}}}}}}
[07/28/26 16:04:07.874937] [info] [05:04:34.005098] [ControlInterface] Control completed successfully.
[07/28/26 16:04:07.874945] [debug] [05:04:34.005105] [ControlInterface::ExecutionStats] Average Control Time: 0.001 ms (max: 0.029 ms, min: 0.001 ms, sigma: 0.001 ms, count: 880)
[07/28/26 16:04:07.875906] [debug] [05:04:34.006066] [Service] Server method called: /rb.api.PowerService/ToolFlangePowerCommand
[07/28/26 16:04:07.875938] [debug] [05:04:34.006102] [Service::PowerService::ToolFlangePowerCommand] Requested: request_header { request_timestamp { seconds: 1785222194 nanos: 407179514 } } name: "right" command: COMMAND_POWER_12V
[07/28/26 16:04:07.875943] [debug] [05:04:34.006108] [Service::PowerService::ToolFlangePowerCommand] Result: Success
[07/28/26 16:04:07.876363] [debug] [05:04:34.006524] [Service] Server method called: /rb.api.PowerService/ToolFlangePowerCommand
[07/28/26 16:04:07.876407] [debug] [05:04:34.006570] [Service::PowerService::ToolFlangePowerCommand] Requested: request_header { request_timestamp { seconds: 1785222194 nanos: 407718803 } } name: "left" command: COMMAND_POWER_12V
[07/28/26 16:04:07.876411] [debug] [05:04:34.006576] [Service::PowerService::ToolFlangePowerCommand] Result: Success
[07/28/26 16:04:09.050224] [debug] [05:04:35.180379] [Service] Server method called: /rb.api.RobotCommandService/RobotCommand
[07/28/26 16:04:09.050295] [debug] [05:04:35.180457] [Service::RobotCommandService::RobotCommand] Requested: robot_command { component_based_command { body_command { joint_position_command { command_header { control_hold_time { seconds: 1 } } minimum_time { seconds: 4 } position: 0 position: 0.78539816339744828 position: -1.3962634015954636 position: 0.78539816339744828 position: 0 position: 0 position: 0 position: -0.26179938779914941 position: 0 position: -2.0943951023931953 position: 0 position: 0.52359877559829882 position: 0 position: 0 position: 0... [truncated]
[07/28/26 16:04:09.050298] [debug] [05:04:35.180463] [Service::RobotCommandService::RobotCommand]   Peer: ipv4:192.168.30.230:50320
[07/28/26 16:04:09.050447] [debug] [05:04:35.180612] [Service::RobotCommandService::RobotCommand]   IP: 192.168.30.230, Family: ipv4
[07/28/26 16:04:09.054866] [info] [05:04:35.185026] [ControlManager] Control started: {"type":"RobotCommand","control":{"type":"ComponentBasedCommand","components":{"mobility":null,"body":{"type":"BodyCommand","control":{"type":"JointPositionCommand","control":{"type":"JointPositionControl"}}},"head":{"type":"HeadCommand","control":{"type":"JointPositionCommand","control":{"type":"JointPositionControl"}}}}}} (priority: 1)
[07/28/26 16:04:14.312883] [debug] [05:04:40.443039] [ControlManager] Control finished: {"type":"RobotCommand","control":{"type":"ComponentBasedCommand","components":{"mobility":null,"body":{"type":"BodyCommand","control":{"type":"JointPositionCommand","control":{"type":"JointPositionControl"}}},"head":{"type":"HeadCommand","control":{"type":"JointPositionCommand","control":{"type":"JointPositionControl"}}}}}}
[07/28/26 16:04:14.312941] [info] [05:04:40.443101] [ControlInterface] Control completed successfully.
[07/28/26 16:04:14.312950] [debug] [05:04:40.443109] [ControlInterface::ExecutionStats] Average Control Time: 0.001 ms (max: 0.020 ms, min: 0.001 ms, sigma: 0.000 ms, count: 2630)
[07/28/26 16:04:14.313623] [debug] [05:04:40.443783] [Service] Server method called: /rb.api.RobotCommandService/RobotCommandStream
[07/28/26 16:04:14.313638] [debug] [05:04:40.443802] [Service::RobotCommandService::RobotCommandStream] Stream is created
[07/28/26 16:04:14.355426] [debug] [05:04:40.485586] [Service::RobotCommandService::RobotCommandStream] Requested: robot_command { component_based_command { mobility_command { se2_velocity_command { command_header { control_hold_time { seconds: 1 } } minimum_time { nanos: 10100000 } velocity { linear { } } acceleration_limit { linear { x: 1 y: 1 } angular: 1 } } } body_command { joint_impedance_control_command { command_header { control_hold_time { seconds: 1 } } minimum_time { nanos: 10100000 } position: -0.0001402365495798769 position: 0.78510529855619393 p... [truncated]
[07/28/26 16:04:14.355433] [debug] [05:04:40.485597] [Service::RobotCommandService::RobotCommandStream]   Peer: ipv4:192.168.30.230:50320
[07/28/26 16:04:14.355602] [debug] [05:04:40.485766] [Service::RobotCommandService::RobotCommandStream]   IP: 192.168.30.230, Family: ipv4
[07/28/26 16:04:14.360867] [info] [05:04:40.491029] [ControlManager] Control started: {"type":"RobotCommand","control":{"type":"ComponentBasedCommand","components":{"mobility":{"type":"MobilityCommand","control":{"type":"SE2VelocityCommand","control":{"type":"MobilitySE2VelocityControl"}}},"body":{"type":"BodyCommand","control":{"type":"JointImpedanceControlCommand","control":{"type":"JointImpedanceControl"}}},"head":{"type":"HeadCommand","control":{"type":"JointPositionCommand","control":{"type":"JointPositionControl"}}}}}} (priority: 1)
[07/28/26 16:04:15.431852] [debug] [05:04:41.562002] [Hardware] Hardware Loop Stat (avg: 2.000 ms, min: 1.998 ms, max: 2.002 ms, count: 15000)
[07/28/26 16:04:15.584842] [debug] [05:04:41.715002] [ControlManager] Control Manager Loop Stat (avg: 2.000 ms, min: 1.999 ms, max: 2.001 ms, count: 15000)
[07/28/26 16:04:21.222672] [debug] [05:04:47.352826] [Service] Server method called: /rb.api.RobotCommandService/RobotCommand
[07/28/26 16:04:21.222725] [debug] [05:04:47.352887] [Service::RobotCommandService::RobotCommand] Requested: robot_command { whole_body_command { stop_command { } } } priority: 99
[07/28/26 16:04:21.222729] [debug] [05:04:47.352895] [Service::RobotCommandService::RobotCommand]   Peer: ipv4:192.168.30.230:50320
[07/28/26 16:04:21.222886] [debug] [05:04:47.353050] [Service::RobotCommandService::RobotCommand]   IP: 192.168.30.230, Family: ipv4
[07/28/26 16:04:21.325017] [debug] [05:04:47.455175] [ControlManager] Control finished: {"type":"RobotCommand","control":{"type":"ComponentBasedCommand","components":{"mobility":{"type":"MobilityCommand","control":{"type":"SE2VelocityCommand","control":{"type":"MobilitySE2VelocityControl"}}},"body":{"type":"BodyCommand","control":{"type":"JointImpedanceControlCommand","control":{"type":"JointImpedanceControl"}}},"head":{"type":"HeadCommand","control":{"type":"JointPositionCommand","control":{"type":"JointPositionControl"}}}}}}
[07/28/26 16:04:21.325113] [debug] [05:04:47.455271] [Service::RobotCommandService::RobotCommandStream] OnReadDone (write_done: true, read_done: true)
[07/28/26 16:04:21.325131] [debug] [05:04:47.455291] [Service::RobotCommandService::RobotCommandStream] OnCancel
[07/28/26 16:04:21.325204] [info] [05:04:47.455366] [ControlInterface] Control was preempted or canceled by another request.
[07/28/26 16:04:21.325213] [debug] [05:04:47.455373] [ControlInterface::ExecutionStats] Average Control Time: 0.121 ms (max: 0.204 ms, min: 0.110 ms, sigma: 0.005 ms, count: 3483)
[07/28/26 16:04:21.325257] [debug] [05:04:47.455420] [Service::RobotCommandService::RobotCommandStream] OnDone: robot_command { component_based_command { mobility_command { se2_velocity_command { command_header { control_hold_time { seconds: 1 } } minimum_time { nanos: 10100000 } velocity { linear { } } acceleration_limit { linear { x: 1 y: 1 } angular: 1 } } } body_command { joint_impedance_control_command { command_header { control_hold_time { seconds: 1 } } minimum_time { nanos: 10100000 } position: -0.034925563270197371 position: 0.79499839570075237 po... [truncated]
[07/28/26 16:04:21.326856] [info] [05:04:47.457020] [ControlManager] Control started: {"type":"RobotCommand","control":{"type":"WholeBodyCommand","control":{"type":"StopControl","control":{"type":"JointVelocityControl"}}}} (priority: 99)
[07/28/26 16:04:21.326876] [debug] [05:04:47.457041] [ControlManager] Control finished: {"type":"RobotCommand","control":{"type":"WholeBodyCommand","control":{"type":"StopControl","control":{"type":"JointVelocityControl"}}}}
[07/28/26 16:04:21.328859] [info] [05:04:47.459023] [ControlInterface] Control completed successfully.
[07/28/26 16:04:21.328867] [debug] [05:04:47.459030] [ControlInterface::ExecutionStats] Average Control Time: 0.005 ms (max: 0.005 ms, min: 0.005 ms, sigma: 0.000 ms, count: 1)
[07/28/26 16:04:21.329838] [debug] [05:04:47.459999] [Service] Server method called: /rb.api.ControlManagerService/ControlManagerCommand
[07/28/26 16:04:21.329859] [debug] [05:04:47.460023] [Service::ControlManagerService::ControlManagerCommand] Requested: request_header { request_timestamp { seconds: 1785222207 nanos: 863862022 } } command: COMMAND_DISABLE
[07/28/26 16:04:21.329863] [info] [05:04:47.460028] [ControlManager::Disable] Disable request received. Starting the disabling process...
[07/28/26 16:04:21.330854] [info] [05:04:47.461019] [ControlManager::Disable] Control Manager successfully disabled
[07/28/26 16:04:45.431849] [debug] [05:05:11.562002] [Hardware] Hardware Loop Stat (avg: 2.000 ms, min: 1.997 ms, max: 2.002 ms, count: 15000)
[07/28/26 16:04:45.584842] [debug] [05:05:11.715003] [ControlManager] Control Manager Loop Stat (avg: 2.000 ms, min: 1.998 ms, max: 2.002 ms, count: 15000)
[07/28/26 16:05:10.615262] [debug] [05:05:36.745412] [Service] Server method called: /rb.api.RobotInfoService/GetRobotInfo
[07/28/26 16:05:10.615295] [debug] [05:05:36.745460] [Service::RobotInfoService::GetRobotInfo] Requested: request_header { request_timestamp { seconds: 1785222257 nanos: 160771516 } }
[07/28/26 16:05:10.615866] [debug] [05:05:36.746026] [Service] Server method called: /rb.api.RobotStateService/GetRobotState
[07/28/26 16:05:10.615889] [debug] [05:05:36.746053] [Service::RobotStateService::GetRobotState] Requested: request_header { request_timestamp { seconds: 1785222257 nanos: 161543279 } }
[07/28/26 16:05:10.616534] [debug] [05:05:36.746694] [Service] Server method called: /rb.api.RobotInfoService/GetRobotInfo
[07/28/26 16:05:10.616550] [debug] [05:05:36.746715] [Service::RobotInfoService::GetRobotInfo] Requested: request_header { request_timestamp { seconds: 1785222257 nanos: 162181114 } }
[07/28/26 16:05:10.617004] [debug] [05:05:36.747169] [Service] Server method called: /rb.api.RobotStateService/GetRobotState
[07/28/26 16:05:10.617014] [debug] [05:05:36.747179] [Service::RobotStateService::GetRobotState] Requested: request_header { request_timestamp { seconds: 1785222257 nanos: 162720445 } }
[07/28/26 16:05:10.617631] [debug] [05:05:36.747792] [Service] Server method called: /rb.api.RobotStateService/GetControlManagerState
[07/28/26 16:05:10.617656] [debug] [05:05:36.747820] [Service::RobotStateService::GetControlManagerState] Requested: request_header { request_timestamp { seconds: 1785222257 nanos: 163281769 } }
[07/28/26 16:05:10.617977] [debug] [05:05:36.748140] [Service] Server method called: /rb.api.RobotInfoService/GetRobotInfo
[07/28/26 16:05:10.617991] [debug] [05:05:36.748155] [Service::RobotInfoService::GetRobotInfo] Requested: request_header { request_timestamp { seconds: 1785222257 nanos: 163663992 } }
[07/28/26 16:05:10.618633] [debug] [05:05:36.748796] [Service] Server method called: /rb.api.RobotStateService/GetRobotState
[07/28/26 16:05:10.618647] [debug] [05:05:36.748811] [Service::RobotStateService::GetRobotState] Requested: request_header { request_timestamp { seconds: 1785222257 nanos: 164317902 } }
[07/28/26 16:05:10.619128] [debug] [05:05:36.749290] [Service] Server method called: /rb.api.RobotStateService/GetRobotState
[07/28/26 16:05:10.619142] [debug] [05:05:36.749306] [Service::RobotStateService::GetRobotState] Requested: request_header { request_timestamp { seconds: 1785222257 nanos: 164838220 } }
[07/28/26 16:05:10.619569] [debug] [05:05:36.749734] [Service] Server method called: /rb.api.RobotInfoService/GetRobotInfo
[07/28/26 16:05:10.619576] [debug] [05:05:36.749742] [Service::RobotInfoService::GetRobotInfo] Requested: request_header { request_timestamp { seconds: 1785222257 nanos: 165298728 } }
[07/28/26 16:05:10.619904] [debug] [05:05:36.750065] [Service] Server method called: /rb.api.ControlManagerService/ControlManagerCommand
[07/28/26 16:05:10.619924] [debug] [05:05:36.750088] [Service::ControlManagerService::ControlManagerCommand] Requested: request_header { request_timestamp { seconds: 1785222257 nanos: 165622610 } } command: COMMAND_ENABLE unlimited_mode_enabled { }
[07/28/26 16:05:10.619927] [info] [05:05:36.750093] [ControlManager::Enable] Enable request received. Starting the enabling process...
[07/28/26 16:05:10.620850] [info] [05:05:36.751015] [ControlManager::Enable] Control Manager successfully enabled
[07/28/26 16:05:10.621151] [debug] [05:05:36.751310] [Service] Server method called: /rb.api.ParameterService/SetParameter
[07/28/26 16:05:10.621177] [debug] [05:05:36.751342] [Service::ParameterService::SetParameter] Requested: request_header { request_timestamp { seconds: 1785222257 nanos: 166852158 } } name: "cartesian_command.cutoff_frequency" parameter: "{\"value\":5,\"write_db\":true}"
[07/28/26 16:05:10.631535] [debug] [05:05:36.761696] [Service] Server method called: /rb.api.ParameterService/SetParameter
[07/28/26 16:05:10.631551] [debug] [05:05:36.761715] [Service::ParameterService::SetParameter] Requested: request_header { request_timestamp { seconds: 1785222257 nanos: 177180654 } } name: "default.acceleration_limit_scaling" parameter: "{\"value\":1.0,\"write_db\":true}"
[07/28/26 16:05:10.637416] [debug] [05:05:36.767579] [Service] Server method called: /rb.api.ParameterService/SetParameter
[07/28/26 16:05:10.637430] [debug] [05:05:36.767596] [Service::ParameterService::SetParameter] Requested: request_header { request_timestamp { seconds: 1785222257 nanos: 183096387 } } name: "default.angular_acceleration_limit" parameter: "{\"value\":10,\"write_db\":true}"
[07/28/26 16:05:10.645451] [debug] [05:05:36.775612] [Service] Server method called: /rb.api.ParameterService/SetParameter
[07/28/26 16:05:10.645468] [debug] [05:05:36.775632] [Service::ParameterService::SetParameter] Requested: request_header { request_timestamp { seconds: 1785222257 nanos: 191154416 } } name: "default.linear_acceleration_limit" parameter: "{\"value\":20,\"write_db\":true}"
[07/28/26 16:05:10.651507] [debug] [05:05:36.781669] [Service] Server method called: /rb.api.ParameterService/SetParameter
[07/28/26 16:05:10.651524] [debug] [05:05:36.781688] [Service::ParameterService::SetParameter] Requested: request_header { request_timestamp { seconds: 1785222257 nanos: 197214534 } } name: "joint_position_command.cutoff_frequency" parameter: "{\"value\":5,\"write_db\":true}"
[07/28/26 16:05:10.657406] [debug] [05:05:36.787568] [Service] Server method called: /rb.api.RobotCommandService/RobotCommand
[07/28/26 16:05:10.657470] [debug] [05:05:36.787634] [Service::RobotCommandService::RobotCommand] Requested: robot_command { component_based_command { body_command { joint_position_command { command_header { control_hold_time { seconds: 1 } } minimum_time { nanos: 500000000 } position: -0.039883500485026674 position: 0.792828857461538 position: -1.4301105442386126 position: 0.50898925395261907 position: -0.042188268649003366 position: -0.17978710471877504 position: -0.55503145948207766 position: -0.62632739327942588 position: -0.63639319295438834 positi... [truncated]
[07/28/26 16:05:10.657473] [debug] [05:05:36.787639] [Service::RobotCommandService::RobotCommand]   Peer: ipv4:192.168.30.230:50320
[07/28/26 16:05:10.657603] [debug] [05:05:36.787769] [Service::RobotCommandService::RobotCommand]   IP: 192.168.30.230, Family: ipv4
[07/28/26 16:05:10.662873] [info] [05:05:36.793036] [ControlManager] Control started: {"type":"RobotCommand","control":{"type":"ComponentBasedCommand","components":{"mobility":null,"body":{"type":"BodyCommand","control":{"type":"JointPositionCommand","control":{"type":"JointPositionControl"}}},"head":{"type":"HeadCommand","control":{"type":"JointPositionCommand","control":{"type":"JointPositionControl"}}}}}} (priority: 1)
[07/28/26 16:05:12.420880] [debug] [05:05:38.551038] [ControlManager] Control finished: {"type":"RobotCommand","control":{"type":"ComponentBasedCommand","components":{"mobility":null,"body":{"type":"BodyCommand","control":{"type":"JointPositionCommand","control":{"type":"JointPositionControl"}}},"head":{"type":"HeadCommand","control":{"type":"JointPositionCommand","control":{"type":"JointPositionControl"}}}}}}
[07/28/26 16:05:12.420939] [info] [05:05:38.551098] [ControlInterface] Control completed successfully.
[07/28/26 16:05:12.420949] [debug] [05:05:38.551108] [ControlInterface::ExecutionStats] Average Control Time: 0.001 ms (max: 0.028 ms, min: 0.001 ms, sigma: 0.001 ms, count: 880)
[07/28/26 16:05:12.421711] [debug] [05:05:38.551872] [Service] Server method called: /rb.api.PowerService/ToolFlangePowerCommand
[07/28/26 16:05:12.421741] [debug] [05:05:38.551905] [Service::PowerService::ToolFlangePowerCommand] Requested: request_header { request_timestamp { seconds: 1785222258 nanos: 967753232 } } name: "right" command: COMMAND_POWER_12V
[07/28/26 16:05:12.421746] [debug] [05:05:38.551911] [Service::PowerService::ToolFlangePowerCommand] Result: Success
[07/28/26 16:05:12.422243] [debug] [05:05:38.552405] [Service] Server method called: /rb.api.PowerService/ToolFlangePowerCommand
[07/28/26 16:05:12.422267] [debug] [05:05:38.552432] [Service::PowerService::ToolFlangePowerCommand] Requested: request_header { request_timestamp { seconds: 1785222258 nanos: 968357890 } } name: "left" command: COMMAND_POWER_12V
[07/28/26 16:05:12.422273] [debug] [05:05:38.552438] [Service::PowerService::ToolFlangePowerCommand] Result: Success
[07/28/26 16:05:13.584104] [debug] [05:05:39.714260] [Service] Server method called: /rb.api.RobotCommandService/RobotCommand
[07/28/26 16:05:13.584170] [debug] [05:05:39.714332] [Service::RobotCommandService::RobotCommand] Requested: robot_command { component_based_command { body_command { joint_position_command { command_header { control_hold_time { seconds: 1 } } minimum_time { seconds: 4 } position: 0 position: 0.78539816339744828 position: -1.3962634015954636 position: 0.78539816339744828 position: 0 position: 0 position: 0 position: -0.26179938779914941 position: 0 position: -2.0943951023931953 position: 0 position: 0.52359877559829882 position: 0 position: 0 position: 0... [truncated]
[07/28/26 16:05:13.584174] [debug] [05:05:39.714339] [Service::RobotCommandService::RobotCommand]   Peer: ipv4:192.168.30.230:50320
[07/28/26 16:05:13.584324] [debug] [05:05:39.714488] [Service::RobotCommandService::RobotCommand]   IP: 192.168.30.230, Family: ipv4
[07/28/26 16:05:13.588868] [info] [05:05:39.719028] [ControlManager] Control started: {"type":"RobotCommand","control":{"type":"ComponentBasedCommand","components":{"mobility":null,"body":{"type":"BodyCommand","control":{"type":"JointPositionCommand","control":{"type":"JointPositionControl"}}},"head":{"type":"HeadCommand","control":{"type":"JointPositionCommand","control":{"type":"JointPositionControl"}}}}}} (priority: 1)
[07/28/26 16:05:15.431849] [debug] [05:05:41.562003] [Hardware] Hardware Loop Stat (avg: 2.000 ms, min: 1.998 ms, max: 2.002 ms, count: 15000)
[07/28/26 16:05:15.584841] [debug] [05:05:41.715002] [ControlManager] Control Manager Loop Stat (avg: 2.000 ms, min: 1.997 ms, max: 2.003 ms, count: 15000)
[07/28/26 16:05:18.846880] [debug] [05:05:44.977038] [ControlManager] Control finished: {"type":"RobotCommand","control":{"type":"ComponentBasedCommand","components":{"mobility":null,"body":{"type":"BodyCommand","control":{"type":"JointPositionCommand","control":{"type":"JointPositionControl"}}},"head":{"type":"HeadCommand","control":{"type":"JointPositionCommand","control":{"type":"JointPositionControl"}}}}}}
[07/28/26 16:05:18.846937] [info] [05:05:44.977097] [ControlInterface] Control completed successfully.
[07/28/26 16:05:18.846946] [debug] [05:05:44.977106] [ControlInterface::ExecutionStats] Average Control Time: 0.001 ms (max: 0.020 ms, min: 0.001 ms, sigma: 0.000 ms, count: 2630)
[07/28/26 16:05:18.847592] [debug] [05:05:44.977752] [Service] Server method called: /rb.api.RobotCommandService/RobotCommandStream
[07/28/26 16:05:18.847606] [debug] [05:05:44.977770] [Service::RobotCommandService::RobotCommandStream] Stream is created
[07/28/26 16:05:18.859112] [debug] [05:05:44.989271] [Service::RobotCommandService::RobotCommandStream] Requested: robot_command { component_based_command { mobility_command { se2_velocity_command { command_header { control_hold_time { seconds: 1 } } minimum_time { nanos: 10100000 } velocity { linear { } } acceleration_limit { linear { x: 1 y: 1 } angular: 1 } } } body_command { joint_impedance_control_command { command_header { control_hold_time { seconds: 1 } } minimum_time { nanos: 10100000 } position: -0.00021294306584682045 position: 0.78508629856396972 ... [truncated]
[07/28/26 16:05:18.859120] [debug] [05:05:44.989285] [Service::RobotCommandService::RobotCommandStream]   Peer: ipv4:192.168.30.230:50320
[07/28/26 16:05:18.859262] [debug] [05:05:44.989427] [Service::RobotCommandService::RobotCommandStream]   IP: 192.168.30.230, Family: ipv4
[07/28/26 16:05:18.864866] [info] [05:05:44.995029] [ControlManager] Control started: {"type":"RobotCommand","control":{"type":"ComponentBasedCommand","components":{"mobility":{"type":"MobilityCommand","control":{"type":"SE2VelocityCommand","control":{"type":"MobilitySE2VelocityControl"}}},"body":{"type":"BodyCommand","control":{"type":"JointImpedanceControlCommand","control":{"type":"JointImpedanceControl"}}},"head":{"type":"HeadCommand","control":{"type":"JointPositionCommand","control":{"type":"JointPositionControl"}}}}}} (priority: 1)
[07/28/26 16:05:25.519638] [debug] [05:05:51.649791] [Service] Server method called: /rb.api.RobotCommandService/RobotCommand
[07/28/26 16:05:25.519670] [debug] [05:05:51.649834] [Service::RobotCommandService::RobotCommand] Requeste                                                                                                                                                                                                                                                                                                                                                                                                                                                                                                                                                                                                                                                                                                                                                                                                                                                                                                                                                                                         